report_id,date,house,region,application,metric,fy,value,value_prev,unit,basis,source_page,series_class,series_label,scope_note
2023-05-23_SK증권_산업,2023-05-23,SK증권,글로벌,EV,판매대수,2023,545,,만대,중국 제외 EV 출하량,60,시장전체,,중국 제외
2023-05-23_SK증권_산업,2023-05-23,SK증권,글로벌,EV,판매대수,2024,648,,만대,중국 제외 EV 출하량,60,시장전체,,중국 제외
2023-05-23_SK증권_산업,2023-05-23,SK증권,글로벌,EV,판매대수,2025,791,,만대,중국 제외 EV 출하량,60,시장전체,,중국 제외
2023-05-23_SK증권_산업,2023-05-23,SK증권,글로벌,EV,판매대수,2026,1029,,만대,중국 제외 EV 출하량,60,시장전체,,중국 제외
2023-05-23_SK증권_산업,2023-05-23,SK증권,글로벌,EV,판매대수,2027,1216,,만대,중국 제외 EV 출하량,60,시장전체,,중국 제외
2023-05-23_SK증권_산업,2023-05-23,SK증권,글로벌,EV,판매대수,2028,1456,,만대,중국 제외 EV 출하량,60,시장전체,,중국 제외
2023-05-23_SK증권_산업,2023-05-23,SK증권,글로벌,EV,판매대수,2029,1704,,만대,중국 제외 EV 출하량,60,시장전체,,중국 제외
2023-05-23_SK증권_산업,2023-05-23,SK증권,글로벌,EV,판매대수,2030,1937,,만대,중국 제외 EV 출하량,60,시장전체,,중국 제외
2023-05-23_SK증권_산업,2023-05-23,SK증권,글로벌,EV,판매대수,2031,2174,,만대,중국 제외 EV 출하량,60,시장전체,,중국 제외
2023-05-23_SK증권_산업,2023-05-23,SK증권,글로벌,EV,판매대수,2032,2478,,만대,중국 제외 EV 출하량,60,시장전체,,중국 제외
2023-05-23_SK증권_산업,2023-05-23,SK증권,글로벌,EV,판매대수,2033,2771,,만대,중국 제외 EV 출하량,60,시장전체,,중국 제외
2023-05-23_SK증권_산업,2023-05-23,SK증권,글로벌,EV,판매대수,2034,3104,,만대,중국 제외 EV 출하량,60,시장전체,,중국 제외
2023-05-23_SK증권_산업,2023-05-23,SK증권,글로벌,EV,판매대수,2035,3444,,만대,중국 제외 EV 출하량,60,시장전체,,중국 제외
2023-05-23_SK증권_산업,2023-05-23,SK증권,글로벌,EV,수요량,2023,300,,GWh,중국 제외 EV용 배터리 수요,60,시장전체,,중국 제외
2023-05-23_SK증권_산업,2023-05-23,SK증권,글로벌,EV,수요량,2024,389,,GWh,중국 제외 EV용 배터리 수요,60,시장전체,,중국 제외
2023-05-23_SK증권_산업,2023-05-23,SK증권,글로벌,EV,수요량,2025,514,,GWh,중국 제외 EV용 배터리 수요,60,시장전체,,중국 제외
2023-05-23_SK증권_산업,2023-05-23,SK증권,글로벌,EV,수요량,2026,720,,GWh,중국 제외 EV용 배터리 수요,60,시장전체,,중국 제외
2023-05-23_SK증권_산업,2023-05-23,SK증권,글로벌,EV,수요량,2027,875,,GWh,중국 제외 EV용 배터리 수요,60,시장전체,,중국 제외
2023-05-23_SK증권_산업,2023-05-23,SK증권,글로벌,EV,수요량,2028,1078,,GWh,중국 제외 EV용 배터리 수요,60,시장전체,,중국 제외
2023-05-23_SK증권_산업,2023-05-23,SK증권,글로벌,EV,수요량,2029,1295,,GWh,중국 제외 EV용 배터리 수요,60,시장전체,,중국 제외
2023-05-23_SK증권_산업,2023-05-23,SK증권,글로벌,EV,수요량,2030,1492,,GWh,중국 제외 EV용 배터리 수요,60,시장전체,,중국 제외
2023-05-23_SK증권_산업,2023-05-23,SK증권,글로벌,EV,수요량,2031,1696,,GWh,중국 제외 EV용 배터리 수요,60,시장전체,,중국 제외
2023-05-23_SK증권_산업,2023-05-23,SK증권,글로벌,EV,수요량,2032,1957,,GWh,중국 제외 EV용 배터리 수요,60,시장전체,,중국 제외
2023-05-23_SK증권_산업,2023-05-23,SK증권,글로벌,EV,수요량,2033,2217,,GWh,중국 제외 EV용 배터리 수요,60,시장전체,,중국 제외
2023-05-23_SK증권_산업,2023-05-23,SK증권,글로벌,EV,수요량,2034,2483,,GWh,중국 제외 EV용 배터리 수요,60,시장전체,,중국 제외
2023-05-23_SK증권_산업,2023-05-23,SK증권,글로벌,EV,수요량,2035,2756,,GWh,중국 제외 EV용 배터리 수요,60,시장전체,,중국 제외
2023-05-23_SK증권_산업,2023-05-23,SK증권,글로벌,ESS,수요량,2023,10,,GWh,주택용 ESS 증분 수요,60,서브세그먼트,,
2023-05-23_SK증권_산업,2023-05-23,SK증권,글로벌,ESS,수요량,2024,26,,GWh,주택용 ESS 증분 수요,60,서브세그먼트,,
2023-05-23_SK증권_산업,2023-05-23,SK증권,글로벌,ESS,수요량,2025,64,,GWh,주택용 ESS 증분 수요,60,서브세그먼트,,
2023-05-23_SK증권_산업,2023-05-23,SK증권,글로벌,ESS,수요량,2026,128,,GWh,주택용 ESS 증분 수요,60,서브세그먼트,,
2023-05-23_SK증권_산업,2023-05-23,SK증권,글로벌,ESS,수요량,2027,186,,GWh,주택용 ESS 증분 수요,60,서브세그먼트,,
2023-05-23_SK증권_산업,2023-05-23,SK증권,글로벌,ESS,수요량,2028,198,,GWh,주택용 ESS 증분 수요,60,서브세그먼트,,
2023-05-23_SK증권_산업,2023-05-23,SK증권,글로벌,ESS,수요량,2029,250,,GWh,주택용 ESS 증분 수요,60,서브세그먼트,,
2023-05-23_SK증권_산업,2023-05-23,SK증권,글로벌,ESS,수요량,2030,256,,GWh,주택용 ESS 증분 수요,60,서브세그먼트,,
2023-05-23_SK증권_산업,2023-05-23,SK증권,글로벌,ESS,수요량,2031,320,,GWh,주택용 ESS 증분 수요,60,서브세그먼트,,
2023-05-23_SK증권_산업,2023-05-23,SK증권,글로벌,ESS,수요량,2032,384,,GWh,주택용 ESS 증분 수요,60,서브세그먼트,,
2023-05-23_SK증권_산업,2023-05-23,SK증권,글로벌,ESS,수요량,2033,384,,GWh,주택용 ESS 증분 수요,60,서브세그먼트,,
2023-05-23_SK증권_산업,2023-05-23,SK증권,글로벌,ESS,수요량,2034,448,,GWh,주택용 ESS 증분 수요,60,서브세그먼트,,
2023-05-23_SK증권_산업,2023-05-23,SK증권,글로벌,ESS,수요량,2035,512,,GWh,주택용 ESS 증분 수요,60,서브세그먼트,,
2023-05-23_SK증권_산업,2023-05-23,SK증권,글로벌,ESS,수요량,2023,45,,GWh,산업용 ESS 증분 수요,60,서브세그먼트,,
2023-05-23_SK증권_산업,2023-05-23,SK증권,글로벌,ESS,수요량,2024,97,,GWh,산업용 ESS 증분 수요,60,서브세그먼트,,
2023-05-23_SK증권_산업,2023-05-23,SK증권,글로벌,ESS,수요량,2025,244,,GWh,산업용 ESS 증분 수요,60,서브세그먼트,,
2023-05-23_SK증권_산업,2023-05-23,SK증권,글로벌,ESS,수요량,2026,487,,GWh,산업용 ESS 증분 수요,60,서브세그먼트,,
2023-05-23_SK증권_산업,2023-05-23,SK증권,글로벌,ESS,수요량,2027,706,,GWh,산업용 ESS 증분 수요,60,서브세그먼트,,
2023-05-23_SK증권_산업,2023-05-23,SK증권,글로벌,ESS,수요량,2028,755,,GWh,산업용 ESS 증분 수요,60,서브세그먼트,,
2023-05-23_SK증권_산업,2023-05-23,SK증권,글로벌,ESS,수요량,2029,950,,GWh,산업용 ESS 증분 수요,60,서브세그먼트,,
2023-05-23_SK증권_산업,2023-05-23,SK증권,글로벌,ESS,수요량,2030,999,,GWh,산업용 ESS 증분 수요,60,서브세그먼트,,
2023-05-23_SK증권_산업,2023-05-23,SK증권,글로벌,ESS,수요량,2031,1218,,GWh,산업용 ESS 증분 수요,60,서브세그먼트,,
2023-05-23_SK증권_산업,2023-05-23,SK증권,글로벌,ESS,수요량,2032,1462,,GWh,산업용 ESS 증분 수요,60,서브세그먼트,,
2023-05-23_SK증권_산업,2023-05-23,SK증권,글로벌,ESS,수요량,2033,1462,,GWh,산업용 ESS 증분 수요,60,서브세그먼트,,
2023-05-23_SK증권_산업,2023-05-23,SK증권,글로벌,ESS,수요량,2034,1705,,GWh,산업용 ESS 증분 수요,60,서브세그먼트,,
2023-05-23_SK증권_산업,2023-05-23,SK증권,글로벌,ESS,수요량,2035,1949,,GWh,산업용 ESS 증분 수요,60,서브세그먼트,,
2023-05-23_SK증권_산업,2023-05-23,SK증권,글로벌,ESS,수요량,2023,55,,GWh,ESS 배터리 수요 합계(주택+산업),60,시장전체,,
2023-05-23_SK증권_산업,2023-05-23,SK증권,글로벌,ESS,수요량,2024,123,,GWh,ESS 배터리 수요 합계(주택+산업),60,시장전체,,
2023-05-23_SK증권_산업,2023-05-23,SK증권,글로벌,ESS,수요량,2025,308,,GWh,ESS 배터리 수요 합계(주택+산업),60,시장전체,,
2023-05-23_SK증권_산업,2023-05-23,SK증권,글로벌,ESS,수요량,2026,615,,GWh,ESS 배터리 수요 합계(주택+산업),60,시장전체,,
2023-05-23_SK증권_산업,2023-05-23,SK증권,글로벌,ESS,수요량,2027,892,,GWh,ESS 배터리 수요 합계(주택+산업),60,시장전체,,
2023-05-23_SK증권_산업,2023-05-23,SK증권,글로벌,ESS,수요량,2028,954,,GWh,ESS 배터리 수요 합계(주택+산업),60,시장전체,,
2023-05-23_SK증권_산업,2023-05-23,SK증권,글로벌,ESS,수요량,2029,1200,,GWh,ESS 배터리 수요 합계(주택+산업),60,시장전체,,
2023-05-23_SK증권_산업,2023-05-23,SK증권,글로벌,ESS,수요량,2030,1261,,GWh,ESS 배터리 수요 합계(주택+산업),60,시장전체,,
2023-05-23_SK증권_산업,2023-05-23,SK증권,글로벌,ESS,수요량,2031,1538,,GWh,ESS 배터리 수요 합계(주택+산업),60,시장전체,,
2023-05-23_SK증권_산업,2023-05-23,SK증권,글로벌,ESS,수요량,2032,1846,,GWh,ESS 배터리 수요 합계(주택+산업),60,시장전체,,
2023-05-23_SK증권_산업,2023-05-23,SK증권,글로벌,ESS,수요량,2033,1846,,GWh,ESS 배터리 수요 합계(주택+산업),60,시장전체,,
2023-05-23_SK증권_산업,2023-05-23,SK증권,글로벌,ESS,수요량,2034,2153,,GWh,ESS 배터리 수요 합계(주택+산업),60,시장전체,,
2023-05-23_SK증권_산업,2023-05-23,SK증권,글로벌,ESS,수요량,2035,2461,,GWh,ESS 배터리 수요 합계(주택+산업),60,시장전체,,
2023-05-23_SK증권_산업,2023-05-23,SK증권,글로벌,합계,수요량,2023,355,,GWh,EV+ESS 배터리 수요 합계(중국 제외),60,시장전체,,중국 제외
2023-05-23_SK증권_산업,2023-05-23,SK증권,글로벌,합계,수요량,2024,512,,GWh,EV+ESS 배터리 수요 합계(중국 제외),60,시장전체,,중국 제외
2023-05-23_SK증권_산업,2023-05-23,SK증권,글로벌,합계,수요량,2025,822,,GWh,EV+ESS 배터리 수요 합계(중국 제외),60,시장전체,,중국 제외
2023-05-23_SK증권_산업,2023-05-23,SK증권,글로벌,합계,수요량,2026,1335,,GWh,EV+ESS 배터리 수요 합계(중국 제외),60,시장전체,,중국 제외
2023-05-23_SK증권_산업,2023-05-23,SK증권,글로벌,합계,수요량,2027,1768,,GWh,EV+ESS 배터리 수요 합계(중국 제외),60,시장전체,,중국 제외
2023-05-23_SK증권_산업,2023-05-23,SK증권,글로벌,합계,수요량,2028,2031,,GWh,EV+ESS 배터리 수요 합계(중국 제외),60,시장전체,,중국 제외
2023-05-23_SK증권_산업,2023-05-23,SK증권,글로벌,합계,수요량,2029,2495,,GWh,EV+ESS 배터리 수요 합계(중국 제외),60,시장전체,,중국 제외
2023-05-23_SK증권_산업,2023-05-23,SK증권,글로벌,합계,수요량,2030,2753,,GWh,EV+ESS 배터리 수요 합계(중국 제외),60,시장전체,,중국 제외
2023-05-23_SK증권_산업,2023-05-23,SK증권,글로벌,합계,수요량,2031,3234,,GWh,EV+ESS 배터리 수요 합계(중국 제외),60,시장전체,,중국 제외
2023-05-23_SK증권_산업,2023-05-23,SK증권,글로벌,합계,수요량,2032,3803,,GWh,EV+ESS 배터리 수요 합계(중국 제외),60,시장전체,,중국 제외
2023-05-23_SK증권_산업,2023-05-23,SK증권,글로벌,합계,수요량,2033,4062,,GWh,EV+ESS 배터리 수요 합계(중국 제외),60,시장전체,,중국 제외
2023-05-23_SK증권_산업,2023-05-23,SK증권,글로벌,합계,수요량,2034,4637,,GWh,EV+ESS 배터리 수요 합계(중국 제외),60,시장전체,,중국 제외
2023-05-23_SK증권_산업,2023-05-23,SK증권,글로벌,합계,수요량,2035,5216,,GWh,EV+ESS 배터리 수요 합계(중국 제외),60,시장전체,,중국 제외
2023-05-23_SK증권_산업,2023-05-23,SK증권,글로벌,EV,판매대수,2023,1370,,만대,중국 포함 글로벌 EV 출하량 전체,49,시장전체,,
2023-05-23_SK증권_산업,2023-05-23,SK증권,글로벌,EV,판매대수,2024,1740,,만대,중국 포함 글로벌 EV 출하량 전체,49,시장전체,,
2023-05-23_SK증권_산업,2023-05-23,SK증권,글로벌,EV,판매대수,2025,2070,,만대,중국 포함 글로벌 EV 출하량 전체,49,시장전체,,
2023-05-23_SK증권_산업,2023-05-23,SK증권,글로벌,EV,판매대수,2026,2405,,만대,중국 포함 글로벌 EV 출하량 전체,49,시장전체,,
2023-05-23_SK증권_산업,2023-05-23,SK증권,글로벌,EV,판매대수,2027,2755,,만대,중국 포함 글로벌 EV 출하량 전체,49,시장전체,,
2023-05-23_SK증권_산업,2023-05-23,SK증권,글로벌,EV,판매대수,2028,3135,,만대,중국 포함 글로벌 EV 출하량 전체,49,시장전체,,
2023-05-23_SK증권_산업,2023-05-23,SK증권,글로벌,EV,판매대수,2029,3515,,만대,중국 포함 글로벌 EV 출하량 전체,49,시장전체,,
2023-05-23_SK증권_산업,2023-05-23,SK증권,글로벌,EV,판매대수,2030,3895,,만대,중국 포함 글로벌 EV 출하량 전체,49,시장전체,,
2023-05-23_SK증권_산업,2023-05-23,SK증권,글로벌,EV,판매대수,2031,4275,,만대,중국 포함 글로벌 EV 출하량 전체,49,시장전체,,
2023-05-23_SK증권_산업,2023-05-23,SK증권,글로벌,EV,판매대수,2032,4750,,만대,중국 포함 글로벌 EV 출하량 전체,49,시장전체,,
2023-05-23_SK증권_산업,2023-05-23,SK증권,글로벌,EV,판매대수,2033,5225,,만대,중국 포함 글로벌 EV 출하량 전체,49,시장전체,,
2023-05-23_SK증권_산업,2023-05-23,SK증권,글로벌,EV,판매대수,2034,5700,,만대,중국 포함 글로벌 EV 출하량 전체,49,시장전체,,
2023-05-23_SK증권_산업,2023-05-23,SK증권,글로벌,EV,판매대수,2035,6175,,만대,중국 포함 글로벌 EV 출하량 전체,49,시장전체,,
2023-05-23_SK증권_산업,2023-05-23,SK증권,유럽,EV,판매대수,2023,319,,만대,,49,시장전체,,
2023-05-23_SK증권_산업,2023-05-23,SK증권,유럽,EV,판매대수,2024,362,,만대,,49,시장전체,,
2023-05-23_SK증권_산업,2023-05-23,SK증권,유럽,EV,판매대수,2025,449,,만대,,49,시장전체,,
2023-05-23_SK증권_산업,2023-05-23,SK증권,유럽,EV,판매대수,2026,535,,만대,,49,시장전체,,
2023-05-23_SK증권_산업,2023-05-23,SK증권,유럽,EV,판매대수,2027,633,,만대,,49,시장전체,,
2023-05-23_SK증권_산업,2023-05-23,SK증권,유럽,EV,판매대수,2028,733,,만대,,49,시장전체,,
2023-05-23_SK증권_산업,2023-05-23,SK증권,유럽,EV,판매대수,2029,801,,만대,,49,시장전체,,
2023-05-23_SK증권_산업,2023-05-23,SK증권,유럽,EV,판매대수,2030,864,,만대,,49,시장전체,,
2023-05-23_SK증권_산업,2023-05-23,SK증권,유럽,EV,판매대수,2031,913,,만대,,49,시장전체,,
2023-05-23_SK증권_산업,2023-05-23,SK증권,유럽,EV,판매대수,2032,986,,만대,,49,시장전체,,
2023-05-23_SK증권_산업,2023-05-23,SK증권,유럽,EV,판매대수,2033,1064,,만대,,49,시장전체,,
2023-05-23_SK증권_산업,2023-05-23,SK증권,유럽,EV,판매대수,2034,1125,,만대,,49,시장전체,,
2023-05-23_SK증권_산업,2023-05-23,SK증권,유럽,EV,판매대수,2035,1170,,만대,,49,시장전체,,
2023-05-23_SK증권_산업,2023-05-23,SK증권,북미,EV,판매대수,2023,160,,만대,,49,시장전체,,
2023-05-23_SK증권_산업,2023-05-23,SK증권,북미,EV,판매대수,2024,205,,만대,,49,시장전체,,
2023-05-23_SK증권_산업,2023-05-23,SK증권,북미,EV,판매대수,2025,230,,만대,,49,시장전체,,
2023-05-23_SK증권_산업,2023-05-23,SK증권,북미,EV,판매대수,2026,329,,만대,,49,시장전체,,
2023-05-23_SK증권_산업,2023-05-23,SK증권,북미,EV,판매대수,2027,404,,만대,,49,시장전체,,
2023-05-23_SK증권_산업,2023-05-23,SK증권,북미,EV,판매대수,2028,497,,만대,,49,시장전체,,
2023-05-23_SK증권_산업,2023-05-23,SK증권,북미,EV,판매대수,2029,598,,만대,,49,시장전체,,
2023-05-23_SK증권_산업,2023-05-23,SK증권,북미,EV,판매대수,2030,727,,만대,,49,시장전체,,
2023-05-23_SK증권_산업,2023-05-23,SK증권,북미,EV,판매대수,2031,791,,만대,,49,시장전체,,
2023-05-23_SK증권_산업,2023-05-23,SK증권,북미,EV,판매대수,2032,900,,만대,,49,시장전체,,
2023-05-23_SK증권_산업,2023-05-23,SK증권,북미,EV,판매대수,2033,989,,만대,,49,시장전체,,
2023-05-23_SK증권_산업,2023-05-23,SK증권,북미,EV,판매대수,2034,1063,,만대,,49,시장전체,,
2023-05-23_SK증권_산업,2023-05-23,SK증권,북미,EV,판매대수,2035,1145,,만대,,49,시장전체,,
2023-05-23_SK증권_산업,2023-05-23,SK증권,기타,EV,판매대수,2023,66,,만대,,49,시장전체,,
2023-05-23_SK증권_산업,2023-05-23,SK증권,기타,EV,판매대수,2024,82,,만대,,49,시장전체,,
2023-05-23_SK증권_산업,2023-05-23,SK증권,기타,EV,판매대수,2025,112,,만대,,49,시장전체,,
2023-05-23_SK증권_산업,2023-05-23,SK증권,기타,EV,판매대수,2026,165,,만대,,49,시장전체,,
2023-05-23_SK증권_산업,2023-05-23,SK증권,기타,EV,판매대수,2027,179,,만대,,49,시장전체,,
2023-05-23_SK증권_산업,2023-05-23,SK증권,기타,EV,판매대수,2028,227,,만대,,49,시장전체,,
2023-05-23_SK증권_산업,2023-05-23,SK증권,기타,EV,판매대수,2029,305,,만대,,49,시장전체,,
2023-05-23_SK증권_산업,2023-05-23,SK증권,기타,EV,판매대수,2030,345,,만대,,49,시장전체,,
2023-05-23_SK증권_산업,2023-05-23,SK증권,기타,EV,판매대수,2031,470,,만대,,49,시장전체,,
2023-05-23_SK증권_산업,2023-05-23,SK증권,기타,EV,판매대수,2032,592,,만대,,49,시장전체,,
2023-05-23_SK증권_산업,2023-05-23,SK증권,기타,EV,판매대수,2033,718,,만대,,49,시장전체,,
2023-05-23_SK증권_산업,2023-05-23,SK증권,기타,EV,판매대수,2034,917,,만대,,49,시장전체,,
2023-05-23_SK증권_산업,2023-05-23,SK증권,기타,EV,판매대수,2035,1129,,만대,,49,시장전체,,
2023-05-23_SK증권_산업,2023-05-23,SK증권,글로벌,EV,침투율,2025,25,,%,당사 전기차 침투율 가정(자동차 시장 내),49,시장전체,전기차 침투율 가정,
2023-05-23_SK증권_산업,2023-05-23,SK증권,글로벌,EV,침투율,2030,41,,%,당사 전기차 침투율 가정(자본시장 눈높이 50%대비 보수적),49,시장전체,전기차 침투율 가정,
2023-05-23_SK증권_산업,2023-05-23,SK증권,글로벌,EV,침투율,2035,65,,%,당사 전기차 침투율 가정,49,시장전체,전기차 침투율 가정,
2023-05-23_SK증권_산업,2023-05-23,SK증권,글로벌,EV,수요량,2030,485,,조원,전기차용 2차전지 시장규모 전망(매출 기준),29,시장전체,,
2023-05-23_SK증권_산업,2023-05-23,SK증권,글로벌,ESS,수요량,2030,69,,조원,ESS용 2차전지 2030년 시장규모 시나리오1,29,시나리오,,
2023-05-23_SK증권_산업,2023-05-23,SK증권,글로벌,ESS,수요량,2030,114,,조원,ESS용 2차전지 2030년 시장규모 시나리오2,29,시나리오,,
2023-05-23_SK증권_산업,2023-05-23,SK증권,글로벌,ESS,수요량,2030,291,,조원,ESS용 2차전지 2030년 시장규모 시나리오3,29,시나리오,,
2023-05-23_SK증권_산업,2023-05-23,SK증권,글로벌,EV,성장률,2030,25,,%,EV 배터리 수요 2022~2030 8년 CAGR,55,시장전체,,
2023-05-23_SK증권_산업,2023-05-23,SK증권,글로벌,ESS,성장률,2030,27,,%,ESS 배터리 수요 2022~2030 8년 CAGR,55,시장전체,,
2023-05-23_SK증권_산업,2023-05-23,SK증권,글로벌,ESS,실적치,2022,100,,GWh,"22년 실제 ESS 시장규모 역산 추정(당초 전망 50GWh 미만 대비 대폭 상회, SDI/LGES ESS 매출 역산 및 CATL ESS 출하량 47GWh 기반)",55,시장전체,,
2023-05-23_SK증권_산업,2023-05-23,SK증권,글로벌(중국 외),EV,실적치,2022,525,,GWh,연간 전기차 배터리 수요 실적(본문 서술),48,시장전체,,
2023-05-23_SK증권_산업,2023-05-23,SK증권,글로벌(중국 외),EV,수요량,2030,2999,,GWh,"본문 서술 수치. 동일 보고서의 상세 수급표(p.49, 1,492GWh)와 값이 상이하나 원문 그대로 수집",48,시장전체,,
2023-07-06_대신증권_산업,2023-07-06,대신증권,중국,EV,실적치,2021,150,,GWh,"글로벌 EV 배터리 시장 추정(PHEV+BEV 기준, 지역별, 표44)",48,시장전체,,
2023-07-06_대신증권_산업,2023-07-06,대신증권,중국,EV,실적치,2022,298,,GWh,"글로벌 EV 배터리 시장 추정(PHEV+BEV 기준, 지역별, 표44)",48,시장전체,,
2023-07-06_대신증권_산업,2023-07-06,대신증권,중국,EV,수요량,2023,418,,GWh,"글로벌 EV 배터리 시장 추정(PHEV+BEV 기준, 지역별, 표44)",48,시장전체,,
2023-07-06_대신증권_산업,2023-07-06,대신증권,중국,EV,수요량,2024,544,,GWh,"글로벌 EV 배터리 시장 추정(PHEV+BEV 기준, 지역별, 표44)",48,시장전체,,
2023-07-06_대신증권_산업,2023-07-06,대신증권,중국,EV,수요량,2025,631,,GWh,"글로벌 EV 배터리 시장 추정(PHEV+BEV 기준, 지역별, 표44)",48,시장전체,,
2023-07-06_대신증권_산업,2023-07-06,대신증권,중국,EV,수요량,2026,715,,GWh,"글로벌 EV 배터리 시장 추정(PHEV+BEV 기준, 지역별, 표44)",48,시장전체,,
2023-07-06_대신증권_산업,2023-07-06,대신증권,중국,EV,수요량,2027,783,,GWh,"글로벌 EV 배터리 시장 추정(PHEV+BEV 기준, 지역별, 표44)",48,시장전체,,
2023-07-06_대신증권_산업,2023-07-06,대신증권,중국,EV,수요량,2028,881,,GWh,"글로벌 EV 배터리 시장 추정(PHEV+BEV 기준, 지역별, 표44)",48,시장전체,,
2023-07-06_대신증권_산업,2023-07-06,대신증권,중국,EV,수요량,2029,992,,GWh,"글로벌 EV 배터리 시장 추정(PHEV+BEV 기준, 지역별, 표44)",48,시장전체,,
2023-07-06_대신증권_산업,2023-07-06,대신증권,중국,EV,수요량,2030,1122,,GWh,"글로벌 EV 배터리 시장 추정(PHEV+BEV 기준, 지역별, 표44)",48,시장전체,,
2023-07-06_대신증권_산업,2023-07-06,대신증권,유럽,EV,실적치,2021,90,,GWh,"글로벌 EV 배터리 시장 추정(PHEV+BEV 기준, 지역별, 표44)",48,시장전체,,
2023-07-06_대신증권_산업,2023-07-06,대신증권,유럽,EV,실적치,2022,118,,GWh,"글로벌 EV 배터리 시장 추정(PHEV+BEV 기준, 지역별, 표44)",48,시장전체,,
2023-07-06_대신증권_산업,2023-07-06,대신증권,유럽,EV,수요량,2023,158,,GWh,"글로벌 EV 배터리 시장 추정(PHEV+BEV 기준, 지역별, 표44)",48,시장전체,,
2023-07-06_대신증권_산업,2023-07-06,대신증권,유럽,EV,수요량,2024,213,,GWh,"글로벌 EV 배터리 시장 추정(PHEV+BEV 기준, 지역별, 표44)",48,시장전체,,
2023-07-06_대신증권_산업,2023-07-06,대신증권,유럽,EV,수요량,2025,283,,GWh,"글로벌 EV 배터리 시장 추정(PHEV+BEV 기준, 지역별, 표44)",48,시장전체,,
2023-07-06_대신증권_산업,2023-07-06,대신증권,유럽,EV,수요량,2026,429,,GWh,"글로벌 EV 배터리 시장 추정(PHEV+BEV 기준, 지역별, 표44)",48,시장전체,,
2023-07-06_대신증권_산업,2023-07-06,대신증권,유럽,EV,수요량,2027,539,,GWh,"글로벌 EV 배터리 시장 추정(PHEV+BEV 기준, 지역별, 표44)",48,시장전체,,
2023-07-06_대신증권_산업,2023-07-06,대신증권,유럽,EV,수요량,2028,720,,GWh,"글로벌 EV 배터리 시장 추정(PHEV+BEV 기준, 지역별, 표44)",48,시장전체,,
2023-07-06_대신증권_산업,2023-07-06,대신증권,유럽,EV,수요량,2029,939,,GWh,"글로벌 EV 배터리 시장 추정(PHEV+BEV 기준, 지역별, 표44)",48,시장전체,,
2023-07-06_대신증권_산업,2023-07-06,대신증권,유럽,EV,수요량,2030,1169,,GWh,"글로벌 EV 배터리 시장 추정(PHEV+BEV 기준, 지역별, 표44)",48,시장전체,,
2023-07-06_대신증권_산업,2023-07-06,대신증권,북미,EV,실적치,2021,40,,GWh,"글로벌 EV 배터리 시장 추정(PHEV+BEV 기준, 지역별, 표44)",48,시장전체,,
2023-07-06_대신증권_산업,2023-07-06,대신증권,북미,EV,실적치,2022,65,,GWh,"글로벌 EV 배터리 시장 추정(PHEV+BEV 기준, 지역별, 표44)",48,시장전체,,
2023-07-06_대신증권_산업,2023-07-06,대신증권,북미,EV,수요량,2023,118,,GWh,"글로벌 EV 배터리 시장 추정(PHEV+BEV 기준, 지역별, 표44)",48,시장전체,,
2023-07-06_대신증권_산업,2023-07-06,대신증권,북미,EV,수요량,2024,212,,GWh,"글로벌 EV 배터리 시장 추정(PHEV+BEV 기준, 지역별, 표44)",48,시장전체,,
2023-07-06_대신증권_산업,2023-07-06,대신증권,북미,EV,수요량,2025,331,,GWh,"글로벌 EV 배터리 시장 추정(PHEV+BEV 기준, 지역별, 표44)",48,시장전체,,
2023-07-06_대신증권_산업,2023-07-06,대신증권,북미,EV,수요량,2026,431,,GWh,"글로벌 EV 배터리 시장 추정(PHEV+BEV 기준, 지역별, 표44)",48,시장전체,,
2023-07-06_대신증권_산업,2023-07-06,대신증권,북미,EV,수요량,2027,609,,GWh,"글로벌 EV 배터리 시장 추정(PHEV+BEV 기준, 지역별, 표44)",48,시장전체,,
2023-07-06_대신증권_산업,2023-07-06,대신증권,북미,EV,수요량,2028,791,,GWh,"글로벌 EV 배터리 시장 추정(PHEV+BEV 기준, 지역별, 표44)",48,시장전체,,
2023-07-06_대신증권_산업,2023-07-06,대신증권,북미,EV,수요량,2029,969,,GWh,"글로벌 EV 배터리 시장 추정(PHEV+BEV 기준, 지역별, 표44)",48,시장전체,,
2023-07-06_대신증권_산업,2023-07-06,대신증권,북미,EV,수요량,2030,1188,,GWh,"글로벌 EV 배터리 시장 추정(PHEV+BEV 기준, 지역별, 표44)",48,시장전체,,
2023-07-06_대신증권_산업,2023-07-06,대신증권,기타,EV,실적치,2021,20,,GWh,"글로벌 EV 배터리 시장 추정(PHEV+BEV 기준, 지역별, 표44)",48,시장전체,,
2023-07-06_대신증권_산업,2023-07-06,대신증권,기타,EV,실적치,2022,37,,GWh,"글로벌 EV 배터리 시장 추정(PHEV+BEV 기준, 지역별, 표44)",48,시장전체,,
2023-07-06_대신증권_산업,2023-07-06,대신증권,기타,EV,수요량,2023,29,,GWh,"글로벌 EV 배터리 시장 추정(PHEV+BEV 기준, 지역별, 표44)",48,시장전체,,
2023-07-06_대신증권_산업,2023-07-06,대신증권,기타,EV,수요량,2024,51,,GWh,"글로벌 EV 배터리 시장 추정(PHEV+BEV 기준, 지역별, 표44)",48,시장전체,,
2023-07-06_대신증권_산업,2023-07-06,대신증권,기타,EV,수요량,2025,77,,GWh,"글로벌 EV 배터리 시장 추정(PHEV+BEV 기준, 지역별, 표44)",48,시장전체,,
2023-07-06_대신증권_산업,2023-07-06,대신증권,기타,EV,수요량,2026,90,,GWh,"글로벌 EV 배터리 시장 추정(PHEV+BEV 기준, 지역별, 표44)",48,시장전체,,
2023-07-06_대신증권_산업,2023-07-06,대신증권,기타,EV,수요량,2027,103,,GWh,"글로벌 EV 배터리 시장 추정(PHEV+BEV 기준, 지역별, 표44)",48,시장전체,,
2023-07-06_대신증권_산업,2023-07-06,대신증권,기타,EV,수요량,2028,114,,GWh,"글로벌 EV 배터리 시장 추정(PHEV+BEV 기준, 지역별, 표44)",48,시장전체,,
2023-07-06_대신증권_산업,2023-07-06,대신증권,기타,EV,수요량,2029,122,,GWh,"글로벌 EV 배터리 시장 추정(PHEV+BEV 기준, 지역별, 표44)",48,시장전체,,
2023-07-06_대신증권_산업,2023-07-06,대신증권,기타,EV,수요량,2030,135,,GWh,"글로벌 EV 배터리 시장 추정(PHEV+BEV 기준, 지역별, 표44)",48,시장전체,,
2023-07-06_대신증권_산업,2023-07-06,대신증권,글로벌,EV,실적치,2021,301,,GWh,"글로벌 EV 배터리 시장 추정(PHEV+BEV 기준, 지역별, 표44)",48,시장전체,,
2023-07-06_대신증권_산업,2023-07-06,대신증권,글로벌,EV,실적치,2022,518,,GWh,"글로벌 EV 배터리 시장 추정(PHEV+BEV 기준, 지역별, 표44)",48,시장전체,,
2023-07-06_대신증권_산업,2023-07-06,대신증권,글로벌,EV,수요량,2023,722,,GWh,"글로벌 EV 배터리 시장 추정(PHEV+BEV 기준, 지역별, 표44)",48,시장전체,,
2023-07-06_대신증권_산업,2023-07-06,대신증권,글로벌,EV,수요량,2024,1020,,GWh,"글로벌 EV 배터리 시장 추정(PHEV+BEV 기준, 지역별, 표44)",48,시장전체,,
2023-07-06_대신증권_산업,2023-07-06,대신증권,글로벌,EV,수요량,2025,1323,,GWh,"글로벌 EV 배터리 시장 추정(PHEV+BEV 기준, 지역별, 표44)",48,시장전체,,
2023-07-06_대신증권_산업,2023-07-06,대신증권,글로벌,EV,수요량,2026,1665,,GWh,"글로벌 EV 배터리 시장 추정(PHEV+BEV 기준, 지역별, 표44)",48,시장전체,,
2023-07-06_대신증권_산업,2023-07-06,대신증권,글로벌,EV,수요량,2027,2034,,GWh,"글로벌 EV 배터리 시장 추정(PHEV+BEV 기준, 지역별, 표44)",48,시장전체,,
2023-07-06_대신증권_산업,2023-07-06,대신증권,글로벌,EV,수요량,2028,2506,,GWh,"글로벌 EV 배터리 시장 추정(PHEV+BEV 기준, 지역별, 표44)",48,시장전체,,
2023-07-06_대신증권_산업,2023-07-06,대신증권,글로벌,EV,수요량,2029,3022,,GWh,"글로벌 EV 배터리 시장 추정(PHEV+BEV 기준, 지역별, 표44)",48,시장전체,,
2023-07-06_대신증권_산업,2023-07-06,대신증권,글로벌,EV,수요량,2030,3614,,GWh,"글로벌 EV 배터리 시장 추정(PHEV+BEV 기준, 지역별, 표44)",48,시장전체,,
2023-07-06_대신증권_산업,2023-07-06,대신증권,중국,EV,실적치,2021,3327,,천대,"글로벌 EV 판매량 추정(PHEV+BEV 기준, 지역별, 표43)",47,시장전체,,
2023-07-06_대신증권_산업,2023-07-06,대신증권,중국,EV,실적치,2022,6519,,천대,"글로벌 EV 판매량 추정(PHEV+BEV 기준, 지역별, 표43)",47,시장전체,,
2023-07-06_대신증권_산업,2023-07-06,대신증권,중국,EV,판매대수,2023,8963,,천대,"글로벌 EV 판매량 추정(PHEV+BEV 기준, 지역별, 표43)",47,시장전체,,
2023-07-06_대신증권_산업,2023-07-06,대신증권,중국,EV,판매대수,2024,11425,,천대,"글로벌 EV 판매량 추정(PHEV+BEV 기준, 지역별, 표43)",47,시장전체,,
2023-07-06_대신증권_산업,2023-07-06,대신증권,중국,EV,판매대수,2025,13006,,천대,"글로벌 EV 판매량 추정(PHEV+BEV 기준, 지역별, 표43)",47,시장전체,,
2023-07-06_대신증권_산업,2023-07-06,대신증권,중국,EV,판매대수,2026,14431,,천대,"글로벌 EV 판매량 추정(PHEV+BEV 기준, 지역별, 표43)",47,시장전체,,
2023-07-06_대신증권_산업,2023-07-06,대신증권,중국,EV,판매대수,2027,15505,,천대,"글로벌 EV 판매량 추정(PHEV+BEV 기준, 지역별, 표43)",47,시장전체,,
2023-07-06_대신증권_산업,2023-07-06,대신증권,중국,EV,판매대수,2028,17099,,천대,"글로벌 EV 판매량 추정(PHEV+BEV 기준, 지역별, 표43)",47,시장전체,,
2023-07-06_대신증권_산업,2023-07-06,대신증권,중국,EV,판매대수,2029,18883,,천대,"글로벌 EV 판매량 추정(PHEV+BEV 기준, 지역별, 표43)",47,시장전체,,
2023-07-06_대신증권_산업,2023-07-06,대신증권,중국,EV,판매대수,2030,20938,,천대,"글로벌 EV 판매량 추정(PHEV+BEV 기준, 지역별, 표43)",47,시장전체,,
2023-07-06_대신증권_산업,2023-07-06,대신증권,유럽,EV,실적치,2021,2372,,천대,"글로벌 EV 판매량 추정(PHEV+BEV 기준, 지역별, 표43)",47,시장전체,,
2023-07-06_대신증권_산업,2023-07-06,대신증권,유럽,EV,실적치,2022,2641,,천대,"글로벌 EV 판매량 추정(PHEV+BEV 기준, 지역별, 표43)",47,시장전체,,
2023-07-06_대신증권_산업,2023-07-06,대신증권,유럽,EV,판매대수,2023,3361,,천대,"글로벌 EV 판매량 추정(PHEV+BEV 기준, 지역별, 표43)",47,시장전체,,
2023-07-06_대신증권_산업,2023-07-06,대신증권,유럽,EV,판매대수,2024,4318,,천대,"글로벌 EV 판매량 추정(PHEV+BEV 기준, 지역별, 표43)",47,시장전체,,
2023-07-06_대신증권_산업,2023-07-06,대신증권,유럽,EV,판매대수,2025,5471,,천대,"글로벌 EV 판매량 추정(PHEV+BEV 기준, 지역별, 표43)",47,시장전체,,
2023-07-06_대신증권_산업,2023-07-06,대신증권,유럽,EV,판매대수,2026,7895,,천대,"글로벌 EV 판매량 추정(PHEV+BEV 기준, 지역별, 표43)",47,시장전체,,
2023-07-06_대신증권_산업,2023-07-06,대신증권,유럽,EV,판매대수,2027,9444,,천대,"글로벌 EV 판매량 추정(PHEV+BEV 기준, 지역별, 표43)",47,시장전체,,
2023-07-06_대신증권_산업,2023-07-06,대신증권,유럽,EV,판매대수,2028,12023,,천대,"글로벌 EV 판매량 추정(PHEV+BEV 기준, 지역별, 표43)",47,시장전체,,
2023-07-06_대신증권_산업,2023-07-06,대신증권,유럽,EV,판매대수,2029,14936,,천대,"글로벌 EV 판매량 추정(PHEV+BEV 기준, 지역별, 표43)",47,시장전체,,
2023-07-06_대신증권_산업,2023-07-06,대신증권,유럽,EV,판매대수,2030,17696,,천대,"글로벌 EV 판매량 추정(PHEV+BEV 기준, 지역별, 표43)",47,시장전체,,
2023-07-06_대신증권_산업,2023-07-06,대신증권,북미,EV,실적치,2021,669,,천대,"글로벌 EV 판매량 추정(PHEV+BEV 기준, 지역별, 표43)",47,시장전체,,
2023-07-06_대신증권_산업,2023-07-06,대신증권,북미,EV,실적치,2022,985,,천대,"글로벌 EV 판매량 추정(PHEV+BEV 기준, 지역별, 표43)",47,시장전체,,
2023-07-06_대신증권_산업,2023-07-06,대신증권,북미,EV,판매대수,2023,1740,,천대,"글로벌 EV 판매량 추정(PHEV+BEV 기준, 지역별, 표43)",47,시장전체,,
2023-07-06_대신증권_산업,2023-07-06,대신증권,북미,EV,판매대수,2024,3049,,천대,"글로벌 EV 판매량 추정(PHEV+BEV 기준, 지역별, 표43)",47,시장전체,,
2023-07-06_대신증권_산업,2023-07-06,대신증권,북미,EV,판매대수,2025,4617,,천대,"글로벌 EV 판매량 추정(PHEV+BEV 기준, 지역별, 표43)",47,시장전체,,
2023-07-06_대신증권_산업,2023-07-06,대신증권,북미,EV,판매대수,2026,5836,,천대,"글로벌 EV 판매량 추정(PHEV+BEV 기준, 지역별, 표43)",47,시장전체,,
2023-07-06_대신증권_산업,2023-07-06,대신증권,북미,EV,판매대수,2027,7996,,천대,"글로벌 EV 판매량 추정(PHEV+BEV 기준, 지역별, 표43)",47,시장전체,,
2023-07-06_대신증권_산업,2023-07-06,대신증권,북미,EV,판매대수,2028,10094,,천대,"글로벌 EV 판매량 추정(PHEV+BEV 기준, 지역별, 표43)",47,시장전체,,
2023-07-06_대신증권_산업,2023-07-06,대신증권,북미,EV,판매대수,2029,11999,,천대,"글로벌 EV 판매량 추정(PHEV+BEV 기준, 지역별, 표43)",47,시장전체,,
2023-07-06_대신증권_산업,2023-07-06,대신증권,북미,EV,판매대수,2030,14284,,천대,"글로벌 EV 판매량 추정(PHEV+BEV 기준, 지역별, 표43)",47,시장전체,,
2023-07-06_대신증권_산업,2023-07-06,대신증권,기타,EV,실적치,2021,337,,천대,"글로벌 EV 판매량 추정(PHEV+BEV 기준, 지역별, 표43)",47,시장전체,,
2023-07-06_대신증권_산업,2023-07-06,대신증권,기타,EV,실적치,2022,654,,천대,"글로벌 EV 판매량 추정(PHEV+BEV 기준, 지역별, 표43)",47,시장전체,,
2023-07-06_대신증권_산업,2023-07-06,대신증권,기타,EV,판매대수,2023,529,,천대,"글로벌 EV 판매량 추정(PHEV+BEV 기준, 지역별, 표43)",47,시장전체,,
2023-07-06_대신증권_산업,2023-07-06,대신증권,기타,EV,판매대수,2024,957,,천대,"글로벌 EV 판매량 추정(PHEV+BEV 기준, 지역별, 표43)",47,시장전체,,
2023-07-06_대신증권_산업,2023-07-06,대신증권,기타,EV,판매대수,2025,1510,,천대,"글로벌 EV 판매량 추정(PHEV+BEV 기준, 지역별, 표43)",47,시장전체,,
2023-07-06_대신증권_산업,2023-07-06,대신증권,기타,EV,판매대수,2026,1822,,천대,"글로벌 EV 판매량 추정(PHEV+BEV 기준, 지역별, 표43)",47,시장전체,,
2023-07-06_대신증권_산업,2023-07-06,대신증권,기타,EV,판매대수,2027,2142,,천대,"글로벌 EV 판매량 추정(PHEV+BEV 기준, 지역별, 표43)",47,시장전체,,
2023-07-06_대신증권_산업,2023-07-06,대신증권,기타,EV,판매대수,2028,2439,,천대,"글로벌 EV 판매량 추정(PHEV+BEV 기준, 지역별, 표43)",47,시장전체,,
2023-07-06_대신증권_산업,2023-07-06,대신증권,기타,EV,판매대수,2029,2681,,천대,"글로벌 EV 판매량 추정(PHEV+BEV 기준, 지역별, 표43)",47,시장전체,,
2023-07-06_대신증권_산업,2023-07-06,대신증권,기타,EV,판매대수,2030,3067,,천대,"글로벌 EV 판매량 추정(PHEV+BEV 기준, 지역별, 표43)",47,시장전체,,
2023-07-06_대신증권_산업,2023-07-06,대신증권,글로벌,EV,실적치,2021,6705,,천대,"글로벌 EV 판매량 추정(PHEV+BEV 기준, 지역별, 표43)",47,시장전체,,
2023-07-06_대신증권_산업,2023-07-06,대신증권,글로벌,EV,실적치,2022,10799,,천대,"글로벌 EV 판매량 추정(PHEV+BEV 기준, 지역별, 표43)",47,시장전체,,
2023-07-06_대신증권_산업,2023-07-06,대신증권,글로벌,EV,판매대수,2023,14594,,천대,"글로벌 EV 판매량 추정(PHEV+BEV 기준, 지역별, 표43)",47,시장전체,,
2023-07-06_대신증권_산업,2023-07-06,대신증권,글로벌,EV,판매대수,2024,19750,,천대,"글로벌 EV 판매량 추정(PHEV+BEV 기준, 지역별, 표43)",47,시장전체,,
2023-07-06_대신증권_산업,2023-07-06,대신증권,글로벌,EV,판매대수,2025,24604,,천대,"글로벌 EV 판매량 추정(PHEV+BEV 기준, 지역별, 표43)",47,시장전체,,
2023-07-06_대신증권_산업,2023-07-06,대신증권,글로벌,EV,판매대수,2026,29983,,천대,"글로벌 EV 판매량 추정(PHEV+BEV 기준, 지역별, 표43)",47,시장전체,,
2023-07-06_대신증권_산업,2023-07-06,대신증권,글로벌,EV,판매대수,2027,35088,,천대,"글로벌 EV 판매량 추정(PHEV+BEV 기준, 지역별, 표43)",47,시장전체,,
2023-07-06_대신증권_산업,2023-07-06,대신증권,글로벌,EV,판매대수,2028,41656,,천대,"글로벌 EV 판매량 추정(PHEV+BEV 기준, 지역별, 표43)",47,시장전체,,
2023-07-06_대신증권_산업,2023-07-06,대신증권,글로벌,EV,판매대수,2029,48499,,천대,"글로벌 EV 판매량 추정(PHEV+BEV 기준, 지역별, 표43)",47,시장전체,,
2023-07-06_대신증권_산업,2023-07-06,대신증권,글로벌,EV,판매대수,2030,55985,,천대,"글로벌 EV 판매량 추정(PHEV+BEV 기준, 지역별, 표43)",47,시장전체,,
2023-07-06_대신증권_산업,2023-07-06,대신증권,북미,EV,실적치,2022,72,,GWh,"북미 EV 배터리 시장 수요(표13, 35~40년경 BEV침투율100% 가정 하 별도 추정, 표44 수치와 상이하나 원문 그대로 수집)",23,시나리오,,
2023-07-06_대신증권_산업,2023-07-06,대신증권,북미,EV,수요량,2023,135,,GWh,"북미 EV 배터리 시장 수요(표13, 35~40년경 BEV침투율100% 가정 하 별도 추정, 표44 수치와 상이하나 원문 그대로 수집)",23,시나리오,,
2023-07-06_대신증권_산업,2023-07-06,대신증권,북미,EV,수요량,2024,251,,GWh,"북미 EV 배터리 시장 수요(표13, 35~40년경 BEV침투율100% 가정 하 별도 추정, 표44 수치와 상이하나 원문 그대로 수집)",23,시나리오,,
2023-07-06_대신증권_산업,2023-07-06,대신증권,북미,EV,수요량,2025,397,,GWh,"북미 EV 배터리 시장 수요(표13, 35~40년경 BEV침투율100% 가정 하 별도 추정, 표44 수치와 상이하나 원문 그대로 수집)",23,시나리오,,
2023-07-06_대신증권_산업,2023-07-06,대신증권,북미,EV,수요량,2026,517,,GWh,"북미 EV 배터리 시장 수요(표13, 35~40년경 BEV침투율100% 가정 하 별도 추정, 표44 수치와 상이하나 원문 그대로 수집)",23,시나리오,,
2023-07-06_대신증권_산업,2023-07-06,대신증권,북미,EV,수요량,2027,730,,GWh,"북미 EV 배터리 시장 수요(표13, 35~40년경 BEV침투율100% 가정 하 별도 추정, 표44 수치와 상이하나 원문 그대로 수집)",23,시나리오,,
2023-07-06_대신증권_산업,2023-07-06,대신증권,북미,EV,수요량,2028,950,,GWh,"북미 EV 배터리 시장 수요(표13, 35~40년경 BEV침투율100% 가정 하 별도 추정, 표44 수치와 상이하나 원문 그대로 수집)",23,시나리오,,
2023-07-06_대신증권_산업,2023-07-06,대신증권,북미,EV,수요량,2029,1163,,GWh,"북미 EV 배터리 시장 수요(표13, 35~40년경 BEV침투율100% 가정 하 별도 추정, 표44 수치와 상이하나 원문 그대로 수집)",23,시나리오,,
2023-07-06_대신증권_산업,2023-07-06,대신증권,북미,EV,수요량,2030,1425,,GWh,"북미 EV 배터리 시장 수요(표13, 35~40년경 BEV침투율100% 가정 하 별도 추정, 표44 수치와 상이하나 원문 그대로 수집)",23,시나리오,,
2023-07-06_대신증권_산업,2023-07-06,대신증권,글로벌,EV,실적치,2021,30,,%,케미스트리별 배터리 시장 비중 전망(표38) - LFP,21,서브세그먼트,,
2023-07-06_대신증권_산업,2023-07-06,대신증권,글로벌,EV,침투율,2023,42,,%,케미스트리별 배터리 시장 비중 전망(표38) - LFP,21,서브세그먼트,,
2023-07-06_대신증권_산업,2023-07-06,대신증권,글로벌,EV,침투율,2025,51,,%,케미스트리별 배터리 시장 비중 전망(표38) - LFP,21,서브세그먼트,,
2023-07-06_대신증권_산업,2023-07-06,대신증권,글로벌,EV,침투율,2027,58,,%,케미스트리별 배터리 시장 비중 전망(표38) - LFP,21,서브세그먼트,,
2023-07-06_대신증권_산업,2023-07-06,대신증권,글로벌,EV,침투율,2029,64,,%,케미스트리별 배터리 시장 비중 전망(표38) - LFP,21,서브세그먼트,,
2023-07-06_대신증권_산업,2023-07-06,대신증권,글로벌,EV,침투율,2030,67,,%,케미스트리별 배터리 시장 비중 전망(표38) - LFP,21,서브세그먼트,,
2023-07-06_대신증권_산업,2023-07-06,대신증권,글로벌,EV,실적치,2021,43,,%,케미스트리별 배터리 시장 비중 전망(표38) - 하이니켈(NCM/NCA),21,서브세그먼트,,
2023-07-06_대신증권_산업,2023-07-06,대신증권,글로벌,EV,침투율,2023,33,,%,케미스트리별 배터리 시장 비중 전망(표38) - 하이니켈(NCM/NCA),21,서브세그먼트,,
2023-07-06_대신증권_산업,2023-07-06,대신증권,글로벌,EV,침투율,2025,25,,%,케미스트리별 배터리 시장 비중 전망(표38) - 하이니켈(NCM/NCA),21,서브세그먼트,,
2023-07-06_대신증권_산업,2023-07-06,대신증권,글로벌,EV,침투율,2027,19,,%,케미스트리별 배터리 시장 비중 전망(표38) - 하이니켈(NCM/NCA),21,서브세그먼트,,
2023-07-06_대신증권_산업,2023-07-06,대신증권,글로벌,EV,침투율,2029,14,,%,케미스트리별 배터리 시장 비중 전망(표38) - 하이니켈(NCM/NCA),21,서브세그먼트,,
2023-07-06_대신증권_산업,2023-07-06,대신증권,글로벌,EV,침투율,2030,12,,%,케미스트리별 배터리 시장 비중 전망(표38) - 하이니켈(NCM/NCA),21,서브세그먼트,,
2023-09-12_IBK투자증권_산업,2023-09-12,IBK투자증권,글로벌,합계,실적치,2020,7775,,만대,글로벌 완성차 판매량(코로나19 영향),9,시장전체,,
2023-09-12_IBK투자증권_산업,2023-09-12,IBK투자증권,글로벌,합계,실적치,2021,8143,,만대,글로벌 완성차 판매량,9,시장전체,,
2023-09-12_IBK투자증권_산업,2023-09-12,IBK투자증권,글로벌,합계,실적치,2022,8098,,만대,글로벌 완성차 판매량,9,시장전체,,
2023-09-12_IBK투자증권_산업,2023-09-12,IBK투자증권,글로벌,합계,판매대수,2023,8600,,만대,"코로나19 이전 9,000만대 수준은 2025년 이후 도달 전망",9,시장전체,,
2023-09-12_IBK투자증권_산업,2023-09-12,IBK투자증권,글로벌,EV,침투율,2023,15,,%,내연기관차 판매금지 시점 발표에 따른 침투율 전망,11,시장전체,글로벌 EV 침투율,
2023-09-12_IBK투자증권_산업,2023-09-12,IBK투자증권,글로벌,EV,침투율,2024,20,,%,,11,시장전체,글로벌 EV 침투율,
2023-09-12_IBK투자증권_산업,2023-09-12,IBK투자증권,글로벌,EV,침투율,2025,24,,%,,11,시장전체,글로벌 EV 침투율,
2023-09-12_IBK투자증권_산업,2023-09-12,IBK투자증권,글로벌,EV,침투율,2030,50,,%,탄소중립 달성 목표에 따른 장기 전망,11,시장전체,글로벌 EV 침투율,
2023-09-12_IBK투자증권_산업,2023-09-12,IBK투자증권,글로벌,EV,침투율,2035,70,,%,탄소중립 달성 목표에 따른 장기 전망,11,시장전체,글로벌 EV 침투율,
2023-09-12_IBK투자증권_산업,2023-09-12,IBK투자증권,북미,EV,침투율,2023,10,,%,,11,시장전체,,
2023-09-12_IBK투자증권_산업,2023-09-12,IBK투자증권,북미,EV,침투율,2024,14,,%,,11,시장전체,,
2023-09-12_IBK투자증권_산업,2023-09-12,IBK투자증권,북미,EV,침투율,2025,19,,%,,11,시장전체,,
2023-09-12_IBK투자증권_산업,2023-09-12,IBK투자증권,유럽,EV,침투율,2023,25,,%,,11,시장전체,,
2023-09-12_IBK투자증권_산업,2023-09-12,IBK투자증권,유럽,EV,침투율,2024,30,,%,,11,시장전체,,
2023-09-12_IBK투자증권_산업,2023-09-12,IBK투자증권,유럽,EV,침투율,2025,36,,%,,11,시장전체,,
2023-09-12_IBK투자증권_산업,2023-09-12,IBK투자증권,중국,EV,침투율,2023,30,,%,,11,시장전체,,
2023-09-12_IBK투자증권_산업,2023-09-12,IBK투자증권,중국,EV,침투율,2024,36,,%,,11,시장전체,,
2023-09-12_IBK투자증권_산업,2023-09-12,IBK투자증권,중국,EV,침투율,2025,41,,%,,11,시장전체,,
2023-11-21_유진투자증권_산업,2023-11-21,유진투자증권,글로벌,EV,실적치,2020,3022,,천대,"12대 주요 OEM 판매목표(EV+PHEV) 합산치, 실제 실적",7,서브세그먼트,,
2023-11-21_유진투자증권_산업,2023-11-21,유진투자증권,글로벌,EV,실적치,2021,6073,,천대,"12대 주요 OEM 판매목표(EV+PHEV) 합산치, 실제 실적",7,서브세그먼트,,
2023-11-21_유진투자증권_산업,2023-11-21,유진투자증권,글로벌,EV,실적치,2022,8487,,천대,"12대 주요 OEM 판매목표(EV+PHEV) 합산치, 실제 실적",7,서브세그먼트,,
2023-11-21_유진투자증권_산업,2023-11-21,유진투자증권,글로벌,EV,판매대수,2023,11547,,천대,"12대 주요 OEM 판매목표(EV+PHEV) 합산치, 2023년 추정",7,서브세그먼트,,
2023-11-21_유진투자증권_산업,2023-11-21,유진투자증권,글로벌,EV,판매대수,2024,14477,,천대,12대 주요 OEM 판매목표(EV+PHEV) 합산치 전망,7,서브세그먼트,,
2023-11-21_유진투자증권_산업,2023-11-21,유진투자증권,글로벌,EV,판매대수,2025,17500,,천대,12대 주요 OEM 판매목표(EV+PHEV) 합산치 전망,7,서브세그먼트,,
2023-11-21_유진투자증권_산업,2023-11-21,유진투자증권,글로벌,EV,판매대수,2030,42000,,천대,"12대 주요 OEM 판매목표(EV+PHEV) 합산치, 장기 목표(폭스바겐 670만대·르노닛산 440만대·테슬라 550만대 등)",7,서브세그먼트,,
2023-11-21_유진투자증권_산업,2023-11-21,유진투자증권,글로벌,EV,침투율,2020,64,,%,"12대 OEM이 전체 EV+PHEV 시장에서 차지하는 판매 비중, 실적",7,서브세그먼트,,
2023-11-21_유진투자증권_산업,2023-11-21,유진투자증권,글로벌,EV,침투율,2021,61,,%,"12대 OEM이 전체 EV+PHEV 시장에서 차지하는 판매 비중, 실적",7,서브세그먼트,,
2023-11-21_유진투자증권_산업,2023-11-21,유진투자증권,글로벌,EV,침투율,2022,75,,%,"12대 OEM이 전체 EV+PHEV 시장에서 차지하는 판매 비중, 실적",7,서브세그먼트,,
2023-11-21_유진투자증권_산업,2023-11-21,유진투자증권,글로벌,EV,침투율,2023,79,,%,"12대 OEM이 전체 EV+PHEV 시장에서 차지하는 판매 비중, 추정",7,서브세그먼트,,
2023-11-21_유진투자증권_산업,2023-11-21,유진투자증권,글로벌,EV,침투율,2024,82,,%,"12대 OEM이 전체 EV+PHEV 시장에서 차지하는 판매 비중, 전망",7,서브세그먼트,,
2023-11-21_유진투자증권_산업,2023-11-21,유진투자증권,글로벌,EV,침투율,2025,83,,%,"12대 OEM이 전체 EV+PHEV 시장에서 차지하는 판매 비중, 전망",7,서브세그먼트,,
2023-11-21_유진투자증권_산업,2023-11-21,유진투자증권,글로벌,EV,침투율,2030,94,,%,"12대 OEM이 전체 EV+PHEV 시장에서 차지하는 판매 비중, 장기 전망",7,서브세그먼트,,
2023-11-21_유진투자증권_산업,2023-11-21,유진투자증권,글로벌,합계,수요량,2024,1086,,GWh,"당사 2024년 배터리 출하량 전망(전기차 판매 1,448만대 기준, 연간 성장률 25%)",6,시장전체,,
2024-02-26_IBK투자증권_산업,2024-02-26,IBK투자증권,북미,합계,실적치,2019,2087,,만대,"북미(미국+캐나다+멕시코) OEM별 완성차 판매량 합계, 전체 파워트레인 포함",25,서브세그먼트,,
2024-02-26_IBK투자증권_산업,2024-02-26,IBK투자증권,북미,합계,실적치,2020,1753,2087,만대,북미 완성차 판매량 합계,25,시장전체,,
2024-02-26_IBK투자증권_산업,2024-02-26,IBK투자증권,북미,합계,실적치,2021,1827,1753,만대,북미 완성차 판매량 합계,25,시장전체,,
2024-02-26_IBK투자증권_산업,2024-02-26,IBK투자증권,북미,합계,실적치,2022,1706,1827,만대,북미 완성차 판매량 합계,25,시장전체,,
2024-02-26_IBK투자증권_산업,2024-02-26,IBK투자증권,북미,합계,실적치,2023,1924,1706,만대,"북미 완성차 판매량 합계, YoY+12.8%(미국1,613만대,캐나다174만대,멕시코136만대)",21,시장전체,,
2024-02-26_IBK투자증권_산업,2024-02-26,IBK투자증권,북미,합계,판매대수,2025,2000,,만대,"2,000만대 완성차 시장 규모 회복 전망치",21,시장전체,,
2024-02-26_IBK투자증권_산업,2024-02-26,IBK투자증권,북미,EV,실적치,2023,147,,만대,"북미 전기차(BEV+PHEV) 판매량, YoY+31.9%",23,시장전체,,
2024-02-26_IBK투자증권_산업,2024-02-26,IBK투자증권,북미,EV,침투율,2023,7.6,,%,"북미 전기차 침투율, YoY+1.1%p",23,시장전체,,
2024-02-26_IBK투자증권_산업,2024-02-26,IBK투자증권,글로벌,합계,실적치,2023,2179,,만대,"글로벌 xEV(BEV+PHEV+HEV) 판매량, YoY+31.9%(BEV 994만대+27.8%, PHEV 412만대+49.1%, HEV 773만대+29.2%)",10,시장전체,,
2024-02-26_IBK투자증권_산업,2024-02-26,IBK투자증권,중국,합계,실적치,2023,925,,만대,"중국 xEV(BEV+PHEV+HEV) 판매량, YoY+30.9%",10,시장전체,,
2024-02-26_IBK투자증권_산업,2024-02-26,IBK투자증권,북미,합계,실적치,2023,265,,만대,"미국 xEV(BEV+PHEV+HEV) 판매량, YoY+51.3%",10,시장전체,,
2024-02-26_IBK투자증권_산업,2024-02-26,IBK투자증권,유럽,합계,실적치,2023,606,,만대,"유럽 xEV(BEV+PHEV+HEV) 판매량, YoY+22.0%",10,시장전체,,
2024-02-26_IBK투자증권_산업,2024-02-26,IBK투자증권,중국,EV,실적치,2023,573,,만대,"중국 BEV 판매량, YoY+18.8%",11,시장전체,,
2024-02-26_IBK투자증권_산업,2024-02-26,IBK투자증권,북미,EV,실적치,2023,119,,만대,"미국 BEV 판매량, YoY+49.3%",11,시장전체,,
2024-02-26_IBK투자증권_산업,2024-02-26,IBK투자증권,유럽,EV,실적치,2023,215,,만대,"유럽 BEV 판매량, YoY+32.0%",11,시장전체,,
2024-02-26_IBK투자증권_산업,2024-02-26,IBK투자증권,글로벌,EV,침투율,2023,15.6,,%,"글로벌 전기차(BEV+PHEV) 침투율, YoY+2.4%p",11,시장전체,,
2024-02-26_IBK투자증권_산업,2024-02-26,IBK투자증권,중국,EV,침투율,2023,23.9,,%,YoY+4.1%p,11,시장전체,,
2024-02-26_IBK투자증권_산업,2024-02-26,IBK투자증권,북미,EV,침투율,2023,9.4,,%,"미국 기준, YoY+2.3%p",11,시장전체,,
2024-02-26_IBK투자증권_산업,2024-02-26,IBK투자증권,유럽,EV,침투율,2023,28.0,,%,YoY+0.9%p,11,시장전체,,
2024-02-26_IBK투자증권_산업,2024-02-26,IBK투자증권,중국,EV,실적치,2022,299,,GWh,지역별 배터리 출하량,12,시장전체,,
2024-02-26_IBK투자증권_산업,2024-02-26,IBK투자증권,중국,EV,실적치,2023,386,299,GWh,"지역별 배터리 출하량, YoY+29.2%",12,시장전체,,
2024-02-26_IBK투자증권_산업,2024-02-26,IBK투자증권,유럽,EV,실적치,2022,118,,GWh,지역별 배터리 출하량,12,시장전체,,
2024-02-26_IBK투자증권_산업,2024-02-26,IBK투자증권,유럽,EV,실적치,2023,160,118,GWh,"지역별 배터리 출하량, YoY+36.2%",12,시장전체,,
2024-02-26_IBK투자증권_산업,2024-02-26,IBK투자증권,북미,EV,실적치,2022,65,,GWh,지역별 배터리 출하량(미국),12,시장전체,,
2024-02-26_IBK투자증권_산업,2024-02-26,IBK투자증권,북미,EV,실적치,2023,99,65,GWh,"지역별 배터리 출하량(미국), YoY+52.7%",12,시장전체,,
2024-02-26_IBK투자증권_산업,2024-02-26,IBK투자증권,기타,EV,실적치,2022,37,,GWh,지역별 배터리 출하량(기타),12,시장전체,,
2024-02-26_IBK투자증권_산업,2024-02-26,IBK투자증권,기타,EV,실적치,2023,59,37,GWh,"지역별 배터리 출하량(기타), YoY+62.8%",12,시장전체,,
2024-02-26_IBK투자증권_산업,2024-02-26,IBK투자증권,글로벌,EV,침투율,2023,40.1,,%,"글로벌 LFP 배터리 침투율, YoY+1.9%p",18,서브세그먼트,,
2024-02-26_IBK투자증권_산업,2024-02-26,IBK투자증권,중국,EV,침투율,2023,60.6,,%,"LFP 배터리 침투율, YoY-3.7%p",18,서브세그먼트,,
2024-02-26_IBK투자증권_산업,2024-02-26,IBK투자증권,유럽,EV,침투율,2023,4.7,,%,"LFP 배터리 침투율, YoY+1.4%p",18,서브세그먼트,,
2024-02-26_IBK투자증권_산업,2024-02-26,IBK투자증권,북미,EV,침투율,2023,6.9,,%,"LFP 배터리 침투율(미국), YoY-5.3%p",18,서브세그먼트,,
2024-02-26_IBK투자증권_산업,2024-02-26,IBK투자증권,북미,EV,수요량,2023,1511,,GWh,"과거 5년 평균 판매량(2019~2023)+BEV 100% 가정 기준 실질 CAPA(북미 전체, 미국1,279+캐나다140+멕시코93). 수율·가동률 반영시 90*90=1,866GWh, 80*80=2,362GWh",28,생산능력,,
2024-02-26_IBK투자증권_산업,2024-02-26,IBK투자증권,북미,EV,수요량,2024,1930,,GWh,"북미 지역 TOP11 OEM 완성차 생산 CAPA(생산능력 기준, 판매량 아님) 기반 실질 배터리 CAPA 필요량 합산. 90*90=2,383GWh, 80*80=3,016GWh",66,생산능력,,
2024-02-26_IBK투자증권_산업,2024-02-26,IBK투자증권,북미,EV,수요량,2030,896,,GWh,"북미 11개 OEM 완성차 생산능력&판매량 평균 기준 2030년 필요 배터리 CAPA(실질치, 전동화비율 50%(대부분 OEM)~100%(Tesla·Mercedes) 가정). 90*90=1,106GWh, 80*80=1,399GWh",68,생산능력,,
2024-02-26_IBK투자증권_산업,2024-02-26,IBK투자증권,북미,EV,수요량,2022,43,,종,"북미 완성차 시장 OEM 합산 전기차(BEV+PHEV) 누적 라인업 개수(모델 종수, 수요 확대 프록시)",71,서브세그먼트,,
2024-02-26_IBK투자증권_산업,2024-02-26,IBK투자증권,북미,EV,수요량,2023,58,43,종,OEM 합산 누적 전기차 라인업 개수,71,서브세그먼트,,
2024-02-26_IBK투자증권_산업,2024-02-26,IBK투자증권,북미,EV,수요량,2024,86,58,종,OEM 합산 누적 전기차 라인업 개수(F),71,서브세그먼트,,
2024-02-26_IBK투자증권_산업,2024-02-26,IBK투자증권,북미,EV,수요량,2025,109,86,종,OEM 합산 누적 전기차 라인업 개수(F),71,서브세그먼트,,
2024-02-26_IBK투자증권_산업,2024-02-26,IBK투자증권,북미,EV,수요량,2026,136,109,종,OEM 합산 누적 전기차 라인업 개수(F),71,서브세그먼트,,
2024-02-26_IBK투자증권_산업,2024-02-26,IBK투자증권,북미,EV,수요량,2027,150,136,종,OEM 합산 누적 전기차 라인업 개수(F),71,서브세그먼트,,
2024-02-26_IBK투자증권_산업,2024-02-26,IBK투자증권,북미,EV,수요량,2028,154,150,종,OEM 합산 누적 전기차 라인업 개수(F),71,서브세그먼트,,
2024-10-21_상상인증권_산업,2024-10-21,상상인증권,글로벌,합계,판매대수,2024,83.0,,백만대,글로벌 완성차시장 판매대수 전망,11,시장전체,,
2024-10-21_상상인증권_산업,2024-10-21,상상인증권,글로벌,합계,판매대수,2025,84.9,,백만대,글로벌 완성차시장 판매대수 전망,11,시장전체,,
2024-10-21_상상인증권_산업,2024-10-21,상상인증권,글로벌,합계,판매대수,2026,86.0,,백만대,글로벌 완성차시장 판매대수 전망,11,시장전체,,
2024-10-21_상상인증권_산업,2024-10-21,상상인증권,글로벌,합계,판매대수,2027,87.1,,백만대,글로벌 완성차시장 판매대수 전망,11,시장전체,,
2024-10-21_상상인증권_산업,2024-10-21,상상인증권,글로벌,합계,판매대수,2028,88.0,,백만대,글로벌 완성차시장 판매대수 전망,11,시장전체,,
2024-10-21_상상인증권_산업,2024-10-21,상상인증권,글로벌,EV,성장률,2025,30.6,,%,글로벌 BEV 판매대수 증가율,11,시장전체,,
2024-10-21_상상인증권_산업,2024-10-21,상상인증권,북미,EV,성장률,2025,10,,%,"북미 BEV 증가율 내외, 증가분 상당부분은 중국에 집중",11,시장전체,,
2024-10-21_상상인증권_산업,2024-10-21,상상인증권,글로벌,EV,실적치,2015,44,,만대,BEV+PHEV 판매대수,20,시장전체,,
2024-10-21_상상인증권_산업,2024-10-21,상상인증권,글로벌,EV,실적치,2017,111,,만대,BEV+PHEV 판매대수,20,시장전체,,
2024-10-21_상상인증권_산업,2024-10-21,상상인증권,글로벌,EV,실적치,2019,200,,만대,BEV+PHEV 판매대수,20,시장전체,,
2024-10-21_상상인증권_산업,2024-10-21,상상인증권,글로벌,EV,실적치,2021,635,,만대,BEV+PHEV 판매대수,20,시장전체,,
2024-10-21_상상인증권_산업,2024-10-21,상상인증권,글로벌,EV,실적치,2023,1418,,만대,BEV+PHEV 판매대수,20,시장전체,,
2024-10-21_상상인증권_산업,2024-10-21,상상인증권,글로벌,EV,판매대수,2025,1879,,만대,"BEV+PHEV 판매대수, 전년대비 +361만대",20,시장전체,,
2024-10-21_상상인증권_산업,2024-10-21,상상인증권,글로벌,EV,판매대수,2024,1518,,만대,"2025E 1,879만대 대비 YoY +361만대 명시치 기준 역산",20,시장전체,,
2024-10-21_상상인증권_산업,2024-10-21,상상인증권,중국,EV,판매대수,2025,824,,만대,"BEV 기준, 전년대비 +140만대",20,시장전체,,
2024-10-21_상상인증권_산업,2024-10-21,상상인증권,중국,EV,판매대수,2024,684,,만대,"2025E 824만대 대비 YoY +140만대 명시치 기준 역산, BEV 기준",20,시장전체,,
2024-10-21_상상인증권_산업,2024-10-21,상상인증권,북미,EV,판매대수,2025,178,,만대,"미국 BEV 기준, 전년대비 +47만대",20,시장전체,,
2024-10-21_상상인증권_산업,2024-10-21,상상인증권,북미,EV,판매대수,2024,131,,만대,"2025E 178만대 대비 YoY +47만대 명시치 기준 역산, 미국 BEV 기준",20,시장전체,,
2024-10-21_상상인증권_산업,2024-10-21,상상인증권,글로벌,EV,성장률,2025,20.2,,%,xEV 전용 배터리 수요 증가율(친환경차 판매대수 증가율에 근거),5,시장전체,,
2024-10-21_상상인증권_산업,2024-10-21,상상인증권,중국,EV,증가량,2025,163,,GWh,"2025 xEV 배터리수요 YoY 증가분(+30%), 중국+미국이 전체 증가분의 70% 내외 차지",5,시장전체,,
2024-10-21_상상인증권_산업,2024-10-21,상상인증권,북미,EV,증가량,2025,131,,GWh,"2025 xEV 배터리수요 YoY 증가분(미국, +10%), 중국+미국이 전체 증가분의 70% 내외 차지",5,시장전체,,
2024-10-21_상상인증권_산업,2024-10-21,상상인증권,글로벌,ESS,성장률,2025,15,,%,삼성SDI ESS 매출 기준 +15%YoY 이상 전망(3Q24 ESS는 전분기 대비 +20% 내외 성장),61,시장전체,,
2024-10-21_상상인증권_산업,2024-10-21,상상인증권,글로벌,EV,판매량(양극재),2024,10000,,톤,포스코퓨처엠의 삼성SDI향 NCA 공급물량(전체 시장수요 아님),68,서브세그먼트,,
2024-10-21_상상인증권_산업,2024-10-21,상상인증권,글로벌,EV,판매량(양극재),2024,7500,,톤,포스코퓨처엠의 현대차그룹향 N87 공급물량(전체 시장수요 아님),68,서브세그먼트,,
2024-10-21_상상인증권_산업,2024-10-21,상상인증권,글로벌,EV,판매량(양극재),2025,30000,,톤,"포스코퓨처엠의 삼성SDI향 NCA 공급물량, Stellantis JV 가동 반영(전체 시장수요 아님)",68,서브세그먼트,,
2024-10-21_상상인증권_산업,2024-10-21,상상인증권,글로벌,EV,성장률,2025,40,,%,포스코퓨처엠 하이니켈 양극재 판매량 YoY 증가 예상,68,서브세그먼트,,
2025-02-03_흥국증권_산업,2025-02-03,흥국증권,글로벌,합계,성장률,2023,14.4,,%,LGES 배터리 판매량 YoY(2023년 실적),7,시장전체,,
2025-02-03_흥국증권_산업,2025-02-03,흥국증권,글로벌,합계,성장률,2024,-15.5,,%,"LGES 배터리 판매량 YoY(2024년, 고객사 재고조정 영향)",7,시장전체,,
2025-02-03_흥국증권_산업,2025-02-03,흥국증권,글로벌,합계,판매량,2025,141.3,,GWh,"LGES 연간 배터리 생산/판매량 전망, 2023년 수준 수요 정상화 기대",24,시장전체,,
2025-02-03_흥국증권_산업,2025-02-03,흥국증권,글로벌,합계,성장률,2025,13.8,,%,LGES 배터리 판매량 YoY(2025F),7,시장전체,,
2025-02-03_흥국증권_산업,2025-02-03,흥국증권,글로벌,합계,성장률,2026,30.1,,%,LGES 배터리 판매량 YoY(2026F),7,시장전체,,
2025-02-03_흥국증권_산업,2025-02-03,흥국증권,글로벌,합계,성장률,2024,-11.9,,%,삼성SDI 배터리 판매량 YoY(2024E),10,시장전체,,
2025-02-03_흥국증권_산업,2025-02-03,흥국증권,글로벌,합계,판매량,2025,74.0,,GWh,"삼성SDI 연간 배터리 생산/판매량 전망, 전년 수준 유지",10,시장전체,,
2025-02-03_흥국증권_산업,2025-02-03,흥국증권,글로벌,합계,성장률,2025,-1.2,,%,삼성SDI 배터리 판매량 YoY(2025E),10,시장전체,,
2025-02-03_흥국증권_산업,2025-02-03,흥국증권,글로벌,합계,성장률,2026,42.5,,%,삼성SDI 배터리 판매량 YoY(2026E),10,시장전체,,
2025-02-03_흥국증권_산업,2025-02-03,흥국증권,글로벌,EV,수요량,2024,4.8,,GWh,"Tesla 4680 배터리 수요(Cybertruck 전용, 2024년 실적치)",21,서브세그먼트,,
2025-02-03_흥국증권_산업,2025-02-03,흥국증권,글로벌,EV,수요량,2025,7.4,,GWh,"Tesla 4680 수요, Model Q 미출시 시나리오(0), 판매 가이던스 YoY+16.3%",21,서브세그먼트,,
2025-02-03_흥국증권_산업,2025-02-03,흥국증권,글로벌,EV,수요량,2025,14.2,,GWh,"Tesla 4680 수요, 시나리오(1) Model Q 6.5만대 판매, 가이던스 YoY+20%",21,서브세그먼트,,
2025-02-03_흥국증권_산업,2025-02-03,흥국증권,글로벌,EV,수요량,2025,20.9,,GWh,"Tesla 4680 수요, 시나리오(2) Model Q 15.4만대 판매, 가이던스 YoY+25%",21,서브세그먼트,,
2025-02-03_흥국증권_산업,2025-02-03,흥국증권,글로벌,EV,수요량,2025,27.5,,GWh,"Tesla 4680 수요, 시나리오(3) Model Q 24.2만대 판매, 가이던스 YoY+30%",21,서브세그먼트,,
2025-02-03_흥국증권_산업,2025-02-03,흥국증권,글로벌,EV,판매대수,2024,1774,,천대,"Tesla 총 판매대수(2024년 실적, YoY-3.9%)",21,시장전체,,
2025-02-03_흥국증권_산업,2025-02-03,흥국증권,글로벌,EV,판매대수,2025,2064,,천대,"Tesla 총 판매대수, Model Q 미출시 시나리오(0), YoY+16.3%",21,시나리오,,
2025-02-03_흥국증권_산업,2025-02-03,흥국증권,글로벌,EV,판매대수,2025,2129,,천대,"Tesla 총 판매대수 시나리오(1) Model Q 6.5만대 포함, YoY+20.0%",21,시나리오,,
2025-02-03_흥국증권_산업,2025-02-03,흥국증권,글로벌,EV,판매대수,2025,2218,,천대,"Tesla 총 판매대수 시나리오(2) Model Q 15.4만대 포함, YoY+25.0%",21,시나리오,,
2025-02-03_흥국증권_산업,2025-02-03,흥국증권,글로벌,EV,판매대수,2025,2306,,천대,"Tesla 총 판매대수 시나리오(3) Model Q 24.2만대 포함, YoY+30.0%",21,시나리오,,
2025-03-21_삼성증권_산업,2025-03-21,삼성증권,글로벌,로봇,판매대수,2025,10,,천대,휴머노이드(AI) 로봇 양산 대수 추정,22,서브세그먼트,,
2025-03-21_삼성증권_산업,2025-03-21,삼성증권,글로벌,로봇,판매대수,2026,100,,천대,휴머노이드(AI) 로봇 양산 대수 추정,22,서브세그먼트,,
2025-03-21_삼성증권_산업,2025-03-21,삼성증권,글로벌,로봇,판매대수,2027,200,,천대,휴머노이드(AI) 로봇 양산 대수 추정,22,서브세그먼트,,
2025-03-21_삼성증권_산업,2025-03-21,삼성증권,글로벌,로봇,판매대수,2030,1000,,천대,"휴머노이드(AI) 로봇 양산 대수 추정, CAGR('25-30) 151%",22,서브세그먼트,,
2025-03-21_삼성증권_산업,2025-03-21,삼성증권,글로벌,로봇,판매대수,2035,5000,,천대,휴머노이드(AI) 로봇 양산 대수 추정,22,서브세그먼트,,
2025-03-21_삼성증권_산업,2025-03-21,삼성증권,글로벌,로봇,판매대수,2040,50000,,천대,"휴머노이드(AI) 로봇 양산 대수 추정, CAGR('30-40) 48%",22,서브세그먼트,,
2025-03-21_삼성증권_산업,2025-03-21,삼성증권,글로벌,로봇,수요량,2025,10,,천대,휴머노이드(AI) 로봇 운행 대수(누적) 추정,22,서브세그먼트,,
2025-03-21_삼성증권_산업,2025-03-21,삼성증권,글로벌,로봇,수요량,2026,110,,천대,휴머노이드(AI) 로봇 운행 대수(누적) 추정,22,서브세그먼트,,
2025-03-21_삼성증권_산업,2025-03-21,삼성증권,글로벌,로봇,수요량,2027,310,,천대,휴머노이드(AI) 로봇 운행 대수(누적) 추정,22,서브세그먼트,,
2025-03-21_삼성증권_산업,2025-03-21,삼성증권,글로벌,로봇,수요량,2030,2500,,천대,휴머노이드(AI) 로봇 운행 대수(누적) 추정,22,서브세그먼트,,
2025-03-21_삼성증권_산업,2025-03-21,삼성증권,글로벌,로봇,수요량,2035,17000,,천대,휴머노이드(AI) 로봇 운행 대수(누적) 추정,22,서브세그먼트,,
2025-03-21_삼성증권_산업,2025-03-21,삼성증권,글로벌,로봇,수요량,2040,160000,,천대,휴머노이드(AI) 로봇 운행 대수(누적) 추정,22,서브세그먼트,,
2025-03-21_삼성증권_산업,2025-03-21,삼성증권,글로벌,로봇,수요량,2025,2,,kWh,"로봇 대당 탑재 배터리 용량 가정치(단위: kWh, 배터리 수요 GWh 산정 근거)",22,서브세그먼트,,
2025-03-21_삼성증권_산업,2025-03-21,삼성증권,글로벌,로봇,수요량,2026,2,,kWh,로봇 대당 탑재 배터리 용량 가정치,22,서브세그먼트,,
2025-03-21_삼성증권_산업,2025-03-21,삼성증권,글로벌,로봇,수요량,2027,2,,kWh,로봇 대당 탑재 배터리 용량 가정치,22,서브세그먼트,,
2025-03-21_삼성증권_산업,2025-03-21,삼성증권,글로벌,로봇,수요량,2030,3,,kWh,"로봇 대당 탑재 배터리 용량 가정치, CAGR('25-30) 8%",22,서브세그먼트,,
2025-03-21_삼성증권_산업,2025-03-21,삼성증권,글로벌,로봇,수요량,2035,4,,kWh,로봇 대당 탑재 배터리 용량 가정치,22,서브세그먼트,,
2025-03-21_삼성증권_산업,2025-03-21,삼성증권,글로벌,로봇,수요량,2040,4,,kWh,"로봇 대당 탑재 배터리 용량 가정치, CAGR('30-40) 3%",22,서브세그먼트,,
2025-03-21_삼성증권_산업,2025-03-21,삼성증권,글로벌,로봇,수요량,2025,0.093,,GWh,"휴머노이드 로봇용 배터리 수요. 신규수요(로봇대수 증가분)+교체수요(LFP 교체주기 160일, 삼원계 83일 가정), 운행로봇 수명 5년 가정",22,서브세그먼트,,
2025-03-21_삼성증권_산업,2025-03-21,삼성증권,글로벌,로봇,수요량,2026,1.14,,GWh,휴머노이드 로봇용 배터리 수요,22,서브세그먼트,,
2025-03-21_삼성증권_산업,2025-03-21,삼성증권,글로벌,로봇,수요량,2027,3,,GWh,휴머노이드 로봇용 배터리 수요,22,서브세그먼트,,
2025-03-21_삼성증권_산업,2025-03-21,삼성증권,글로벌,로봇,수요량,2030,33,,GWh,"휴머노이드 로봇용 배터리 수요, CAGR('25-30) 223%",22,서브세그먼트,,
2025-03-21_삼성증권_산업,2025-03-21,삼성증권,글로벌,로봇,수요량,2035,286,,GWh,휴머노이드 로봇용 배터리 수요,22,서브세그먼트,,
2025-03-21_삼성증권_산업,2025-03-21,삼성증권,글로벌,로봇,수요량,2040,3214,,GWh,"휴머노이드 로봇용 배터리 수요(3.2TWh), CAGR('30-40) 58%",22,서브세그먼트,,
2025-03-21_삼성증권_산업,2025-03-21,삼성증권,글로벌,로봇,침투율,2025,60,,%,휴머노이드 로봇 배터리 내 LFP 비중,22,서브세그먼트,,
2025-03-21_삼성증권_산업,2025-03-21,삼성증권,글로벌,로봇,침투율,2026,55,,%,휴머노이드 로봇 배터리 내 LFP 비중,22,서브세그먼트,,
2025-03-21_삼성증권_산업,2025-03-21,삼성증권,글로벌,로봇,침투율,2027,50,,%,휴머노이드 로봇 배터리 내 LFP 비중,22,서브세그먼트,,
2025-03-21_삼성증권_산업,2025-03-21,삼성증권,글로벌,로봇,침투율,2030,40,,%,휴머노이드 로봇 배터리 내 LFP 비중,22,서브세그먼트,,
2025-03-21_삼성증권_산업,2025-03-21,삼성증권,글로벌,로봇,침투율,2035,30,,%,휴머노이드 로봇 배터리 내 LFP 비중,22,서브세그먼트,,
2025-03-21_삼성증권_산업,2025-03-21,삼성증권,글로벌,로봇,침투율,2040,20,,%,휴머노이드 로봇 배터리 내 LFP 비중,22,서브세그먼트,,
2025-03-21_삼성증권_산업,2025-03-21,삼성증권,글로벌,로봇,침투율,2025,40,,%,휴머노이드 로봇 배터리 내 삼원계(NCM/NCMA) 비중,22,서브세그먼트,,
2025-03-21_삼성증권_산업,2025-03-21,삼성증권,글로벌,로봇,침투율,2026,45,,%,휴머노이드 로봇 배터리 내 삼원계 비중,22,서브세그먼트,,
2025-03-21_삼성증권_산업,2025-03-21,삼성증권,글로벌,로봇,침투율,2027,50,,%,휴머노이드 로봇 배터리 내 삼원계 비중,22,서브세그먼트,,
2025-03-21_삼성증권_산업,2025-03-21,삼성증권,글로벌,로봇,침투율,2030,60,,%,휴머노이드 로봇 배터리 내 삼원계 비중,22,서브세그먼트,,
2025-03-21_삼성증권_산업,2025-03-21,삼성증권,글로벌,로봇,침투율,2035,70,,%,휴머노이드 로봇 배터리 내 삼원계 비중,22,서브세그먼트,,
2025-03-21_삼성증권_산업,2025-03-21,삼성증권,글로벌,로봇,침투율,2040,80,,%,휴머노이드 로봇 배터리 내 삼원계 비중,22,서브세그먼트,,
2025-03-21_삼성증권_산업,2025-03-21,삼성증권,글로벌,EV,수요량,2025,1280,,GWh,글로벌 xEV(전기차) 배터리 수요,22,시장전체,글로벌 xEV 배터리 수요,
2025-03-21_삼성증권_산업,2025-03-21,삼성증권,글로벌,EV,수요량,2026,1558,,GWh,글로벌 xEV 배터리 수요,22,시장전체,글로벌 xEV 배터리 수요,
2025-03-21_삼성증권_산업,2025-03-21,삼성증권,글로벌,EV,수요량,2027,1886,,GWh,글로벌 xEV 배터리 수요,22,시장전체,글로벌 xEV 배터리 수요,
2025-03-21_삼성증권_산업,2025-03-21,삼성증권,글로벌,EV,수요량,2030,3328,,GWh,"글로벌 xEV 배터리 수요, CAGR('25-30) 21%",22,시장전체,글로벌 xEV 배터리 수요,
2025-03-21_삼성증권_산업,2025-03-21,삼성증권,글로벌,로봇,침투율,2025,0.01,,%,휴머노이드 로봇 배터리 수요의 글로벌 xEV 배터리 수요 대비 상대 비중,22,서브세그먼트,,
2025-03-21_삼성증권_산업,2025-03-21,삼성증권,글로벌,로봇,침투율,2026,0.07,,%,휴머노이드 로봇 배터리 수요 상대 비중,22,서브세그먼트,,
2025-03-21_삼성증권_산업,2025-03-21,삼성증권,글로벌,로봇,침투율,2027,0.17,,%,휴머노이드 로봇 배터리 수요 상대 비중,22,서브세그먼트,,
2025-03-21_삼성증권_산업,2025-03-21,삼성증권,글로벌,로봇,침투율,2030,0.98,,%,"휴머노이드 로봇 배터리 수요 상대 비중, CAGR('25-30) 167%",22,서브세그먼트,,
2025-05-16_하나증권_산업,2025-05-16,하나증권,북미,EV,실적치,2024,9.7,,%,미국 전기차 침투율 실적,13,시장전체,,
2025-05-16_하나증권_산업,2025-05-16,하나증권,북미,EV,침투율,2030,35.1,,%,연평균 +18.1% 성장 가정,13,시장전체,,
2025-05-16_하나증권_산업,2025-05-16,하나증권,북미,EV,침투율,2034,48.8,,%,연평균 +18.1% 성장 가정,13,시장전체,,
2025-05-16_하나증권_산업,2025-05-16,하나증권,북미,EV,실적치,2024,114,,GWh,미국 전기차 배터리 전체 수요 실적,22,시장전체,,
2025-05-16_하나증권_산업,2025-05-16,하나증권,북미,EV,수요량,2030,416,,GWh,"전기차 배터리 전체 수요, 연평균 +18% 성장",22,시장전체,,
2025-05-16_하나증권_산업,2025-05-16,하나증권,북미,EV,수요량,2034,579,,GWh,"전기차 배터리 전체 수요, 연평균 +18% 성장",22,시장전체,,
2025-05-16_하나증권_산업,2025-05-16,하나증권,북미,EV,수요량,2030,326,,GWh,"한국기업 침투가능수요: LFP침투율 6%→31%, LFP시장 내 한국점유 70%, 삼원계시장 내 한국점유 80% 가정",22,서브세그먼트,,
2025-05-16_하나증권_산업,2025-05-16,하나증권,북미,EV,수요량,2034,446,,GWh,"한국기업 침투가능수요: LFP침투율 6%→31%, LFP시장 내 한국점유 70%, 삼원계시장 내 한국점유 80% 가정",22,서브세그먼트,,
2025-05-16_하나증권_산업,2025-05-16,하나증권,유럽,EV,실적치,2024,167,,GWh,유럽 전기차 배터리 전체 수요 실적,22,시장전체,,
2025-05-16_하나증권_산업,2025-05-16,하나증권,유럽,EV,수요량,2030,476,,GWh,"전기차 배터리 전체 수요, 연평균 +15% 성장",22,시장전체,,
2025-05-16_하나증권_산업,2025-05-16,하나증권,유럽,EV,수요량,2034,666,,GWh,"전기차 배터리 전체 수요, 연평균 +15% 성장",22,시장전체,,
2025-05-16_하나증권_산업,2025-05-16,하나증권,유럽,EV,수요량,2030,170,,GWh,"한국기업 침투가능수요: LFP침투율 7%→36%, LFP시장 내 점유 15%, 삼원계시장 내 점유 40% 가정",22,서브세그먼트,,
2025-05-16_하나증권_산업,2025-05-16,하나증권,유럽,EV,수요량,2034,210,,GWh,"한국기업 침투가능수요: LFP침투율 7%→36%, LFP시장 내 점유 15%, 삼원계시장 내 점유 40% 가정",22,서브세그먼트,,
2025-05-16_하나증권_산업,2025-05-16,하나증권,유럽,EV,실적치,2024,24.1,,%,유럽 전기차 침투율 실적,14,시장전체,,
2025-05-16_하나증권_산업,2025-05-16,하나증권,유럽,EV,침투율,2025,22.4,,%,"BEV 17.4%, PHEV 8.0% 구성 전망",14,시장전체,,
2025-05-16_하나증권_산업,2025-05-16,하나증권,유럽,EV,침투율,2030,59.1,,%,연평균 +13.2% 성장 가정,14,시장전체,,
2025-05-16_하나증권_산업,2025-05-16,하나증권,유럽,EV,침투율,2034,73.0,,%,연평균 +13.2% 성장 가정,14,시장전체,,
2025-05-16_하나증권_산업,2025-05-16,하나증권,북미,EV,실적치,2024,21,,만톤,미국 전기차 배터리용 양극재 수요 실적,13,서브세그먼트,,
2025-05-16_하나증권_산업,2025-05-16,하나증권,북미,EV,수요량,2034,85,,만톤,연평균 +15.0% 성장 가정,13,서브세그먼트,,
2025-05-16_하나증권_산업,2025-05-16,하나증권,유럽,EV,실적치,2024,32,,만톤,유럽 전기차 배터리용 양극재 수요 실적,14,서브세그먼트,,
2025-05-16_하나증권_산업,2025-05-16,하나증권,유럽,EV,수요량,2034,99,,만톤,연평균 +12.1% 성장 가정,14,서브세그먼트,,
2025-05-16_하나증권_산업,2025-05-16,하나증권,글로벌,EV,실적치,2024,52,,만톤,북미+유럽 합산 양극재 수요(중국/한국 자체수요 제외) 실적,23,서브세그먼트,,
2025-05-16_하나증권_산업,2025-05-16,하나증권,글로벌,EV,수요량,2030,133,,만톤,"북미+유럽 합산, 연평균 +13% 성장",23,서브세그먼트,,
2025-05-16_하나증권_산업,2025-05-16,하나증권,글로벌,EV,수요량,2034,184,,만톤,"북미+유럽 합산, 연평균 +13% 성장",23,서브세그먼트,,
2025-05-16_하나증권_산업,2025-05-16,하나증권,글로벌,EV,수요량,2030,72,,만톤,한국기업 침투가능수요(북미+유럽 셀 메이커 침투가능수요 가정 준용),23,서브세그먼트,,
2025-05-16_하나증권_산업,2025-05-16,하나증권,글로벌,EV,수요량,2034,94,,만톤,한국기업 침투가능수요(북미+유럽 셀 메이커 침투가능수요 가정 준용),23,서브세그먼트,,
2025-06-10_SK증권_산업,2025-06-10,SK증권,글로벌,EV,실적치,2022,1050,,만대,BEV+PHEV 출하량,29,시장전체,,
2025-06-10_SK증권_산업,2025-06-10,SK증권,글로벌,EV,실적치,2023,1420,,만대,BEV+PHEV 출하량,29,시장전체,,
2025-06-10_SK증권_산업,2025-06-10,SK증권,글로벌,EV,실적치,2024,1690,,만대,"BEV+PHEV 출하량, 본문에는 '1,700만대 수준'으로 서술",28,시장전체,,
2025-06-10_SK증권_산업,2025-06-10,SK증권,글로벌,EV,판매대수,2025,2000,,만대,"SK증권 추정, 25F",29,시장전체,,
2025-06-10_SK증권_산업,2025-06-10,SK증권,글로벌,EV,실적치,2024,19,,%,글로벌 전기차 출하량 YoY 성장률,28,시장전체,,
2025-06-10_SK증권_산업,2025-06-10,SK증권,글로벌,EV,성장률,2025,20,,%,"SK증권 추정, 차트상 '20%?'로 불확실성 표기",28,시장전체,,
2025-06-10_SK증권_산업,2025-06-10,SK증권,북미,EV,성장률,2025,8,,%,2025년 미국 전기차(BEV+PHEV) 출하량 성장률 전망,30,시장전체,,
2025-06-10_SK증권_산업,2025-06-10,SK증권,유럽,EV,성장률,2025,9,,%,2025년 유럽 전기차(BEV+PHEV) 출하량 성장률 전망,30,시장전체,,
2025-07-25_iM증권_산업,2025-07-25,iM증권,글로벌,ESS,수요량,2030,748,,GWh,"2030년 전세계 ESS 설치 용량, 2024년 대비 약 2.5배 증가(SNE리서치·BloombergNEF 데이터 평균)",3,시장전체,,
2025-07-25_iM증권_산업,2025-07-25,iM증권,북미,ESS,실적치,2024,78,,GWh,미국 ESS 시장 규모(용량 기준),16,시장전체,,
2025-07-25_iM증권_산업,2025-07-25,iM증권,북미,ESS,수요량,2025,97,,GWh,미국 ESS 시장 규모(용량 기준) 전망,16,시장전체,,
2025-07-25_iM증권_산업,2025-07-25,iM증권,북미,ESS,수요량,2026,122,,GWh,미국 ESS 시장 규모(용량 기준) 전망,16,시장전체,,
2025-07-25_iM증권_산업,2025-07-25,iM증권,북미,ESS,수요량,2027,136,,GWh,미국 ESS 시장 규모(용량 기준) 전망,16,시장전체,,
2025-07-25_iM증권_산업,2025-07-25,iM증권,북미,ESS,수요량,2028,153,,GWh,미국 ESS 시장 규모(용량 기준) 전망,16,시장전체,,
2025-07-25_iM증권_산업,2025-07-25,iM증권,북미,ESS,수요량,2024,18667,,백만달러,미국 ESS 수입액(전체),16,서브세그먼트,,
2025-07-25_iM증권_산업,2025-07-25,iM증권,북미,ESS,수요량,2025,22867,,백만달러,미국 ESS 수입액(전체) 전망,16,서브세그먼트,,
2025-07-25_iM증권_산업,2025-07-25,iM증권,북미,ESS,수요량,2026,28012,,백만달러,미국 ESS 수입액(전체) 전망,16,서브세그먼트,,
2025-07-25_iM증권_산업,2025-07-25,iM증권,북미,ESS,수요량,2027,32214,,백만달러,미국 ESS 수입액(전체) 전망,16,서브세그먼트,,
2025-07-25_iM증권_산업,2025-07-25,iM증권,북미,ESS,수요량,2028,37046,,백만달러,미국 ESS 수입액(전체) 전망,16,서브세그먼트,,
2025-07-25_iM증권_산업,2025-07-25,iM증권,중국,ESS,점유율,2024,71,,%,미국 ESS 수입액 기준 중국 점유율(실적),16,서브세그먼트,,
2025-07-25_iM증권_산업,2025-07-25,iM증권,한국,ESS,점유율,2024,11,,%,미국 ESS 수입액 기준 한국 점유율(실적),16,서브세그먼트,,
2025-07-25_iM증권_산업,2025-07-25,iM증권,기타,ESS,점유율,2024,18,,%,미국 ESS 수입액 기준 기타국 점유율(실적),16,서브세그먼트,,
2025-07-25_iM증권_산업,2025-07-25,iM증권,중국,ESS,점유율,2025,65,71,%,미국 ESS 수입액 기준 중국 점유율 전망,16,서브세그먼트,,
2025-07-25_iM증권_산업,2025-07-25,iM증권,한국,ESS,점유율,2025,13,11,%,미국 ESS 수입액 기준 한국 점유율 전망,16,서브세그먼트,,
2025-07-25_iM증권_산업,2025-07-25,iM증권,기타,ESS,점유율,2025,23,18,%,미국 ESS 수입액 기준 기타국 점유율 전망,16,서브세그먼트,,
2025-07-25_iM증권_산업,2025-07-25,iM증권,중국,ESS,점유율,2026,55,65,%,"미국 ESS 수입액 기준 중국 점유율 전망, 48E 세액공제·관세로 인한 급격한 하락 반영",16,서브세그먼트,,
2025-07-25_iM증권_산업,2025-07-25,iM증권,한국,ESS,점유율,2026,23,13,%,미국 ESS 수입액 기준 한국 점유율 전망,16,서브세그먼트,,
2025-07-25_iM증권_산업,2025-07-25,iM증권,기타,ESS,점유율,2026,23,23,%,미국 ESS 수입액 기준 기타국 점유율 전망,16,서브세그먼트,,
2025-07-25_iM증권_산업,2025-07-25,iM증권,중국,ESS,점유율,2027,40,55,%,미국 ESS 수입액 기준 중국 점유율 전망,16,서브세그먼트,,
2025-07-25_iM증권_산업,2025-07-25,iM증권,한국,ESS,점유율,2027,40,23,%,미국 ESS 수입액 기준 한국 점유율 전망,16,서브세그먼트,,
2025-07-25_iM증권_산업,2025-07-25,iM증권,기타,ESS,점유율,2027,20,23,%,미국 ESS 수입액 기준 기타국 점유율 전망,16,서브세그먼트,,
2025-07-25_iM증권_산업,2025-07-25,iM증권,중국,ESS,점유율,2028,25,40,%,미국 ESS 수입액 기준 중국 점유율 전망,16,서브세그먼트,,
2025-07-25_iM증권_산업,2025-07-25,iM증권,한국,ESS,점유율,2028,55,40,%,미국 ESS 수입액 기준 한국 점유율 전망,16,서브세그먼트,,
2025-07-25_iM증권_산업,2025-07-25,iM증권,기타,ESS,점유율,2028,20,20,%,미국 ESS 수입액 기준 기타국 점유율 전망,16,서브세그먼트,,
2025-07-25_iM증권_산업,2025-07-25,iM증권,북미,EV,침투율,2030,20,28,%,"북미 신차 판매 내 전기차(BEV+PHEV) 침투율, 감세법안 시행 후 기존 28%(시장 평균 전망치 약 30%)에서 하향 조정",14,시장전체,,
2025-10-23_삼성증권_산업,2025-10-23,삼성증권,북미,ESS,실적치,2020,3.4,,GWh,"BNEF, 삼성증권 추정 (미국 데이터센터 전력 부하 vs UPS, 북미 ESS, EV 배터리 수요 전망 표)",5,서브세그먼트,,
2025-10-23_삼성증권_산업,2025-10-23,삼성증권,북미,ESS,실적치,2020,10,,%,"BNEF, 삼성증권 추정 (미국 데이터센터 전력 부하 vs UPS, 북미 ESS, EV 배터리 수요 전망 표)",5,서브세그먼트,,
2025-10-23_삼성증권_산업,2025-10-23,삼성증권,북미,EV,실적치,2020,29.5,,GWh,"BNEF, 삼성증권 추정 (미국 데이터센터 전력 부하 vs UPS, 북미 ESS, EV 배터리 수요 전망 표)",5,서브세그먼트,,
2025-10-23_삼성증권_산업,2025-10-23,삼성증권,북미,EV,실적치,2020,90,,%,"BNEF, 삼성증권 추정 (미국 데이터센터 전력 부하 vs UPS, 북미 ESS, EV 배터리 수요 전망 표)",5,서브세그먼트,,
2025-10-23_삼성증권_산업,2025-10-23,삼성증권,북미,ESS,실적치,2021,11.0,,GWh,"BNEF, 삼성증권 추정 (미국 데이터센터 전력 부하 vs UPS, 북미 ESS, EV 배터리 수요 전망 표)",5,서브세그먼트,,
2025-10-23_삼성증권_산업,2025-10-23,삼성증권,북미,ESS,실적치,2021,16,,%,"BNEF, 삼성증권 추정 (미국 데이터센터 전력 부하 vs UPS, 북미 ESS, EV 배터리 수요 전망 표)",5,서브세그먼트,,
2025-10-23_삼성증권_산업,2025-10-23,삼성증권,북미,EV,실적치,2021,56.1,,GWh,"BNEF, 삼성증권 추정 (미국 데이터센터 전력 부하 vs UPS, 북미 ESS, EV 배터리 수요 전망 표)",5,서브세그먼트,,
2025-10-23_삼성증권_산업,2025-10-23,삼성증권,북미,EV,실적치,2021,84,,%,"BNEF, 삼성증권 추정 (미국 데이터센터 전력 부하 vs UPS, 북미 ESS, EV 배터리 수요 전망 표)",5,서브세그먼트,,
2025-10-23_삼성증권_산업,2025-10-23,삼성증권,북미,ESS,실적치,2022,12.1,,GWh,"BNEF, 삼성증권 추정 (미국 데이터센터 전력 부하 vs UPS, 북미 ESS, EV 배터리 수요 전망 표)",5,서브세그먼트,,
2025-10-23_삼성증권_산업,2025-10-23,삼성증권,북미,ESS,실적치,2022,12,,%,"BNEF, 삼성증권 추정 (미국 데이터센터 전력 부하 vs UPS, 북미 ESS, EV 배터리 수요 전망 표)",5,서브세그먼트,,
2025-10-23_삼성증권_산업,2025-10-23,삼성증권,북미,EV,실적치,2022,88.2,,GWh,"BNEF, 삼성증권 추정 (미국 데이터센터 전력 부하 vs UPS, 북미 ESS, EV 배터리 수요 전망 표)",5,서브세그먼트,,
2025-10-23_삼성증권_산업,2025-10-23,삼성증권,북미,EV,실적치,2022,88,,%,"BNEF, 삼성증권 추정 (미국 데이터센터 전력 부하 vs UPS, 북미 ESS, EV 배터리 수요 전망 표)",5,서브세그먼트,,
2025-10-23_삼성증권_산업,2025-10-23,삼성증권,북미,ESS,실적치,2023,21.7,,GWh,"BNEF, 삼성증권 추정 (미국 데이터센터 전력 부하 vs UPS, 북미 ESS, EV 배터리 수요 전망 표)",5,서브세그먼트,,
2025-10-23_삼성증권_산업,2025-10-23,삼성증권,북미,ESS,실적치,2023,14,,%,"BNEF, 삼성증권 추정 (미국 데이터센터 전력 부하 vs UPS, 북미 ESS, EV 배터리 수요 전망 표)",5,서브세그먼트,,
2025-10-23_삼성증권_산업,2025-10-23,삼성증권,북미,EV,실적치,2023,130.5,,GWh,"BNEF, 삼성증권 추정 (미국 데이터센터 전력 부하 vs UPS, 북미 ESS, EV 배터리 수요 전망 표)",5,서브세그먼트,,
2025-10-23_삼성증권_산업,2025-10-23,삼성증권,북미,EV,실적치,2023,86,,%,"BNEF, 삼성증권 추정 (미국 데이터센터 전력 부하 vs UPS, 북미 ESS, EV 배터리 수요 전망 표)",5,서브세그먼트,,
2025-10-23_삼성증권_산업,2025-10-23,삼성증권,북미,ESS,실적치,2024,34.7,,GWh,"BNEF, 삼성증권 추정 (미국 데이터센터 전력 부하 vs UPS, 북미 ESS, EV 배터리 수요 전망 표)",5,서브세그먼트,,
2025-10-23_삼성증권_산업,2025-10-23,삼성증권,북미,ESS,실적치,2024,19,,%,"BNEF, 삼성증권 추정 (미국 데이터센터 전력 부하 vs UPS, 북미 ESS, EV 배터리 수요 전망 표)",5,서브세그먼트,,
2025-10-23_삼성증권_산업,2025-10-23,삼성증권,북미,EV,실적치,2024,143.6,,GWh,"BNEF, 삼성증권 추정 (미국 데이터센터 전력 부하 vs UPS, 북미 ESS, EV 배터리 수요 전망 표)",5,서브세그먼트,,
2025-10-23_삼성증권_산업,2025-10-23,삼성증권,북미,EV,실적치,2024,81,,%,"BNEF, 삼성증권 추정 (미국 데이터센터 전력 부하 vs UPS, 북미 ESS, EV 배터리 수요 전망 표)",5,서브세그먼트,,
2025-10-23_삼성증권_산업,2025-10-23,삼성증권,북미,ESS,수요량,2025,45.2,,GWh,"BNEF, 삼성증권 추정 (미국 데이터센터 전력 부하 vs UPS, 북미 ESS, EV 배터리 수요 전망 표)",5,시장전체,,
2025-10-23_삼성증권_산업,2025-10-23,삼성증권,북미,ESS,침투율,2025,23,,%,"BNEF, 삼성증권 추정 (미국 데이터센터 전력 부하 vs UPS, 북미 ESS, EV 배터리 수요 전망 표)",5,시장전체,,
2025-10-23_삼성증권_산업,2025-10-23,삼성증권,북미,EV,수요량,2025,149.9,,GWh,"BNEF, 삼성증권 추정 (미국 데이터센터 전력 부하 vs UPS, 북미 ESS, EV 배터리 수요 전망 표)",5,시장전체,,
2025-10-23_삼성증권_산업,2025-10-23,삼성증권,북미,EV,침투율,2025,77,,%,"BNEF, 삼성증권 추정 (미국 데이터센터 전력 부하 vs UPS, 북미 ESS, EV 배터리 수요 전망 표)",5,서브세그먼트,,
2025-10-23_삼성증권_산업,2025-10-23,삼성증권,북미,ESS,수요량,2026,38.2,,GWh,"BNEF, 삼성증권 추정 (미국 데이터센터 전력 부하 vs UPS, 북미 ESS, EV 배터리 수요 전망 표)",5,시장전체,,
2025-10-23_삼성증권_산업,2025-10-23,삼성증권,북미,ESS,침투율,2026,18,,%,"BNEF, 삼성증권 추정 (미국 데이터센터 전력 부하 vs UPS, 북미 ESS, EV 배터리 수요 전망 표)",5,시장전체,,
2025-10-23_삼성증권_산업,2025-10-23,삼성증권,북미,EV,수요량,2026,169.4,,GWh,"BNEF, 삼성증권 추정 (미국 데이터센터 전력 부하 vs UPS, 북미 ESS, EV 배터리 수요 전망 표)",5,시장전체,,
2025-10-23_삼성증권_산업,2025-10-23,삼성증권,북미,EV,침투율,2026,82,,%,"BNEF, 삼성증권 추정 (미국 데이터센터 전력 부하 vs UPS, 북미 ESS, EV 배터리 수요 전망 표)",5,서브세그먼트,,
2025-10-23_삼성증권_산업,2025-10-23,삼성증권,북미,ESS,수요량,2027,49.8,,GWh,"BNEF, 삼성증권 추정 (미국 데이터센터 전력 부하 vs UPS, 북미 ESS, EV 배터리 수요 전망 표)",5,시장전체,,
2025-10-23_삼성증권_산업,2025-10-23,삼성증권,북미,ESS,침투율,2027,19,,%,"BNEF, 삼성증권 추정 (미국 데이터센터 전력 부하 vs UPS, 북미 ESS, EV 배터리 수요 전망 표)",5,시장전체,,
2025-10-23_삼성증권_산업,2025-10-23,삼성증권,북미,EV,수요량,2027,212.7,,GWh,"BNEF, 삼성증권 추정 (미국 데이터센터 전력 부하 vs UPS, 북미 ESS, EV 배터리 수요 전망 표)",5,시장전체,,
2025-10-23_삼성증권_산업,2025-10-23,삼성증권,북미,EV,침투율,2027,81,,%,"BNEF, 삼성증권 추정 (미국 데이터센터 전력 부하 vs UPS, 북미 ESS, EV 배터리 수요 전망 표)",5,서브세그먼트,,
2025-10-23_삼성증권_산업,2025-10-23,삼성증권,북미,ESS,수요량,2028,61.2,,GWh,"BNEF, 삼성증권 추정 (미국 데이터센터 전력 부하 vs UPS, 북미 ESS, EV 배터리 수요 전망 표)",5,시장전체,,
2025-10-23_삼성증권_산업,2025-10-23,삼성증권,북미,ESS,침투율,2028,18,,%,"BNEF, 삼성증권 추정 (미국 데이터센터 전력 부하 vs UPS, 북미 ESS, EV 배터리 수요 전망 표)",5,시장전체,,
2025-10-23_삼성증권_산업,2025-10-23,삼성증권,북미,EV,수요량,2028,270.1,,GWh,"BNEF, 삼성증권 추정 (미국 데이터센터 전력 부하 vs UPS, 북미 ESS, EV 배터리 수요 전망 표)",5,시장전체,,
2025-10-23_삼성증권_산업,2025-10-23,삼성증권,북미,EV,침투율,2028,82,,%,"BNEF, 삼성증권 추정 (미국 데이터센터 전력 부하 vs UPS, 북미 ESS, EV 배터리 수요 전망 표)",5,서브세그먼트,,
2025-10-23_삼성증권_산업,2025-10-23,삼성증권,북미,ESS,수요량,2029,69.1,,GWh,"BNEF, 삼성증권 추정 (미국 데이터센터 전력 부하 vs UPS, 북미 ESS, EV 배터리 수요 전망 표)",5,시장전체,,
2025-10-23_삼성증권_산업,2025-10-23,삼성증권,북미,ESS,침투율,2029,18,,%,"BNEF, 삼성증권 추정 (미국 데이터센터 전력 부하 vs UPS, 북미 ESS, EV 배터리 수요 전망 표)",5,시장전체,,
2025-10-23_삼성증권_산업,2025-10-23,삼성증권,북미,EV,수요량,2029,324.9,,GWh,"BNEF, 삼성증권 추정 (미국 데이터센터 전력 부하 vs UPS, 북미 ESS, EV 배터리 수요 전망 표)",5,시장전체,,
2025-10-23_삼성증권_산업,2025-10-23,삼성증권,북미,EV,침투율,2029,82,,%,"BNEF, 삼성증권 추정 (미국 데이터센터 전력 부하 vs UPS, 북미 ESS, EV 배터리 수요 전망 표)",5,서브세그먼트,,
2025-10-23_삼성증권_산업,2025-10-23,삼성증권,북미,ESS,수요량,2030,75.8,,GWh,"BNEF, 삼성증권 추정 (미국 데이터센터 전력 부하 vs UPS, 북미 ESS, EV 배터리 수요 전망 표)",5,시장전체,,
2025-10-23_삼성증권_산업,2025-10-23,삼성증권,북미,ESS,침투율,2030,17,,%,"BNEF, 삼성증권 추정 (미국 데이터센터 전력 부하 vs UPS, 북미 ESS, EV 배터리 수요 전망 표)",5,시장전체,,
2025-10-23_삼성증권_산업,2025-10-23,삼성증권,북미,EV,수요량,2030,366.3,,GWh,"BNEF, 삼성증권 추정 (미국 데이터센터 전력 부하 vs UPS, 북미 ESS, EV 배터리 수요 전망 표)",5,시장전체,,
2025-10-23_삼성증권_산업,2025-10-23,삼성증권,북미,EV,침투율,2030,83,,%,"BNEF, 삼성증권 추정 (미국 데이터센터 전력 부하 vs UPS, 북미 ESS, EV 배터리 수요 전망 표)",5,서브세그먼트,,
2025-10-23_삼성증권_산업,2025-10-23,삼성증권,북미,ESS,수요량,2031,83.6,,GWh,"BNEF, 삼성증권 추정 (미국 데이터센터 전력 부하 vs UPS, 북미 ESS, EV 배터리 수요 전망 표)",5,시장전체,,
2025-10-23_삼성증권_산업,2025-10-23,삼성증권,북미,ESS,침투율,2031,16,,%,"BNEF, 삼성증권 추정 (미국 데이터센터 전력 부하 vs UPS, 북미 ESS, EV 배터리 수요 전망 표)",5,시장전체,,
2025-10-23_삼성증권_산업,2025-10-23,삼성증권,북미,EV,수요량,2031,448.5,,GWh,"BNEF, 삼성증권 추정 (미국 데이터센터 전력 부하 vs UPS, 북미 ESS, EV 배터리 수요 전망 표)",5,시장전체,,
2025-10-23_삼성증권_산업,2025-10-23,삼성증권,북미,EV,침투율,2031,84,,%,"BNEF, 삼성증권 추정 (미국 데이터센터 전력 부하 vs UPS, 북미 ESS, EV 배터리 수요 전망 표)",5,서브세그먼트,,
2025-10-23_삼성증권_산업,2025-10-23,삼성증권,북미,ESS,수요량,2032,89.6,,GWh,"BNEF, 삼성증권 추정 (미국 데이터센터 전력 부하 vs UPS, 북미 ESS, EV 배터리 수요 전망 표)",5,시장전체,,
2025-10-23_삼성증권_산업,2025-10-23,삼성증권,북미,ESS,침투율,2032,15,,%,"BNEF, 삼성증권 추정 (미국 데이터센터 전력 부하 vs UPS, 북미 ESS, EV 배터리 수요 전망 표)",5,시장전체,,
2025-10-23_삼성증권_산업,2025-10-23,삼성증권,북미,EV,수요량,2032,521.8,,GWh,"BNEF, 삼성증권 추정 (미국 데이터센터 전력 부하 vs UPS, 북미 ESS, EV 배터리 수요 전망 표)",5,시장전체,,
2025-10-23_삼성증권_산업,2025-10-23,삼성증권,북미,EV,침투율,2032,85,,%,"BNEF, 삼성증권 추정 (미국 데이터센터 전력 부하 vs UPS, 북미 ESS, EV 배터리 수요 전망 표)",5,서브세그먼트,,
2025-10-23_삼성증권_산업,2025-10-23,삼성증권,북미,ESS,수요량,2033,95.6,,GWh,"BNEF, 삼성증권 추정 (미국 데이터센터 전력 부하 vs UPS, 북미 ESS, EV 배터리 수요 전망 표)",5,시장전체,,
2025-10-23_삼성증권_산업,2025-10-23,삼성증권,북미,ESS,침투율,2033,13,,%,"BNEF, 삼성증권 추정 (미국 데이터센터 전력 부하 vs UPS, 북미 ESS, EV 배터리 수요 전망 표)",5,시장전체,,
2025-10-23_삼성증권_산업,2025-10-23,삼성증권,북미,EV,수요량,2033,619.6,,GWh,"BNEF, 삼성증권 추정 (미국 데이터센터 전력 부하 vs UPS, 북미 ESS, EV 배터리 수요 전망 표)",5,시장전체,,
2025-10-23_삼성증권_산업,2025-10-23,삼성증권,북미,EV,침투율,2033,87,,%,"BNEF, 삼성증권 추정 (미국 데이터센터 전력 부하 vs UPS, 북미 ESS, EV 배터리 수요 전망 표)",5,서브세그먼트,,
2025-10-23_삼성증권_산업,2025-10-23,삼성증권,북미,ESS,수요량,2034,103.4,,GWh,"BNEF, 삼성증권 추정 (미국 데이터센터 전력 부하 vs UPS, 북미 ESS, EV 배터리 수요 전망 표)",5,시장전체,,
2025-10-23_삼성증권_산업,2025-10-23,삼성증권,북미,ESS,침투율,2034,13,,%,"BNEF, 삼성증권 추정 (미국 데이터센터 전력 부하 vs UPS, 북미 ESS, EV 배터리 수요 전망 표)",5,시장전체,,
2025-10-23_삼성증권_산업,2025-10-23,삼성증권,북미,EV,수요량,2034,680.4,,GWh,"BNEF, 삼성증권 추정 (미국 데이터센터 전력 부하 vs UPS, 북미 ESS, EV 배터리 수요 전망 표)",5,시장전체,,
2025-10-23_삼성증권_산업,2025-10-23,삼성증권,북미,EV,침투율,2034,87,,%,"BNEF, 삼성증권 추정 (미국 데이터센터 전력 부하 vs UPS, 북미 ESS, EV 배터리 수요 전망 표)",5,서브세그먼트,,
2025-10-23_삼성증권_산업,2025-10-23,삼성증권,북미,ESS,수요량,2035,109.6,,GWh,"BNEF, 삼성증권 추정 (미국 데이터센터 전력 부하 vs UPS, 북미 ESS, EV 배터리 수요 전망 표)",5,시장전체,,
2025-10-23_삼성증권_산업,2025-10-23,삼성증권,북미,ESS,침투율,2035,13,,%,"BNEF, 삼성증권 추정 (미국 데이터센터 전력 부하 vs UPS, 북미 ESS, EV 배터리 수요 전망 표)",5,시장전체,,
2025-10-23_삼성증권_산업,2025-10-23,삼성증권,북미,EV,수요량,2035,750.8,,GWh,"BNEF, 삼성증권 추정 (미국 데이터센터 전력 부하 vs UPS, 북미 ESS, EV 배터리 수요 전망 표)",5,시장전체,,
2025-10-23_삼성증권_산업,2025-10-23,삼성증권,북미,EV,침투율,2035,87,,%,"BNEF, 삼성증권 추정 (미국 데이터센터 전력 부하 vs UPS, 북미 ESS, EV 배터리 수요 전망 표)",5,서브세그먼트,,
2025-10-23_삼성증권_산업,2025-10-23,삼성증권,북미,합계,실적치,2020,32.9,,GWh,"BNEF, 삼성증권 (북미 배터리 수요: 어플리케이션별 규모와 ESS 비중 표)",17,시장전체,,
2025-10-23_삼성증권_산업,2025-10-23,삼성증권,북미,합계,실적치,2021,67.0,,GWh,"BNEF, 삼성증권 (북미 배터리 수요: 어플리케이션별 규모와 ESS 비중 표)",17,시장전체,,
2025-10-23_삼성증권_산업,2025-10-23,삼성증권,북미,합계,실적치,2022,100.2,,GWh,"BNEF, 삼성증권 (북미 배터리 수요: 어플리케이션별 규모와 ESS 비중 표)",17,시장전체,,
2025-10-23_삼성증권_산업,2025-10-23,삼성증권,북미,합계,실적치,2023,152.2,,GWh,"BNEF, 삼성증권 (북미 배터리 수요: 어플리케이션별 규모와 ESS 비중 표)",17,시장전체,,
2025-10-23_삼성증권_산업,2025-10-23,삼성증권,북미,합계,실적치,2024,178.3,,GWh,"BNEF, 삼성증권 (북미 배터리 수요: 어플리케이션별 규모와 ESS 비중 표)",17,시장전체,,
2025-10-23_삼성증권_산업,2025-10-23,삼성증권,북미,합계,수요량,2025,195.1,,GWh,"BNEF, 삼성증권 (북미 배터리 수요: 어플리케이션별 규모와 ESS 비중 표)",17,시장전체,,
2025-10-23_삼성증권_산업,2025-10-23,삼성증권,북미,합계,수요량,2026,207.6,,GWh,"BNEF, 삼성증권 (북미 배터리 수요: 어플리케이션별 규모와 ESS 비중 표)",17,시장전체,,
2025-10-23_삼성증권_산업,2025-10-23,삼성증권,북미,합계,수요량,2027,262.5,,GWh,"BNEF, 삼성증권 (북미 배터리 수요: 어플리케이션별 규모와 ESS 비중 표)",17,시장전체,,
2025-10-23_삼성증권_산업,2025-10-23,삼성증권,북미,합계,수요량,2028,331.3,,GWh,"BNEF, 삼성증권 (북미 배터리 수요: 어플리케이션별 규모와 ESS 비중 표)",17,시장전체,,
2025-10-23_삼성증권_산업,2025-10-23,삼성증권,북미,합계,수요량,2029,393.9,,GWh,"BNEF, 삼성증권 (북미 배터리 수요: 어플리케이션별 규모와 ESS 비중 표)",17,시장전체,,
2025-10-23_삼성증권_산업,2025-10-23,삼성증권,북미,합계,수요량,2030,442.1,,GWh,"BNEF, 삼성증권 (북미 배터리 수요: 어플리케이션별 규모와 ESS 비중 표)",17,시장전체,,
2025-11-19_다올투자증권_산업,2025-11-19,다올투자증권,글로벌,EV,실적치,2020,2044,,천대,글로벌 BEV 판매대수,28,시장전체,,
2025-11-19_다올투자증권_산업,2025-11-19,다올투자증권,글로벌,EV,실적치,2021,4563,,천대,글로벌 BEV 판매대수,28,시장전체,,
2025-11-19_다올투자증권_산업,2025-11-19,다올투자증권,글로벌,EV,실적치,2022,7775,,천대,글로벌 BEV 판매대수,28,시장전체,,
2025-11-19_다올투자증권_산업,2025-11-19,다올투자증권,글로벌,EV,실적치,2023,10162,,천대,글로벌 BEV 판매대수,28,시장전체,,
2025-11-19_다올투자증권_산업,2025-11-19,다올투자증권,글로벌,EV,실적치,2024,11112,,천대,글로벌 BEV 판매대수,28,시장전체,,
2025-11-19_다올투자증권_산업,2025-11-19,다올투자증권,글로벌,EV,판매대수,2025,12890,,천대,글로벌 BEV 판매대수 전망,28,시장전체,,
2025-11-19_다올투자증권_산업,2025-11-19,다올투자증권,글로벌,EV,판매대수,2026,14952,,천대,글로벌 BEV 판매대수 전망,28,시장전체,,
2025-11-19_다올투자증권_산업,2025-11-19,다올투자증권,글로벌,EV,판매대수,2027,17494,,천대,글로벌 BEV 판매대수 전망,28,시장전체,,
2025-11-19_다올투자증권_산업,2025-11-19,다올투자증권,글로벌,EV,판매대수,2028,20293,,천대,글로벌 BEV 판매대수 전망,28,시장전체,,
2025-11-19_다올투자증권_산업,2025-11-19,다올투자증권,글로벌,EV,실적치,2020,887,,천대,글로벌 PHEV 판매대수,28,시장전체,,
2025-11-19_다올투자증권_산업,2025-11-19,다올투자증권,글로벌,EV,실적치,2021,1816,,천대,글로벌 PHEV 판매대수,28,시장전체,,
2025-11-19_다올투자증권_산업,2025-11-19,다올투자증권,글로벌,EV,실적치,2022,2736,,천대,글로벌 PHEV 판매대수,28,시장전체,,
2025-11-19_다올투자증권_산업,2025-11-19,다올투자증권,글로벌,EV,실적치,2023,4055,,천대,글로벌 PHEV 판매대수,28,시장전체,,
2025-11-19_다올투자증권_산업,2025-11-19,다올투자증권,글로벌,EV,실적치,2024,6434,,천대,글로벌 PHEV 판매대수,28,시장전체,,
2025-11-19_다올투자증권_산업,2025-11-19,다올투자증권,글로벌,EV,판매대수,2025,7142,,천대,글로벌 PHEV 판매대수 전망,28,시장전체,,
2025-11-19_다올투자증권_산업,2025-11-19,다올투자증권,글로벌,EV,판매대수,2026,7999,,천대,글로벌 PHEV 판매대수 전망,28,시장전체,,
2025-11-19_다올투자증권_산업,2025-11-19,다올투자증권,글로벌,EV,판매대수,2027,8879,,천대,글로벌 PHEV 판매대수 전망,28,시장전체,,
2025-11-19_다올투자증권_산업,2025-11-19,다올투자증권,글로벌,EV,판매대수,2028,9411,,천대,글로벌 PHEV 판매대수 전망,28,시장전체,,
2025-11-19_다올투자증권_산업,2025-11-19,다올투자증권,글로벌,EV,실적치,2020,2279,,천대,글로벌 HEV 판매대수,28,시장전체,,
2025-11-19_다올투자증권_산업,2025-11-19,다올투자증권,글로벌,EV,실적치,2021,3022,,천대,글로벌 HEV 판매대수,28,시장전체,,
2025-11-19_다올투자증권_산업,2025-11-19,다올투자증권,글로벌,EV,실적치,2022,3499,,천대,글로벌 HEV 판매대수,28,시장전체,,
2025-11-19_다올투자증권_산업,2025-11-19,다올투자증권,글로벌,EV,실적치,2023,4612,,천대,글로벌 HEV 판매대수,28,시장전체,,
2025-11-19_다올투자증권_산업,2025-11-19,다올투자증권,글로벌,EV,실적치,2024,5206,,천대,글로벌 HEV 판매대수,28,시장전체,,
2025-11-19_다올투자증권_산업,2025-11-19,다올투자증권,글로벌,EV,판매대수,2025,6091,,천대,글로벌 HEV 판매대수 전망,28,시장전체,,
2025-11-19_다올투자증권_산업,2025-11-19,다올투자증권,글로벌,EV,판매대수,2026,7066,,천대,글로벌 HEV 판매대수 전망,28,시장전체,,
2025-11-19_다올투자증권_산업,2025-11-19,다올투자증권,글로벌,EV,판매대수,2027,8055,,천대,글로벌 HEV 판매대수 전망,28,시장전체,,
2025-11-19_다올투자증권_산업,2025-11-19,다올투자증권,글로벌,EV,판매대수,2028,9021,,천대,글로벌 HEV 판매대수 전망,28,시장전체,,
2025-11-19_다올투자증권_산업,2025-11-19,다올투자증권,글로벌,EV,실적치,2020,5210,,천대,글로벌 xEV(HEV+PHEV+BEV) 합계 판매대수,28,시장전체,,
2025-11-19_다올투자증권_산업,2025-11-19,다올투자증권,글로벌,EV,실적치,2021,9401,,천대,글로벌 xEV 합계 판매대수,28,시장전체,,
2025-11-19_다올투자증권_산업,2025-11-19,다올투자증권,글로벌,EV,실적치,2022,14010,,천대,글로벌 xEV 합계 판매대수,28,시장전체,,
2025-11-19_다올투자증권_산업,2025-11-19,다올투자증권,글로벌,EV,실적치,2023,18829,,천대,글로벌 xEV 합계 판매대수,28,시장전체,,
2025-11-19_다올투자증권_산업,2025-11-19,다올투자증권,글로벌,EV,실적치,2024,22752,,천대,글로벌 xEV 합계 판매대수,28,시장전체,,
2025-11-19_다올투자증권_산업,2025-11-19,다올투자증권,글로벌,EV,판매대수,2025,26123,,천대,글로벌 xEV 합계 판매대수 전망,28,시장전체,,
2025-11-19_다올투자증권_산업,2025-11-19,다올투자증권,글로벌,EV,판매대수,2026,30017,,천대,글로벌 xEV 합계 판매대수 전망,28,시장전체,,
2025-11-19_다올투자증권_산업,2025-11-19,다올투자증권,글로벌,EV,판매대수,2027,34428,,천대,글로벌 xEV 합계 판매대수 전망,28,시장전체,,
2025-11-19_다올투자증권_산업,2025-11-19,다올투자증권,글로벌,EV,판매대수,2028,38726,,천대,글로벌 xEV 합계 판매대수 전망,28,시장전체,,
2025-11-19_다올투자증권_산업,2025-11-19,다올투자증권,글로벌,합계,실적치,2020,77192,,천대,글로벌 자동차 총 판매대수,28,시장전체,,
2025-11-19_다올투자증권_산업,2025-11-19,다올투자증권,글로벌,합계,실적치,2021,80591,,천대,글로벌 자동차 총 판매대수,28,시장전체,,
2025-11-19_다올투자증권_산업,2025-11-19,다올투자증권,글로벌,합계,실적치,2022,79721,,천대,글로벌 자동차 총 판매대수,28,시장전체,,
2025-11-19_다올투자증권_산업,2025-11-19,다올투자증권,글로벌,합계,실적치,2023,89085,,천대,글로벌 자동차 총 판매대수,28,시장전체,,
2025-11-19_다올투자증권_산업,2025-11-19,다올투자증권,글로벌,합계,실적치,2024,90150,,천대,글로벌 자동차 총 판매대수,28,시장전체,,
2025-11-19_다올투자증권_산업,2025-11-19,다올투자증권,글로벌,합계,판매대수,2025,91322,,천대,"글로벌 자동차 총 판매대수 전망, 2026년 15백만대 시장 달성 가능",28,시장전체,,
2025-11-19_다올투자증권_산업,2025-11-19,다올투자증권,글로벌,합계,판매대수,2026,92692,,천대,글로벌 자동차 총 판매대수 전망,28,시장전체,,
2025-11-19_다올투자증권_산업,2025-11-19,다올투자증권,글로벌,합계,판매대수,2027,94082,,천대,글로벌 자동차 총 판매대수 전망,28,시장전체,,
2025-11-19_다올투자증권_산업,2025-11-19,다올투자증권,글로벌,합계,판매대수,2028,96999,,천대,글로벌 자동차 총 판매대수 전망,28,시장전체,,
2025-11-19_다올투자증권_산업,2025-11-19,다올투자증권,유럽,EV,실적치,2020,719,,천대,유럽 BEV 판매대수,28,시장전체,,
2025-11-19_다올투자증권_산업,2025-11-19,다올투자증권,유럽,EV,실적치,2021,1188,,천대,유럽 BEV 판매대수,28,시장전체,,
2025-11-19_다올투자증권_산업,2025-11-19,다올투자증권,유럽,EV,실적치,2022,1556,,천대,유럽 BEV 판매대수,28,시장전체,,
2025-11-19_다올투자증권_산업,2025-11-19,다올투자증권,유럽,EV,실적치,2023,2022,,천대,유럽 BEV 판매대수,28,시장전체,,
2025-11-19_다올투자증권_산업,2025-11-19,다올투자증권,유럽,EV,실적치,2024,2007,,천대,유럽 BEV 판매대수,28,시장전체,,
2025-11-19_다올투자증권_산업,2025-11-19,다올투자증권,유럽,EV,판매대수,2025,2448,,천대,유럽 BEV 판매대수 전망,28,시장전체,,
2025-11-19_다올투자증권_산업,2025-11-19,다올투자증권,유럽,EV,판매대수,2026,2963,,천대,"유럽 BEV 판매대수 전망, 2026년부터 CO2규제 강화로 EV믹스 확대",28,시장전체,,
2025-11-19_다올투자증권_산업,2025-11-19,다올투자증권,유럽,EV,판매대수,2027,3525,,천대,유럽 BEV 판매대수 전망,28,시장전체,,
2025-11-19_다올투자증권_산업,2025-11-19,다올투자증권,유럽,EV,판매대수,2028,4019,,천대,유럽 BEV 판매대수 전망,28,시장전체,,
2025-11-19_다올투자증권_산업,2025-11-19,다올투자증권,중국,EV,실적치,2020,995,,천대,중국 BEV 판매대수,28,시장전체,,
2025-11-19_다올투자증권_산업,2025-11-19,다올투자증권,중국,EV,실적치,2021,2724,,천대,중국 BEV 판매대수,28,시장전체,,
2025-11-19_다올투자증권_산업,2025-11-19,다올투자증권,중국,EV,실적치,2022,5029,,천대,중국 BEV 판매대수,28,시장전체,,
2025-11-19_다올투자증권_산업,2025-11-19,다올투자증권,중국,EV,실적치,2023,6238,,천대,중국 BEV 판매대수,28,시장전체,,
2025-11-19_다올투자증권_산업,2025-11-19,다올투자증권,중국,EV,실적치,2024,7109,,천대,중국 BEV 판매대수,28,시장전체,,
2025-11-19_다올투자증권_산업,2025-11-19,다올투자증권,중국,EV,판매대수,2025,8175,,천대,중국 BEV 판매대수 전망,28,시장전체,,
2025-11-19_다올투자증권_산업,2025-11-19,다올투자증권,중국,EV,판매대수,2026,9483,,천대,중국 BEV 판매대수 전망,28,시장전체,,
2025-11-19_다올투자증권_산업,2025-11-19,다올투자증권,중국,EV,판매대수,2027,11095,,천대,중국 BEV 판매대수 전망,28,시장전체,,
2025-11-19_다올투자증권_산업,2025-11-19,다올투자증권,중국,EV,판매대수,2028,12760,,천대,중국 BEV 판매대수 전망,28,시장전체,,
2025-11-19_다올투자증권_산업,2025-11-19,다올투자증권,북미,EV,실적치,2020,260,,천대,미국 BEV 판매대수,28,시장전체,,
2025-11-19_다올투자증권_산업,2025-11-19,다올투자증권,북미,EV,실적치,2021,490,,천대,미국 BEV 판매대수,28,시장전체,,
2025-11-19_다올투자증권_산업,2025-11-19,다올투자증권,북미,EV,실적치,2022,812,,천대,미국 BEV 판매대수,28,시장전체,,
2025-11-19_다올투자증권_산업,2025-11-19,다올투자증권,북미,EV,실적치,2023,1194,,천대,미국 BEV 판매대수,28,시장전체,,
2025-11-19_다올투자증권_산업,2025-11-19,다올투자증권,북미,EV,실적치,2024,1254,,천대,미국 BEV 판매대수,28,시장전체,,
2025-11-19_다올투자증권_산업,2025-11-19,다올투자증권,북미,EV,판매대수,2025,1354,,천대,"미국 BEV 판매대수 전망, IRA 보조금 폐지로 성장률 둔화",28,시장전체,,
2025-11-19_다올투자증권_산업,2025-11-19,다올투자증권,북미,EV,판매대수,2026,1422,,천대,"미국 BEV 판매대수 전망, 2H26 반등 기대",28,시장전체,,
2025-11-19_다올투자증권_산업,2025-11-19,다올투자증권,북미,EV,판매대수,2027,1663,,천대,미국 BEV 판매대수 전망,28,시장전체,,
2025-11-19_다올투자증권_산업,2025-11-19,다올투자증권,북미,EV,판매대수,2028,1929,,천대,미국 BEV 판매대수 전망,28,시장전체,,
2025-11-19_다올투자증권_산업,2025-11-19,다올투자증권,한국,EV,실적치,2020,44,,천대,한국 BEV 판매대수,28,시장전체,,
2025-11-19_다올투자증권_산업,2025-11-19,다올투자증권,한국,EV,실적치,2021,97,,천대,한국 BEV 판매대수,28,시장전체,,
2025-11-19_다올투자증권_산업,2025-11-19,다올투자증권,한국,EV,실적치,2022,144,,천대,한국 BEV 판매대수,28,시장전체,,
2025-11-19_다올투자증권_산업,2025-11-19,다올투자증권,한국,EV,실적치,2023,139,,천대,한국 BEV 판매대수,28,시장전체,,
2025-11-19_다올투자증권_산업,2025-11-19,다올투자증권,한국,EV,실적치,2024,143,,천대,한국 BEV 판매대수,28,시장전체,,
2025-11-19_다올투자증권_산업,2025-11-19,다올투자증권,한국,EV,판매대수,2025,163,,천대,한국 BEV 판매대수 전망,28,시장전체,,
2025-11-19_다올투자증권_산업,2025-11-19,다올투자증권,한국,EV,판매대수,2026,184,,천대,한국 BEV 판매대수 전망,28,시장전체,,
2025-11-19_다올투자증권_산업,2025-11-19,다올투자증권,한국,EV,판매대수,2027,204,,천대,한국 BEV 판매대수 전망,28,시장전체,,
2025-11-19_다올투자증권_산업,2025-11-19,다올투자증권,한국,EV,판매대수,2028,227,,천대,한국 BEV 판매대수 전망,28,시장전체,,
2025-11-19_다올투자증권_산업,2025-11-19,다올투자증권,기타,EV,실적치,2020,26,,천대,ROW BEV 판매대수,28,시장전체,,
2025-11-19_다올투자증권_산업,2025-11-19,다올투자증권,기타,EV,실적치,2021,64,,천대,ROW BEV 판매대수,28,시장전체,,
2025-11-19_다올투자증권_산업,2025-11-19,다올투자증권,기타,EV,실적치,2022,234,,천대,ROW BEV 판매대수,28,시장전체,,
2025-11-19_다올투자증권_산업,2025-11-19,다올투자증권,기타,EV,실적치,2023,569,,천대,ROW BEV 판매대수,28,시장전체,,
2025-11-19_다올투자증권_산업,2025-11-19,다올투자증권,기타,EV,실적치,2024,600,,천대,ROW BEV 판매대수,28,시장전체,,
2025-11-19_다올투자증권_산업,2025-11-19,다올투자증권,기타,EV,판매대수,2025,749,,천대,ROW BEV 판매대수 전망,28,시장전체,,
2025-11-19_다올투자증권_산업,2025-11-19,다올투자증권,기타,EV,판매대수,2026,901,,천대,ROW BEV 판매대수 전망,28,시장전체,,
2025-11-19_다올투자증권_산업,2025-11-19,다올투자증권,기타,EV,판매대수,2027,1006,,천대,ROW BEV 판매대수 전망,28,시장전체,,
2025-11-19_다올투자증권_산업,2025-11-19,다올투자증권,기타,EV,판매대수,2028,1358,,천대,ROW BEV 판매대수 전망,28,시장전체,,
2025-11-19_다올투자증권_산업,2025-11-19,다올투자증권,글로벌,EV,침투율,2020,2.6,,%,글로벌 BEV 침투율(자동차 판매 대비),28,시장전체,글로벌 BEV 침투율,
2025-11-19_다올투자증권_산업,2025-11-19,다올투자증권,글로벌,EV,침투율,2021,5.7,,%,글로벌 BEV 침투율,28,시장전체,글로벌 BEV 침투율,
2025-11-19_다올투자증권_산업,2025-11-19,다올투자증권,글로벌,EV,침투율,2022,9.8,,%,글로벌 BEV 침투율,28,시장전체,글로벌 BEV 침투율,
2025-11-19_다올투자증권_산업,2025-11-19,다올투자증권,글로벌,EV,침투율,2023,11.4,,%,글로벌 BEV 침투율,28,시장전체,글로벌 BEV 침투율,
2025-11-19_다올투자증권_산업,2025-11-19,다올투자증권,글로벌,EV,침투율,2024,12.3,,%,글로벌 BEV 침투율,28,시장전체,글로벌 BEV 침투율,
2025-11-19_다올투자증권_산업,2025-11-19,다올투자증권,글로벌,EV,침투율,2025,14.1,,%,글로벌 BEV 침투율 전망,28,시장전체,글로벌 BEV 침투율,
2025-11-19_다올투자증권_산업,2025-11-19,다올투자증권,글로벌,EV,침투율,2026,16.1,,%,글로벌 BEV 침투율 전망,28,시장전체,글로벌 BEV 침투율,
2025-11-19_다올투자증권_산업,2025-11-19,다올투자증권,글로벌,EV,침투율,2027,18.6,,%,글로벌 BEV 침투율 전망,28,시장전체,글로벌 BEV 침투율,
2025-11-19_다올투자증권_산업,2025-11-19,다올투자증권,글로벌,EV,침투율,2028,20.9,,%,글로벌 BEV 침투율 전망,28,시장전체,글로벌 BEV 침투율,
2025-11-19_다올투자증권_산업,2025-11-19,다올투자증권,글로벌,EV,침투율,2020,6.7,,%,글로벌 xEV(HEV+PHEV+BEV) 침투율,28,서브세그먼트,,
2025-11-19_다올투자증권_산업,2025-11-19,다올투자증권,글로벌,EV,침투율,2021,11.7,,%,글로벌 xEV 침투율,28,서브세그먼트,,
2025-11-19_다올투자증권_산업,2025-11-19,다올투자증권,글로벌,EV,침투율,2022,17.6,,%,글로벌 xEV 침투율,28,서브세그먼트,,
2025-11-19_다올투자증권_산업,2025-11-19,다올투자증권,글로벌,EV,침투율,2023,21.1,,%,글로벌 xEV 침투율,28,서브세그먼트,,
2025-11-19_다올투자증권_산업,2025-11-19,다올투자증권,글로벌,EV,침투율,2024,25.2,,%,글로벌 xEV 침투율,28,서브세그먼트,,
2025-11-19_다올투자증권_산업,2025-11-19,다올투자증권,글로벌,EV,침투율,2025,28.6,,%,글로벌 xEV 침투율 전망,28,서브세그먼트,,
2025-11-19_다올투자증권_산업,2025-11-19,다올투자증권,글로벌,EV,침투율,2026,32.4,,%,글로벌 xEV 침투율 전망,28,서브세그먼트,,
2025-11-19_다올투자증권_산업,2025-11-19,다올투자증권,글로벌,EV,침투율,2027,36.6,,%,글로벌 xEV 침투율 전망,28,서브세그먼트,,
2025-11-19_다올투자증권_산업,2025-11-19,다올투자증권,글로벌,EV,침투율,2028,39.9,,%,글로벌 xEV 침투율 전망,28,서브세그먼트,,
2025-11-19_다올투자증권_산업,2025-11-19,다올투자증권,글로벌,EV,실적치,2018,75,,GWh,글로벌 전기차용 배터리 시장 규모(TAM),19,시장전체,,
2025-11-19_다올투자증권_산업,2025-11-19,다올투자증권,글로벌,EV,실적치,2019,101,,GWh,글로벌 전기차용 배터리 시장 규모(TAM),19,시장전체,,
2025-11-19_다올투자증권_산업,2025-11-19,다올투자증권,글로벌,EV,실적치,2020,139,,GWh,글로벌 전기차용 배터리 시장 규모(TAM),19,시장전체,,
2025-11-19_다올투자증권_산업,2025-11-19,다올투자증권,글로벌,EV,실적치,2021,296,,GWh,글로벌 전기차용 배터리 시장 규모(TAM),19,시장전체,,
2025-11-19_다올투자증권_산업,2025-11-19,다올투자증권,글로벌,EV,실적치,2022,511,,GWh,글로벌 전기차용 배터리 시장 규모(TAM),19,시장전체,,
2025-11-19_다올투자증권_산업,2025-11-19,다올투자증권,글로벌,EV,실적치,2023,716,,GWh,글로벌 전기차용 배터리 시장 규모(TAM),19,시장전체,,
2025-11-19_다올투자증권_산업,2025-11-19,다올투자증권,글로벌,EV,실적치,2024,868,,GWh,글로벌 전기차용 배터리 시장 규모(TAM),19,시장전체,,
2025-11-19_다올투자증권_산업,2025-11-19,다올투자증권,글로벌,EV,수요량,2025,974,,GWh,글로벌 전기차용 배터리 시장 규모(TAM) 전망,19,시장전체,글로벌 EV 배터리 TAM,
2025-11-19_다올투자증권_산업,2025-11-19,다올투자증권,글로벌,EV,수요량,2026,1095,,GWh,글로벌 전기차용 배터리 시장 규모(TAM) 전망,19,시장전체,글로벌 EV 배터리 TAM,
2025-11-19_다올투자증권_산업,2025-11-19,다올투자증권,글로벌,EV,수요량,2027,1276,,GWh,글로벌 전기차용 배터리 시장 규모(TAM) 전망,19,시장전체,글로벌 EV 배터리 TAM,
2025-11-19_다올투자증권_산업,2025-11-19,다올투자증권,글로벌,EV,수요량,2028,1413,,GWh,"글로벌 전기차용 배터리 시장 규모(TAM) 전망, EV용 배터리 시장은 1TWh를 이미 상회",19,시장전체,글로벌 EV 배터리 TAM,
2025-11-19_다올투자증권_산업,2025-11-19,다올투자증권,글로벌,ESS,실적치,2023,227,,GWh,글로벌 ESS용 배터리 시장 규모(설치량 기준),19,시장전체,,
2025-11-19_다올투자증권_산업,2025-11-19,다올투자증권,글로벌,ESS,실적치,2024,340,,GWh,글로벌 ESS용 배터리 시장 규모,19,시장전체,,
2025-11-19_다올투자증권_산업,2025-11-19,다올투자증권,글로벌,ESS,수요량,2025,544,,GWh,"글로벌 ESS용 배터리 시장 규모 전망, 최근 매년 50% 이상 고성장",19,시장전체,,
2025-11-19_다올투자증권_산업,2025-11-19,다올투자증권,글로벌,ESS,수요량,2030,760,,GWh,"글로벌 ESS용 배터리 시장 규모, 현재의 시장 컨센서스치",19,참고치,,
2025-11-19_다올투자증권_산업,2025-11-19,다올투자증권,글로벌,ESS,수요량,2030,2000,,GWh,"다올투자증권 추정치(연평균 30% 성장 가정시), ESS 시장이 EV 시장 규모(2028E 1,413GWh)를 넘어설 것으로 전망",19,시나리오,,
2025-11-19_다올투자증권_산업,2025-11-19,다올투자증권,북미,ESS,수요량,2025,75.3,,GWh,미국 데이터센터/그리드향 ESS 설치 수요(IEA 기준 신재생 저장수요 매개변수 반영 추정),8,서브세그먼트,,
2025-11-19_다올투자증권_산업,2025-11-19,다올투자증권,북미,ESS,수요량,2030,308.2,,GWh,"미국 데이터센터/그리드향 ESS 설치 수요 전망, AI훈련 부하 확대에 따라 2h에서 4h 수준으로 부하 가능한 ESS 용량 필요",8,서브세그먼트,,
2025-11-19_다올투자증권_산업,2025-11-19,다올투자증권,유럽,ESS,수요량,2025,27.4,,GWh,유럽 데이터센터/그리드향 ESS 설치 수요,8,서브세그먼트,,
2025-11-19_다올투자증권_산업,2025-11-19,다올투자증권,유럽,ESS,수요량,2030,154.1,,GWh,유럽 데이터센터/그리드향 ESS 설치 수요 전망,8,서브세그먼트,,
2025-11-19_다올투자증권_산업,2025-11-19,다올투자증권,글로벌,ESS,수요량,2025,102.7,,GWh,미국+유럽 합산 데이터센터/그리드향 ESS 설치 수요,8,서브세그먼트,,
2025-11-19_다올투자증권_산업,2025-11-19,다올투자증권,글로벌,ESS,수요량,2030,462.3,,GWh,"미국+유럽 합산 데이터센터/그리드향 ESS 설치 수요 전망, 2030년 300GWh 수준 상회 가능",8,서브세그먼트,,
2025-11-19_다올투자증권_산업,2025-11-19,다올투자증권,북미,ESS,실적치,2024,82.1,,GWh,미국 ESS 설치량(피크구간 반영),10,시장전체,,
2025-11-19_다올투자증권_산업,2025-11-19,다올투자증권,북미,ESS,수요량,2027,244.6,,GWh,미국 ESS 설치량 전망(2027P),10,참고치,,
2025-11-19_다올투자증권_산업,2025-11-19,다올투자증권,중국,ESS,실적치,2024,215.5,,GWh,중국 ESS 설치량,10,시장전체,,
2025-11-19_다올투자증권_산업,2025-11-19,다올투자증권,중국,ESS,수요량,2027,721.2,,GWh,중국 ESS 설치량 전망(2027P),10,참고치,,
2025-11-19_다올투자증권_산업,2025-11-19,다올투자증권,한국,ESS,실적치,2024,1.1,,GWh,대한민국 ESS 설치량,10,시장전체,,
2025-11-19_다올투자증권_산업,2025-11-19,다올투자증권,한국,ESS,수요량,2027,1.3,,GWh,대한민국 ESS 설치량 전망(2027P),10,참고치,,
2025-11-19_다올투자증권_산업,2025-11-19,다올투자증권,기타,ESS,실적치,2024,329.1,,GWh,글로벌(20개국) ESS 설치량 합계,10,참고치,,
2025-11-19_다올투자증권_산업,2025-11-19,다올투자증권,기타,ESS,수요량,2027,1278.5,,GWh,글로벌(20개국) ESS 설치량 합계 전망(2027P),10,참고치,,
2025-11-19_다올투자증권_산업,2025-11-19,다올투자증권,한국,ESS,판매대수,2025,9,,GWh,LG에너지솔루션 ESS용 배터리 출하량(AMPC 대상 캐파 기준 추정),18,시장전체,,
2025-11-19_다올투자증권_산업,2025-11-19,다올투자증권,한국,ESS,판매대수,2026,19,,GWh,LG에너지솔루션 ESS용 배터리 출하량 전망,18,시장전체,,
2025-11-19_다올투자증권_산업,2025-11-19,다올투자증권,한국,ESS,판매대수,2027,41,,GWh,LG에너지솔루션 ESS용 배터리 출하량 전망,18,시장전체,,
2025-11-19_다올투자증권_산업,2025-11-19,다올투자증권,한국,ESS,판매대수,2028,54,,GWh,LG에너지솔루션 ESS용 배터리 출하량 전망,18,시장전체,,
2025-11-19_다올투자증권_산업,2025-11-19,다올투자증권,한국,ESS,판매대수,2029,56,,GWh,LG에너지솔루션 ESS용 배터리 출하량 전망,18,시장전체,,
2025-11-19_다올투자증권_산업,2025-11-19,다올투자증권,한국,ESS,판매대수,2030,58,,GWh,LG에너지솔루션 ESS용 배터리 출하량 전망,18,시장전체,,
2025-11-19_다올투자증권_산업,2025-11-19,다올투자증권,한국,ESS,판매대수,2031,60,,GWh,LG에너지솔루션 ESS용 배터리 출하량 전망,18,시장전체,,
2025-11-19_다올투자증권_산업,2025-11-19,다올투자증권,한국,ESS,판매대수,2032,60,,GWh,LG에너지솔루션 ESS용 배터리 출하량 전망,18,시장전체,,
2025-11-19_다올투자증권_산업,2025-11-19,다올투자증권,한국,EV,판매대수,2025,22,,GWh,LG에너지솔루션 EV용 배터리 출하량(AMPC 대상 캐파 기준 추정),18,시장전체,,
2025-11-19_다올투자증권_산업,2025-11-19,다올투자증권,한국,EV,판매대수,2026,41,,GWh,LG에너지솔루션 EV용 배터리 출하량 전망,18,시장전체,,
2025-11-19_다올투자증권_산업,2025-11-19,다올투자증권,한국,EV,판매대수,2027,85,,GWh,LG에너지솔루션 EV용 배터리 출하량 전망,18,시장전체,,
2025-11-19_다올투자증권_산업,2025-11-19,다올투자증권,한국,EV,판매대수,2028,141,,GWh,LG에너지솔루션 EV용 배터리 출하량 전망,18,시장전체,,
2025-11-19_다올투자증권_산업,2025-11-19,다올투자증권,한국,EV,판매대수,2029,169,,GWh,LG에너지솔루션 EV용 배터리 출하량 전망,18,시장전체,,
2025-11-19_다올투자증권_산업,2025-11-19,다올투자증권,한국,EV,판매대수,2030,177,,GWh,LG에너지솔루션 EV용 배터리 출하량 전망,18,시장전체,,
2025-11-19_다올투자증권_산업,2025-11-19,다올투자증권,한국,EV,판매대수,2031,182,,GWh,LG에너지솔루션 EV용 배터리 출하량 전망,18,시장전체,,
2025-11-19_다올투자증권_산업,2025-11-19,다올투자증권,한국,EV,판매대수,2032,187,,GWh,LG에너지솔루션 EV용 배터리 출하량 전망,18,시장전체,,
2025-11-24_SK증권_산업,2025-11-24,SK증권,글로벌,합계,실적치,2023,920,,GWh,글로벌 배터리 시장규모,3,시장전체,,
2025-11-24_SK증권_산업,2025-11-24,SK증권,글로벌,합계,실적치,2024,1122,,GWh,글로벌 배터리 시장규모,3,시장전체,,
2025-11-24_SK증권_산업,2025-11-24,SK증권,글로벌,합계,수요량,2025,1363,,GWh,글로벌 배터리 시장규모(F),3,시장전체,,
2025-11-24_SK증권_산업,2025-11-24,SK증권,글로벌,합계,수요량,2026,1569,,GWh,글로벌 배터리 시장규모(F),3,시장전체,,
2025-11-24_SK증권_산업,2025-11-24,SK증권,글로벌,합계,수요량,2027,1799,,GWh,글로벌 배터리 시장규모(F),3,시장전체,,
2025-11-24_SK증권_산업,2025-11-24,SK증권,글로벌,합계,수요량,2028,2063,,GWh,글로벌 배터리 시장규모(F),3,시장전체,,
2025-11-24_SK증권_산업,2025-11-24,SK증권,글로벌,합계,수요량,2029,2382,,GWh,글로벌 배터리 시장규모(F),3,시장전체,,
2025-11-24_SK증권_산업,2025-11-24,SK증권,글로벌,합계,수요량,2030,2771,,GWh,글로벌 배터리 시장규모(F),3,시장전체,,
2025-11-24_SK증권_산업,2025-11-24,SK증권,글로벌,EV,실적치,2023,750,,GWh,"EV 배터리, 글로벌",3,시장전체,,
2025-11-24_SK증권_산업,2025-11-24,SK증권,글로벌,EV,실적치,2024,892,,GWh,"EV 배터리, 글로벌",3,시장전체,,
2025-11-24_SK증권_산업,2025-11-24,SK증권,글로벌,EV,수요량,2025,1075,,GWh,"EV 배터리, 글로벌(F)",3,시장전체,EV 배터리 수요(글로벌),
2025-11-24_SK증권_산업,2025-11-24,SK증권,글로벌,EV,수요량,2026,1210,,GWh,2년 전 추정 대비 약 450GWh 하회(명시적 수치는 비공개),9,시장전체,EV 배터리 수요(글로벌),
2025-11-24_SK증권_산업,2025-11-24,SK증권,글로벌,EV,수요량,2027,1367,,GWh,"EV 배터리, 글로벌(F)",3,시장전체,EV 배터리 수요(글로벌),
2025-11-24_SK증권_산업,2025-11-24,SK증권,글로벌,EV,수요량,2028,1545,,GWh,"EV 배터리, 글로벌(F)",3,시장전체,EV 배터리 수요(글로벌),
2025-11-24_SK증권_산업,2025-11-24,SK증권,글로벌,EV,수요량,2029,1761,,GWh,"EV 배터리, 글로벌(F)",3,시장전체,EV 배터리 수요(글로벌),
2025-11-24_SK증권_산업,2025-11-24,SK증권,글로벌,EV,수요량,2030,2026,,GWh,"EV 배터리, 글로벌(F)",3,시장전체,EV 배터리 수요(글로벌),
2025-11-24_SK증권_산업,2025-11-24,SK증권,글로벌,ESS,실적치,2023,170,,GWh,"ESS 배터리, 글로벌",3,시장전체,,
2025-11-24_SK증권_산업,2025-11-24,SK증권,글로벌,ESS,실적치,2024,230,,GWh,"ESS 배터리, 글로벌",3,시장전체,,
2025-11-24_SK증권_산업,2025-11-24,SK증권,글로벌,ESS,수요량,2025,288,,GWh,"ESS 배터리, 글로벌(F)",3,시장전체,ESS 배터리 수요(글로벌),
2025-11-24_SK증권_산업,2025-11-24,SK증권,글로벌,ESS,수요량,2026,359,,GWh,2년 전 추정 대비 약 100GWh 상회(명시적 수치는 비공개),9,시장전체,ESS 배터리 수요(글로벌),
2025-11-24_SK증권_산업,2025-11-24,SK증권,글로벌,ESS,수요량,2027,431,,GWh,"ESS 배터리, 글로벌(F)",3,시장전체,ESS 배터리 수요(글로벌),
2025-11-24_SK증권_산업,2025-11-24,SK증권,글로벌,ESS,수요량,2028,518,,GWh,"ESS 배터리, 글로벌(F)",3,시장전체,ESS 배터리 수요(글로벌),
2025-11-24_SK증권_산업,2025-11-24,SK증권,글로벌,ESS,수요량,2029,621,,GWh,"ESS 배터리, 글로벌(F)",3,시장전체,ESS 배터리 수요(글로벌),
2025-11-24_SK증권_산업,2025-11-24,SK증권,글로벌,ESS,수요량,2030,745,,GWh,"ESS 배터리, 글로벌(F)",3,시장전체,ESS 배터리 수요(글로벌),
2025-11-24_SK증권_산업,2025-11-24,SK증권,북미,ESS,실적치,2023,15,,GWh,"ESS 배터리, 미국",3,시장전체,,
2025-11-24_SK증권_산업,2025-11-24,SK증권,북미,ESS,실적치,2024,37,,GWh,"ESS 배터리, 미국",3,시장전체,,
2025-11-24_SK증권_산업,2025-11-24,SK증권,북미,ESS,수요량,2025,54,,GWh,"ESS 배터리, 미국(F); p.16 북미ESS수요 전망과 동일",3,시장전체,ESS 배터리 수요(미국),
2025-11-24_SK증권_산업,2025-11-24,SK증권,북미,ESS,수요량,2026,75,,GWh,"ESS 배터리, 미국(F); p.16 북미ESS수요 전망과 동일",3,시장전체,ESS 배터리 수요(미국),
2025-11-24_SK증권_산업,2025-11-24,SK증권,북미,ESS,수요량,2027,97,,GWh,"ESS 배터리, 미국(F); p.16 북미ESS수요 전망과 동일",3,시장전체,ESS 배터리 수요(미국),
2025-11-24_SK증권_산업,2025-11-24,SK증권,북미,ESS,수요량,2028,120,,GWh,"ESS 배터리, 미국(F); p.16 북미ESS수요 전망과 동일",3,시장전체,ESS 배터리 수요(미국),
2025-11-24_SK증권_산업,2025-11-24,SK증권,북미,ESS,수요량,2029,149,,GWh,"ESS 배터리, 미국(F)",3,시장전체,ESS 배터리 수요(미국),
2025-11-24_SK증권_산업,2025-11-24,SK증권,북미,ESS,수요량,2030,184,,GWh,"ESS 배터리, 미국(F)",3,시장전체,ESS 배터리 수요(미국),
2025-11-24_SK증권_산업,2025-11-24,SK증권,글로벌,합계,성장률,2023,43,,%,"배터리 시장 성장률(YoY), 글로벌",14,시장전체,,
2025-11-24_SK증권_산업,2025-11-24,SK증권,글로벌,합계,성장률,2024,22,,%,"배터리 시장 성장률(YoY), 글로벌",14,시장전체,,
2025-11-24_SK증권_산업,2025-11-24,SK증권,글로벌,합계,성장률,2025,21,,%,"배터리 시장 성장률(YoY), 글로벌",14,시장전체,,
2025-11-24_SK증권_산업,2025-11-24,SK증권,글로벌,합계,성장률,2026,15,,%,"배터리 시장 성장률(YoY), 글로벌",14,시장전체,,
2025-11-24_SK증권_산업,2025-11-24,SK증권,글로벌,합계,성장률,2027,15,,%,"배터리 시장 성장률(YoY), 글로벌",14,시장전체,,
2025-11-24_SK증권_산업,2025-11-24,SK증권,글로벌,합계,성장률,2028,15,,%,"배터리 시장 성장률(YoY), 글로벌",14,시장전체,,
2025-11-24_SK증권_산업,2025-11-24,SK증권,글로벌,합계,성장률,2029,16,,%,"배터리 시장 성장률(YoY), 글로벌",14,시장전체,,
2025-11-24_SK증권_산업,2025-11-24,SK증권,글로벌,합계,성장률,2030,16,,%,"배터리 시장 성장률(YoY), 글로벌",14,시장전체,,
2025-11-24_SK증권_산업,2025-11-24,SK증권,글로벌,EV,성장률,2023,43,,%,"EV 배터리 성장률(YoY), 글로벌",14,시장전체,,
2025-11-24_SK증권_산업,2025-11-24,SK증권,글로벌,EV,성장률,2024,19,,%,"EV 배터리 성장률(YoY), 글로벌",14,시장전체,,
2025-11-24_SK증권_산업,2025-11-24,SK증권,글로벌,EV,성장률,2025,20,,%,"EV 배터리 성장률(YoY), 글로벌",14,시장전체,,
2025-11-24_SK증권_산업,2025-11-24,SK증권,글로벌,EV,성장률,2026,13,,%,"EV 배터리 성장률(YoY), 글로벌",14,시장전체,,
2025-11-24_SK증권_산업,2025-11-24,SK증권,글로벌,EV,성장률,2027,13,,%,"EV 배터리 성장률(YoY), 글로벌",14,시장전체,,
2025-11-24_SK증권_산업,2025-11-24,SK증권,글로벌,EV,성장률,2028,13,,%,"EV 배터리 성장률(YoY), 글로벌",14,시장전체,,
2025-11-24_SK증권_산업,2025-11-24,SK증권,글로벌,EV,성장률,2029,14,,%,"EV 배터리 성장률(YoY), 글로벌",14,시장전체,,
2025-11-24_SK증권_산업,2025-11-24,SK증권,글로벌,EV,성장률,2030,15,,%,"EV 배터리 성장률(YoY), 글로벌",14,시장전체,,
2025-11-24_SK증권_산업,2025-11-24,SK증권,글로벌,ESS,성장률,2023,42,,%,"ESS 배터리 성장률(YoY), 글로벌",14,시장전체,,
2025-11-24_SK증권_산업,2025-11-24,SK증권,글로벌,ESS,성장률,2024,35,,%,"ESS 배터리 성장률(YoY), 글로벌",14,시장전체,,
2025-11-24_SK증권_산업,2025-11-24,SK증권,글로벌,ESS,성장률,2025,25,,%,"ESS 배터리 성장률(YoY), 글로벌",14,시장전체,,
2025-11-24_SK증권_산업,2025-11-24,SK증권,글로벌,ESS,성장률,2026,25,,%,"ESS 배터리 성장률(YoY), 글로벌",14,시장전체,,
2025-11-24_SK증권_산업,2025-11-24,SK증권,글로벌,ESS,성장률,2027,20,,%,"ESS 배터리 성장률(YoY), 글로벌",14,시장전체,,
2025-11-24_SK증권_산업,2025-11-24,SK증권,글로벌,ESS,성장률,2028,20,,%,"ESS 배터리 성장률(YoY), 글로벌",14,시장전체,,
2025-11-24_SK증권_산업,2025-11-24,SK증권,글로벌,ESS,성장률,2029,20,,%,"ESS 배터리 성장률(YoY), 글로벌",14,시장전체,,
2025-11-24_SK증권_산업,2025-11-24,SK증권,글로벌,ESS,성장률,2030,20,,%,"ESS 배터리 성장률(YoY), 글로벌",14,시장전체,,
2025-11-24_SK증권_산업,2025-11-24,SK증권,북미,ESS,성장률,2024,146,,%,"ESS 배터리 성장률(YoY), 미국 (2023년은 '-' 표기로 기준연도)",14,시장전체,,
2025-11-24_SK증권_산업,2025-11-24,SK증권,북미,ESS,성장률,2025,47,,%,"ESS 배터리 성장률(YoY), 미국",14,시장전체,,
2025-11-24_SK증권_산업,2025-11-24,SK증권,북미,ESS,성장률,2026,38,,%,"ESS 배터리 성장률(YoY), 미국",14,시장전체,,
2025-11-24_SK증권_산업,2025-11-24,SK증권,북미,ESS,성장률,2027,30,,%,"ESS 배터리 성장률(YoY), 미국",14,시장전체,,
2025-11-24_SK증권_산업,2025-11-24,SK증권,북미,ESS,성장률,2028,24,,%,"ESS 배터리 성장률(YoY), 미국",14,시장전체,,
2025-11-24_SK증권_산업,2025-11-24,SK증권,북미,ESS,성장률,2029,24,,%,"ESS 배터리 성장률(YoY), 미국",14,시장전체,,
2025-11-24_SK증권_산업,2025-11-24,SK증권,북미,ESS,성장률,2030,24,,%,"ESS 배터리 성장률(YoY), 미국",14,시장전체,,
2025-11-24_SK증권_산업,2025-11-24,SK증권,글로벌,EV,판매대수,2026,2429,,만대,"전년대비 15% 증가, 2년 전 추정 대비 약 9% 낮은 수치",9,시장전체,,
2025-11-24_유진투자증권_산업,2025-11-24,유진투자증권,글로벌,ESS,실적치,2024,199,,GWh,2024년 실적치,8,시장전체,,
2025-11-24_유진투자증권_산업,2025-11-24,유진투자증권,글로벌,ESS,수요량,2025,286,,GWh,글로벌 연도별 BESS 신규 설치용량 전망,8,시장전체,,
2025-11-24_유진투자증권_산업,2025-11-24,유진투자증권,글로벌,ESS,수요량,2026,367,,GWh,글로벌 연도별 BESS 신규 설치용량 전망,8,시장전체,,
2025-11-24_유진투자증권_산업,2025-11-24,유진투자증권,글로벌,ESS,수요량,2027,452,,GWh,글로벌 연도별 BESS 신규 설치용량 전망,8,시장전체,,
2025-11-24_유진투자증권_산업,2025-11-24,유진투자증권,글로벌,ESS,수요량,2028,527,,GWh,글로벌 연도별 BESS 신규 설치용량 전망,8,시장전체,,
2025-11-24_유진투자증권_산업,2025-11-24,유진투자증권,글로벌,ESS,수요량,2029,619,,GWh,글로벌 연도별 BESS 신규 설치용량 전망,8,시장전체,,
2025-11-24_유진투자증권_산업,2025-11-24,유진투자증권,글로벌,ESS,수요량,2030,718,,GWh,글로벌 연도별 BESS 신규 설치용량 전망,8,시장전체,,
2025-11-24_유진투자증권_산업,2025-11-24,유진투자증권,북미,ESS,실적치,2024,37.1,,GWh,미국 연도별 BESS 신규 설치용량 전망 [원문지역:미국],8,시장전체,,
2025-11-24_유진투자증권_산업,2025-11-24,유진투자증권,북미,ESS,수요량,2025,48,,GWh,미국 연도별 BESS 신규 설치용량 전망 [원문지역:미국],8,시장전체,,
2025-11-24_유진투자증권_산업,2025-11-24,유진투자증권,북미,ESS,수요량,2026,64,,GWh,미국 연도별 BESS 신규 설치용량 전망 [원문지역:미국],8,시장전체,,
2025-11-24_유진투자증권_산업,2025-11-24,유진투자증권,북미,ESS,수요량,2027,78,,GWh,미국 연도별 BESS 신규 설치용량 전망 [원문지역:미국],8,시장전체,,
2025-11-24_유진투자증권_산업,2025-11-24,유진투자증권,북미,ESS,수요량,2028,91,,GWh,미국 연도별 BESS 신규 설치용량 전망 [원문지역:미국],8,시장전체,,
2025-11-24_유진투자증권_산업,2025-11-24,유진투자증권,북미,ESS,수요량,2029,105,,GWh,미국 연도별 BESS 신규 설치용량 전망 [원문지역:미국],8,시장전체,,
2025-11-24_유진투자증권_산업,2025-11-24,유진투자증권,북미,ESS,수요량,2030,113,,GWh,미국 연도별 BESS 신규 설치용량 전망 [원문지역:미국],8,시장전체,,
2025-11-24_유진투자증권_산업,2025-11-24,유진투자증권,유럽,ESS,실적치,2024,21.9,,GWh,유럽 연도별 BESS 신규 설치용량 전망,8,시장전체,,
2025-11-24_유진투자증권_산업,2025-11-24,유진투자증권,유럽,ESS,수요량,2025,30,,GWh,유럽 연도별 BESS 신규 설치용량 전망,8,시장전체,,
2025-11-24_유진투자증권_산업,2025-11-24,유진투자증권,유럽,ESS,수요량,2026,42,,GWh,유럽 연도별 BESS 신규 설치용량 전망,8,시장전체,,
2025-11-24_유진투자증권_산업,2025-11-24,유진투자증권,유럽,ESS,수요량,2027,65,,GWh,유럽 연도별 BESS 신규 설치용량 전망,8,시장전체,,
2025-11-24_유진투자증권_산업,2025-11-24,유진투자증권,유럽,ESS,수요량,2028,88,,GWh,유럽 연도별 BESS 신규 설치용량 전망,8,시장전체,,
2025-11-24_유진투자증권_산업,2025-11-24,유진투자증권,유럽,ESS,수요량,2029,110,,GWh,유럽 연도별 BESS 신규 설치용량 전망,8,시장전체,,
2025-11-24_유진투자증권_산업,2025-11-24,유진투자증권,유럽,ESS,수요량,2030,135,,GWh,유럽 연도별 BESS 신규 설치용량 전망,8,시장전체,,
2025-11-24_유진투자증권_산업,2025-11-24,유진투자증권,글로벌,ESS,침투율,2024,18,,%,글로벌 EV+ESS 배터리 수요 중 BESS 비중,9,시장전체,,
2025-11-24_유진투자증권_산업,2025-11-24,유진투자증권,글로벌,ESS,침투율,2025,20,,%,글로벌 EV+ESS 배터리 수요 중 BESS 비중,9,시장전체,,
2025-11-24_유진투자증권_산업,2025-11-24,유진투자증권,글로벌,ESS,침투율,2026,21,,%,글로벌 EV+ESS 배터리 수요 중 BESS 비중,9,시장전체,,
2025-11-24_유진투자증권_산업,2025-11-24,유진투자증권,글로벌,ESS,침투율,2027,22,,%,글로벌 EV+ESS 배터리 수요 중 BESS 비중,9,시장전체,,
2025-11-24_유진투자증권_산업,2025-11-24,유진투자증권,글로벌,ESS,침투율,2028,22,,%,글로벌 EV+ESS 배터리 수요 중 BESS 비중,9,시장전체,,
2025-11-24_유진투자증권_산업,2025-11-24,유진투자증권,글로벌,ESS,침투율,2029,22,,%,글로벌 EV+ESS 배터리 수요 중 BESS 비중,9,시장전체,,
2025-11-24_유진투자증권_산업,2025-11-24,유진투자증권,글로벌,ESS,침투율,2030,23,,%,글로벌 EV+ESS 배터리 수요 중 BESS 비중,9,시장전체,,
2025-11-24_유진투자증권_산업,2025-11-24,유진투자증권,북미,ESS,침투율,2024,24,,%,미국 EV+ESS 배터리 수요 중 BESS 비중 [원문지역:미국],9,시장전체,,
2025-11-24_유진투자증권_산업,2025-11-24,유진투자증권,북미,ESS,침투율,2025,29,,%,미국 EV+ESS 배터리 수요 중 BESS 비중 [원문지역:미국],9,시장전체,,
2025-11-24_유진투자증권_산업,2025-11-24,유진투자증권,북미,ESS,침투율,2026,34,,%,미국 EV+ESS 배터리 수요 중 BESS 비중 [원문지역:미국],9,시장전체,,
2025-11-24_유진투자증권_산업,2025-11-24,유진투자증권,북미,ESS,침투율,2027,35,,%,미국 EV+ESS 배터리 수요 중 BESS 비중 [원문지역:미국],9,시장전체,,
2025-11-24_유진투자증권_산업,2025-11-24,유진투자증권,북미,ESS,침투율,2028,34,,%,미국 EV+ESS 배터리 수요 중 BESS 비중 [원문지역:미국],9,시장전체,,
2025-11-24_유진투자증권_산업,2025-11-24,유진투자증권,북미,ESS,침투율,2029,32,,%,미국 EV+ESS 배터리 수요 중 BESS 비중 [원문지역:미국],9,시장전체,,
2025-11-24_유진투자증권_산업,2025-11-24,유진투자증권,북미,ESS,침투율,2030,28,,%,미국 EV+ESS 배터리 수요 중 BESS 비중 [원문지역:미국],9,시장전체,,
2025-11-24_유진투자증권_산업,2025-11-24,유진투자증권,유럽,ESS,침투율,2024,16,,%,유럽 EV+ESS 배터리 수요 중 BESS 비중,9,시장전체,,
2025-11-24_유진투자증권_산업,2025-11-24,유진투자증권,유럽,ESS,침투율,2025,17,,%,유럽 EV+ESS 배터리 수요 중 BESS 비중,9,시장전체,,
2025-11-24_유진투자증권_산업,2025-11-24,유진투자증권,유럽,ESS,침투율,2026,19,,%,유럽 EV+ESS 배터리 수요 중 BESS 비중,9,시장전체,,
2025-11-24_유진투자증권_산업,2025-11-24,유진투자증권,유럽,ESS,침투율,2027,22,,%,유럽 EV+ESS 배터리 수요 중 BESS 비중,9,시장전체,,
2025-11-24_유진투자증권_산업,2025-11-24,유진투자증권,유럽,ESS,침투율,2028,24,,%,유럽 EV+ESS 배터리 수요 중 BESS 비중,9,시장전체,,
2025-11-24_유진투자증권_산업,2025-11-24,유진투자증권,유럽,ESS,침투율,2029,25,,%,유럽 EV+ESS 배터리 수요 중 BESS 비중,9,시장전체,,
2025-11-24_유진투자증권_산업,2025-11-24,유진투자증권,유럽,ESS,침투율,2030,25,,%,유럽 EV+ESS 배터리 수요 중 BESS 비중,9,시장전체,,
2025-11-24_유진투자증권_산업,2025-11-24,유진투자증권,한국,ESS,수요량,2026,4.2,,GWh,태양광 발전 연계 2시간 충전용 BESS 필요 용량(국내),15,서브세그먼트,,
2025-11-24_유진투자증권_산업,2025-11-24,유진투자증권,한국,ESS,수요량,2027,5.6,,GWh,태양광 발전 연계 2시간 충전용 BESS 필요 용량(국내),15,서브세그먼트,,
2025-11-24_유진투자증권_산업,2025-11-24,유진투자증권,한국,ESS,수요량,2028,7,,GWh,태양광 발전 연계 2시간 충전용 BESS 필요 용량(국내),15,서브세그먼트,,
2025-11-24_유진투자증권_산업,2025-11-24,유진투자증권,한국,ESS,수요량,2029,7,,GWh,태양광 발전 연계 2시간 충전용 BESS 필요 용량(국내),15,서브세그먼트,,
2025-11-24_유진투자증권_산업,2025-11-24,유진투자증권,한국,ESS,수요량,2030,7,,GWh,태양광 발전 연계 2시간 충전용 BESS 필요 용량(국내),15,서브세그먼트,,
2025-11-24_유진투자증권_산업,2025-11-24,유진투자증권,한국,ESS,수요량,2026,18,,GWh,태양광 발전 연계 6시간 충전용 BESS 필요 용량(국내),15,서브세그먼트,,
2025-11-24_유진투자증권_산업,2025-11-24,유진투자증권,한국,ESS,수요량,2027,24,,GWh,태양광 발전 연계 6시간 충전용 BESS 필요 용량(국내),15,서브세그먼트,,
2025-11-24_유진투자증권_산업,2025-11-24,유진투자증권,한국,ESS,수요량,2028,30,,GWh,태양광 발전 연계 6시간 충전용 BESS 필요 용량(국내),15,서브세그먼트,,
2025-11-24_유진투자증권_산업,2025-11-24,유진투자증권,한국,ESS,수요량,2029,30,,GWh,태양광 발전 연계 6시간 충전용 BESS 필요 용량(국내),15,서브세그먼트,,
2025-11-24_유진투자증권_산업,2025-11-24,유진투자증권,한국,ESS,수요량,2030,30,,GWh,태양광 발전 연계 6시간 충전용 BESS 필요 용량(국내),15,서브세그먼트,,
2025-11-24_유진투자증권_산업,2025-11-24,유진투자증권,북미,EV,실적치,2022,1042,,천대,북미 전기차 판매량(미국+캐나다),43,시장전체,,
2025-11-24_유진투자증권_산업,2025-11-24,유진투자증권,북미,EV,실적치,2023,1621,,천대,북미 전기차 판매량(미국+캐나다),43,시장전체,,
2025-11-24_유진투자증권_산업,2025-11-24,유진투자증권,북미,EV,실적치,2024,1808,,천대,북미 전기차 판매량(미국+캐나다),43,시장전체,,
2025-11-24_유진투자증권_산업,2025-11-24,유진투자증권,북미,EV,판매대수,2025,1840,,천대,북미 전기차 판매량(미국+캐나다),43,시장전체,,
2025-11-24_유진투자증권_산업,2025-11-24,유진투자증권,북미,EV,판매대수,2026,1910,,천대,북미 전기차 판매량(미국+캐나다),43,시장전체,,
2025-11-24_유진투자증권_산업,2025-11-24,유진투자증권,북미,EV,판매대수,2027,2206,,천대,북미 전기차 판매량(미국+캐나다),43,시장전체,,
2025-11-24_유진투자증권_산업,2025-11-24,유진투자증권,북미,EV,판매대수,2028,2631,,천대,북미 전기차 판매량(미국+캐나다),43,시장전체,,
2025-11-24_유진투자증권_산업,2025-11-24,유진투자증권,북미,EV,판매대수,2029,3278,,천대,북미 전기차 판매량(미국+캐나다),43,시장전체,,
2025-11-24_유진투자증권_산업,2025-11-24,유진투자증권,북미,EV,판매대수,2030,4215,,천대,북미 전기차 판매량(미국+캐나다),43,시장전체,,
2025-11-24_유진투자증권_산업,2025-11-24,유진투자증권,북미,EV,실적치,2022,918,,천대,미국 전기차 판매량 [원문지역:미국],43,시장전체,,
2025-11-24_유진투자증권_산업,2025-11-24,유진투자증권,북미,EV,실적치,2023,1436,,천대,미국 전기차 판매량 [원문지역:미국],43,시장전체,,
2025-11-24_유진투자증권_산업,2025-11-24,유진투자증권,북미,EV,실적치,2024,1570,,천대,미국 전기차 판매량 [원문지역:미국],43,시장전체,,
2025-11-24_유진투자증권_산업,2025-11-24,유진투자증권,북미,EV,판매대수,2025,1598,,천대,미국 전기차 판매량 [원문지역:미국],43,시장전체,,
2025-11-24_유진투자증권_산업,2025-11-24,유진투자증권,북미,EV,판매대수,2026,1660,,천대,미국 전기차 판매량 [원문지역:미국],43,시장전체,,
2025-11-24_유진투자증권_산업,2025-11-24,유진투자증권,북미,EV,판매대수,2027,1919,,천대,미국 전기차 판매량 [원문지역:미국],43,시장전체,,
2025-11-24_유진투자증권_산업,2025-11-24,유진투자증권,북미,EV,판매대수,2028,2290,,천대,미국 전기차 판매량 [원문지역:미국],43,시장전체,,
2025-11-24_유진투자증권_산업,2025-11-24,유진투자증권,북미,EV,판매대수,2029,2860,,천대,미국 전기차 판매량 [원문지역:미국],43,시장전체,,
2025-11-24_유진투자증권_산업,2025-11-24,유진투자증권,북미,EV,판매대수,2030,3705,,천대,미국 전기차 판매량 [원문지역:미국],43,시장전체,,
2025-11-24_유진투자증권_산업,2025-11-24,유진투자증권,북미,EV,성장률,2022,51.2,,%,미국 전기차 판매 YoY [원문지역:미국],43,시장전체,,
2025-11-24_유진투자증권_산업,2025-11-24,유진투자증권,북미,EV,성장률,2023,56.3,,%,미국 전기차 판매 YoY [원문지역:미국],43,시장전체,,
2025-11-24_유진투자증권_산업,2025-11-24,유진투자증권,북미,EV,성장률,2024,9.3,,%,미국 전기차 판매 YoY [원문지역:미국],43,시장전체,,
2025-11-24_유진투자증권_산업,2025-11-24,유진투자증권,북미,EV,성장률,2025,1.8,,%,미국 전기차 판매 YoY [원문지역:미국],43,시장전체,,
2025-11-24_유진투자증권_산업,2025-11-24,유진투자증권,북미,EV,성장률,2026,3.9,,%,미국 전기차 판매 YoY [원문지역:미국],43,시장전체,,
2025-11-24_유진투자증권_산업,2025-11-24,유진투자증권,북미,EV,성장률,2027,15.6,,%,미국 전기차 판매 YoY [원문지역:미국],43,시장전체,,
2025-11-24_유진투자증권_산업,2025-11-24,유진투자증권,북미,EV,성장률,2028,19.3,,%,미국 전기차 판매 YoY [원문지역:미국],43,시장전체,,
2025-11-24_유진투자증권_산업,2025-11-24,유진투자증권,북미,EV,성장률,2029,24.9,,%,미국 전기차 판매 YoY [원문지역:미국],43,시장전체,,
2025-11-24_유진투자증권_산업,2025-11-24,유진투자증권,북미,EV,성장률,2030,29.5,,%,미국 전기차 판매 YoY [원문지역:미국],43,시장전체,,
2025-11-24_유진투자증권_산업,2025-11-24,유진투자증권,북미,EV,침투율,2022,6.7,,%,미국 전체 자동차 판매 대비 전기차 비중 [원문지역:미국],43,시장전체,,
2025-11-24_유진투자증권_산업,2025-11-24,유진투자증권,북미,EV,침투율,2023,9.3,,%,미국 전체 자동차 판매 대비 전기차 비중 [원문지역:미국],43,시장전체,,
2025-11-24_유진투자증권_산업,2025-11-24,유진투자증권,북미,EV,침투율,2024,9.9,,%,미국 전체 자동차 판매 대비 전기차 비중 [원문지역:미국],43,시장전체,,
2025-11-24_유진투자증권_산업,2025-11-24,유진투자증권,북미,EV,침투율,2025,9.8,,%,미국 전체 자동차 판매 대비 전기차 비중 [원문지역:미국],43,시장전체,,
2025-11-24_유진투자증권_산업,2025-11-24,유진투자증권,북미,EV,침투율,2026,10.0,,%,미국 전체 자동차 판매 대비 전기차 비중 [원문지역:미국],43,시장전체,,
2025-11-24_유진투자증권_산업,2025-11-24,유진투자증권,북미,EV,침투율,2027,11.3,,%,미국 전체 자동차 판매 대비 전기차 비중 [원문지역:미국],43,시장전체,,
2025-11-24_유진투자증권_산업,2025-11-24,유진투자증권,북미,EV,침투율,2028,13.2,,%,미국 전체 자동차 판매 대비 전기차 비중 [원문지역:미국],43,시장전체,,
2025-11-24_유진투자증권_산업,2025-11-24,유진투자증권,북미,EV,침투율,2029,16.2,,%,미국 전체 자동차 판매 대비 전기차 비중 [원문지역:미국],43,시장전체,,
2025-11-24_유진투자증권_산업,2025-11-24,유진투자증권,북미,EV,침투율,2030,20.6,,%,미국 전체 자동차 판매 대비 전기차 비중 [원문지역:미국],43,시장전체,,
2025-11-24_유진투자증권_산업,2025-11-24,유진투자증권,북미,EV,실적치,2022,124,,천대,캐나다 전기차 판매량,43,시장전체,,
2025-11-24_유진투자증권_산업,2025-11-24,유진투자증권,북미,EV,실적치,2023,185,,천대,캐나다 전기차 판매량,43,시장전체,,
2025-11-24_유진투자증권_산업,2025-11-24,유진투자증권,북미,EV,실적치,2024,238,,천대,캐나다 전기차 판매량,43,시장전체,,
2025-11-24_유진투자증권_산업,2025-11-24,유진투자증권,북미,EV,판매대수,2025,242,,천대,캐나다 전기차 판매량,43,시장전체,,
2025-11-24_유진투자증권_산업,2025-11-24,유진투자증권,북미,EV,판매대수,2026,249,,천대,캐나다 전기차 판매량,43,시장전체,,
2025-11-24_유진투자증권_산업,2025-11-24,유진투자증권,북미,EV,판매대수,2027,287,,천대,캐나다 전기차 판매량,43,시장전체,,
2025-11-24_유진투자증권_산업,2025-11-24,유진투자증권,북미,EV,판매대수,2028,341,,천대,캐나다 전기차 판매량,43,시장전체,,
2025-11-24_유진투자증권_산업,2025-11-24,유진투자증권,북미,EV,판매대수,2029,417,,천대,캐나다 전기차 판매량,43,시장전체,,
2025-11-24_유진투자증권_산업,2025-11-24,유진투자증권,북미,EV,판매대수,2030,510,,천대,캐나다 전기차 판매량,43,시장전체,,
2025-11-24_유진투자증권_산업,2025-11-24,유진투자증권,기타,EV,실적치,2022,6234,,천대,"아시아,대양주 전기차 판매량 합계(중국+일본+기타아시아)",43,시장전체,,
2025-11-24_유진투자증권_산업,2025-11-24,유진투자증권,기타,EV,실적치,2023,8497,,천대,"아시아,대양주 전기차 판매량 합계(중국+일본+기타아시아)",43,시장전체,,
2025-11-24_유진투자증권_산업,2025-11-24,유진투자증권,기타,EV,실적치,2024,11558,,천대,"아시아,대양주 전기차 판매량 합계(중국+일본+기타아시아)",43,시장전체,,
2025-11-24_유진투자증권_산업,2025-11-24,유진투자증권,기타,EV,판매대수,2025,14622,,천대,"아시아,대양주 전기차 판매량 합계(중국+일본+기타아시아)",43,시장전체,,
2025-11-24_유진투자증권_산업,2025-11-24,유진투자증권,기타,EV,판매대수,2026,17177,,천대,"아시아,대양주 전기차 판매량 합계(중국+일본+기타아시아)",43,시장전체,,
2025-11-24_유진투자증권_산업,2025-11-24,유진투자증권,기타,EV,판매대수,2027,19623,,천대,"아시아,대양주 전기차 판매량 합계(중국+일본+기타아시아)",43,시장전체,,
2025-11-24_유진투자증권_산업,2025-11-24,유진투자증권,기타,EV,판매대수,2028,22099,,천대,"아시아,대양주 전기차 판매량 합계(중국+일본+기타아시아)",43,시장전체,,
2025-11-24_유진투자증권_산업,2025-11-24,유진투자증권,기타,EV,판매대수,2029,24047,,천대,"아시아,대양주 전기차 판매량 합계(중국+일본+기타아시아)",43,시장전체,,
2025-11-24_유진투자증권_산업,2025-11-24,유진투자증권,기타,EV,판매대수,2030,25656,,천대,"아시아,대양주 전기차 판매량 합계(중국+일본+기타아시아)",43,시장전체,,
2025-11-24_유진투자증권_산업,2025-11-24,유진투자증권,중국,EV,실적치,2022,5924,,천대,중국 전기차 판매량,43,시장전체,,
2025-11-24_유진투자증권_산업,2025-11-24,유진투자증권,중국,EV,실적치,2023,8095,,천대,중국 전기차 판매량,43,시장전체,,
2025-11-24_유진투자증권_산업,2025-11-24,유진투자증권,중국,EV,실적치,2024,11156,,천대,중국 전기차 판매량,43,시장전체,,
2025-11-24_유진투자증권_산업,2025-11-24,유진투자증권,중국,EV,판매대수,2025,14125,,천대,중국 전기차 판매량,43,시장전체,,
2025-11-24_유진투자증권_산업,2025-11-24,유진투자증권,중국,EV,판매대수,2026,16576,,천대,중국 전기차 판매량,43,시장전체,,
2025-11-24_유진투자증권_산업,2025-11-24,유진투자증권,중국,EV,판매대수,2027,18897,,천대,중국 전기차 판매량,43,시장전체,,
2025-11-24_유진투자증권_산업,2025-11-24,유진투자증권,중국,EV,판매대수,2028,21229,,천대,중국 전기차 판매량,43,시장전체,,
2025-11-24_유진투자증권_산업,2025-11-24,유진투자증권,중국,EV,판매대수,2029,23000,,천대,중국 전기차 판매량,43,시장전체,,
2025-11-24_유진투자증권_산업,2025-11-24,유진투자증권,중국,EV,판매대수,2030,24384,,천대,중국 전기차 판매량,43,시장전체,,
2025-11-24_유진투자증권_산업,2025-11-24,유진투자증권,중국,EV,성장률,2022,83.7,,%,중국 전기차 판매 YoY,43,시장전체,,
2025-11-24_유진투자증권_산업,2025-11-24,유진투자증권,중국,EV,성장률,2023,36.6,,%,중국 전기차 판매 YoY,43,시장전체,,
2025-11-24_유진투자증권_산업,2025-11-24,유진투자증권,중국,EV,성장률,2024,37.8,,%,중국 전기차 판매 YoY,43,시장전체,,
2025-11-24_유진투자증권_산업,2025-11-24,유진투자증권,중국,EV,성장률,2025,26.6,,%,중국 전기차 판매 YoY,43,시장전체,,
2025-11-24_유진투자증권_산업,2025-11-24,유진투자증권,중국,EV,성장률,2026,17.4,,%,중국 전기차 판매 YoY,43,시장전체,,
2025-11-24_유진투자증권_산업,2025-11-24,유진투자증권,중국,EV,성장률,2027,14.0,,%,중국 전기차 판매 YoY,43,시장전체,,
2025-11-24_유진투자증권_산업,2025-11-24,유진투자증권,중국,EV,성장률,2028,12.3,,%,중국 전기차 판매 YoY,43,시장전체,,
2025-11-24_유진투자증권_산업,2025-11-24,유진투자증권,중국,EV,성장률,2029,8.3,,%,중국 전기차 판매 YoY,43,시장전체,,
2025-11-24_유진투자증권_산업,2025-11-24,유진투자증권,중국,EV,성장률,2030,6.0,,%,중국 전기차 판매 YoY,43,시장전체,,
2025-11-24_유진투자증권_산업,2025-11-24,유진투자증권,중국,EV,침투율,2022,22.1,,%,중국 전체 자동차 판매 대비 전기차 비중,43,시장전체,,
2025-11-24_유진투자증권_산업,2025-11-24,유진투자증권,중국,EV,침투율,2023,26.9,,%,중국 전체 자동차 판매 대비 전기차 비중,43,시장전체,,
2025-11-24_유진투자증권_산업,2025-11-24,유진투자증권,중국,EV,침투율,2024,36.0,,%,중국 전체 자동차 판매 대비 전기차 비중,43,시장전체,,
2025-11-24_유진투자증권_산업,2025-11-24,유진투자증권,중국,EV,침투율,2025,44.2,,%,중국 전체 자동차 판매 대비 전기차 비중,43,시장전체,,
2025-11-24_유진투자증권_산업,2025-11-24,유진투자증권,중국,EV,침투율,2026,50.4,,%,중국 전체 자동차 판매 대비 전기차 비중,43,시장전체,,
2025-11-24_유진투자증권_산업,2025-11-24,유진투자증권,중국,EV,침투율,2027,55.8,,%,중국 전체 자동차 판매 대비 전기차 비중,43,시장전체,,
2025-11-24_유진투자증권_산업,2025-11-24,유진투자증권,중국,EV,침투율,2028,60.9,,%,중국 전체 자동차 판매 대비 전기차 비중,43,시장전체,,
2025-11-24_유진투자증권_산업,2025-11-24,유진투자증권,중국,EV,침투율,2029,64.0,,%,중국 전체 자동차 판매 대비 전기차 비중,43,시장전체,,
2025-11-24_유진투자증권_산업,2025-11-24,유진투자증권,중국,EV,침투율,2030,65.9,,%,중국 전체 자동차 판매 대비 전기차 비중,43,시장전체,,
2025-11-24_유진투자증권_산업,2025-11-24,유진투자증권,기타,EV,실적치,2022,59,,천대,일본 전기차 판매량,43,시장전체,,
2025-11-24_유진투자증권_산업,2025-11-24,유진투자증권,기타,EV,실적치,2023,89,,천대,일본 전기차 판매량,43,시장전체,,
2025-11-24_유진투자증권_산업,2025-11-24,유진투자증권,기타,EV,실적치,2024,60,,천대,일본 전기차 판매량,43,시장전체,,
2025-11-24_유진투자증권_산업,2025-11-24,유진투자증권,기타,EV,판매대수,2025,54,,천대,일본 전기차 판매량,43,시장전체,,
2025-11-24_유진투자증권_산업,2025-11-24,유진투자증권,기타,EV,판매대수,2026,62,,천대,일본 전기차 판매량,43,시장전체,,
2025-11-24_유진투자증권_산업,2025-11-24,유진투자증권,기타,EV,판매대수,2027,76,,천대,일본 전기차 판매량,43,시장전체,,
2025-11-24_유진투자증권_산업,2025-11-24,유진투자증권,기타,EV,판매대수,2028,93,,천대,일본 전기차 판매량,43,시장전체,,
2025-11-24_유진투자증권_산업,2025-11-24,유진투자증권,기타,EV,판매대수,2029,114,,천대,일본 전기차 판매량,43,시장전체,,
2025-11-24_유진투자증권_산업,2025-11-24,유진투자증권,기타,EV,판매대수,2030,139,,천대,일본 전기차 판매량,43,시장전체,,
2025-11-24_유진투자증권_산업,2025-11-24,유진투자증권,기타,EV,성장률,2022,39.4,,%,일본 전기차 판매 YoY,43,시장전체,,
2025-11-24_유진투자증권_산업,2025-11-24,유진투자증권,기타,EV,성장률,2023,50.5,,%,일본 전기차 판매 YoY,43,시장전체,,
2025-11-24_유진투자증권_산업,2025-11-24,유진투자증권,기타,EV,성장률,2024,-31.9,,%,일본 전기차 판매 YoY,43,시장전체,,
2025-11-24_유진투자증권_산업,2025-11-24,유진투자증권,기타,EV,성장률,2025,-10.0,,%,일본 전기차 판매 YoY,43,시장전체,,
2025-11-24_유진투자증권_산업,2025-11-24,유진투자증권,기타,EV,성장률,2026,13.3,,%,일본 전기차 판매 YoY,43,시장전체,,
2025-11-24_유진투자증권_산업,2025-11-24,유진투자증권,기타,EV,성장률,2027,23.8,,%,일본 전기차 판매 YoY,43,시장전체,,
2025-11-24_유진투자증권_산업,2025-11-24,유진투자증권,기타,EV,성장률,2028,22.6,,%,일본 전기차 판매 YoY,43,시장전체,,
2025-11-24_유진투자증권_산업,2025-11-24,유진투자증권,기타,EV,성장률,2029,22.4,,%,일본 전기차 판매 YoY,43,시장전체,,
2025-11-24_유진투자증권_산업,2025-11-24,유진투자증권,기타,EV,성장률,2030,21.8,,%,일본 전기차 판매 YoY,43,시장전체,,
2025-11-24_유진투자증권_산업,2025-11-24,유진투자증권,기타,EV,침투율,2022,1.3,,%,일본 전체 자동차 판매 대비 전기차 비중,43,시장전체,,
2025-11-24_유진투자증권_산업,2025-11-24,유진투자증권,기타,EV,침투율,2023,1.9,,%,일본 전체 자동차 판매 대비 전기차 비중,43,시장전체,,
2025-11-24_유진투자증권_산업,2025-11-24,유진투자증권,기타,EV,침투율,2024,1.3,,%,일본 전체 자동차 판매 대비 전기차 비중,43,시장전체,,
2025-11-24_유진투자증권_산업,2025-11-24,유진투자증권,기타,EV,침투율,2025,1.1,,%,일본 전체 자동차 판매 대비 전기차 비중,43,시장전체,,
2025-11-24_유진투자증권_산업,2025-11-24,유진투자증권,기타,EV,침투율,2026,1.2,,%,일본 전체 자동차 판매 대비 전기차 비중,43,시장전체,,
2025-11-24_유진투자증권_산업,2025-11-24,유진투자증권,기타,EV,침투율,2027,1.5,,%,일본 전체 자동차 판매 대비 전기차 비중,43,시장전체,,
2025-11-24_유진투자증권_산업,2025-11-24,유진투자증권,기타,EV,침투율,2028,1.8,,%,일본 전체 자동차 판매 대비 전기차 비중,43,시장전체,,
2025-11-24_유진투자증권_산업,2025-11-24,유진투자증권,기타,EV,침투율,2029,2.2,,%,일본 전체 자동차 판매 대비 전기차 비중,43,시장전체,,
2025-11-24_유진투자증권_산업,2025-11-24,유진투자증권,기타,EV,침투율,2030,2.6,,%,일본 전체 자동차 판매 대비 전기차 비중,43,시장전체,,
2025-11-24_유진투자증권_산업,2025-11-24,유진투자증권,기타,EV,실적치,2022,501,,천대,"기타 아시아 전기차 판매량 합계(중국,일본 제외)",43,시장전체,,
2025-11-24_유진투자증권_산업,2025-11-24,유진투자증권,기타,EV,실적치,2023,628,,천대,"기타 아시아 전기차 판매량 합계(중국,일본 제외)",43,시장전체,,
2025-11-24_유진투자증권_산업,2025-11-24,유진투자증권,기타,EV,실적치,2024,683,,천대,"기타 아시아 전기차 판매량 합계(중국,일본 제외)",43,시장전체,,
2025-11-24_유진투자증권_산업,2025-11-24,유진투자증권,기타,EV,판매대수,2025,886,,천대,"기타 아시아 전기차 판매량 합계(중국,일본 제외)",43,시장전체,,
2025-11-24_유진투자증권_산업,2025-11-24,유진투자증권,기타,EV,판매대수,2026,1079,,천대,"기타 아시아 전기차 판매량 합계(중국,일본 제외)",43,시장전체,,
2025-11-24_유진투자증권_산업,2025-11-24,유진투자증권,기타,EV,판매대수,2027,1300,,천대,"기타 아시아 전기차 판매량 합계(중국,일본 제외)",43,시장전체,,
2025-11-24_유진투자증권_산업,2025-11-24,유진투자증권,기타,EV,판매대수,2028,1552,,천대,"기타 아시아 전기차 판매량 합계(중국,일본 제외)",43,시장전체,,
2025-11-24_유진투자증권_산업,2025-11-24,유진투자증권,기타,EV,판매대수,2029,1864,,천대,"기타 아시아 전기차 판매량 합계(중국,일본 제외)",43,시장전체,,
2025-11-24_유진투자증권_산업,2025-11-24,유진투자증권,기타,EV,판매대수,2030,2264,,천대,"기타 아시아 전기차 판매량 합계(중국,일본 제외)",43,시장전체,,
2025-11-24_유진투자증권_산업,2025-11-24,유진투자증권,유럽,EV,실적치,2022,2602,,천대,유럽 전기차 판매량,43,시장전체,,
2025-11-24_유진투자증권_산업,2025-11-24,유진투자증권,유럽,EV,실적치,2023,3010,,천대,유럽 전기차 판매량,43,시장전체,,
2025-11-24_유진투자증권_산업,2025-11-24,유진투자증권,유럽,EV,실적치,2024,2945,,천대,유럽 전기차 판매량,43,시장전체,,
2025-11-24_유진투자증권_산업,2025-11-24,유진투자증권,유럽,EV,판매대수,2025,3747,,천대,유럽 전기차 판매량,43,시장전체,,
2025-11-24_유진투자증권_산업,2025-11-24,유진투자증권,유럽,EV,판매대수,2026,4514,,천대,유럽 전기차 판매량,43,시장전체,,
2025-11-24_유진투자증권_산업,2025-11-24,유진투자증권,유럽,EV,판매대수,2027,5572,,천대,유럽 전기차 판매량,43,시장전체,,
2025-11-24_유진투자증권_산업,2025-11-24,유진투자증권,유럽,EV,판매대수,2028,6318,,천대,유럽 전기차 판매량,43,시장전체,,
2025-11-24_유진투자증권_산업,2025-11-24,유진투자증권,유럽,EV,판매대수,2029,7376,,천대,유럽 전기차 판매량,43,시장전체,,
2025-11-24_유진투자증권_산업,2025-11-24,유진투자증권,유럽,EV,판매대수,2030,8747,,천대,유럽 전기차 판매량,43,시장전체,,
2025-11-24_유진투자증권_산업,2025-11-24,유진투자증권,유럽,EV,성장률,2022,15.1,,%,유럽 전기차 판매 YoY,43,시장전체,,
2025-11-24_유진투자증권_산업,2025-11-24,유진투자증권,유럽,EV,성장률,2023,15.6,,%,유럽 전기차 판매 YoY,43,시장전체,,
2025-11-24_유진투자증권_산업,2025-11-24,유진투자증권,유럽,EV,성장률,2024,-2.1,,%,유럽 전기차 판매 YoY,43,시장전체,,
2025-11-24_유진투자증권_산업,2025-11-24,유진투자증권,유럽,EV,성장률,2025,27.2,,%,유럽 전기차 판매 YoY,43,시장전체,,
2025-11-24_유진투자증권_산업,2025-11-24,유진투자증권,유럽,EV,성장률,2026,20.5,,%,유럽 전기차 판매 YoY,43,시장전체,,
2025-11-24_유진투자증권_산업,2025-11-24,유진투자증권,유럽,EV,성장률,2027,23.4,,%,유럽 전기차 판매 YoY,43,시장전체,,
2025-11-24_유진투자증권_산업,2025-11-24,유진투자증권,유럽,EV,성장률,2028,13.4,,%,유럽 전기차 판매 YoY,43,시장전체,,
2025-11-24_유진투자증권_산업,2025-11-24,유진투자증권,유럽,EV,성장률,2029,16.7,,%,유럽 전기차 판매 YoY,43,시장전체,,
2025-11-24_유진투자증권_산업,2025-11-24,유진투자증권,유럽,EV,성장률,2030,18.6,,%,유럽 전기차 판매 YoY,43,시장전체,,
2025-11-24_유진투자증권_산업,2025-11-24,유진투자증권,유럽,EV,침투율,2022,22.3,,%,유럽 전체 자동차 판매 대비 전기차 비중,43,시장전체,,
2025-11-24_유진투자증권_산업,2025-11-24,유진투자증권,유럽,EV,침투율,2023,23.2,,%,유럽 전체 자동차 판매 대비 전기차 비중,43,시장전체,,
2025-11-24_유진투자증권_산업,2025-11-24,유진투자증권,유럽,EV,침투율,2024,22.9,,%,유럽 전체 자동차 판매 대비 전기차 비중,43,시장전체,,
2025-11-24_유진투자증권_산업,2025-11-24,유진투자증권,유럽,EV,침투율,2025,28.7,,%,유럽 전체 자동차 판매 대비 전기차 비중,43,시장전체,,
2025-11-24_유진투자증권_산업,2025-11-24,유진투자증권,유럽,EV,침투율,2026,33.9,,%,유럽 전체 자동차 판매 대비 전기차 비중,43,시장전체,,
2025-11-24_유진투자증권_산업,2025-11-24,유진투자증권,유럽,EV,침투율,2027,41.1,,%,유럽 전체 자동차 판매 대비 전기차 비중,43,시장전체,,
2025-11-24_유진투자증권_산업,2025-11-24,유진투자증권,유럽,EV,침투율,2028,45.7,,%,유럽 전체 자동차 판매 대비 전기차 비중,43,시장전체,,
2025-11-24_유진투자증권_산업,2025-11-24,유진투자증권,유럽,EV,침투율,2029,52.3,,%,유럽 전체 자동차 판매 대비 전기차 비중,43,시장전체,,
2025-11-24_유진투자증권_산업,2025-11-24,유진투자증권,유럽,EV,침투율,2030,60.8,,%,유럽 전체 자동차 판매 대비 전기차 비중,43,시장전체,,
2025-11-24_유진투자증권_산업,2025-11-24,유진투자증권,기타,EV,실적치,2022,213,,천대,"기타국가(북미,아시아,유럽 제외) 전기차 판매량",43,시장전체,,
2025-11-24_유진투자증권_산업,2025-11-24,유진투자증권,기타,EV,실적치,2023,562,,천대,"기타국가(북미,아시아,유럽 제외) 전기차 판매량",43,시장전체,,
2025-11-24_유진투자증권_산업,2025-11-24,유진투자증권,기타,EV,실적치,2024,1313,,천대,"기타국가(북미,아시아,유럽 제외) 전기차 판매량",43,시장전체,,
2025-11-24_유진투자증권_산업,2025-11-24,유진투자증권,기타,EV,판매대수,2025,1680,,천대,"기타국가(북미,아시아,유럽 제외) 전기차 판매량",43,시장전체,,
2025-11-24_유진투자증권_산업,2025-11-24,유진투자증권,기타,EV,판매대수,2026,2100,,천대,"기타국가(북미,아시아,유럽 제외) 전기차 판매량",43,시장전체,,
2025-11-24_유진투자증권_산업,2025-11-24,유진투자증권,기타,EV,판매대수,2027,2583,,천대,"기타국가(북미,아시아,유럽 제외) 전기차 판매량",43,시장전체,,
2025-11-24_유진투자증권_산업,2025-11-24,유진투자증권,기타,EV,판매대수,2028,3100,,천대,"기타국가(북미,아시아,유럽 제외) 전기차 판매량",43,시장전체,,
2025-11-24_유진투자증권_산업,2025-11-24,유진투자증권,기타,EV,판매대수,2029,3658,,천대,"기타국가(북미,아시아,유럽 제외) 전기차 판매량",43,시장전체,,
2025-11-24_유진투자증권_산업,2025-11-24,유진투자증권,기타,EV,판매대수,2030,4280,,천대,"기타국가(북미,아시아,유럽 제외) 전기차 판매량",43,시장전체,,
2025-11-24_유진투자증권_산업,2025-11-24,유진투자증권,글로벌,EV,실적치,2022,10091,,천대,전세계 전기차 판매량,43,시장전체,,
2025-11-24_유진투자증권_산업,2025-11-24,유진투자증권,글로벌,EV,실적치,2023,13689,,천대,전세계 전기차 판매량,43,시장전체,,
2025-11-24_유진투자증권_산업,2025-11-24,유진투자증권,글로벌,EV,실적치,2024,17623,,천대,전세계 전기차 판매량,43,시장전체,,
2025-11-24_유진투자증권_산업,2025-11-24,유진투자증권,글로벌,EV,판매대수,2025,21889,,천대,전세계 전기차 판매량,43,시장전체,,
2025-11-24_유진투자증권_산업,2025-11-24,유진투자증권,글로벌,EV,판매대수,2026,25702,,천대,전세계 전기차 판매량,43,시장전체,,
2025-11-24_유진투자증권_산업,2025-11-24,유진투자증권,글로벌,EV,판매대수,2027,29984,,천대,전세계 전기차 판매량,43,시장전체,,
2025-11-24_유진투자증권_산업,2025-11-24,유진투자증권,글로벌,EV,판매대수,2028,34148,,천대,전세계 전기차 판매량,43,시장전체,,
2025-11-24_유진투자증권_산업,2025-11-24,유진투자증권,글로벌,EV,판매대수,2029,38358,,천대,전세계 전기차 판매량,43,시장전체,,
2025-11-24_유진투자증권_산업,2025-11-24,유진투자증권,글로벌,EV,판매대수,2030,42897,,천대,전세계 전기차 판매량,43,시장전체,,
2025-11-24_유진투자증권_산업,2025-11-24,유진투자증권,글로벌,EV,성장률,2022,55.0,,%,전세계 전기차 판매 YoY,43,시장전체,,
2025-11-24_유진투자증권_산업,2025-11-24,유진투자증권,글로벌,EV,성장률,2023,35.7,,%,전세계 전기차 판매 YoY,43,시장전체,,
2025-11-24_유진투자증권_산업,2025-11-24,유진투자증권,글로벌,EV,성장률,2024,28.7,,%,전세계 전기차 판매 YoY,43,시장전체,,
2025-11-24_유진투자증권_산업,2025-11-24,유진투자증권,글로벌,EV,성장률,2025,24.2,,%,전세계 전기차 판매 YoY,43,시장전체,,
2025-11-24_유진투자증권_산업,2025-11-24,유진투자증권,글로벌,EV,성장률,2026,17.4,,%,전세계 전기차 판매 YoY,43,시장전체,,
2025-11-24_유진투자증권_산업,2025-11-24,유진투자증권,글로벌,EV,성장률,2027,16.7,,%,전세계 전기차 판매 YoY,43,시장전체,,
2025-11-24_유진투자증권_산업,2025-11-24,유진투자증권,글로벌,EV,성장률,2028,13.9,,%,전세계 전기차 판매 YoY,43,시장전체,,
2025-11-24_유진투자증권_산업,2025-11-24,유진투자증권,글로벌,EV,성장률,2029,12.3,,%,전세계 전기차 판매 YoY,43,시장전체,,
2025-11-24_유진투자증권_산업,2025-11-24,유진투자증권,글로벌,EV,성장률,2030,11.8,,%,전세계 전기차 판매 YoY,43,시장전체,,
2025-11-24_유진투자증권_산업,2025-11-24,유진투자증권,글로벌,EV,침투율,2022,12.7,,%,전세계 전체 자동차 판매 대비 전기차 비중,43,시장전체,,
2025-11-24_유진투자증권_산업,2025-11-24,유진투자증권,글로벌,EV,침투율,2023,15.7,,%,전세계 전체 자동차 판매 대비 전기차 비중,43,시장전체,,
2025-11-24_유진투자증권_산업,2025-11-24,유진투자증권,글로벌,EV,침투율,2024,19.6,,%,전세계 전체 자동차 판매 대비 전기차 비중,43,시장전체,,
2025-11-24_유진투자증권_산업,2025-11-24,유진투자증권,글로벌,EV,침투율,2025,23.6,,%,전세계 전체 자동차 판매 대비 전기차 비중,43,시장전체,,
2025-11-24_유진투자증권_산업,2025-11-24,유진투자증권,글로벌,EV,침투율,2026,27.0,,%,전세계 전체 자동차 판매 대비 전기차 비중,43,시장전체,,
2025-11-24_유진투자증권_산업,2025-11-24,유진투자증권,글로벌,EV,침투율,2027,30.8,,%,전세계 전체 자동차 판매 대비 전기차 비중,43,시장전체,,
2025-11-24_유진투자증권_산업,2025-11-24,유진투자증권,글로벌,EV,침투율,2028,34.4,,%,전세계 전체 자동차 판매 대비 전기차 비중,43,시장전체,,
2025-11-24_유진투자증권_산업,2025-11-24,유진투자증권,글로벌,EV,침투율,2029,37.9,,%,전세계 전체 자동차 판매 대비 전기차 비중,43,시장전체,,
2025-11-24_유진투자증권_산업,2025-11-24,유진투자증권,글로벌,EV,침투율,2030,41.6,,%,전세계 전체 자동차 판매 대비 전기차 비중,43,시장전체,,
2025-11-24_유진투자증권_산업,2025-11-24,유진투자증권,유럽,EV,실적치,2024,573,,천대,독일 전기차 판매량,25,시장전체,,
2025-11-24_유진투자증권_산업,2025-11-24,유진투자증권,유럽,EV,판매대수,2025,854,,천대,독일 전기차 판매량,25,시장전체,,
2025-11-24_유진투자증권_산업,2025-11-24,유진투자증권,유럽,EV,판매대수,2026,1109,,천대,독일 전기차 판매량,25,시장전체,,
2025-11-24_유진투자증권_산업,2025-11-24,유진투자증권,유럽,EV,성장률,2024,-18,,%,독일 전기차 판매량 YoY,25,시장전체,,
2025-11-24_유진투자증권_산업,2025-11-24,유진투자증권,유럽,EV,성장률,2025,49,,%,독일 전기차 판매량 YoY,25,시장전체,,
2025-11-24_유진투자증권_산업,2025-11-24,유진투자증권,유럽,EV,성장률,2026,30,,%,독일 전기차 판매량 YoY,25,시장전체,,
2025-11-24_유진투자증권_산업,2025-11-24,유진투자증권,유럽,EV,실적치,2024,437,,천대,프랑스 전기차 판매량,26,시장전체,,
2025-11-24_유진투자증권_산업,2025-11-24,유진투자증권,유럽,EV,판매대수,2025,435,,천대,프랑스 전기차 판매량,26,시장전체,,
2025-11-24_유진투자증권_산업,2025-11-24,유진투자증권,유럽,EV,판매대수,2026,496,,천대,프랑스 전기차 판매량,26,시장전체,,
2025-11-24_유진투자증권_산업,2025-11-24,유진투자증권,유럽,EV,성장률,2024,-6,,%,프랑스 전기차 판매량 YoY,26,시장전체,,
2025-11-24_유진투자증권_산업,2025-11-24,유진투자증권,유럽,EV,성장률,2025,0,,%,프랑스 전기차 판매량 YoY,26,시장전체,,
2025-11-24_유진투자증권_산업,2025-11-24,유진투자증권,유럽,EV,성장률,2026,14,,%,프랑스 전기차 판매량 YoY,26,시장전체,,
2025-11-24_유진투자증권_산업,2025-11-24,유진투자증권,유럽,EV,실적치,2024,549,,천대,영국 전기차 판매량,27,시장전체,,
2025-11-24_유진투자증권_산업,2025-11-24,유진투자증권,유럽,EV,판매대수,2025,703,,천대,영국 전기차 판매량,27,시장전체,,
2025-11-24_유진투자증권_산업,2025-11-24,유진투자증권,유럽,EV,판매대수,2026,888,,천대,영국 전기차 판매량,27,시장전체,,
2025-11-24_유진투자증권_산업,2025-11-24,유진투자증권,유럽,EV,성장률,2024,20,,%,영국 전기차 판매량 YoY,27,시장전체,,
2025-11-24_유진투자증권_산업,2025-11-24,유진투자증권,유럽,EV,성장률,2025,28,,%,영국 전기차 판매량 YoY,27,시장전체,,
2025-11-24_유진투자증권_산업,2025-11-24,유진투자증권,유럽,EV,성장률,2026,26,,%,영국 전기차 판매량 YoY,27,시장전체,,
2025-11-24_유진투자증권_산업,2025-11-24,유진투자증권,유럽,EV,실적치,2024,118,,천대,이탈리아 전기차 판매량,28,시장전체,,
2025-11-24_유진투자증권_산업,2025-11-24,유진투자증권,유럽,EV,판매대수,2025,174,,천대,이탈리아 전기차 판매량,28,시장전체,,
2025-11-24_유진투자증권_산업,2025-11-24,유진투자증권,유럽,EV,판매대수,2026,211,,천대,이탈리아 전기차 판매량,28,시장전체,,
2025-11-24_유진투자증권_산업,2025-11-24,유진투자증권,유럽,EV,성장률,2024,-13,,%,이탈리아 전기차 판매량 YoY,28,시장전체,,
2025-11-24_유진투자증권_산업,2025-11-24,유진투자증권,유럽,EV,성장률,2025,48,,%,이탈리아 전기차 판매량 YoY,28,시장전체,,
2025-11-24_유진투자증권_산업,2025-11-24,유진투자증권,유럽,EV,성장률,2026,21,,%,이탈리아 전기차 판매량 YoY,28,시장전체,,
2025-11-24_유진투자증권_산업,2025-11-24,유진투자증권,유럽,EV,실적치,2024,116,,천대,스페인 전기차 판매량,29,시장전체,,
2025-11-24_유진투자증권_산업,2025-11-24,유진투자증권,유럽,EV,판매대수,2025,223,,천대,스페인 전기차 판매량,29,시장전체,,
2025-11-24_유진투자증권_산업,2025-11-24,유진투자증권,유럽,EV,판매대수,2026,283,,천대,스페인 전기차 판매량,29,시장전체,,
2025-11-24_유진투자증권_산업,2025-11-24,유진투자증권,유럽,EV,성장률,2024,2,,%,스페인 전기차 판매량 YoY,29,시장전체,,
2025-11-24_유진투자증권_산업,2025-11-24,유진투자증권,유럽,EV,성장률,2025,92,,%,스페인 전기차 판매량 YoY,29,시장전체,,
2025-11-24_유진투자증권_산업,2025-11-24,유진투자증권,유럽,EV,성장률,2026,27,,%,스페인 전기차 판매량 YoY,29,시장전체,,
2026-03-16_하나증권_산업,2026-03-16,하나증권,글로벌,ESS,실적치,2024,399,,GWh,삼성SDI 연구소장 컨퍼런스 발표(글로벌 ESS 시장 규모),3,참고치,,
2026-03-16_하나증권_산업,2026-03-16,하나증권,글로벌,ESS,수요량,2035,1232,,GWh,"AI 데이터센터용 전력소비 급증 반영, 2024년 대비 약 3배 성장 전망 (삼성SDI 연구소)",3,서브세그먼트,,
2026-03-16_하나증권_산업,2026-03-16,하나증권,글로벌,로봇,수요량,2025,0.03,,GWh,삼성SDI 연구소 발표 자료 기준,10,참고치,,
2026-03-16_하나증권_산업,2026-03-16,하나증권,글로벌,로봇,수요량,2030,1.4,,GWh,삼성SDI 연구소 발표 자료 기준,10,참고치,,
2026-03-16_하나증권_산업,2026-03-16,하나증권,글로벌,로봇,수요량,2040,138.3,,GWh,삼성SDI 연구소 발표 자료 기준,10,참고치,,
2026-03-16_하나증권_산업,2026-03-16,하나증권,글로벌,UAM,수요량,2030,3.7,,GWh,삼성SDI 연구소 발표 자료 기준,10,참고치,,
2026-03-16_하나증권_산업,2026-03-16,하나증권,글로벌,UAM,수요량,2035,68.0,,GWh,삼성SDI 연구소 발표 자료 기준,10,참고치,,
2026-04-06_하나증권_산업,2026-04-06,하나증권,글로벌,EV,판매대수,2026,105.5,,만대,"2026년 2월 BEV+PHEV 합계, YoY-13%(SNE Research)",9,월간·누적,,
2026-04-06_하나증권_산업,2026-04-06,하나증권,북미,EV,판매대수,2026,7.5,,만대,"2026년 2월, YoY-35%(SNE Research) [원문지역:미국]",9,월간·누적,,
2026-04-06_하나증권_산업,2026-04-06,하나증권,중국,EV,판매대수,2026,50.4,,만대,"2026년 2월, YoY-31%(SNE Research)",9,월간·누적,,
2026-04-06_하나증권_산업,2026-04-06,하나증권,유럽,EV,판매대수,2026,31.0,,만대,"2026년 2월, YoY+20%(SNE Research)",9,월간·누적,,
2026-04-06_하나증권_산업,2026-04-06,하나증권,북미,EV,판매대수,2026,104847,,대,"2026년 3월, YoY-33.7%, MoM+22.9%, 판매점유율7.4%(WardsAuto) [원문지역:미국]",10,월간·누적,,
2026-04-06_하나증권_산업,2026-04-06,하나증권,중국,EV,판매대수,2026,412000,,대,"2026년 2월, YoY-33.8%, MoM-20.8%, 판매점유율39.5%(CPCA)",10,월간·누적,,
2026-04-06_하나증권_산업,2026-04-06,하나증권,유럽,EV,판매대수,2026,23278,,대,"영국, 2026년 2월, YoY-18.4%, 판매점유율25.8%(Cleantechnica)",10,월간·누적,,
2026-04-06_하나증권_산업,2026-04-06,하나증권,유럽,EV,판매대수,2026,70603,,대,"독일, 2026년 2월, YoY+27.3%, 판매점유율33.4%(Cleantechnica)",10,월간·누적,,
2026-04-06_하나증권_산업,2026-04-06,하나증권,유럽,EV,판매대수,2026,57951,,대,"프랑스, 2026년 3월, YoY+54.3%, 판매점유율32.8%(Cleantechnica)",10,월간·누적,,
2026-04-06_하나증권_산업,2026-04-06,하나증권,유럽,EV,판매대수,2026,17471,,대,"스웨덴, 2026년 3월, YoY+18.8%, 판매점유율63.3%(Cleantechnica)",10,월간·누적,,
2026-04-06_하나증권_산업,2026-04-06,하나증권,유럽,EV,판매대수,2026,17532,,대,"노르웨이, 2026년 3월, YoY+41.4%, 판매점유율99.1%(Cleantechnica)",10,월간·누적,,
2026-04-06_하나증권_산업,2026-04-06,하나증권,북미,EV,판매대수,2026,8.9,,만대,"2026년 3월 순수전기차(BEV), YoY-27%, MoM+22%(WardsAuto) [원문지역:미국]",13,월간·누적,,
2026-04-06_하나증권_산업,2026-04-06,하나증권,북미,EV,침투율,2026,6.3,,%,2026년 3월 BEV 침투율(WardsAuto) [원문지역:미국],13,월간·누적,,
2026-04-06_하나증권_산업,2026-04-06,하나증권,글로벌,ESS,수요량,2026,21.6,,GWh,"2026년 2월 신규 설치량, YoY+45%, Grid17.1GWh+BTM4.5GWh(Rho Motion)",7,월간·누적,,
2026-04-06_하나증권_산업,2026-04-06,하나증권,글로벌,ESS,수요량,2026,40.2,,GWh,"2026년 1-2월 누적 설치량, YoY+15%(Rho Motion)",7,월간·누적,,
2026-04-06_하나증권_산업,2026-04-06,하나증권,북미,ESS,수요량,2026,3.2,,GWh,"미국, 2026년 2월 신규 설치량, YoY+190%(Rho Motion)",7,월간·누적,,
2026-04-06_하나증권_산업,2026-04-06,하나증권,북미,ESS,수요량,2026,6.3,,GWh,"미국, 2026년 1-2월 누적 설치량, YoY+113%(Rho Motion)",7,월간·누적,,
2026-04-06_하나증권_산업,2026-04-06,하나증권,유럽,ESS,수요량,2026,2.1,,GWh,"2026년 2월 신규 설치량, YoY+12%(Rho Motion)",7,월간·누적,,
2026-04-06_하나증권_산업,2026-04-06,하나증권,유럽,ESS,수요량,2026,4.2,,GWh,"2026년 1-2월 누적 설치량, YoY+36%(Rho Motion)",7,월간·누적,,
2026-04-06_하나증권_산업,2026-04-06,하나증권,중국,ESS,수요량,2026,10.7,,GWh,"2026년 2월 신규 설치량, YoY+19%(Rho Motion)",7,월간·누적,,
2026-04-06_하나증권_산업,2026-04-06,하나증권,중국,ESS,수요량,2026,19.9,,GWh,"2026년 1-2월 누적 설치량, YoY-7%(Rho Motion)",7,월간·누적,,
2026-04-06_하나증권_산업,2026-04-06,하나증권,글로벌,EV,수요량,2026,61.2,,GWh,"전기차 배터리 출하량, 2026년 2월, YoY-5%, CATL25.2/BYD7.7/LGES6.9/SK on2.9/CALB2.5/Panasonic2.2/삼성SDI1.7(SNE Research)",15,월간·누적,,
2026-04-06_하나증권_산업,2026-04-06,하나증권,글로벌,EV,수요량,2026,134.9,,GWh,"전기차 배터리 출하량, 2026년 1-2월 누적, YoY+4%(SNE Research)",15,월간·누적,,
2026-04-06_하나증권_산업,2026-04-06,하나증권,북미,EV,수요량,2026,6.2,,GWh,"미국 전기차 배터리 출하량, 2026년 2월, YoY-30%(SNE Research)",15,월간·누적,,
2026-04-06_하나증권_산업,2026-04-06,하나증권,중국,EV,수요량,2026,29.0,,GWh,"전기차 배터리 출하량, 2026년 2월, YoY-17%(SNE Research)",15,월간·누적,,
2026-04-06_하나증권_산업,2026-04-06,하나증권,유럽,EV,수요량,2026,16.6,,GWh,"전기차 배터리 출하량, 2026년 2월, YoY+14%(SNE Research)",15,월간·누적,,
2026-05-17_유진투자증권_산업,2026-05-17,유진투자증권,북미,EV,실적치,2022,1042,,천대,북미 합계(미국+캐나다),60,시장전체,,
2026-05-17_유진투자증권_산업,2026-05-17,유진투자증권,북미,EV,실적치,2023,1621,,천대,북미 합계(미국+캐나다),60,시장전체,,
2026-05-17_유진투자증권_산업,2026-05-17,유진투자증권,북미,EV,실적치,2024,1841,,천대,북미 합계(미국+캐나다),60,시장전체,,
2026-05-17_유진투자증권_산업,2026-05-17,유진투자증권,북미,EV,판매대수,2025,1651,,천대,북미 합계(미국+캐나다),60,시장전체,,
2026-05-17_유진투자증권_산업,2026-05-17,유진투자증권,북미,EV,판매대수,2026,1494,,천대,북미 합계(미국+캐나다),60,시장전체,,
2026-05-17_유진투자증권_산업,2026-05-17,유진투자증권,북미,EV,판매대수,2027,1727,,천대,북미 합계(미국+캐나다),60,시장전체,,
2026-05-17_유진투자증권_산업,2026-05-17,유진투자증권,북미,EV,판매대수,2028,2055,,천대,북미 합계(미국+캐나다),60,시장전체,,
2026-05-17_유진투자증권_산업,2026-05-17,유진투자증권,북미,EV,판매대수,2029,2571,,천대,북미 합계(미국+캐나다),60,시장전체,,
2026-05-17_유진투자증권_산업,2026-05-17,유진투자증권,북미,EV,판매대수,2030,3307,,천대,북미 합계(미국+캐나다),60,시장전체,,
2026-05-17_유진투자증권_산업,2026-05-17,유진투자증권,북미,EV,실적치,2022,918,,천대,미국,60,시장전체,,
2026-05-17_유진투자증권_산업,2026-05-17,유진투자증권,북미,EV,실적치,2023,1436,,천대,미국,60,시장전체,,
2026-05-17_유진투자증권_산업,2026-05-17,유진투자증권,북미,EV,실적치,2024,1570,,천대,미국,60,시장전체,,
2026-05-17_유진투자증권_산업,2026-05-17,유진투자증권,북미,EV,판매대수,2025,1474,,천대,미국,60,시장전체,,
2026-05-17_유진투자증권_산업,2026-05-17,유진투자증권,북미,EV,판매대수,2026,1297,,천대,미국,60,시장전체,,
2026-05-17_유진투자증권_산업,2026-05-17,유진투자증권,북미,EV,판매대수,2027,1504,,천대,미국,60,시장전체,,
2026-05-17_유진투자증권_산업,2026-05-17,유진투자증권,북미,EV,판매대수,2028,1792,,천대,미국,60,시장전체,,
2026-05-17_유진투자증권_산업,2026-05-17,유진투자증권,북미,EV,판매대수,2029,2248,,천대,미국,60,시장전체,,
2026-05-17_유진투자증권_산업,2026-05-17,유진투자증권,북미,EV,판매대수,2030,2912,,천대,미국,60,시장전체,,
2026-05-17_유진투자증권_산업,2026-05-17,유진투자증권,북미,EV,실적치,2022,124,,천대,캐나다,60,시장전체,,
2026-05-17_유진투자증권_산업,2026-05-17,유진투자증권,북미,EV,실적치,2023,185,,천대,캐나다,60,시장전체,,
2026-05-17_유진투자증권_산업,2026-05-17,유진투자증권,북미,EV,실적치,2024,271,,천대,캐나다,60,시장전체,,
2026-05-17_유진투자증권_산업,2026-05-17,유진투자증권,북미,EV,판매대수,2025,177,,천대,캐나다,60,시장전체,,
2026-05-17_유진투자증권_산업,2026-05-17,유진투자증권,북미,EV,판매대수,2026,197,,천대,캐나다,60,시장전체,,
2026-05-17_유진투자증권_산업,2026-05-17,유진투자증권,북미,EV,판매대수,2027,223,,천대,캐나다,60,시장전체,,
2026-05-17_유진투자증권_산업,2026-05-17,유진투자증권,북미,EV,판매대수,2028,263,,천대,캐나다,60,시장전체,,
2026-05-17_유진투자증권_산업,2026-05-17,유진투자증권,북미,EV,판매대수,2029,323,,천대,캐나다,60,시장전체,,
2026-05-17_유진투자증권_산업,2026-05-17,유진투자증권,북미,EV,판매대수,2030,396,,천대,캐나다,60,시장전체,,
2026-05-17_유진투자증권_산업,2026-05-17,유진투자증권,기타,EV,실적치,2022,6271,,천대,아시아·대양주 합계,60,시장전체,,
2026-05-17_유진투자증권_산업,2026-05-17,유진투자증권,기타,EV,실적치,2023,8574,,천대,아시아·대양주 합계,60,시장전체,,
2026-05-17_유진투자증권_산업,2026-05-17,유진투자증권,기타,EV,실적치,2024,11644,,천대,아시아·대양주 합계,60,시장전체,,
2026-05-17_유진투자증권_산업,2026-05-17,유진투자증권,기타,EV,판매대수,2025,13529,,천대,아시아·대양주 합계,60,시장전체,,
2026-05-17_유진투자증권_산업,2026-05-17,유진투자증권,기타,EV,판매대수,2026,15873,,천대,아시아·대양주 합계,60,시장전체,,
2026-05-17_유진투자증권_산업,2026-05-17,유진투자증권,기타,EV,판매대수,2027,18271,,천대,아시아·대양주 합계,60,시장전체,,
2026-05-17_유진투자증권_산업,2026-05-17,유진투자증권,기타,EV,판매대수,2028,20726,,천대,아시아·대양주 합계,60,시장전체,,
2026-05-17_유진투자증권_산업,2026-05-17,유진투자증권,기타,EV,판매대수,2029,22915,,천대,아시아·대양주 합계,60,시장전체,,
2026-05-17_유진투자증권_산업,2026-05-17,유진투자증권,기타,EV,판매대수,2030,24879,,천대,아시아·대양주 합계,60,시장전체,,
2026-05-17_유진투자증권_산업,2026-05-17,유진투자증권,중국,EV,실적치,2022,5924,,천대,중국,60,시장전체,,
2026-05-17_유진투자증권_산업,2026-05-17,유진투자증권,중국,EV,실적치,2023,8095,,천대,중국,60,시장전체,,
2026-05-17_유진투자증권_산업,2026-05-17,유진투자증권,중국,EV,실적치,2024,11156,,천대,중국,60,시장전체,,
2026-05-17_유진투자증권_산업,2026-05-17,유진투자증권,중국,EV,판매대수,2025,12842,,천대,중국,60,시장전체,,
2026-05-17_유진투자증권_산업,2026-05-17,유진투자증권,중국,EV,판매대수,2026,14997,,천대,중국,60,시장전체,,
2026-05-17_유진투자증권_산업,2026-05-17,유진투자증권,중국,EV,판매대수,2027,17187,,천대,중국,60,시장전체,,
2026-05-17_유진투자증권_산업,2026-05-17,유진투자증권,중국,EV,판매대수,2028,19383,,천대,중국,60,시장전체,,
2026-05-17_유진투자증권_산업,2026-05-17,유진투자증권,중국,EV,판매대수,2029,21255,,천대,중국,60,시장전체,,
2026-05-17_유진투자증권_산업,2026-05-17,유진투자증권,중국,EV,판매대수,2030,22816,,천대,중국,60,시장전체,,
2026-05-17_유진투자증권_산업,2026-05-17,유진투자증권,기타,EV,실적치,2022,96,,천대,일본,60,시장전체,,
2026-05-17_유진투자증권_산업,2026-05-17,유진투자증권,기타,EV,실적치,2023,141,,천대,일본,60,시장전체,,
2026-05-17_유진투자증권_산업,2026-05-17,유진투자증권,기타,EV,실적치,2024,110,,천대,일본,60,시장전체,,
2026-05-17_유진투자증권_산업,2026-05-17,유진투자증권,기타,EV,판매대수,2025,115,,천대,일본,60,시장전체,,
2026-05-17_유진투자증권_산업,2026-05-17,유진투자증권,기타,EV,판매대수,2026,139,,천대,일본,60,시장전체,,
2026-05-17_유진투자증권_산업,2026-05-17,유진투자증권,기타,EV,판매대수,2027,167,,천대,일본,60,시장전체,,
2026-05-17_유진투자증권_산업,2026-05-17,유진투자증권,기타,EV,판매대수,2028,201,,천대,일본,60,시장전체,,
2026-05-17_유진투자증권_산업,2026-05-17,유진투자증권,기타,EV,판매대수,2029,242,,천대,일본,60,시장전체,,
2026-05-17_유진투자증권_산업,2026-05-17,유진투자증권,기타,EV,판매대수,2030,292,,천대,일본,60,시장전체,,
2026-05-17_유진투자증권_산업,2026-05-17,유진투자증권,기타,EV,실적치,2022,251,,천대,기타아시아,60,시장전체,,
2026-05-17_유진투자증권_산업,2026-05-17,유진투자증권,기타,EV,실적치,2023,338,,천대,기타아시아,60,시장전체,,
2026-05-17_유진투자증권_산업,2026-05-17,유진투자증권,기타,EV,실적치,2024,379,,천대,기타아시아,60,시장전체,,
2026-05-17_유진투자증권_산업,2026-05-17,유진투자증권,기타,EV,판매대수,2025,572,,천대,기타아시아,60,시장전체,,
2026-05-17_유진투자증권_산업,2026-05-17,유진투자증권,기타,EV,판매대수,2026,738,,천대,기타아시아,60,시장전체,,
2026-05-17_유진투자증권_산업,2026-05-17,유진투자증권,기타,EV,판매대수,2027,917,,천대,기타아시아,60,시장전체,,
2026-05-17_유진투자증권_산업,2026-05-17,유진투자증권,기타,EV,판매대수,2028,1142,,천대,기타아시아,60,시장전체,,
2026-05-17_유진투자증권_산업,2026-05-17,유진투자증권,기타,EV,판매대수,2029,1418,,천대,기타아시아,60,시장전체,,
2026-05-17_유진투자증권_산업,2026-05-17,유진투자증권,기타,EV,판매대수,2030,1771,,천대,기타아시아,60,시장전체,,
2026-05-17_유진투자증권_산업,2026-05-17,유진투자증권,유럽,EV,실적치,2022,2602,,천대,유럽,60,시장전체,,
2026-05-17_유진투자증권_산업,2026-05-17,유진투자증권,유럽,EV,실적치,2023,3010,,천대,유럽,60,시장전체,,
2026-05-17_유진투자증권_산업,2026-05-17,유진투자증권,유럽,EV,실적치,2024,2945,,천대,유럽,60,시장전체,,
2026-05-17_유진투자증권_산업,2026-05-17,유진투자증권,유럽,EV,판매대수,2025,3856,,천대,유럽,60,시장전체,,
2026-05-17_유진투자증권_산업,2026-05-17,유진투자증권,유럽,EV,판매대수,2026,4669,,천대,유럽,60,시장전체,,
2026-05-17_유진투자증권_산업,2026-05-17,유진투자증권,유럽,EV,판매대수,2027,5790,,천대,유럽,60,시장전체,,
2026-05-17_유진투자증권_산업,2026-05-17,유진투자증권,유럽,EV,판매대수,2028,6561,,천대,유럽,60,시장전체,,
2026-05-17_유진투자증권_산업,2026-05-17,유진투자증권,유럽,EV,판매대수,2029,7656,,천대,유럽,60,시장전체,,
2026-05-17_유진투자증권_산업,2026-05-17,유진투자증권,유럽,EV,판매대수,2030,9071,,천대,유럽,60,시장전체,,
2026-05-17_유진투자증권_산업,2026-05-17,유진투자증권,기타,EV,실적치,2022,175,,천대,기타국가,60,시장전체,,
2026-05-17_유진투자증권_산업,2026-05-17,유진투자증권,기타,EV,실적치,2023,485,,천대,기타국가,60,시장전체,,
2026-05-17_유진투자증권_산업,2026-05-17,유진투자증권,기타,EV,실적치,2024,1193,,천대,기타국가,60,시장전체,,
2026-05-17_유진투자증권_산업,2026-05-17,유진투자증권,기타,EV,판매대수,2025,1577,,천대,기타국가,60,시장전체,,
2026-05-17_유진투자증권_산업,2026-05-17,유진투자증권,기타,EV,판매대수,2026,1971,,천대,기타국가,60,시장전체,,
2026-05-17_유진투자증권_산업,2026-05-17,유진투자증권,기타,EV,판매대수,2027,2424,,천대,기타국가,60,시장전체,,
2026-05-17_유진투자증권_산업,2026-05-17,유진투자증권,기타,EV,판매대수,2028,2909,,천대,기타국가,60,시장전체,,
2026-05-17_유진투자증권_산업,2026-05-17,유진투자증권,기타,EV,판매대수,2029,3433,,천대,기타국가,60,시장전체,,
2026-05-17_유진투자증권_산업,2026-05-17,유진투자증권,기타,EV,판매대수,2030,4016,,천대,기타국가,60,시장전체,,
2026-05-17_유진투자증권_산업,2026-05-17,유진투자증권,글로벌,EV,실적치,2022,10091,,천대,전세계,60,시장전체,,
2026-05-17_유진투자증권_산업,2026-05-17,유진투자증권,글로벌,EV,실적치,2023,13689,,천대,전세계,60,시장전체,,
2026-05-17_유진투자증권_산업,2026-05-17,유진투자증권,글로벌,EV,실적치,2024,17623,,천대,전세계,60,시장전체,,
2026-05-17_유진투자증권_산업,2026-05-17,유진투자증권,글로벌,EV,판매대수,2025,20612,,천대,전세계,60,시장전체,,
2026-05-17_유진투자증권_산업,2026-05-17,유진투자증권,글로벌,EV,판매대수,2026,24007,,천대,전세계,60,시장전체,,
2026-05-17_유진투자증권_산업,2026-05-17,유진투자증권,글로벌,EV,판매대수,2027,28213,,천대,전세계,60,시장전체,,
2026-05-17_유진투자증권_산업,2026-05-17,유진투자증권,글로벌,EV,판매대수,2028,32251,,천대,전세계,60,시장전체,,
2026-05-17_유진투자증권_산업,2026-05-17,유진투자증권,글로벌,EV,판매대수,2029,36575,,천대,전세계,60,시장전체,,
2026-05-17_유진투자증권_산업,2026-05-17,유진투자증권,글로벌,EV,판매대수,2030,41273,,천대,전세계,60,시장전체,,
2026-05-17_유진투자증권_산업,2026-05-17,유진투자증권,글로벌,EV,실적치,2022,12.7,,%,전세계 전기차 판매 비중(전체 자동차 판매 대비),60,시장전체,,
2026-05-17_유진투자증권_산업,2026-05-17,유진투자증권,글로벌,EV,실적치,2023,15.7,,%,전세계 전기차 판매 비중(전체 자동차 판매 대비),60,시장전체,,
2026-05-17_유진투자증권_산업,2026-05-17,유진투자증권,글로벌,EV,실적치,2024,19.6,,%,전세계 전기차 판매 비중(전체 자동차 판매 대비),60,시장전체,,
2026-05-17_유진투자증권_산업,2026-05-17,유진투자증권,글로벌,EV,침투율,2025,22.3,,%,전세계 전기차 판매 비중(전체 자동차 판매 대비),60,시장전체,,
2026-05-17_유진투자증권_산업,2026-05-17,유진투자증권,글로벌,EV,침투율,2026,25.2,,%,전세계 전기차 판매 비중(전체 자동차 판매 대비),60,시장전체,,
2026-05-17_유진투자증권_산업,2026-05-17,유진투자증권,글로벌,EV,침투율,2027,29.0,,%,전세계 전기차 판매 비중(전체 자동차 판매 대비),60,시장전체,,
2026-05-17_유진투자증권_산업,2026-05-17,유진투자증권,글로벌,EV,침투율,2028,32.5,,%,전세계 전기차 판매 비중(전체 자동차 판매 대비),60,시장전체,,
2026-05-17_유진투자증권_산업,2026-05-17,유진투자증권,글로벌,EV,침투율,2029,36.2,,%,전세계 전기차 판매 비중(전체 자동차 판매 대비),60,시장전체,,
2026-05-17_유진투자증권_산업,2026-05-17,유진투자증권,글로벌,EV,침투율,2030,40.0,,%,전세계 전기차 판매 비중(전체 자동차 판매 대비),60,시장전체,,
2026-05-17_유진투자증권_산업,2026-05-17,유진투자증권,글로벌,ESS,실적치,2025,314,,GWh,글로벌 BESS 신규 설치용량,6,시장전체,,
2026-05-17_유진투자증권_산업,2026-05-17,유진투자증권,글로벌,ESS,수요량,2026,421,,GWh,글로벌 BESS 신규 설치용량,6,시장전체,,
2026-05-17_유진투자증권_산업,2026-05-17,유진투자증권,글로벌,ESS,수요량,2027,530,,GWh,글로벌 BESS 신규 설치용량,6,시장전체,,
2026-05-17_유진투자증권_산업,2026-05-17,유진투자증권,글로벌,ESS,수요량,2028,628,,GWh,글로벌 BESS 신규 설치용량,6,시장전체,,
2026-05-17_유진투자증권_산업,2026-05-17,유진투자증권,글로벌,ESS,수요량,2029,739,,GWh,글로벌 BESS 신규 설치용량,6,시장전체,,
2026-05-17_유진투자증권_산업,2026-05-17,유진투자증권,글로벌,ESS,수요량,2030,872,,GWh,글로벌 BESS 신규 설치용량,6,시장전체,,
2026-05-17_유진투자증권_산업,2026-05-17,유진투자증권,글로벌,EV,실적치,2025,1055,,GWh,글로벌 EV 배터리 수요,6,시장전체,,
2026-05-17_유진투자증권_산업,2026-05-17,유진투자증권,글로벌,EV,수요량,2026,1253,,GWh,글로벌 EV 배터리 수요,6,시장전체,,
2026-05-17_유진투자증권_산업,2026-05-17,유진투자증권,글로벌,EV,수요량,2027,1502,,GWh,글로벌 EV 배터리 수요,6,시장전체,,
2026-05-17_유진투자증권_산업,2026-05-17,유진투자증권,글로벌,EV,수요량,2028,1751,,GWh,글로벌 EV 배터리 수요,6,시장전체,,
2026-05-17_유진투자증권_산업,2026-05-17,유진투자증권,글로벌,EV,수요량,2029,2026,,GWh,글로벌 EV 배터리 수요,6,시장전체,,
2026-05-17_유진투자증권_산업,2026-05-17,유진투자증권,글로벌,EV,수요량,2030,2331,,GWh,글로벌 EV 배터리 수요,6,시장전체,,
2026-05-17_유진투자증권_산업,2026-05-17,유진투자증권,북미,ESS,실적치,2025,51,,GWh,미국 BESS 신규 설치용량,11,시장전체,,
2026-05-17_유진투자증권_산업,2026-05-17,유진투자증권,북미,ESS,수요량,2026,67,,GWh,미국 BESS 신규 설치용량,11,시장전체,,
2026-05-17_유진투자증권_산업,2026-05-17,유진투자증권,북미,ESS,수요량,2027,85,,GWh,미국 BESS 신규 설치용량,11,시장전체,,
2026-05-17_유진투자증권_산업,2026-05-17,유진투자증권,북미,ESS,수요량,2028,98,,GWh,미국 BESS 신규 설치용량,11,시장전체,,
2026-05-17_유진투자증권_산업,2026-05-17,유진투자증권,북미,ESS,수요량,2029,115,,GWh,미국 BESS 신규 설치용량,11,시장전체,,
2026-05-17_유진투자증권_산업,2026-05-17,유진투자증권,북미,ESS,수요량,2030,130,,GWh,미국 BESS 신규 설치용량,11,시장전체,,
2026-05-17_유진투자증권_산업,2026-05-17,유진투자증권,유럽,ESS,실적치,2025,32,,GWh,유럽 BESS 신규 설치용량,11,시장전체,,
2026-05-17_유진투자증권_산업,2026-05-17,유진투자증권,유럽,ESS,수요량,2026,42,,GWh,유럽 BESS 신규 설치용량,11,시장전체,,
2026-05-17_유진투자증권_산업,2026-05-17,유진투자증권,유럽,ESS,수요량,2027,65,,GWh,유럽 BESS 신규 설치용량,11,시장전체,,
2026-05-17_유진투자증권_산업,2026-05-17,유진투자증권,유럽,ESS,수요량,2028,88,,GWh,유럽 BESS 신규 설치용량,11,시장전체,,
2026-05-17_유진투자증권_산업,2026-05-17,유진투자증권,유럽,ESS,수요량,2029,110,,GWh,유럽 BESS 신규 설치용량,11,시장전체,,
2026-05-17_유진투자증권_산업,2026-05-17,유진투자증권,유럽,ESS,수요량,2030,135,,GWh,유럽 BESS 신규 설치용량,11,시장전체,,
2026-05-17_유진투자증권_산업,2026-05-17,유진투자증권,글로벌,ESS,실적치,2025,23,,%,글로벌 EV+ESS 배터리 중 BESS 비중,12,시장전체,,
2026-05-17_유진투자증권_산업,2026-05-17,유진투자증권,글로벌,ESS,침투율,2026,25,,%,글로벌 EV+ESS 배터리 중 BESS 비중,12,시장전체,,
2026-05-17_유진투자증권_산업,2026-05-17,유진투자증권,글로벌,ESS,침투율,2027,26,,%,글로벌 EV+ESS 배터리 중 BESS 비중,12,시장전체,,
2026-05-17_유진투자증권_산업,2026-05-17,유진투자증권,글로벌,ESS,침투율,2028,26,,%,글로벌 EV+ESS 배터리 중 BESS 비중,12,시장전체,,
2026-05-17_유진투자증권_산업,2026-05-17,유진투자증권,글로벌,ESS,침투율,2029,27,,%,글로벌 EV+ESS 배터리 중 BESS 비중,12,시장전체,,
2026-05-17_유진투자증권_산업,2026-05-17,유진투자증권,글로벌,ESS,침투율,2030,27,,%,글로벌 EV+ESS 배터리 중 BESS 비중,12,시장전체,,
2026-05-17_유진투자증권_산업,2026-05-17,유진투자증권,북미,ESS,실적치,2025,32,,%,미국 EV+ESS 배터리 중 BESS 비중,12,시장전체,,
2026-05-17_유진투자증권_산업,2026-05-17,유진투자증권,북미,ESS,침투율,2026,41,,%,미국 EV+ESS 배터리 중 BESS 비중,12,시장전체,,
2026-05-17_유진투자증권_산업,2026-05-17,유진투자증권,북미,ESS,침투율,2027,43,,%,미국 EV+ESS 배터리 중 BESS 비중,12,시장전체,,
2026-05-17_유진투자증권_산업,2026-05-17,유진투자증권,북미,ESS,침투율,2028,42,,%,미국 EV+ESS 배터리 중 BESS 비중,12,시장전체,,
2026-05-17_유진투자증권_산업,2026-05-17,유진투자증권,북미,ESS,침투율,2029,40,,%,미국 EV+ESS 배터리 중 BESS 비중,12,시장전체,,
2026-05-17_유진투자증권_산업,2026-05-17,유진투자증권,북미,ESS,침투율,2030,36,,%,미국 EV+ESS 배터리 중 BESS 비중,12,시장전체,,
2026-05-17_유진투자증권_산업,2026-05-17,유진투자증권,유럽,ESS,실적치,2025,17,,%,유럽 EV+ESS 배터리 중 BESS 비중,12,시장전체,,
2026-05-17_유진투자증권_산업,2026-05-17,유진투자증권,유럽,ESS,침투율,2026,18,,%,유럽 EV+ESS 배터리 중 BESS 비중,12,시장전체,,
2026-05-17_유진투자증권_산업,2026-05-17,유진투자증권,유럽,ESS,침투율,2027,21,,%,유럽 EV+ESS 배터리 중 BESS 비중,12,시장전체,,
2026-05-17_유진투자증권_산업,2026-05-17,유진투자증권,유럽,ESS,침투율,2028,24,,%,유럽 EV+ESS 배터리 중 BESS 비중,12,시장전체,,
2026-05-17_유진투자증권_산업,2026-05-17,유진투자증권,유럽,ESS,침투율,2029,24,,%,유럽 EV+ESS 배터리 중 BESS 비중,12,시장전체,,
2026-05-17_유진투자증권_산업,2026-05-17,유진투자증권,유럽,ESS,침투율,2030,25,,%,유럽 EV+ESS 배터리 중 BESS 비중,12,시장전체,,
2026-05-17_유진투자증권_산업,2026-05-17,유진투자증권,한국,ESS,수요량,2026,3,,GWh,국내 BESS 수요 전망,17,시장전체,,
2026-05-17_유진투자증권_산업,2026-05-17,유진투자증권,한국,ESS,수요량,2027,6,,GWh,국내 BESS 수요 전망,17,시장전체,,
2026-05-17_유진투자증권_산업,2026-05-17,유진투자증권,한국,ESS,수요량,2028,10,,GWh,국내 BESS 수요 전망,17,시장전체,,
2026-05-17_유진투자증권_산업,2026-05-17,유진투자증권,한국,ESS,수요량,2029,10,,GWh,국내 BESS 수요 전망,17,시장전체,,
2026-05-17_유진투자증권_산업,2026-05-17,유진투자증권,한국,ESS,수요량,2030,10,,GWh,국내 BESS 수요 전망,17,시장전체,,
2026-05-17_유진투자증권_산업,2026-05-17,유진투자증권,한국,EV,수요량,2026,17,,GWh,국내 전기차용 배터리 수요 전망,17,시장전체,,
2026-05-17_유진투자증권_산업,2026-05-17,유진투자증권,한국,EV,수요량,2027,21,,GWh,국내 전기차용 배터리 수요 전망,17,시장전체,,
2026-05-17_유진투자증권_산업,2026-05-17,유진투자증권,한국,EV,수요량,2028,26,,GWh,국내 전기차용 배터리 수요 전망,17,시장전체,,
2026-05-17_유진투자증권_산업,2026-05-17,유진투자증권,한국,EV,수요량,2029,31,,GWh,국내 전기차용 배터리 수요 전망,17,시장전체,,
2026-05-17_유진투자증권_산업,2026-05-17,유진투자증권,한국,EV,수요량,2030,38,,GWh,국내 전기차용 배터리 수요 전망,17,시장전체,,
2026-05-17_유진투자증권_산업,2026-05-17,유진투자증권,글로벌,EV,실적치,2024,0.6,,GWh,"소듐이온 배터리, Passenger EV",36,서브세그먼트,,
2026-05-17_유진투자증권_산업,2026-05-17,유진투자증권,글로벌,EV,실적치,2025,2.3,,GWh,"소듐이온 배터리, Passenger EV",36,서브세그먼트,,
2026-05-17_유진투자증권_산업,2026-05-17,유진투자증권,글로벌,EV,수요량,2026,4.6,,GWh,"소듐이온 배터리, Passenger EV",36,서브세그먼트,,
2026-05-17_유진투자증권_산업,2026-05-17,유진투자증권,글로벌,ESS,실적치,2024,0.2,,GWh,"소듐이온 배터리, Stationary storage",36,서브세그먼트,,
2026-05-17_유진투자증권_산업,2026-05-17,유진투자증권,글로벌,ESS,실적치,2025,1.4,,GWh,"소듐이온 배터리, Stationary storage",36,서브세그먼트,,
2026-05-17_유진투자증권_산업,2026-05-17,유진투자증권,글로벌,ESS,수요량,2026,4.5,,GWh,"소듐이온 배터리, Stationary storage",36,서브세그먼트,,
2026-05-17_유진투자증권_산업,2026-05-17,유진투자증권,글로벌,EV,실적치,2025,0.8,,GWh,"소듐이온 배터리, Two-and-Three Wheelers",36,서브세그먼트,,
2026-05-17_유진투자증권_산업,2026-05-17,유진투자증권,글로벌,EV,수요량,2026,2.2,,GWh,"소듐이온 배터리, Two-and-Three Wheelers",36,서브세그먼트,,
2026-05-17_유진투자증권_산업,2026-05-17,유진투자증권,글로벌,EV,침투율,2030,3,,%,"전고체 배터리 침투율(전체 배터리 캐파 대비, 낙관 시나리오 기준)",26,서브세그먼트,,
2026-05-17_유진투자증권_산업,2026-05-17,유진투자증권,글로벌,EV,침투율,2035,10,,%,전고체 배터리 침투율(낙관 시나리오),26,서브세그먼트,,
2026-05-17_유진투자증권_산업,2026-05-17,유진투자증권,글로벌,EV,침투율,2035,7,,%,전고체 배터리 침투율(보수 시나리오),26,서브세그먼트,,
2026-05-17_유진투자증권_산업,2026-05-17,유진투자증권,유럽,EV,실적치,2025,857,,천대,독일 전기차 판매,45,시장전체,,
2026-05-17_유진투자증권_산업,2026-05-17,유진투자증권,유럽,EV,판매대수,2026,1110,,천대,독일 전기차 판매,45,시장전체,,
2026-05-17_유진투자증권_산업,2026-05-17,유진투자증권,유럽,EV,판매대수,2027,1470,,천대,독일 전기차 판매,45,시장전체,,
2026-05-17_유진투자증권_산업,2026-05-17,유진투자증권,유럽,EV,실적치,2025,436,,천대,프랑스 전기차 판매,46,시장전체,,
2026-05-17_유진투자증권_산업,2026-05-17,유진투자증권,유럽,EV,판매대수,2026,510,,천대,프랑스 전기차 판매,46,시장전체,,
2026-05-17_유진투자증권_산업,2026-05-17,유진투자증권,유럽,EV,판매대수,2027,618,,천대,프랑스 전기차 판매,46,시장전체,,
2026-05-17_유진투자증권_산업,2026-05-17,유진투자증권,유럽,EV,실적치,2025,698,,천대,영국 전기차 판매,47,시장전체,,
2026-05-17_유진투자증권_산업,2026-05-17,유진투자증권,유럽,EV,판매대수,2026,870,,천대,영국 전기차 판매,47,시장전체,,
2026-05-17_유진투자증권_산업,2026-05-17,유진투자증권,유럽,EV,판매대수,2027,1098,,천대,영국 전기차 판매,47,시장전체,,
2026-05-17_유진투자증권_산업,2026-05-17,유진투자증권,유럽,EV,실적치,2025,192,,천대,이탈리아 전기차 판매,48,시장전체,,
2026-05-17_유진투자증권_산업,2026-05-17,유진투자증권,유럽,EV,판매대수,2026,247,,천대,이탈리아 전기차 판매,48,시장전체,,
2026-05-17_유진투자증권_산업,2026-05-17,유진투자증권,유럽,EV,판매대수,2027,308,,천대,이탈리아 전기차 판매,48,시장전체,,
2026-05-17_유진투자증권_산업,2026-05-17,유진투자증권,유럽,EV,실적치,2025,226,,천대,스페인 전기차 판매,49,시장전체,,
2026-05-17_유진투자증권_산업,2026-05-17,유진투자증권,유럽,EV,판매대수,2026,296,,천대,스페인 전기차 판매,49,시장전체,,
2026-05-17_유진투자증권_산업,2026-05-17,유진투자증권,유럽,EV,판매대수,2027,381,,천대,스페인 전기차 판매,49,시장전체,,
2026-06-08_하나증권_산업,2026-06-08,하나증권,유럽,EV,성장률,2026,9,,%,2026년3월 유럽 전기차 배터리 전체 출하량 YoY,1,월간·누적,,
2026-06-08_하나증권_산업,2026-06-08,하나증권,유럽,EV,성장률,2026,23,,%,2026년4월 유럽 전기차 배터리 전체 출하량 YoY,1,월간·누적,,
2026-06-08_하나증권_산업,2026-06-08,하나증권,북미,EV,판매대수,2026,8.1,,만대,"2026년5월 미국 BEV(YoY-20%,MoM+12%)",2,월간·누적,,
2026-06-08_하나증권_산업,2026-06-08,하나증권,북미,EV,판매대수,2026,2.3,,만대,"2026년5월 미국 PHEV(YoY-15%,MoM+34%)",2,월간·누적,,
2026-06-08_하나증권_산업,2026-06-08,하나증권,유럽,EV,판매대수,2026,6.0,,만대,2026년5월 독일 BEV(YoY+39%),2,월간·누적,,
2026-06-08_하나증권_산업,2026-06-08,하나증권,유럽,EV,판매대수,2026,2.8,,만대,2026년5월 독일 PHEV(YoY+11%),2,월간·누적,,
2026-06-08_하나증권_산업,2026-06-08,하나증권,유럽,EV,판매대수,2026,4.4,,만대,"2026년5월 영국 BEV(YoY+34%,MoM+12%)",2,월간·누적,,
2026-06-08_하나증권_산업,2026-06-08,하나증권,유럽,EV,판매대수,2026,2.2,,만대,"2026년5월 영국 PHEV(YoY+24%,MoM+8%)",2,월간·누적,,
2026-06-08_하나증권_산업,2026-06-08,하나증권,유럽,EV,판매대수,2026,3.8,,만대,"2026년5월 프랑스 BEV(YoY+95%,MoM+4%)",2,월간·누적,,
2026-06-08_하나증권_산업,2026-06-08,하나증권,유럽,EV,판매대수,2026,0.8,,만대,"2026년5월 프랑스 PHEV(YoY-6%,MoM-8%)",2,월간·누적,,
2026-06-08_하나증권_산업,2026-06-08,하나증권,글로벌,EV,판매대수,2026,171.6,,만대,2026년4월 글로벌 EV 판매량 합계(YoY+10%),9,월간·누적,,
2026-06-08_하나증권_산업,2026-06-08,하나증권,글로벌,EV,판매대수,2026,125.7,,만대,2026년4월 글로벌 BEV(YoY+20%),9,월간·누적,,
2026-06-08_하나증권_산업,2026-06-08,하나증권,글로벌,EV,판매대수,2026,45.9,,만대,2026년4월 글로벌 PHEV(YoY-10%),9,월간·누적,,
2026-06-08_하나증권_산업,2026-06-08,하나증권,북미,EV,판매대수,2026,8.6,,만대,2026년4월 미국 EV 합계(YoY-35%),9,월간·누적,,
2026-06-08_하나증권_산업,2026-06-08,하나증권,북미,EV,판매대수,2026,7.5,,만대,2026년4월 미국 BEV(YoY-26%),9,월간·누적,,
2026-06-08_하나증권_산업,2026-06-08,하나증권,북미,EV,판매대수,2026,1.1,,만대,2026년4월 미국 PHEV(YoY-64%),9,월간·누적,,
2026-06-08_하나증권_산업,2026-06-08,하나증권,중국,EV,판매대수,2026,98.9,,만대,2026년4월 중국 EV 합계(YoY-1%),9,월간·누적,,
2026-06-08_하나증권_산업,2026-06-08,하나증권,중국,EV,판매대수,2026,71.2,,만대,2026년4월 중국 BEV(YoY+11%),9,월간·누적,,
2026-06-08_하나증권_산업,2026-06-08,하나증권,중국,EV,판매대수,2026,27.7,,만대,2026년4월 중국 PHEV(YoY-20%),9,월간·누적,,
2026-06-08_하나증권_산업,2026-06-08,하나증권,유럽,EV,판매대수,2026,40.3,,만대,2026년4월 유럽 EV 합계(YoY+27%),9,월간·누적,,
2026-06-08_하나증권_산업,2026-06-08,하나증권,유럽,EV,판매대수,2026,27.8,,만대,2026년4월 유럽 BEV(YoY+33%),9,월간·누적,,
2026-06-08_하나증권_산업,2026-06-08,하나증권,유럽,EV,판매대수,2026,12.5,,만대,2026년4월 유럽 PHEV(YoY+16%),9,월간·누적,,
2026-06-08_하나증권_산업,2026-06-08,하나증권,북미,EV,실적치,2026,44.97,,만대,미국 연간 누적(1-5월) 전기차 판매대수(YoY-29.1%),10,월간·누적,,
2026-06-08_하나증권_산업,2026-06-08,하나증권,북미,EV,침투율,2026,6.9,,%,미국 연간 누적 전기차 판매 점유율(M/S),10,월간·누적,,
2026-06-08_하나증권_산업,2026-06-08,하나증권,중국,EV,실적치,2026,248.1,,만대,중국 연간 누적(1-4월) 전기차 판매대수(YoY-18.0%),10,월간·누적,,
2026-06-08_하나증권_산업,2026-06-08,하나증권,중국,EV,침투율,2026,43.7,,%,중국 연간 누적 전기차 판매 점유율(M/S),10,월간·누적,,
2026-06-08_하나증권_산업,2026-06-08,하나증권,유럽,EV,실적치,2026,33.31,,만대,영국 연간 누적(1-5월) 전기차 판매대수(YoY+26.6%),10,월간·누적,,
2026-06-08_하나증권_산업,2026-06-08,하나증권,유럽,EV,침투율,2026,36.0,,%,영국 연간 누적 전기차 판매 점유율(M/S),10,월간·누적,,
2026-06-08_하나증권_산업,2026-06-08,하나증권,유럽,EV,실적치,2026,32.76,,만대,독일 연간 누적(1-4월) 전기차 판매대수(YoY+32.9%),10,월간·누적,,
2026-06-08_하나증권_산업,2026-06-08,하나증권,유럽,EV,침투율,2026,34.5,,%,독일 연간 누적 전기차 판매 점유율(M/S),10,월간·누적,,
2026-06-08_하나증권_산업,2026-06-08,하나증권,유럽,EV,실적치,2026,22.3,,만대,프랑스 연간 누적(1-5월) 전기차 판매대수(YoY+42.2%),10,월간·누적,,
2026-06-08_하나증권_산업,2026-06-08,하나증권,유럽,EV,침투율,2026,33.0,,%,프랑스 연간 누적 전기차 판매 점유율(M/S),10,월간·누적,,
2026-06-08_하나증권_산업,2026-06-08,하나증권,유럽,EV,실적치,2026,7.37,,만대,스웨덴 연간 누적(1-5월) 전기차 판매대수(YoY+7.7%),10,월간·누적,,
2026-06-08_하나증권_산업,2026-06-08,하나증권,유럽,EV,침투율,2026,63.3,,%,스웨덴 연간 누적 전기차 판매 점유율(M/S),10,월간·누적,,
2026-06-08_하나증권_산업,2026-06-08,하나증권,유럽,EV,실적치,2026,5.38,,만대,노르웨이 연간 누적(1-5월) 전기차 판매대수(YoY-3.0%),10,월간·누적,,
2026-06-08_하나증권_산업,2026-06-08,하나증권,유럽,EV,침투율,2026,98.6,,%,노르웨이 연간 누적 전기차 판매 점유율(M/S),10,월간·누적,,
2026-06-08_하나증권_산업,2026-06-08,하나증권,글로벌,ESS,실적치,2026,88.1,,GWh,"글로벌 ESS 신규 설치 누적(1-4월, YoY+30.8%)",8,월간·누적,,
2026-06-08_하나증권_산업,2026-06-08,하나증권,북미,ESS,실적치,2026,12.4,,GWh,"미국 ESS 신규 설치 누적(1-4월, YoY+10.5%)",8,월간·누적,,
2026-06-08_하나증권_산업,2026-06-08,하나증권,유럽,ESS,실적치,2026,10.2,,GWh,"유럽 ESS 신규 설치 누적(1-4월, YoY+67.7%)",8,월간·누적,,
2026-06-08_하나증권_산업,2026-06-08,하나증권,중국,ESS,실적치,2026,41.0,,GWh,"중국 ESS 신규 설치 누적(1-4월, YoY+10.9%)",8,월간·누적,,
2026-06-08_하나증권_산업,2026-06-08,하나증권,기타,ESS,실적치,2026,24.5,,GWh,"기타지역 ESS 신규 설치 누적(1-4월, YoY+87.4%)",8,월간·누적,,
2026-06-08_하나증권_산업,2026-06-08,하나증권,글로벌,EV,실적치,2026,352.7,,GWh,"글로벌 전기차용 리튬이온 배터리 출하량 누적(1-4월, YoY+14%)",15,월간·누적,,
