report_id,date,house,company,segment,segment_std,fy,period,metric,value,unit,ampc_basis,source_page
2023-05-23_SK증권_산업,2023-05-23,SK증권,LGES,전사,전사,2023,FY,매출,37688,십억원,excl,68
2023-05-23_SK증권_산업,2023-05-23,SK증권,LGES,전사,전사,2023,FY,영업이익,3232,십억원,incl,68
2023-05-23_SK증권_산업,2023-05-23,SK증권,LGES,전사,전사,2024,FY,매출,48438,십억원,excl,68
2023-05-23_SK증권_산업,2023-05-23,SK증권,LGES,전사,전사,2024,FY,영업이익,5111,십억원,incl,68
2023-05-23_SK증권_산업,2023-05-23,SK증권,LGES,전사,전사,2025,FY,매출,63244,십억원,excl,68
2023-05-23_SK증권_산업,2023-05-23,SK증권,LGES,전사,전사,2025,FY,영업이익,7492,십억원,incl,68
2023-05-23_SK증권_산업,2023-05-23,SK증권,LGES,EV,EV,2023,FY,매출,24206.6,십억원,excl,73
2023-05-23_SK증권_산업,2023-05-23,SK증권,LGES,ESS,ESS,2023,FY,매출,2954.4,십억원,excl,73
2023-05-23_SK증권_산업,2023-05-23,SK증권,LGES,전사,전사,2023,FY,AMPC,877.1,십억원,na,73
2023-05-23_SK증권_산업,2023-05-23,SK증권,LGES,전사,전사,2026,FY,매출,74381,십억원,excl,20
2023-05-23_SK증권_산업,2023-05-23,SK증권,LGES,전사,전사,2027,FY,매출,83748,십억원,excl,20
2023-05-23_SK증권_산업,2023-05-23,SK증권,LGES,전사,전사,2028,FY,매출,91031,십억원,excl,20
2023-05-23_SK증권_산업,2023-05-23,SK증권,LGES,전사,전사,2029,FY,매출,94530,십억원,excl,20
2023-05-23_SK증권_산업,2023-05-23,SK증권,LGES,전사,전사,2030,FY,매출,97222,십억원,excl,20
2023-05-23_SK증권_산업,2023-05-23,SK증권,삼성SDI,전사,전사,2023,FY,매출,23957,십억원,excl,80
2023-05-23_SK증권_산업,2023-05-23,SK증권,삼성SDI,전사,전사,2023,FY,영업이익,2062,십억원,excl,80
2023-05-23_SK증권_산업,2023-05-23,SK증권,삼성SDI,전사,전사,2024,FY,매출,25627,십억원,excl,80
2023-05-23_SK증권_산업,2023-05-23,SK증권,삼성SDI,전사,전사,2024,FY,영업이익,2434,십억원,excl,80
2023-05-23_SK증권_산업,2023-05-23,SK증권,삼성SDI,전사,전사,2025,FY,매출,34139,십억원,excl,80
2023-05-23_SK증권_산업,2023-05-23,SK증권,삼성SDI,전사,전사,2025,FY,영업이익,3356,십억원,incl_unknown,80
2023-05-23_SK증권_산업,2023-05-23,SK증권,삼성SDI,ESS,ESS,2023,FY,매출,2795.8,십억원,excl,86
2023-05-23_SK증권_산업,2023-05-23,SK증권,삼성SDI,전사,전사,2026,FY,매출,45518,십억원,excl,20
2023-05-23_SK증권_산업,2023-05-23,SK증권,삼성SDI,전사,전사,2027,FY,매출,55643,십억원,excl,20
2023-05-23_SK증권_산업,2023-05-23,SK증권,삼성SDI,전사,전사,2028,FY,매출,63281,십억원,excl,20
2023-05-23_SK증권_산업,2023-05-23,SK증권,삼성SDI,전사,전사,2030,FY,매출,78476,십억원,excl,20
2023-05-23_SK증권_산업,2023-05-23,SK증권,SK온,배터리사업,배터리합계,2023,FY,매출,14685,십억원,excl,SKOn-1
2023-05-23_SK증권_산업,2023-05-23,SK증권,SK온,배터리사업,배터리합계,2023,FY,영업이익,-117,십억원,incl,SKOn-1
2023-05-23_SK증권_산업,2023-05-23,SK증권,SK온,배터리사업,배터리합계,2024,FY,매출,20799,십억원,excl,SKOn-1
2023-05-23_SK증권_산업,2023-05-23,SK증권,SK온,배터리사업,배터리합계,2024,FY,영업이익,1554,십억원,incl,SKOn-1
2023-05-23_SK증권_산업,2023-05-23,SK증권,SK온,배터리사업,배터리합계,2025,FY,매출,31833,십억원,excl,SKOn-1
2023-05-23_SK증권_산업,2023-05-23,SK증권,SK온,배터리사업,배터리합계,2025,FY,영업이익,3902,십억원,incl,SKOn-1
2023-05-23_SK증권_산업,2023-05-23,SK증권,SK온,배터리사업,배터리합계,2027,FY,순이익,3449,십억원,incl,SKOn-3
2023-05-23_SK증권_산업,2023-05-23,SK증권,SK온,배터리사업,배터리합계,2026,FY,매출,42891,십억원,excl,20
2023-05-23_SK증권_산업,2023-05-23,SK증권,SK온,배터리사업,배터리합계,2027,FY,매출,48957,십억원,excl,20
2023-05-23_SK증권_산업,2023-05-23,SK증권,SK온,배터리사업,배터리합계,2028,FY,매출,52726,십억원,excl,20
2023-05-23_SK증권_산업,2023-05-23,SK증권,SK온,배터리사업,배터리합계,2030,FY,매출,58153,십억원,excl,20
2023-05-23_SK증권_산업,2023-05-23,SK증권,포스코퓨처엠,전사,전사,2023,FY,매출,5187,십억원,excl,93
2023-05-23_SK증권_산업,2023-05-23,SK증권,포스코퓨처엠,전사,전사,2023,FY,영업이익,280,십억원,excl,93
2023-05-23_SK증권_산업,2023-05-23,SK증권,포스코퓨처엠,전사,전사,2024,FY,매출,7965,십억원,excl,93
2023-05-23_SK증권_산업,2023-05-23,SK증권,포스코퓨처엠,전사,전사,2024,FY,영업이익,572,십억원,excl,93
2023-05-23_SK증권_산업,2023-05-23,SK증권,포스코퓨처엠,에너지사업부,기타,2023,FY,매출,3798.9,십억원,excl,94
2023-05-23_SK증권_산업,2023-05-23,SK증권,코스모신소재,전사,전사,2023,FY,매출,815,십억원,excl,101
2023-05-23_SK증권_산업,2023-05-23,SK증권,코스모신소재,전사,전사,2023,FY,영업이익,34,십억원,excl,101
2023-05-23_SK증권_산업,2023-05-23,SK증권,코스모신소재,전사,전사,2024,FY,매출,1179,십억원,excl,101
2023-05-23_SK증권_산업,2023-05-23,SK증권,코스모신소재,전사,전사,2024,FY,영업이익,72,십억원,excl,101
2023-05-23_SK증권_산업,2023-05-23,SK증권,SK아이이테크놀로지,전사,전사,2023,FY,매출,748,십억원,excl,109
2023-05-23_SK증권_산업,2023-05-23,SK증권,SK아이이테크놀로지,전사,전사,2023,FY,영업이익,9,십억원,excl,109
2023-05-23_SK증권_산업,2023-05-23,SK증권,SK아이이테크놀로지,전사,전사,2024,FY,매출,1541,십억원,excl,109
2023-05-23_SK증권_산업,2023-05-23,SK증권,SK아이이테크놀로지,전사,전사,2024,FY,영업이익,160,십억원,excl,109
2023-05-23_SK증권_산업,2023-05-23,SK증권,솔루스첨단소재,전사,전사,2023,FY,매출,547,십억원,excl,123
2023-05-23_SK증권_산업,2023-05-23,SK증권,솔루스첨단소재,전사,전사,2023,FY,영업이익,-47,십억원,excl,123
2023-05-23_SK증권_산업,2023-05-23,SK증권,솔루스첨단소재,전사,전사,2024,FY,매출,679,십억원,excl,123
2023-05-23_SK증권_산업,2023-05-23,SK증권,솔루스첨단소재,전사,전사,2024,FY,영업이익,39,십억원,excl,123
2023-05-23_SK증권_산업,2023-05-23,SK증권,SKC,전사,전사,2023,FY,매출,3042,십억원,excl,131
2023-05-23_SK증권_산업,2023-05-23,SK증권,SKC,전사,전사,2023,FY,영업이익,29,십억원,excl,131
2023-05-23_SK증권_산업,2023-05-23,SK증권,SKC,2차전지소재(동박),기타,2023,FY,매출,1041,십억원,excl,130
2023-05-23_SK증권_산업,2023-05-23,SK증권,SKC,전사,전사,2024,FY,매출,3657,십억원,excl,131
2023-05-23_SK증권_산업,2023-05-23,SK증권,SKC,전사,전사,2024,FY,영업이익,274,십억원,excl,131
2023-05-23_SK증권_산업,2023-05-23,SK증권,LGES,자동차/EV,EV,2024,FY,매출,32523.5,십억원,excl,73
2023-05-23_SK증권_산업,2023-05-23,SK증권,LGES,ESS,ESS,2024,FY,매출,3230.7,십억원,excl,73
2023-05-23_SK증권_산업,2023-05-23,SK증권,LGES,소형,소형,2024,FY,매출,12684.2,십억원,excl,73
2023-05-23_SK증권_산업,2023-05-23,SK증권,LGES,전사,전사,2024,FY,AMPC,1687.5,십억원,na,73
2023-05-23_SK증권_산업,2023-05-23,SK증권,삼성SDI,중대형(EV+ESS),중대형,2024,FY,매출,13212.0,십억원,excl,86
2023-05-23_SK증권_산업,2023-05-23,SK증권,삼성SDI,EV,EV,2024,FY,매출,10878.4,십억원,excl,86
2023-05-23_SK증권_산업,2023-05-23,SK증권,삼성SDI,ESS,ESS,2024,FY,매출,2333.7,십억원,excl,86
2023-05-23_SK증권_산업,2023-05-23,SK증권,삼성SDI,소형,소형,2024,FY,매출,10044.0,십억원,excl,86
2023-05-23_SK증권_산업,2023-05-23,SK증권,삼성SDI,전자재료,전자재료,2024,FY,매출,2371.1,십억원,excl,86
2023-05-23_SK증권_산업,2023-05-23,SK증권,삼성SDI,전사,전사,2024,FY,AMPC,0.0,십억원,na,86
2023-05-23_SK증권_산업,2023-05-23,SK증권,SK온,배터리사업,배터리합계,2024,FY,AMPC,1002.4,십억원,na,SKOn-5
2023-05-23_SK증권_산업,2023-05-23,SK증권,SK온,배터리사업,배터리합계,2023,FY,AMPC,625.7,십억원,na,SKOn-5
2023-05-23_SK증권_산업,2023-05-23,SK증권,포스코퓨처엠,에너지사업부(양극재+음극재),기타,2024,FY,매출,6554.8,십억원,excl,94
2023-05-23_SK증권_산업,2023-05-23,SK증권,포스코퓨처엠,전사,전사,2025,FY,매출,11950.0,십억원,excl,93
2023-05-23_SK증권_산업,2023-05-23,SK증권,포스코퓨처엠,전사,전사,2025,FY,영업이익,948.0,십억원,excl,93
2023-05-23_SK증권_산업,2023-05-23,SK증권,코스모신소재,양극활물질,기타,2024,FY,매출,972.9,십억원,excl,102
2023-05-23_SK증권_산업,2023-05-23,SK증권,코스모신소재,전사,전사,2025,FY,매출,2002.0,십억원,excl,101
2023-05-23_SK증권_산업,2023-05-23,SK증권,코스모신소재,전사,전사,2025,FY,영업이익,135.0,십억원,excl,101
2023-05-23_SK증권_산업,2023-05-23,SK증권,SK아이이테크놀로지,LiBS(분리막),기타,2024,FY,매출,1539.8,십억원,excl,110
2023-05-23_SK증권_산업,2023-05-23,SK증권,SK아이이테크놀로지,전사,전사,2025,FY,매출,2108.0,십억원,excl,109
2023-05-23_SK증권_산업,2023-05-23,SK증권,SK아이이테크놀로지,전사,전사,2025,FY,영업이익,271.0,십억원,excl,109
2023-05-23_SK증권_산업,2023-05-23,SK증권,솔루스첨단소재,동박&전지박,기타,2024,FY,매출,548.3,십억원,excl,118
2023-05-23_SK증권_산업,2023-05-23,SK증권,솔루스첨단소재,전사,전사,2025,FY,매출,873.0,십억원,excl,117
2023-05-23_SK증권_산업,2023-05-23,SK증권,솔루스첨단소재,전사,전사,2025,FY,영업이익,56.0,십억원,excl,117
2023-05-23_SK증권_산업,2023-05-23,SK증권,SKC,2차전지 소재(동박),기타,2024,FY,매출,1528.0,십억원,excl,130
2023-05-23_SK증권_산업,2023-05-23,SK증권,SKC,전사,전사,2025,FY,매출,4320.0,십억원,excl,125
2023-05-23_SK증권_산업,2023-05-23,SK증권,SKC,전사,전사,2025,FY,영업이익,400.0,십억원,excl,125
2023-07-06_대신증권_산업,2023-07-06,대신증권,LGES,,기타,,,,,십억원,"AMPC 반영(셀 35불/kWh, 셀+모듈 45불/kWh)",52
2023-07-06_대신증권_산업,2023-07-06,대신증권,삼성SDI,,기타,,,,,십억원,AMPC 25년부터 실적 반영(자동차전지 중심),60
2023-07-06_대신증권_산업,2023-07-06,대신증권,SK온/SK이노베이션,,기타,,,,,,,25
2023-07-06_대신증권_산업,2023-07-06,대신증권,LGES,매출액,전사,2021,FY,매출,17852.0,십억원,excl,52
2023-07-06_대신증권_산업,2023-07-06,대신증권,LGES,영업이익,전사,2021,FY,영업이익,768.0,십억원,excl,52
2023-07-06_대신증권_산업,2023-07-06,대신증권,LGES,매출액,전사,2022,FY,매출,25599.0,십억원,excl,52
2023-07-06_대신증권_산업,2023-07-06,대신증권,LGES,영업이익,전사,2022,FY,영업이익,1214.0,십억원,excl,52
2023-07-06_대신증권_산업,2023-07-06,대신증권,LGES,매출액,전사,2023,FY,매출,38211.0,십억원,incl,54
2023-07-06_대신증권_산업,2023-07-06,대신증권,LGES,영업이익,전사,2023,FY,영업이익,3189.0,십억원,incl,54
2023-07-06_대신증권_산업,2023-07-06,대신증권,LGES,매출액,전사,2024,FY,매출,48329.0,십억원,incl,54
2023-07-06_대신증권_산업,2023-07-06,대신증권,LGES,영업이익,전사,2024,FY,영업이익,4960.0,십억원,incl,54
2023-07-06_대신증권_산업,2023-07-06,대신증권,LGES,매출액,전사,2025,FY,매출,61984.0,십억원,incl,52
2023-07-06_대신증권_산업,2023-07-06,대신증권,LGES,영업이익,전사,2025,FY,영업이익,7637.0,십억원,incl,52
2023-07-06_대신증권_산업,2023-07-06,대신증권,LGES,AMPC 세액공제분,전사,2023,FY,AMPC,787.0,십억원,na,57
2023-07-06_대신증권_산업,2023-07-06,대신증권,LGES,AMPC 세액공제분,전사,2024,FY,AMPC,1624.0,십억원,na,57
2023-07-06_대신증권_산업,2023-07-06,대신증권,LGES,AMPC 세액공제분,전사,2025,FY,AMPC,3144.0,십억원,na,57
2023-07-06_대신증권_산업,2023-07-06,대신증권,LGES,AMPC 세액공제분,전사,2026,FY,AMPC,5011.0,십억원,na,57
2023-07-06_대신증권_산업,2023-07-06,대신증권,LGES,중대형(EV+ESS),중대형,2022,FY,매출,16732.0,십억원,excl,54
2023-07-06_대신증권_산업,2023-07-06,대신증권,LGES,중대형(EV+ESS),중대형,2022,FY,영업이익,306.0,십억원,excl,54
2023-07-06_대신증권_산업,2023-07-06,대신증권,LGES,중대형(EV+ESS),중대형,2023,FY,매출,27121.0,십억원,excl,54
2023-07-06_대신증권_산업,2023-07-06,대신증권,LGES,중대형(EV+ESS),중대형,2023,FY,영업이익,1317.0,십억원,excl,54
2023-07-06_대신증권_산업,2023-07-06,대신증권,LGES,중대형(EV+ESS),중대형,2024,FY,매출,35629.0,십억원,excl,54
2023-07-06_대신증권_산업,2023-07-06,대신증권,LGES,중대형(EV+ESS),중대형,2024,FY,영업이익,2018.0,십억원,excl,54
2023-07-06_대신증권_산업,2023-07-06,대신증권,LGES,EV,EV,2022,FY,매출,14934.0,십억원,excl,54
2023-07-06_대신증권_산업,2023-07-06,대신증권,LGES,EV,EV,2023,FY,매출,25271.0,십억원,excl,54
2023-07-06_대신증권_산업,2023-07-06,대신증권,LGES,EV,EV,2024,FY,매출,33626.0,십억원,excl,54
2023-07-06_대신증권_산업,2023-07-06,대신증권,LGES,EV,EV,2024,FY,영업이익,1950.0,십억원,excl,54
2023-07-06_대신증권_산업,2023-07-06,대신증권,LGES,ESS,ESS,2024,FY,매출,2003.0,십억원,excl,54
2023-07-06_대신증권_산업,2023-07-06,대신증권,LGES,ESS,ESS,2024,FY,영업이익,68.0,십억원,excl,54
2023-07-06_대신증권_산업,2023-07-06,대신증권,LGES,소형전지,소형,2022,FY,매출,8866.0,십억원,excl,54
2023-07-06_대신증권_산업,2023-07-06,대신증권,LGES,소형전지,소형,2022,FY,영업이익,907.0,십억원,excl,54
2023-07-06_대신증권_산업,2023-07-06,대신증권,LGES,소형전지,소형,2023,FY,매출,11090.0,십억원,excl,54
2023-07-06_대신증권_산업,2023-07-06,대신증권,LGES,소형전지,소형,2023,FY,영업이익,1085.0,십억원,excl,54
2023-07-06_대신증권_산업,2023-07-06,대신증권,LGES,소형전지,소형,2024,FY,매출,12700.0,십억원,excl,54
2023-07-06_대신증권_산업,2023-07-06,대신증권,LGES,소형전지,소형,2024,FY,영업이익,1317.0,십억원,excl,54
2023-07-06_대신증권_산업,2023-07-06,대신증권,삼성SDI,매출액,전사,2021,FY,매출,13553.0,십억원,excl,60
2023-07-06_대신증권_산업,2023-07-06,대신증권,삼성SDI,영업이익,전사,2021,FY,영업이익,1068.0,십억원,excl,60
2023-07-06_대신증권_산업,2023-07-06,대신증권,삼성SDI,매출액,전사,2022,FY,매출,20124.0,십억원,excl,60
2023-07-06_대신증권_산업,2023-07-06,대신증권,삼성SDI,영업이익,전사,2022,FY,영업이익,1808.0,십억원,excl,60
2023-07-06_대신증권_산업,2023-07-06,대신증권,삼성SDI,매출액,전사,2023,FY,매출,23977.0,십억원,incl_unknown,62
2023-07-06_대신증권_산업,2023-07-06,대신증권,삼성SDI,영업이익,전사,2023,FY,영업이익,1964.0,십억원,incl_unknown,62
2023-07-06_대신증권_산업,2023-07-06,대신증권,삼성SDI,매출액,전사,2024,FY,매출,26897.0,십억원,incl_unknown,62
2023-07-06_대신증권_산업,2023-07-06,대신증권,삼성SDI,영업이익,전사,2024,FY,영업이익,2406.0,십억원,incl_unknown,62
2023-07-06_대신증권_산업,2023-07-06,대신증권,삼성SDI,매출액,전사,2025,FY,매출,33206.0,십억원,incl_unknown,60
2023-07-06_대신증권_산업,2023-07-06,대신증권,삼성SDI,영업이익,전사,2025,FY,영업이익,3364.0,십억원,incl_unknown,60
2023-07-06_대신증권_산업,2023-07-06,대신증권,삼성SDI,에너지(중대형+소형),배터리합계,2022,FY,매출,17566.0,십억원,excl,62
2023-07-06_대신증권_산업,2023-07-06,대신증권,삼성SDI,에너지(중대형+소형),배터리합계,2022,FY,영업이익,1254.0,십억원,excl,62
2023-07-06_대신증권_산업,2023-07-06,대신증권,삼성SDI,에너지(중대형+소형),배터리합계,2023,FY,매출,21521.0,십억원,incl_unknown,62
2023-07-06_대신증권_산업,2023-07-06,대신증권,삼성SDI,에너지(중대형+소형),배터리합계,2023,FY,영업이익,1603.0,십억원,incl_unknown,62
2023-07-06_대신증권_산업,2023-07-06,대신증권,삼성SDI,에너지(중대형+소형),배터리합계,2024,FY,매출,24245.0,십억원,incl_unknown,62
2023-07-06_대신증권_산업,2023-07-06,대신증권,삼성SDI,에너지(중대형+소형),배터리합계,2024,FY,영업이익,1952.0,십억원,incl_unknown,62
2023-07-06_대신증권_산업,2023-07-06,대신증권,삼성SDI,중대형전지,중대형,2022,FY,매출,10055.0,십억원,excl,62
2023-07-06_대신증권_산업,2023-07-06,대신증권,삼성SDI,중대형전지,중대형,2022,FY,영업이익,503.0,십억원,excl,62
2023-07-06_대신증권_산업,2023-07-06,대신증권,삼성SDI,중대형전지,중대형,2023,FY,매출,13265.0,십억원,incl_unknown,62
2023-07-06_대신증권_산업,2023-07-06,대신증권,삼성SDI,중대형전지,중대형,2023,FY,영업이익,821.0,십억원,incl_unknown,62
2023-07-06_대신증권_산업,2023-07-06,대신증권,삼성SDI,중대형전지,중대형,2024,FY,매출,15274.0,십억원,incl_unknown,62
2023-07-06_대신증권_산업,2023-07-06,대신증권,삼성SDI,중대형전지,중대형,2024,FY,영업이익,1047.0,십억원,incl_unknown,62
2023-07-06_대신증권_산업,2023-07-06,대신증권,삼성SDI,소형전지,소형,2022,FY,매출,7511.0,십억원,excl,62
2023-07-06_대신증권_산업,2023-07-06,대신증권,삼성SDI,소형전지,소형,2022,FY,영업이익,751.0,십억원,excl,62
2023-07-06_대신증권_산업,2023-07-06,대신증권,삼성SDI,소형전지,소형,2023,FY,매출,8256.0,십억원,incl_unknown,62
2023-07-06_대신증권_산업,2023-07-06,대신증권,삼성SDI,소형전지,소형,2023,FY,영업이익,782.0,십억원,incl_unknown,62
2023-07-06_대신증권_산업,2023-07-06,대신증권,삼성SDI,소형전지,소형,2024,FY,매출,8971.0,십억원,incl_unknown,62
2023-07-06_대신증권_산업,2023-07-06,대신증권,삼성SDI,소형전지,소형,2024,FY,영업이익,906.0,십억원,incl_unknown,62
2023-07-06_대신증권_산업,2023-07-06,대신증권,삼성SDI,전자재료,전자재료,2022,FY,매출,2558.0,십억원,excl,62
2023-07-06_대신증권_산업,2023-07-06,대신증권,삼성SDI,전자재료,전자재료,2022,FY,영업이익,554.0,십억원,excl,62
2023-07-06_대신증권_산업,2023-07-06,대신증권,삼성SDI,전자재료,전자재료,2023,FY,매출,2456.0,십억원,incl_unknown,62
2023-07-06_대신증권_산업,2023-07-06,대신증권,삼성SDI,전자재료,전자재료,2023,FY,영업이익,361.0,십억원,incl_unknown,62
2023-07-06_대신증권_산업,2023-07-06,대신증권,삼성SDI,전자재료,전자재료,2024,FY,매출,2652.0,십억원,incl_unknown,62
2023-07-06_대신증권_산업,2023-07-06,대신증권,삼성SDI,전자재료,전자재료,2024,FY,영업이익,454.0,십억원,incl_unknown,62
2023-09-12_IBK투자증권_산업,2023-09-12,IBK투자증권,LGES,전사,전사,2021,FY,매출,17852,십억원,na,84
2023-09-12_IBK투자증권_산업,2023-09-12,IBK투자증권,LGES,전사,전사,2022,FY,매출,25599,십억원,na,84
2023-09-12_IBK투자증권_산업,2023-09-12,IBK투자증권,LGES,전사,전사,2023,FY,매출,34855,십억원,na,84
2023-09-12_IBK투자증권_산업,2023-09-12,IBK투자증권,LGES,전사,전사,2024,FY,매출,42418,십억원,na,84
2023-09-12_IBK투자증권_산업,2023-09-12,IBK투자증권,LGES,전사,전사,2025,FY,매출,60447,십억원,na,84
2023-09-12_IBK투자증권_산업,2023-09-12,IBK투자증권,LGES,전사,전사,2021,FY,영업이익,768,십억원,incl,84
2023-09-12_IBK투자증권_산업,2023-09-12,IBK투자증권,LGES,전사,전사,2022,FY,영업이익,1214,십억원,incl,84
2023-09-12_IBK투자증권_산업,2023-09-12,IBK투자증권,LGES,전사,전사,2023,FY,영업이익,2619,십억원,incl,84
2023-09-12_IBK투자증권_산업,2023-09-12,IBK투자증권,LGES,전사,전사,2024,FY,영업이익,4577,십억원,incl,84
2023-09-12_IBK투자증권_산업,2023-09-12,IBK투자증권,LGES,전사,전사,2025,FY,영업이익,7970,십억원,incl,84
2023-09-12_IBK투자증권_산업,2023-09-12,IBK투자증권,LGES,중대형,중대형,2022,FY,매출,16797,십억원,na,85
2023-09-12_IBK투자증권_산업,2023-09-12,IBK투자증권,LGES,중대형,중대형,2023,FY,매출,24503,십억원,na,85
2023-09-12_IBK투자증권_산업,2023-09-12,IBK투자증권,LGES,중대형,중대형,2024,FY,매출,29604,십억원,na,85
2023-09-12_IBK투자증권_산업,2023-09-12,IBK투자증권,LGES,EV,EV,2022,FY,매출,15151,십억원,na,85
2023-09-12_IBK투자증권_산업,2023-09-12,IBK투자증권,LGES,EV,EV,2023,FY,매출,22690,십억원,na,85
2023-09-12_IBK투자증권_산업,2023-09-12,IBK투자증권,LGES,EV,EV,2024,FY,매출,27695,십억원,na,85
2023-09-12_IBK투자증권_산업,2023-09-12,IBK투자증권,LGES,ESS,ESS,2022,FY,매출,1647,십억원,na,85
2023-09-12_IBK투자증권_산업,2023-09-12,IBK투자증권,LGES,ESS,ESS,2023,FY,매출,1814,십억원,na,85
2023-09-12_IBK투자증권_산업,2023-09-12,IBK투자증권,LGES,ESS,ESS,2024,FY,매출,1909,십억원,na,85
2023-09-12_IBK투자증권_산업,2023-09-12,IBK투자증권,LGES,소형,소형,2022,FY,매출,8802,십억원,na,85
2023-09-12_IBK투자증권_산업,2023-09-12,IBK투자증권,LGES,소형,소형,2023,FY,매출,10352,십억원,na,85
2023-09-12_IBK투자증권_산업,2023-09-12,IBK투자증권,LGES,소형,소형,2024,FY,매출,12814,십억원,na,85
2023-09-12_IBK투자증권_산업,2023-09-12,IBK투자증권,LGES,전사,전사,2023,FY,AMPC,704,십억원,na,87
2023-09-12_IBK투자증권_산업,2023-09-12,IBK투자증권,LGES,전사,전사,2024,FY,AMPC,1623,십억원,na,87
2023-09-12_IBK투자증권_산업,2023-09-12,IBK투자증권,LGES,전사,전사,2025,FY,AMPC,3300,십억원,na,87
2023-09-12_IBK투자증권_산업,2023-09-12,IBK투자증권,LGES,전사,전사,2026,FY,AMPC,4842,십억원,na,87
2023-09-12_IBK투자증권_산업,2023-09-12,IBK투자증권,LGES,전사,전사,2027,FY,AMPC,5625,십억원,na,87
2023-09-12_IBK투자증권_산업,2023-09-12,IBK투자증권,LGES,전사,전사,2028,FY,AMPC,5625,십억원,na,87
2023-09-12_IBK투자증권_산업,2023-09-12,IBK투자증권,삼성SDI,전사,전사,2021,FY,매출,13553,십억원,na,90
2023-09-12_IBK투자증권_산업,2023-09-12,IBK투자증권,삼성SDI,전사,전사,2022,FY,매출,20124,십억원,na,90
2023-09-12_IBK투자증권_산업,2023-09-12,IBK투자증권,삼성SDI,전사,전사,2023,FY,매출,23605,십억원,na,90
2023-09-12_IBK투자증권_산업,2023-09-12,IBK투자증권,삼성SDI,전사,전사,2024,FY,매출,29080,십억원,na,90
2023-09-12_IBK투자증권_산업,2023-09-12,IBK투자증권,삼성SDI,전사,전사,2025,FY,매출,36023,십억원,na,90
2023-09-12_IBK투자증권_산업,2023-09-12,IBK투자증권,삼성SDI,전사,전사,2021,FY,영업이익,1068,십억원,na,90
2023-09-12_IBK투자증권_산업,2023-09-12,IBK투자증권,삼성SDI,전사,전사,2022,FY,영업이익,1808,십억원,na,90
2023-09-12_IBK투자증권_산업,2023-09-12,IBK투자증권,삼성SDI,전사,전사,2023,FY,영업이익,1906,십억원,na,90
2023-09-12_IBK투자증권_산업,2023-09-12,IBK투자증권,삼성SDI,전사,전사,2024,FY,영업이익,3205,십억원,na,90
2023-09-12_IBK투자증권_산업,2023-09-12,IBK투자증권,삼성SDI,전사,전사,2025,FY,영업이익,3959,십억원,na,90
2023-09-12_IBK투자증권_산업,2023-09-12,IBK투자증권,삼성SDI,전지(배터리),배터리합계,2022,FY,매출,17566,십억원,na,91
2023-09-12_IBK투자증권_산업,2023-09-12,IBK투자증권,삼성SDI,전지(배터리),배터리합계,2023,FY,매출,21267,십억원,na,91
2023-09-12_IBK투자증권_산업,2023-09-12,IBK투자증권,삼성SDI,전지(배터리),배터리합계,2024,FY,매출,26714,십억원,na,91
2023-09-12_IBK투자증권_산업,2023-09-12,IBK투자증권,삼성SDI,소형전지,소형,2022,FY,매출,7663,십억원,na,91
2023-09-12_IBK투자증권_산업,2023-09-12,IBK투자증권,삼성SDI,소형전지,소형,2023,FY,매출,7928,십억원,na,91
2023-09-12_IBK투자증권_산업,2023-09-12,IBK투자증권,삼성SDI,소형전지,소형,2024,FY,매출,9235,십억원,na,91
2023-09-12_IBK투자증권_산업,2023-09-12,IBK투자증권,삼성SDI,EV,EV,2022,FY,매출,7628,십억원,na,91
2023-09-12_IBK투자증권_산업,2023-09-12,IBK투자증권,삼성SDI,EV,EV,2023,FY,매출,10560,십억원,na,91
2023-09-12_IBK투자증권_산업,2023-09-12,IBK투자증권,삼성SDI,EV,EV,2024,FY,매출,14359,십억원,na,91
2023-09-12_IBK투자증권_산업,2023-09-12,IBK투자증권,삼성SDI,ESS,ESS,2022,FY,매출,2275,십억원,na,91
2023-09-12_IBK투자증권_산업,2023-09-12,IBK투자증권,삼성SDI,ESS,ESS,2023,FY,매출,2778,십억원,na,91
2023-09-12_IBK투자증권_산업,2023-09-12,IBK투자증권,삼성SDI,ESS,ESS,2024,FY,매출,3120,십억원,na,91
2023-09-12_IBK투자증권_산업,2023-09-12,IBK투자증권,삼성SDI,전자재료,전자재료,2022,FY,매출,2558,십억원,na,91
2023-09-12_IBK투자증권_산업,2023-09-12,IBK투자증권,삼성SDI,전자재료,전자재료,2023,FY,매출,2338,십억원,na,91
2023-09-12_IBK투자증권_산업,2023-09-12,IBK투자증권,삼성SDI,전자재료,전자재료,2024,FY,매출,2366,십억원,na,91
2023-09-12_IBK투자증권_산업,2023-09-12,IBK투자증권,삼성SDI,전사,전사,2025,FY,AMPC,600,십억원,na,90
2023-09-12_IBK투자증권_산업,2023-09-12,IBK투자증권,삼성SDI,전사,전사,2026,FY,AMPC,900,십억원,na,90
2023-09-12_IBK투자증권_산업,2023-09-12,IBK투자증권,삼성SDI,전사,전사,2027,FY,AMPC,1600,십억원,na,90
2023-09-12_IBK투자증권_산업,2023-09-12,IBK투자증권,LGES,전사,전사,2021,FY,매출,17852.0,십억원,na,84
2023-09-12_IBK투자증권_산업,2023-09-12,IBK투자증권,LGES,전사,전사,2022,FY,매출,25599.0,십억원,na,84
2023-09-12_IBK투자증권_산업,2023-09-12,IBK투자증권,LGES,전사,전사,2023,FY,매출,34855.0,십억원,na,84
2023-09-12_IBK투자증권_산업,2023-09-12,IBK투자증권,LGES,전사,전사,2024,FY,매출,42418.0,십억원,na,84
2023-09-12_IBK투자증권_산업,2023-09-12,IBK투자증권,LGES,전사,전사,2025,FY,매출,60447.0,십억원,na,84
2023-09-12_IBK투자증권_산업,2023-09-12,IBK투자증권,LGES,중대형,중대형,2022,FY,매출,16797.0,십억원,na,85
2023-09-12_IBK투자증권_산업,2023-09-12,IBK투자증권,LGES,중대형,중대형,2023,FY,매출,24503.0,십억원,na,85
2023-09-12_IBK투자증권_산업,2023-09-12,IBK투자증권,LGES,중대형,중대형,2024,FY,매출,29604.0,십억원,na,85
2023-09-12_IBK투자증권_산업,2023-09-12,IBK투자증권,LGES,EV,EV,2022,FY,매출,15151.0,십억원,na,85
2023-09-12_IBK투자증권_산업,2023-09-12,IBK투자증권,LGES,EV,EV,2023,FY,매출,22690.0,십억원,na,85
2023-09-12_IBK투자증권_산업,2023-09-12,IBK투자증권,LGES,EV,EV,2024,FY,매출,27695.0,십억원,na,85
2023-09-12_IBK투자증권_산업,2023-09-12,IBK투자증권,LGES,ESS,ESS,2022,FY,매출,1647.0,십억원,na,85
2023-09-12_IBK투자증권_산업,2023-09-12,IBK투자증권,LGES,ESS,ESS,2023,FY,매출,1793.0,십억원,na,85
2023-09-12_IBK투자증권_산업,2023-09-12,IBK투자증권,LGES,ESS,ESS,2024,FY,매출,1909.0,십억원,na,85
2023-09-12_IBK투자증권_산업,2023-09-12,IBK투자증권,LGES,소형,소형,2022,FY,매출,8802.0,십억원,na,85
2023-09-12_IBK투자증권_산업,2023-09-12,IBK투자증권,LGES,소형,소형,2023,FY,매출,10352.0,십억원,na,85
2023-09-12_IBK투자증권_산업,2023-09-12,IBK투자증권,LGES,소형,소형,2024,FY,매출,12814.0,십억원,na,85
2023-09-12_IBK투자증권_산업,2023-09-12,IBK투자증권,LGES,중대형,중대형,2022,FY,영업이익,329.0,십억원,excl,85
2023-09-12_IBK투자증권_산업,2023-09-12,IBK투자증권,LGES,중대형,중대형,2023,FY,영업이익,856.0,십억원,excl,85
2023-09-12_IBK투자증권_산업,2023-09-12,IBK투자증권,LGES,중대형,중대형,2024,FY,영업이익,1537.0,십억원,excl,85
2023-09-12_IBK투자증권_산업,2023-09-12,IBK투자증권,삼성SDI,전사,전사,2021,FY,매출,13553.0,십억원,na,90
2023-09-12_IBK투자증권_산업,2023-09-12,IBK투자증권,삼성SDI,전사,전사,2022,FY,매출,20124.0,십억원,na,90
2023-09-12_IBK투자증권_산업,2023-09-12,IBK투자증권,삼성SDI,전사,전사,2023,FY,매출,23605.0,십억원,na,90
2023-09-12_IBK투자증권_산업,2023-09-12,IBK투자증권,삼성SDI,전사,전사,2024,FY,매출,29080.0,십억원,na,90
2023-09-12_IBK투자증권_산업,2023-09-12,IBK투자증권,삼성SDI,전사,전사,2025,FY,매출,36023.0,십억원,na,90
2023-09-12_IBK투자증권_산업,2023-09-12,IBK투자증권,삼성SDI,전지(배터리),배터리합계,2022,FY,매출,17566.0,십억원,na,91
2023-09-12_IBK투자증권_산업,2023-09-12,IBK투자증권,삼성SDI,전지(배터리),배터리합계,2023,FY,매출,21267.0,십억원,na,91
2023-09-12_IBK투자증권_산업,2023-09-12,IBK투자증권,삼성SDI,전지(배터리),배터리합계,2024,FY,매출,26714.0,십억원,na,91
2023-09-12_IBK투자증권_산업,2023-09-12,IBK투자증권,삼성SDI,소형전지,소형,2022,FY,매출,7663.0,십억원,na,91
2023-09-12_IBK투자증권_산업,2023-09-12,IBK투자증권,삼성SDI,소형전지,소형,2023,FY,매출,7928.0,십억원,na,91
2023-09-12_IBK투자증권_산업,2023-09-12,IBK투자증권,삼성SDI,소형전지,소형,2024,FY,매출,9235.0,십억원,na,91
2023-09-12_IBK투자증권_산업,2023-09-12,IBK투자증권,삼성SDI,EV,EV,2022,FY,매출,7628.0,십억원,na,91
2023-09-12_IBK투자증권_산업,2023-09-12,IBK투자증권,삼성SDI,EV,EV,2023,FY,매출,10560.0,십억원,na,91
2023-09-12_IBK투자증권_산업,2023-09-12,IBK투자증권,삼성SDI,EV,EV,2024,FY,매출,14359.0,십억원,na,91
2023-09-12_IBK투자증권_산업,2023-09-12,IBK투자증권,삼성SDI,ESS,ESS,2022,FY,매출,2275.0,십억원,na,91
2023-09-12_IBK투자증권_산업,2023-09-12,IBK투자증권,삼성SDI,ESS,ESS,2023,FY,매출,2778.0,십억원,na,91
2023-09-12_IBK투자증권_산업,2023-09-12,IBK투자증권,삼성SDI,ESS,ESS,2024,FY,매출,3120.0,십억원,na,91
2023-09-12_IBK투자증권_산업,2023-09-12,IBK투자증권,삼성SDI,전자재료,전자재료,2022,FY,매출,2558.0,십억원,na,91
2023-09-12_IBK투자증권_산업,2023-09-12,IBK투자증권,삼성SDI,전자재료,전자재료,2023,FY,매출,2338.0,십억원,na,91
2023-09-12_IBK투자증권_산업,2023-09-12,IBK투자증권,삼성SDI,전자재료,전자재료,2024,FY,매출,2366.0,십억원,na,91
2023-11-21_유진투자증권_산업,2023-11-21,유진투자증권,SK이노베이션,,기타,2022,FY2022A,,,십억원,"2024년 AMPC 8,660억원 반영 가정",62
2023-11-21_유진투자증권_산업,2023-11-21,유진투자증권,SK이노베이션,,기타,2023,FY2023E,,,십억원,"2024년 AMPC 8,660억원 반영 가정",62
2023-11-21_유진투자증권_산업,2023-11-21,유진투자증권,SK이노베이션,,기타,2024,FY2024E,,,십억원,"2024년 AMPC 8,660억원 반영 가정",62
2023-11-21_유진투자증권_산업,2023-11-21,유진투자증권,SK이노베이션,,기타,2025,FY2025E,,,십억원,"2024년 AMPC 8,660억원 반영 가정",62
2023-11-21_유진투자증권_산업,2023-11-21,유진투자증권,SK온,,기타,2022,FY2022A,,,십억원,"2024년 매출 19.9조원, 영업이익 1.2조원 흑자전환 전망(헝가리·중국 증설 완료, 수율 안정화, 포드 F-150 물량 증가 반영)",63
2023-11-21_유진투자증권_산업,2023-11-21,유진투자증권,SK온,,기타,2023,FY2023E,,,십억원,"2024년 매출 19.9조원, 영업이익 1.2조원 흑자전환 전망(헝가리·중국 증설 완료, 수율 안정화, 포드 F-150 물량 증가 반영)",63
2023-11-21_유진투자증권_산업,2023-11-21,유진투자증권,SK온,,기타,2024,FY2024E,,,십억원,"2024년 매출 19.9조원, 영업이익 1.2조원 흑자전환 전망(헝가리·중국 증설 완료, 수율 안정화, 포드 F-150 물량 증가 반영)",63
2023-11-21_유진투자증권_산업,2023-11-21,유진투자증권,LGES,,기타,2022,FY2022A,,,십억원,,66
2023-11-21_유진투자증권_산업,2023-11-21,유진투자증권,LGES,,기타,2023,FY2023E,,,십억원,,66
2023-11-21_유진투자증권_산업,2023-11-21,유진투자증권,LGES,,기타,2024,FY2024E,,,십억원,,66
2023-11-21_유진투자증권_산업,2023-11-21,유진투자증권,LGES,,기타,2025,FY2025E,,,십억원,,66
2023-11-21_유진투자증권_산업,2023-11-21,유진투자증권,SK이노베이션,전사,전사,2022,FY,매출,78057.0,십억원,na,62
2023-11-21_유진투자증권_산업,2023-11-21,유진투자증권,SK이노베이션,전사,전사,2023,FY,매출,77290.0,십억원,na,62
2023-11-21_유진투자증권_산업,2023-11-21,유진투자증권,SK이노베이션,전사,전사,2024,FY,매출,82516.0,십억원,na,62
2023-11-21_유진투자증권_산업,2023-11-21,유진투자증권,SK이노베이션,전사,전사,2025,FY,매출,87545.0,십억원,na,62
2023-11-21_유진투자증권_산업,2023-11-21,유진투자증권,SK이노베이션,전사,전사,2022,FY,영업이익,3917.0,십억원,na,62
2023-11-21_유진투자증권_산업,2023-11-21,유진투자증권,SK이노베이션,전사,전사,2023,FY,영업이익,2651.0,십억원,na,62
2023-11-21_유진투자증권_산업,2023-11-21,유진투자증권,SK이노베이션,전사,전사,2024,FY,영업이익,4189.0,십억원,na,62
2023-11-21_유진투자증권_산업,2023-11-21,유진투자증권,SK이노베이션,전사,전사,2025,FY,영업이익,6313.0,십억원,na,62
2023-11-21_유진투자증권_산업,2023-11-21,유진투자증권,SK온,배터리,배터리합계,2022,FY,매출,7618.0,십억원,na,63
2023-11-21_유진투자증권_산업,2023-11-21,유진투자증권,SK온,배터리,배터리합계,2023,FY,매출,13137.0,십억원,na,63
2023-11-21_유진투자증권_산업,2023-11-21,유진투자증권,SK온,배터리,배터리합계,2024,FY,매출,19950.0,십억원,na,63
2023-11-21_유진투자증권_산업,2023-11-21,유진투자증권,SK온,배터리,배터리합계,2022,FY,영업이익,-991.0,십억원,na,63
2023-11-21_유진투자증권_산업,2023-11-21,유진투자증권,SK온,배터리,배터리합계,2023,FY,영업이익,-716.0,십억원,na,63
2023-11-21_유진투자증권_산업,2023-11-21,유진투자증권,SK온,배터리,배터리합계,2024,FY,영업이익,1179.0,십억원,incl,63
2023-11-21_유진투자증권_산업,2023-11-21,유진투자증권,SK온,배터리,배터리합계,2024,FY,AMPC,866.0,십억원,incl,62
2023-11-21_유진투자증권_산업,2023-11-21,유진투자증권,LGES,전사,전사,2022,FY,매출,25599.0,십억원,na,66
2023-11-21_유진투자증권_산업,2023-11-21,유진투자증권,LGES,전사,전사,2023,FY,매출,34846.0,십억원,na,66
2023-11-21_유진투자증권_산업,2023-11-21,유진투자증권,LGES,전사,전사,2024,FY,매출,41689.0,십억원,na,66
2023-11-21_유진투자증권_산업,2023-11-21,유진투자증권,LGES,전사,전사,2025,FY,매출,59422.0,십억원,na,66
2023-11-21_유진투자증권_산업,2023-11-21,유진투자증권,LGES,전사,전사,2022,FY,영업이익,1214.0,십억원,na,66
2023-11-21_유진투자증권_산업,2023-11-21,유진투자증권,LGES,전사,전사,2023,FY,영업이익,2396.0,십억원,na,66
2023-11-21_유진투자증권_산업,2023-11-21,유진투자증권,LGES,전사,전사,2024,FY,영업이익,2779.0,십억원,na,66
2023-11-21_유진투자증권_산업,2023-11-21,유진투자증권,LGES,전사,전사,2025,FY,영업이익,4160.0,십억원,na,66
2023-11-21_유진투자증권_산업,2023-11-21,유진투자증권,LGES,소형,소형,2021,FY,매출,5068.0,십억원,na,67
2023-11-21_유진투자증권_산업,2023-11-21,유진투자증권,LGES,소형,소형,2022,FY,매출,9620.0,십억원,na,67
2023-11-21_유진투자증권_산업,2023-11-21,유진투자증권,LGES,소형,소형,2023,FY,매출,13792.0,십억원,na,67
2023-11-21_유진투자증권_산업,2023-11-21,유진투자증권,LGES,중대형 EV,EV,2021,FY,매출,12340.0,십억원,na,67
2023-11-21_유진투자증권_산업,2023-11-21,유진투자증권,LGES,중대형 EV,EV,2022,FY,매출,14878.0,십억원,na,67
2023-11-21_유진투자증권_산업,2023-11-21,유진투자증권,LGES,중대형 EV,EV,2023,FY,매출,19642.0,십억원,na,67
2023-11-21_유진투자증권_산업,2023-11-21,유진투자증권,LGES,중대형 ESS,ESS,2021,FY,매출,443.0,십억원,na,67
2023-11-21_유진투자증권_산업,2023-11-21,유진투자증권,LGES,중대형 ESS,ESS,2022,FY,매출,1101.0,십억원,na,67
2023-11-21_유진투자증권_산업,2023-11-21,유진투자증권,LGES,중대형 ESS,ESS,2023,FY,매출,1411.0,십억원,na,67
2023-11-21_유진투자증권_산업,2023-11-21,유진투자증권,LGES,소형,소형,2021,FY,영업이익,516.0,십억원,na,67
2023-11-21_유진투자증권_산업,2023-11-21,유진투자증권,LGES,소형,소형,2022,FY,영업이익,983.0,십억원,na,67
2023-11-21_유진투자증권_산업,2023-11-21,유진투자증권,LGES,소형,소형,2023,FY,영업이익,1398.0,십억원,na,67
2023-11-21_유진투자증권_산업,2023-11-21,유진투자증권,LGES,중대형 EV,EV,2021,FY,영업이익,709.0,십억원,na,67
2023-11-21_유진투자증권_산업,2023-11-21,유진투자증권,LGES,중대형 EV,EV,2022,FY,영업이익,390.0,십억원,na,67
2023-11-21_유진투자증권_산업,2023-11-21,유진투자증권,LGES,중대형 EV,EV,2023,FY,영업이익,994.0,십억원,na,67
2023-11-21_유진투자증권_산업,2023-11-21,유진투자증권,LGES,중대형 ESS,ESS,2021,FY,영업이익,-457.0,십억원,na,67
2023-11-21_유진투자증권_산업,2023-11-21,유진투자증권,LGES,중대형 ESS,ESS,2022,FY,영업이익,-159.0,십억원,na,67
2023-11-21_유진투자증권_산업,2023-11-21,유진투자증권,LGES,중대형 ESS,ESS,2023,FY,영업이익,3.0,십억원,na,67
2024-02-26_IBK투자증권_산업,2024-02-26,IBK투자증권,LGES,,기타,,FY2021,,,십억원,"IRA AMPC 수혜: 24년 1.7조원, 25년 3.6조원, 26년 5.2조원(3년 누적 10.6조원 예상)",82
2024-02-26_IBK투자증권_산업,2024-02-26,IBK투자증권,LGES,,기타,,FY2022,,,십억원,,82
2024-02-26_IBK투자증권_산업,2024-02-26,IBK투자증권,LGES,,기타,,FY2023,,,십억원,,82
2024-02-26_IBK투자증권_산업,2024-02-26,IBK투자증권,LGES,,기타,,FY2024F,,,십억원,"AMPC 포함 영업이익. AMPC 제외시 1조7,080억원(YoY+14.9%,OPM4.8%)",82
2024-02-26_IBK투자증권_산업,2024-02-26,IBK투자증권,LGES,,기타,,FY2025F,,,십억원,,82
2024-02-26_IBK투자증권_산업,2024-02-26,IBK투자증권,LGES,,EV,,FY2023,,,십억원,,83
2024-02-26_IBK투자증권_산업,2024-02-26,IBK투자증권,LGES,,EV,,FY2024F,,,십억원,,83
2024-02-26_IBK투자증권_산업,2024-02-26,IBK투자증권,LGES,,EV,,FY2025F,,,십억원,,83
2024-02-26_IBK투자증권_산업,2024-02-26,IBK투자증권,LGES,,ESS,,FY2023,,,십억원,,83
2024-02-26_IBK투자증권_산업,2024-02-26,IBK투자증권,LGES,,ESS,,FY2024F,,,십억원,,83
2024-02-26_IBK투자증권_산업,2024-02-26,IBK투자증권,LGES,,ESS,,FY2025F,,,십억원,,83
2024-02-26_IBK투자증권_산업,2024-02-26,IBK투자증권,LGES,,소형,,FY2023,,,십억원,,83
2024-02-26_IBK투자증권_산업,2024-02-26,IBK투자증권,LGES,,소형,,FY2024F,,,십억원,,83
2024-02-26_IBK투자증권_산업,2024-02-26,IBK투자증권,LGES,,소형,,FY2025F,,,십억원,,83
2024-02-26_IBK투자증권_산업,2024-02-26,IBK투자증권,LGES,,전사,,FY2023,AMPC,,십억원,IRA 세액공제,83
2024-02-26_IBK투자증권_산업,2024-02-26,IBK투자증권,LGES,,전사,,FY2024F,AMPC,,십억원,IRA 세액공제,83
2024-02-26_IBK투자증권_산업,2024-02-26,IBK투자증권,LGES,,전사,,FY2025F,AMPC,,십억원,IRA 세액공제,83
2024-02-26_IBK투자증권_산업,2024-02-26,IBK투자증권,LGES,,기타,,1Q23,,,십억원,,83
2024-02-26_IBK투자증권_산업,2024-02-26,IBK투자증권,LGES,,기타,,2Q23,,,십억원,,83
2024-02-26_IBK투자증권_산업,2024-02-26,IBK투자증권,LGES,,기타,,3Q23,,,십억원,,83
2024-02-26_IBK투자증권_산업,2024-02-26,IBK투자증권,LGES,,기타,,4Q23,,,십억원,,83
2024-02-26_IBK투자증권_산업,2024-02-26,IBK투자증권,LGES,,기타,,1Q24F,,,십억원,1Q24 부진 전망(폴란드 가동률 축소+북미 고객사 재고축적),83
2024-02-26_IBK투자증권_산업,2024-02-26,IBK투자증권,LGES,,기타,,2Q24F,,,십억원,,83
2024-02-26_IBK투자증권_산업,2024-02-26,IBK투자증권,LGES,,기타,,3Q24F,,,십억원,,83
2024-02-26_IBK투자증권_산업,2024-02-26,IBK투자증권,LGES,,기타,,4Q24F,,,십억원,,83
2024-02-26_IBK투자증권_산업,2024-02-26,IBK투자증권,삼성SDI,,기타,,FY2021,,,십억원,"IRA AMPC 수혜: 25년 0.7조원, 26년 1.2조원, 27년 1.8조원(3년 누적 3.7조원 예상)",87
2024-02-26_IBK투자증권_산업,2024-02-26,IBK투자증권,삼성SDI,,기타,,FY2022,,,십억원,,87
2024-02-26_IBK투자증권_산업,2024-02-26,IBK투자증권,삼성SDI,,기타,,FY2023,,,십억원,,87
2024-02-26_IBK투자증권_산업,2024-02-26,IBK투자증권,삼성SDI,,기타,,FY2024F,,,십억원,,87
2024-02-26_IBK투자증권_산업,2024-02-26,IBK투자증권,삼성SDI,,기타,,FY2025F,,,십억원,,87
2024-02-26_IBK투자증권_산업,2024-02-26,IBK투자증권,삼성SDI,,기타,,FY2023,,,십억원,,89
2024-02-26_IBK투자증권_산업,2024-02-26,IBK투자증권,삼성SDI,,기타,,FY2024F,,,십억원,,89
2024-02-26_IBK투자증권_산업,2024-02-26,IBK투자증권,삼성SDI,,기타,,FY2025F,,,십억원,,89
2024-02-26_IBK투자증권_산업,2024-02-26,IBK투자증권,삼성SDI,,EV,,FY2023,,,십억원,,89
2024-02-26_IBK투자증권_산업,2024-02-26,IBK투자증권,삼성SDI,,EV,,FY2024F,,,십억원,,89
2024-02-26_IBK투자증권_산업,2024-02-26,IBK투자증권,삼성SDI,,EV,,FY2025F,,,십억원,,89
2024-02-26_IBK투자증권_산업,2024-02-26,IBK투자증권,삼성SDI,,ESS,,FY2023,,,십억원,,89
2024-02-26_IBK투자증권_산업,2024-02-26,IBK투자증권,삼성SDI,,ESS,,FY2024F,,,십억원,,89
2024-02-26_IBK투자증권_산업,2024-02-26,IBK투자증권,삼성SDI,,ESS,,FY2025F,,,십억원,,89
2024-02-26_IBK투자증권_산업,2024-02-26,IBK투자증권,삼성SDI,,전자재료,,FY2023,,,십억원,,89
2024-02-26_IBK투자증권_산업,2024-02-26,IBK투자증권,삼성SDI,,전자재료,,FY2024F,,,십억원,,89
2024-02-26_IBK투자증권_산업,2024-02-26,IBK투자증권,삼성SDI,,전자재료,,FY2025F,,,십억원,,89
2024-02-26_IBK투자증권_산업,2024-02-26,IBK투자증권,삼성SDI,,기타,,1Q23,,,십억원,,89
2024-02-26_IBK투자증권_산업,2024-02-26,IBK투자증권,삼성SDI,,기타,,2Q23,,,십억원,,89
2024-02-26_IBK투자증권_산업,2024-02-26,IBK투자증권,삼성SDI,,기타,,3Q23,,,십억원,,89
2024-02-26_IBK투자증권_산업,2024-02-26,IBK투자증권,삼성SDI,,기타,,4Q23,,,십억원,,89
2024-02-26_IBK투자증권_산업,2024-02-26,IBK투자증권,삼성SDI,,기타,,1Q24F,,,십억원,,89
2024-02-26_IBK투자증권_산업,2024-02-26,IBK투자증권,삼성SDI,,기타,,2Q24F,,,십억원,,89
2024-02-26_IBK투자증권_산업,2024-02-26,IBK투자증권,삼성SDI,,기타,,3Q24F,,,십억원,,89
2024-02-26_IBK투자증권_산업,2024-02-26,IBK투자증권,삼성SDI,,기타,,4Q24F,,,십억원,,89
2024-02-26_IBK투자증권_산업,2024-02-26,IBK투자증권,포스코퓨처엠,,기타,,FY2021,,,십억원,,91
2024-02-26_IBK투자증권_산업,2024-02-26,IBK투자증권,포스코퓨처엠,,기타,,FY2022,,,십억원,,91
2024-02-26_IBK투자증권_산업,2024-02-26,IBK투자증권,포스코퓨처엠,,기타,,FY2023,,,십억원,,91
2024-02-26_IBK투자증권_산업,2024-02-26,IBK투자증권,포스코퓨처엠,,기타,,FY2024F,,,십억원,메탈가 하락에 따른 재고평가손실이 1H24까지 이어져 이익 증가 제한적,91
2024-02-26_IBK투자증권_산업,2024-02-26,IBK투자증권,포스코퓨처엠,,기타,,FY2025F,,,십억원,,91
2024-02-26_IBK투자증권_산업,2024-02-26,IBK투자증권,포스코퓨처엠,,기타,,FY2023,,,십억원,,92
2024-02-26_IBK투자증권_산업,2024-02-26,IBK투자증권,포스코퓨처엠,,기타,,FY2024F,,,십억원,,92
2024-02-26_IBK투자증권_산업,2024-02-26,IBK투자증권,포스코퓨처엠,,기타,,FY2025F,,,십억원,,92
2024-02-26_IBK투자증권_산업,2024-02-26,IBK투자증권,포스코퓨처엠,,기타,,FY2023,,,십억원,,92
2024-02-26_IBK투자증권_산업,2024-02-26,IBK투자증권,포스코퓨처엠,,기타,,FY2024F,,,십억원,,92
2024-02-26_IBK투자증권_산업,2024-02-26,IBK투자증권,포스코퓨처엠,,기타,,FY2025F,,,십억원,,92
2024-02-26_IBK투자증권_산업,2024-02-26,IBK투자증권,포스코퓨처엠,,기타,,1Q23,,,십억원,,92
2024-02-26_IBK투자증권_산업,2024-02-26,IBK투자증권,포스코퓨처엠,,기타,,2Q23,,,십억원,,92
2024-02-26_IBK투자증권_산업,2024-02-26,IBK투자증권,포스코퓨처엠,,기타,,3Q23,,,십억원,,92
2024-02-26_IBK투자증권_산업,2024-02-26,IBK투자증권,포스코퓨처엠,,기타,,4Q23,,,십억원,,92
2024-02-26_IBK투자증권_산업,2024-02-26,IBK투자증권,포스코퓨처엠,,기타,,1Q24F,,,십억원,,92
2024-02-26_IBK투자증권_산업,2024-02-26,IBK투자증권,포스코퓨처엠,,기타,,2Q24F,,,십억원,,92
2024-02-26_IBK투자증권_산업,2024-02-26,IBK투자증권,포스코퓨처엠,,기타,,3Q24F,,,십억원,,92
2024-02-26_IBK투자증권_산업,2024-02-26,IBK투자증권,포스코퓨처엠,,기타,,4Q24F,,,십억원,,92
2024-02-26_IBK투자증권_산업,2024-02-26,IBK투자증권,에코프로비엠,,기타,,FY2021,,,십억원,,97
2024-02-26_IBK투자증권_산업,2024-02-26,IBK투자증권,에코프로비엠,,기타,,FY2022,,,십억원,,97
2024-02-26_IBK투자증권_산업,2024-02-26,IBK투자증권,에코프로비엠,,기타,,FY2023,,,십억원,,97
2024-02-26_IBK투자증권_산업,2024-02-26,IBK투자증권,에코프로비엠,,기타,,FY2024F,,,십억원,"주택경기 불황 장기화로 Non-IT향 수요 부진, 유럽 EV 수요 둔화 및 북미 OEM 재고조정으로 xEV향 출하도 저조 전망",97
2024-02-26_IBK투자증권_산업,2024-02-26,IBK투자증권,에코프로비엠,,기타,,FY2025F,,,십억원,,97
2024-02-26_IBK투자증권_산업,2024-02-26,IBK투자증권,에코프로비엠,,기타,,FY2023,,,십억원,,98
2024-02-26_IBK투자증권_산업,2024-02-26,IBK투자증권,에코프로비엠,,기타,,FY2024F,,,십억원,,98
2024-02-26_IBK투자증권_산업,2024-02-26,IBK투자증권,에코프로비엠,,기타,,FY2023,,,십억원,,98
2024-02-26_IBK투자증권_산업,2024-02-26,IBK투자증권,에코프로비엠,,기타,,FY2024F,,,십억원,,98
2024-02-26_IBK투자증권_산업,2024-02-26,IBK투자증권,에코프로비엠,,기타,,FY2023,,,십억원,,98
2024-02-26_IBK투자증권_산업,2024-02-26,IBK투자증권,에코프로비엠,,기타,,FY2024F,,,십억원,,98
2024-02-26_IBK투자증권_산업,2024-02-26,IBK투자증권,에코프로비엠,,기타,,1Q23,,,십억원,,98
2024-02-26_IBK투자증권_산업,2024-02-26,IBK투자증권,에코프로비엠,,기타,,2Q23,,,십억원,,98
2024-02-26_IBK투자증권_산업,2024-02-26,IBK투자증권,에코프로비엠,,기타,,3Q23,,,십억원,,98
2024-02-26_IBK투자증권_산업,2024-02-26,IBK투자증권,에코프로비엠,,기타,,4Q23,,,십억원,,98
2024-02-26_IBK투자증권_산업,2024-02-26,IBK투자증권,에코프로비엠,,기타,,1Q24F,,,십억원,,98
2024-02-26_IBK투자증권_산업,2024-02-26,IBK투자증권,에코프로비엠,,기타,,2Q24F,,,십억원,,98
2024-02-26_IBK투자증권_산업,2024-02-26,IBK투자증권,에코프로비엠,,기타,,3Q24F,,,십억원,,98
2024-02-26_IBK투자증권_산업,2024-02-26,IBK투자증권,에코프로비엠,,기타,,4Q24F,,,십억원,,98
2024-02-26_IBK투자증권_산업,2024-02-26,IBK투자증권,엘앤에프,,기타,,FY2021,,,십억원,,102
2024-02-26_IBK투자증권_산업,2024-02-26,IBK투자증권,엘앤에프,,기타,,FY2022,,,십억원,,102
2024-02-26_IBK투자증권_산업,2024-02-26,IBK투자증권,엘앤에프,,기타,,FY2023,,,십억원,,102
2024-02-26_IBK투자증권_산업,2024-02-26,IBK투자증권,엘앤에프,,기타,,FY2024F,,,십억원,"메탈가 하락에 따른 판가 연동으로 ASP -19.9% 하락 전망, 24년 적자 지속",102
2024-02-26_IBK투자증권_산업,2024-02-26,IBK투자증권,엘앤에프,,기타,,FY2025F,,,십억원,,102
2024-02-26_IBK투자증권_산업,2024-02-26,IBK투자증권,엘앤에프,,기타,,1Q23,,,십억원,,103
2024-02-26_IBK투자증권_산업,2024-02-26,IBK투자증권,엘앤에프,,기타,,2Q23,,,십억원,,103
2024-02-26_IBK투자증권_산업,2024-02-26,IBK투자증권,엘앤에프,,기타,,3Q23,,,십억원,,103
2024-02-26_IBK투자증권_산업,2024-02-26,IBK투자증권,엘앤에프,,기타,,4Q23,,,십억원,,103
2024-02-26_IBK투자증권_산업,2024-02-26,IBK투자증권,엘앤에프,,기타,,1Q24F,,,십억원,,103
2024-02-26_IBK투자증권_산업,2024-02-26,IBK투자증권,엘앤에프,,기타,,2Q24F,,,십억원,,103
2024-02-26_IBK투자증권_산업,2024-02-26,IBK투자증권,엘앤에프,,기타,,3Q24F,,,십억원,,103
2024-02-26_IBK투자증권_산업,2024-02-26,IBK투자증권,엘앤에프,,기타,,4Q24F,,,십억원,,103
2024-02-26_IBK투자증권_산업,2024-02-26,IBK투자증권,SK아이이테크놀로지,,기타,,FY2021,,,십억원,,105
2024-02-26_IBK투자증권_산업,2024-02-26,IBK투자증권,SK아이이테크놀로지,,기타,,FY2022,,,십억원,,105
2024-02-26_IBK투자증권_산업,2024-02-26,IBK투자증권,SK아이이테크놀로지,,기타,,FY2023,,,십억원,,105
2024-02-26_IBK투자증권_산업,2024-02-26,IBK투자증권,SK아이이테크놀로지,,기타,,FY2024F,,,십억원,"FCW 사업 1H24 중 사업 중단 결정, 분리막 사업 집중",105
2024-02-26_IBK투자증권_산업,2024-02-26,IBK투자증권,SK아이이테크놀로지,,기타,,FY2025F,,,십억원,,105
2024-02-26_IBK투자증권_산업,2024-02-26,IBK투자증권,SK아이이테크놀로지,,기타,,1Q23,,,십억원,,106
2024-02-26_IBK투자증권_산업,2024-02-26,IBK투자증권,SK아이이테크놀로지,,기타,,2Q23,,,십억원,,106
2024-02-26_IBK투자증권_산업,2024-02-26,IBK투자증권,SK아이이테크놀로지,,기타,,3Q23,,,십억원,,106
2024-02-26_IBK투자증권_산업,2024-02-26,IBK투자증권,SK아이이테크놀로지,,기타,,4Q23,,,십억원,,106
2024-02-26_IBK투자증권_산업,2024-02-26,IBK투자증권,SK아이이테크놀로지,,기타,,1Q24F,,,십억원,,106
2024-02-26_IBK투자증권_산업,2024-02-26,IBK투자증권,SK아이이테크놀로지,,기타,,2Q24F,,,십억원,,106
2024-02-26_IBK투자증권_산업,2024-02-26,IBK투자증권,SK아이이테크놀로지,,기타,,3Q24F,,,십억원,,106
2024-02-26_IBK투자증권_산업,2024-02-26,IBK투자증권,SK아이이테크놀로지,,기타,,4Q24F,,,십억원,,106
2024-02-26_IBK투자증권_산업,2024-02-26,IBK투자증권,더블유씨피,,기타,,FY2021,,,십억원,,109
2024-02-26_IBK투자증권_산업,2024-02-26,IBK투자증권,더블유씨피,,기타,,FY2022,,,십억원,,109
2024-02-26_IBK투자증권_산업,2024-02-26,IBK투자증권,더블유씨피,,기타,,FY2023,,,십억원,,109
2024-02-26_IBK투자증권_산업,2024-02-26,IBK투자증권,더블유씨피,,기타,,FY2024F,,,십억원,"충주 7,8라인(3.1억m2) 1H24 가동, 24년 CAPA 11.3억m2 전망",109
2024-02-26_IBK투자증권_산업,2024-02-26,IBK투자증권,더블유씨피,,기타,,FY2025F,,,십억원,,109
2024-02-26_IBK투자증권_산업,2024-02-26,IBK투자증권,더블유씨피,,기타,,1Q22,,,십억원,,110
2024-02-26_IBK투자증권_산업,2024-02-26,IBK투자증권,더블유씨피,,기타,,2Q22,,,십억원,,110
2024-02-26_IBK투자증권_산업,2024-02-26,IBK투자증권,더블유씨피,,기타,,3Q22,,,십억원,,110
2024-02-26_IBK투자증권_산업,2024-02-26,IBK투자증권,더블유씨피,,기타,,4Q22,,,십억원,,110
2024-02-26_IBK투자증권_산업,2024-02-26,IBK투자증권,더블유씨피,,기타,,1Q23,,,십억원,,110
2024-02-26_IBK투자증권_산업,2024-02-26,IBK투자증권,더블유씨피,,기타,,2Q23,,,십억원,,110
2024-02-26_IBK투자증권_산업,2024-02-26,IBK투자증권,더블유씨피,,기타,,3Q23F,,,십억원,,110
2024-02-26_IBK투자증권_산업,2024-02-26,IBK투자증권,더블유씨피,,기타,,4Q23F,,,십억원,,110
2024-02-26_IBK투자증권_산업,2024-02-26,IBK투자증권,LGES,전사,전사,2021,FY,매출,17852.0,십억원,na,82
2024-02-26_IBK투자증권_산업,2024-02-26,IBK투자증권,LGES,전사,전사,2021,FY,영업이익,768.0,십억원,na,82
2024-02-26_IBK투자증권_산업,2024-02-26,IBK투자증권,LGES,전사,전사,2022,FY,매출,25599.0,십억원,na,82
2024-02-26_IBK투자증권_산업,2024-02-26,IBK투자증권,LGES,전사,전사,2022,FY,영업이익,1214.0,십억원,na,82
2024-02-26_IBK투자증권_산업,2024-02-26,IBK투자증권,LGES,전사,전사,2023,FY,매출,33745.0,십억원,na,82
2024-02-26_IBK투자증권_산업,2024-02-26,IBK투자증권,LGES,전사,전사,2023,FY,영업이익,2164.0,십억원,incl,83
2024-02-26_IBK투자증권_산업,2024-02-26,IBK투자증권,LGES,전사,전사,2023,FY,AMPC,677.0,십억원,na,83
2024-02-26_IBK투자증권_산업,2024-02-26,IBK투자증권,LGES,중대형,중대형,2023,FY,매출,24075.0,십억원,na,83
2024-02-26_IBK투자증권_산업,2024-02-26,IBK투자증권,LGES,중대형,중대형,2023,FY,영업이익,703.0,십억원,excl,83
2024-02-26_IBK투자증권_산업,2024-02-26,IBK투자증권,LGES,EV,EV,2023,FY,매출,21512.0,십억원,na,83
2024-02-26_IBK투자증권_산업,2024-02-26,IBK투자증권,LGES,EV,EV,2023,FY,영업이익,684.0,십억원,excl,83
2024-02-26_IBK투자증권_산업,2024-02-26,IBK투자증권,LGES,ESS,ESS,2023,FY,매출,2563.0,십억원,na,83
2024-02-26_IBK투자증권_산업,2024-02-26,IBK투자증권,LGES,ESS,ESS,2023,FY,영업이익,19.0,십억원,excl,83
2024-02-26_IBK투자증권_산업,2024-02-26,IBK투자증권,LGES,소형,소형,2023,FY,매출,9672.0,십억원,na,83
2024-02-26_IBK투자증권_산업,2024-02-26,IBK투자증권,LGES,소형,소형,2023,FY,영업이익,784.0,십억원,excl,83
2024-02-26_IBK투자증권_산업,2024-02-26,IBK투자증권,LGES,전사,전사,2024,FY,매출,35407.0,십억원,na,83
2024-02-26_IBK투자증권_산업,2024-02-26,IBK투자증권,LGES,전사,전사,2024,FY,영업이익,3489.0,십억원,incl,83
2024-02-26_IBK투자증권_산업,2024-02-26,IBK투자증권,LGES,전사,전사,2024,FY,AMPC,1781.0,십억원,na,83
2024-02-26_IBK투자증권_산업,2024-02-26,IBK투자증권,LGES,중대형,중대형,2024,FY,매출,24474.0,십억원,na,83
2024-02-26_IBK투자증권_산업,2024-02-26,IBK투자증권,LGES,중대형,중대형,2024,FY,영업이익,851.0,십억원,excl,83
2024-02-26_IBK투자증권_산업,2024-02-26,IBK투자증권,LGES,EV,EV,2024,FY,매출,21534.0,십억원,na,83
2024-02-26_IBK투자증권_산업,2024-02-26,IBK투자증권,LGES,EV,EV,2024,FY,영업이익,844.0,십억원,excl,83
2024-02-26_IBK투자증권_산업,2024-02-26,IBK투자증권,LGES,ESS,ESS,2024,FY,매출,2939.0,십억원,na,83
2024-02-26_IBK투자증권_산업,2024-02-26,IBK투자증권,LGES,ESS,ESS,2024,FY,영업이익,7.0,십억원,excl,83
2024-02-26_IBK투자증권_산업,2024-02-26,IBK투자증권,LGES,소형,소형,2024,FY,매출,10934.0,십억원,na,83
2024-02-26_IBK투자증권_산업,2024-02-26,IBK투자증권,LGES,소형,소형,2024,FY,영업이익,857.0,십억원,excl,83
2024-02-26_IBK투자증권_산업,2024-02-26,IBK투자증권,LGES,전사,전사,2025,FY,매출,47466.0,십억원,na,83
2024-02-26_IBK투자증권_산업,2024-02-26,IBK투자증권,LGES,전사,전사,2025,FY,영업이익,7096.0,십억원,incl,83
2024-02-26_IBK투자증권_산업,2024-02-26,IBK투자증권,LGES,전사,전사,2025,FY,AMPC,3570.0,십억원,na,83
2024-02-26_IBK투자증권_산업,2024-02-26,IBK투자증권,LGES,중대형,중대형,2025,FY,매출,33501.0,십억원,na,83
2024-02-26_IBK투자증권_산업,2024-02-26,IBK투자증권,LGES,중대형,중대형,2025,FY,영업이익,2148.0,십억원,excl,83
2024-02-26_IBK투자증권_산업,2024-02-26,IBK투자증권,LGES,EV,EV,2025,FY,매출,29626.0,십억원,na,83
2024-02-26_IBK투자증권_산업,2024-02-26,IBK투자증권,LGES,EV,EV,2025,FY,영업이익,1957.0,십억원,excl,83
2024-02-26_IBK투자증권_산업,2024-02-26,IBK투자증권,LGES,ESS,ESS,2025,FY,매출,3875.0,십억원,na,83
2024-02-26_IBK투자증권_산업,2024-02-26,IBK투자증권,LGES,ESS,ESS,2025,FY,영업이익,191.0,십억원,excl,83
2024-02-26_IBK투자증권_산업,2024-02-26,IBK투자증권,LGES,소형,소형,2025,FY,매출,13965.0,십억원,na,83
2024-02-26_IBK투자증권_산업,2024-02-26,IBK투자증권,LGES,소형,소형,2025,FY,영업이익,1378.0,십억원,excl,83
2024-02-26_IBK투자증권_산업,2024-02-26,IBK투자증권,삼성SDI,전사,전사,2021,FY,매출,13553.0,십억원,na,87
2024-02-26_IBK투자증권_산업,2024-02-26,IBK투자증권,삼성SDI,전사,전사,2021,FY,영업이익,1068.0,십억원,na,87
2024-02-26_IBK투자증권_산업,2024-02-26,IBK투자증권,삼성SDI,전사,전사,2022,FY,매출,20124.0,십억원,na,87
2024-02-26_IBK투자증권_산업,2024-02-26,IBK투자증권,삼성SDI,전사,전사,2022,FY,영업이익,1808.0,십억원,na,87
2024-02-26_IBK투자증권_산업,2024-02-26,IBK투자증권,삼성SDI,전사,전사,2023,FY,매출,22708.0,십억원,na,88
2024-02-26_IBK투자증권_산업,2024-02-26,IBK투자증권,삼성SDI,전사,전사,2023,FY,영업이익,1633.0,십억원,incl_unknown,88
2024-02-26_IBK투자증권_산업,2024-02-26,IBK투자증권,삼성SDI,소형,소형,2023,FY,매출,7428.0,십억원,na,88
2024-02-26_IBK투자증권_산업,2024-02-26,IBK투자증권,삼성SDI,소형,소형,2023,FY,영업이익,591.0,십억원,incl_unknown,88
2024-02-26_IBK투자증권_산업,2024-02-26,IBK투자증권,삼성SDI,EV,EV,2023,FY,매출,10392.0,십억원,na,88
2024-02-26_IBK투자증권_산업,2024-02-26,IBK투자증권,삼성SDI,EV,EV,2023,FY,영업이익,653.0,십억원,incl_unknown,88
2024-02-26_IBK투자증권_산업,2024-02-26,IBK투자증권,삼성SDI,ESS,ESS,2023,FY,매출,2586.0,십억원,na,88
2024-02-26_IBK투자증권_산업,2024-02-26,IBK투자증권,삼성SDI,ESS,ESS,2023,FY,영업이익,98.0,십억원,incl_unknown,88
2024-02-26_IBK투자증권_산업,2024-02-26,IBK투자증권,삼성SDI,전자재료,전자재료,2023,FY,매출,2302.0,십억원,na,88
2024-02-26_IBK투자증권_산업,2024-02-26,IBK투자증권,삼성SDI,전자재료,전자재료,2023,FY,영업이익,292.0,십억원,incl_unknown,88
2024-02-26_IBK투자증권_산업,2024-02-26,IBK투자증권,삼성SDI,전사,전사,2024,FY,매출,24267.0,십억원,na,88
2024-02-26_IBK투자증권_산업,2024-02-26,IBK투자증권,삼성SDI,전사,전사,2024,FY,영업이익,1800.0,십억원,incl_unknown,88
2024-02-26_IBK투자증권_산업,2024-02-26,IBK투자증권,삼성SDI,소형,소형,2024,FY,매출,7445.0,십억원,na,88
2024-02-26_IBK투자증권_산업,2024-02-26,IBK투자증권,삼성SDI,소형,소형,2024,FY,영업이익,544.0,십억원,incl_unknown,88
2024-02-26_IBK투자증권_산업,2024-02-26,IBK투자증권,삼성SDI,EV,EV,2024,FY,매출,11683.0,십억원,na,88
2024-02-26_IBK투자증권_산업,2024-02-26,IBK투자증권,삼성SDI,EV,EV,2024,FY,영업이익,774.0,십억원,incl_unknown,88
2024-02-26_IBK투자증권_산업,2024-02-26,IBK투자증권,삼성SDI,ESS,ESS,2024,FY,매출,2613.0,십억원,na,88
2024-02-26_IBK투자증권_산업,2024-02-26,IBK투자증권,삼성SDI,ESS,ESS,2024,FY,영업이익,69.0,십억원,incl_unknown,88
2024-02-26_IBK투자증권_산업,2024-02-26,IBK투자증권,삼성SDI,전자재료,전자재료,2024,FY,매출,2526.0,십억원,na,88
2024-02-26_IBK투자증권_산업,2024-02-26,IBK투자증권,삼성SDI,전자재료,전자재료,2024,FY,영업이익,414.0,십억원,incl_unknown,88
2024-02-26_IBK투자증권_산업,2024-02-26,IBK투자증권,삼성SDI,전사,전사,2025,FY,매출,30293.0,십억원,na,88
2024-02-26_IBK투자증권_산업,2024-02-26,IBK투자증권,삼성SDI,전사,전사,2025,FY,영업이익,2766.0,십억원,incl_unknown,88
2024-02-26_IBK투자증권_산업,2024-02-26,IBK투자증권,삼성SDI,소형,소형,2025,FY,매출,8959.0,십억원,na,88
2024-02-26_IBK투자증권_산업,2024-02-26,IBK투자증권,삼성SDI,소형,소형,2025,FY,영업이익,834.0,십억원,incl_unknown,88
2024-02-26_IBK투자증권_산업,2024-02-26,IBK투자증권,삼성SDI,EV,EV,2025,FY,매출,15517.0,십억원,na,88
2024-02-26_IBK투자증권_산업,2024-02-26,IBK투자증권,삼성SDI,EV,EV,2025,FY,영업이익,1216.0,십억원,incl_unknown,88
2024-02-26_IBK투자증권_산업,2024-02-26,IBK투자증권,삼성SDI,ESS,ESS,2025,FY,매출,3031.0,십억원,na,88
2024-02-26_IBK투자증권_산업,2024-02-26,IBK투자증권,삼성SDI,ESS,ESS,2025,FY,영업이익,206.0,십억원,incl_unknown,88
2024-02-26_IBK투자증권_산업,2024-02-26,IBK투자증권,삼성SDI,전자재료,전자재료,2025,FY,매출,2785.0,십억원,na,88
2024-02-26_IBK투자증권_산업,2024-02-26,IBK투자증권,삼성SDI,전자재료,전자재료,2025,FY,영업이익,510.0,십억원,incl_unknown,88
2024-10-21_상상인증권_산업,2024-10-21,상상인증권,삼성SDI,,기타,2022,,,,십억원,,61
2024-10-21_상상인증권_산업,2024-10-21,상상인증권,삼성SDI,,기타,2023,,,,십억원,,61
2024-10-21_상상인증권_산업,2024-10-21,상상인증권,삼성SDI,,기타,2024,,,,십억원,,61
2024-10-21_상상인증권_산업,2024-10-21,상상인증권,삼성SDI,,기타,2025,,,,십억원,,61
2024-10-21_상상인증권_산업,2024-10-21,상상인증권,삼성SDI,,기타,2026,,,,십억원,,61
2024-10-21_상상인증권_산업,2024-10-21,상상인증권,삼성SDI,,기타,2024,,,,십억원,,62
2024-10-21_상상인증권_산업,2024-10-21,상상인증권,삼성SDI,,기타,2024,,,,십억원,,62
2024-10-21_상상인증권_산업,2024-10-21,상상인증권,삼성SDI,,기타,2024,,,,십억원,,62
2024-10-21_상상인증권_산업,2024-10-21,상상인증권,삼성SDI,,기타,2024,,,,십억원,,62
2024-10-21_상상인증권_산업,2024-10-21,상상인증권,삼성SDI,,기타,2025,,,,십억원,,62
2024-10-21_상상인증권_산업,2024-10-21,상상인증권,삼성SDI,,기타,2025,,,,십억원,,62
2024-10-21_상상인증권_산업,2024-10-21,상상인증권,삼성SDI,,기타,2025,,,,십억원,,62
2024-10-21_상상인증권_산업,2024-10-21,상상인증권,삼성SDI,,기타,2025,,,,십억원,,62
2024-10-21_상상인증권_산업,2024-10-21,상상인증권,삼성SDI,,기타,2024,,,,십억원,,62
2024-10-21_상상인증권_산업,2024-10-21,상상인증권,삼성SDI,,기타,2024,,,,십억원,,62
2024-10-21_상상인증권_산업,2024-10-21,상상인증권,삼성SDI,,기타,2024,,,,십억원,,62
2024-10-21_상상인증권_산업,2024-10-21,상상인증권,삼성SDI,,기타,2024,,,,십억원,,62
2024-10-21_상상인증권_산업,2024-10-21,상상인증권,삼성SDI,,기타,2025,,,,십억원,,62
2024-10-21_상상인증권_산업,2024-10-21,상상인증권,삼성SDI,,기타,2025,,,,십억원,,62
2024-10-21_상상인증권_산업,2024-10-21,상상인증권,삼성SDI,,기타,2025,,,,십억원,,62
2024-10-21_상상인증권_산업,2024-10-21,상상인증권,삼성SDI,,기타,2025,,,,십억원,,62
2024-10-21_상상인증권_산업,2024-10-21,상상인증권,삼성SDI,,기타,2024,,,,십억원,,62
2024-10-21_상상인증권_산업,2024-10-21,상상인증권,삼성SDI,,기타,2024,,,,십억원,,62
2024-10-21_상상인증권_산업,2024-10-21,상상인증권,삼성SDI,연결,전사,2024,FY,매출,18125.0,십억원,incl_unknown,61
2024-10-21_상상인증권_산업,2024-10-21,상상인증권,삼성SDI,연결,전사,2025,FY,매출,20369.0,십억원,incl_unknown,61
2024-10-21_상상인증권_산업,2024-10-21,상상인증권,삼성SDI,연결,전사,2026,FY,매출,22406.0,십억원,incl_unknown,61
2024-10-21_상상인증권_산업,2024-10-21,상상인증권,삼성SDI,연결,전사,2024,FY,영업이익,932.0,십억원,incl_unknown,62
2024-10-21_상상인증권_산업,2024-10-21,상상인증권,삼성SDI,연결,전사,2025,FY,영업이익,1429.0,십억원,incl_unknown,62
2024-10-21_상상인증권_산업,2024-10-21,상상인증권,삼성SDI,연결,전사,2026,FY,영업이익,1591.0,십억원,incl_unknown,61
2024-10-21_상상인증권_산업,2024-10-21,상상인증권,삼성SDI,연결,전사,2025,1Q,매출,5628.0,십억원,incl_unknown,62
2024-10-21_상상인증권_산업,2024-10-21,상상인증권,삼성SDI,연결,전사,2025,2Q,매출,4922.0,십억원,incl_unknown,62
2024-10-21_상상인증권_산업,2024-10-21,상상인증권,삼성SDI,연결,전사,2025,3Q,매출,4630.0,십억원,incl_unknown,62
2024-10-21_상상인증권_산업,2024-10-21,상상인증권,삼성SDI,연결,전사,2025,4Q,매출,5189.0,십억원,incl_unknown,62
2024-10-21_상상인증권_산업,2024-10-21,상상인증권,삼성SDI,연결,전사,2025,1Q,영업이익,366.0,십억원,incl_unknown,62
2024-10-21_상상인증권_산업,2024-10-21,상상인증권,삼성SDI,연결,전사,2025,2Q,영업이익,349.0,십억원,incl_unknown,62
2024-10-21_상상인증권_산업,2024-10-21,상상인증권,삼성SDI,연결,전사,2025,3Q,영업이익,324.0,십억원,incl_unknown,62
2024-10-21_상상인증권_산업,2024-10-21,상상인증권,삼성SDI,연결,전사,2025,4Q,영업이익,389.0,십억원,incl_unknown,62
2024-10-21_상상인증권_산업,2024-10-21,상상인증권,삼성SDI,소형전지,소형,2024,FY,매출,5819.0,십억원,na,62
2024-10-21_상상인증권_산업,2024-10-21,상상인증권,삼성SDI,소형전지,소형,2025,FY,매출,6110.0,십억원,na,62
2024-10-21_상상인증권_산업,2024-10-21,상상인증권,삼성SDI,소형전지,소형,2025,1Q,매출,1611.0,십억원,na,62
2024-10-21_상상인증권_산업,2024-10-21,상상인증권,삼성SDI,소형전지,소형,2025,2Q,매출,1546.0,십억원,na,62
2024-10-21_상상인증권_산업,2024-10-21,상상인증권,삼성SDI,소형전지,소형,2025,3Q,매출,1469.0,십억원,na,62
2024-10-21_상상인증권_산업,2024-10-21,상상인증권,삼성SDI,소형전지,소형,2025,4Q,매출,1484.0,십억원,na,62
2024-10-21_상상인증권_산업,2024-10-21,상상인증권,삼성SDI,중대형전지,중대형,2024,FY,매출,10662.0,십억원,incl_unknown,62
2024-10-21_상상인증권_산업,2024-10-21,상상인증권,삼성SDI,중대형전지,중대형,2025,FY,매출,12901.0,십억원,incl_unknown,62
2024-10-21_상상인증권_산업,2024-10-21,상상인증권,삼성SDI,중대형전지,중대형,2025,1Q,매출,3688.0,십억원,incl_unknown,62
2024-10-21_상상인증권_산업,2024-10-21,상상인증권,삼성SDI,중대형전지,중대형,2025,2Q,매출,3047.0,십억원,incl_unknown,62
2024-10-21_상상인증권_산업,2024-10-21,상상인증권,삼성SDI,중대형전지,중대형,2025,3Q,매출,2803.0,십억원,incl_unknown,62
2024-10-21_상상인증권_산업,2024-10-21,상상인증권,삼성SDI,중대형전지,중대형,2025,4Q,매출,3364.0,십억원,incl_unknown,62
2024-10-21_상상인증권_산업,2024-10-21,상상인증권,삼성SDI,전지재료,전자재료,2024,FY,매출,1762.0,십억원,na,62
2024-10-21_상상인증권_산업,2024-10-21,상상인증권,삼성SDI,전지재료,전자재료,2025,FY,매출,1358.0,십억원,na,62
2024-10-21_상상인증권_산업,2024-10-21,상상인증권,삼성SDI,전지재료,전자재료,2025,1Q,매출,329.0,십억원,na,62
2024-10-21_상상인증권_산업,2024-10-21,상상인증권,삼성SDI,전지재료,전자재료,2025,2Q,매출,329.0,십억원,na,62
2024-10-21_상상인증권_산업,2024-10-21,상상인증권,삼성SDI,전지재료,전자재료,2025,3Q,매출,358.0,십억원,na,62
2024-10-21_상상인증권_산업,2024-10-21,상상인증권,삼성SDI,전지재료,전자재료,2025,4Q,매출,342.0,십억원,na,62
2024-10-21_상상인증권_산업,2024-10-21,상상인증권,포스코퓨처엠,연결,전사,2024,FY,매출,4459.0,십억원,na,69
2024-10-21_상상인증권_산업,2024-10-21,상상인증권,포스코퓨처엠,연결,전사,2025,FY,매출,5760.0,십억원,na,69
2024-10-21_상상인증권_산업,2024-10-21,상상인증권,포스코퓨처엠,연결,전사,2026,FY,매출,8065.0,십억원,na,68
2024-10-21_상상인증권_산업,2024-10-21,상상인증권,포스코퓨처엠,연결,전사,2024,FY,영업이익,109.0,십억원,na,69
2024-10-21_상상인증권_산업,2024-10-21,상상인증권,포스코퓨처엠,연결,전사,2025,FY,영업이익,236.0,십억원,na,69
2024-10-21_상상인증권_산업,2024-10-21,상상인증권,포스코퓨처엠,연결,전사,2026,FY,영업이익,517.0,십억원,na,68
2024-10-21_상상인증권_산업,2024-10-21,상상인증권,포스코퓨처엠,에너지소재,기타,2024,FY,매출,3087.0,십억원,na,69
2024-10-21_상상인증권_산업,2024-10-21,상상인증권,포스코퓨처엠,에너지소재,기타,2025,FY,매출,4347.0,십억원,na,69
2025-02-03_흥국증권_산업,2025-02-03,흥국증권,LGES,전사,전사,2022,FY,매출,25599,십억원,na,29
2025-02-03_흥국증권_산업,2025-02-03,흥국증권,LGES,전사,전사,2023,FY,매출,33745,십억원,na,29
2025-02-03_흥국증권_산업,2025-02-03,흥국증권,LGES,전사,전사,2024,FY,매출,25620,십억원,na,29
2025-02-03_흥국증권_산업,2025-02-03,흥국증권,LGES,전사,전사,2025,FY,매출,28312,십억원,na,29
2025-02-03_흥국증권_산업,2025-02-03,흥국증권,LGES,전사,전사,2026,FY,매출,37680,십억원,na,29
2025-02-03_흥국증권_산업,2025-02-03,흥국증권,LGES,전사,전사,2022,FY,영업이익,1214,십억원,incl,29
2025-02-03_흥국증권_산업,2025-02-03,흥국증권,LGES,전사,전사,2023,FY,영업이익,2163,십억원,incl,29
2025-02-03_흥국증권_산업,2025-02-03,흥국증권,LGES,전사,전사,2024,FY,영업이익,575,십억원,incl,29
2025-02-03_흥국증권_산업,2025-02-03,흥국증권,LGES,전사,전사,2025,FY,영업이익,1343,십억원,incl,29
2025-02-03_흥국증권_산업,2025-02-03,흥국증권,LGES,전사,전사,2026,FY,영업이익,3096,십억원,incl,29
2025-02-03_흥국증권_산업,2025-02-03,흥국증권,LGES,전사(본영업이익),전사,2024,FY,영업이익,-891.7,십억원,excl,25
2025-02-03_흥국증권_산업,2025-02-03,흥국증권,LGES,전사(본영업이익),전사,2025,FY,영업이익,-357.4,십억원,excl,25
2025-02-03_흥국증권_산업,2025-02-03,흥국증권,LGES,소형전지,소형,2024,FY,매출,7980.3,십억원,na,25
2025-02-03_흥국증권_산업,2025-02-03,흥국증권,LGES,소형전지,소형,2025,FY,매출,8684.2,십억원,na,25
2025-02-03_흥국증권_산업,2025-02-03,흥국증권,LGES,중대형전지,중대형,2024,FY,매출,17639.5,십억원,na,25
2025-02-03_흥국증권_산업,2025-02-03,흥국증권,LGES,중대형전지,중대형,2025,FY,매출,19628.0,십억원,na,25
2025-02-03_흥국증권_산업,2025-02-03,흥국증권,LGES,중대형-EV,EV,2024,FY,매출,16312.0,십억원,na,25
2025-02-03_흥국증권_산업,2025-02-03,흥국증권,LGES,중대형-EV,EV,2025,FY,매출,18133.1,십억원,na,25
2025-02-03_흥국증권_산업,2025-02-03,흥국증권,LGES,중대형-ESS,ESS,2024,FY,매출,1327.5,십억원,na,25
2025-02-03_흥국증권_산업,2025-02-03,흥국증권,LGES,중대형-ESS,ESS,2025,FY,매출,1495.0,십억원,na,25
2025-02-03_흥국증권_산업,2025-02-03,흥국증권,LGES,전사(IRA AMPC),전사,2024,FY,AMPC,1467.1,십억원,na,25
2025-02-03_흥국증권_산업,2025-02-03,흥국증권,LGES,전사(IRA AMPC),전사,2025,FY,AMPC,2183.0,십억원,na,25
2025-02-03_흥국증권_산업,2025-02-03,흥국증권,LGES,전사,전사,2024,4Q,매출,6451.2,십억원,incl,24
2025-02-03_흥국증권_산업,2025-02-03,흥국증권,LGES,전사,전사,2024,4Q,영업이익,-225.5,십억원,incl,24
2025-02-03_흥국증권_산업,2025-02-03,흥국증권,LGES,전사,전사,2025,1Q,매출,6591.3,십억원,incl,25
2025-02-03_흥국증권_산업,2025-02-03,흥국증권,LGES,전사,전사,2025,1Q,영업이익,135.2,십억원,incl,25
2025-02-03_흥국증권_산업,2025-02-03,흥국증권,삼성SDI,전사,전사,2022,FY,매출,20124,십억원,na,35
2025-02-03_흥국증권_산업,2025-02-03,흥국증권,삼성SDI,전사,전사,2023,FY,매출,22708,십억원,na,35
2025-02-03_흥국증권_산업,2025-02-03,흥국증권,삼성SDI,전사,전사,2024,FY,매출,16592,십억원,na,35
2025-02-03_흥국증권_산업,2025-02-03,흥국증권,삼성SDI,전사,전사,2025,FY,매출,16055,십억원,na,35
2025-02-03_흥국증권_산업,2025-02-03,흥국증권,삼성SDI,전사,전사,2026,FY,매출,21886,십억원,na,35
2025-02-03_흥국증권_산업,2025-02-03,흥국증권,삼성SDI,전사,전사,2022,FY,영업이익,1808,십억원,incl,35
2025-02-03_흥국증권_산업,2025-02-03,흥국증권,삼성SDI,전사,전사,2023,FY,영업이익,1633,십억원,incl,35
2025-02-03_흥국증권_산업,2025-02-03,흥국증권,삼성SDI,전사,전사,2024,FY,영업이익,363,십억원,incl,35
2025-02-03_흥국증권_산업,2025-02-03,흥국증권,삼성SDI,전사,전사,2025,FY,영업이익,733,십억원,incl,35
2025-02-03_흥국증권_산업,2025-02-03,흥국증권,삼성SDI,전사,전사,2026,FY,영업이익,1365,십억원,incl,35
2025-02-03_흥국증권_산업,2025-02-03,흥국증권,삼성SDI,전사(본영업이익),전사,2024,FY,영업이익,-79.7,십억원,excl,31
2025-02-03_흥국증권_산업,2025-02-03,흥국증권,삼성SDI,전사(본영업이익),전사,2025,FY,영업이익,-84.5,십억원,excl,31
2025-02-03_흥국증권_산업,2025-02-03,흥국증권,삼성SDI,에너지솔루션,배터리합계,2024,FY,매출,15691.3,십억원,na,31
2025-02-03_흥국증권_산업,2025-02-03,흥국증권,삼성SDI,에너지솔루션,배터리합계,2025,FY,매출,15231.4,십억원,na,31
2025-02-03_흥국증권_산업,2025-02-03,흥국증권,삼성SDI,소형전지,소형,2024,FY,매출,2539.8,십억원,na,31
2025-02-03_흥국증권_산업,2025-02-03,흥국증권,삼성SDI,소형전지,소형,2025,FY,매출,3227.6,십억원,na,31
2025-02-03_흥국증권_산업,2025-02-03,흥국증권,삼성SDI,중대형-EV,EV,2024,FY,매출,10402.6,십억원,na,31
2025-02-03_흥국증권_산업,2025-02-03,흥국증권,삼성SDI,중대형-EV,EV,2025,FY,매출,8405.8,십억원,na,31
2025-02-03_흥국증권_산업,2025-02-03,흥국증권,삼성SDI,중대형-ESS,ESS,2024,FY,매출,2748.9,십억원,na,31
2025-02-03_흥국증권_산업,2025-02-03,흥국증권,삼성SDI,중대형-ESS,ESS,2025,FY,매출,3598.0,십억원,na,31
2025-02-03_흥국증권_산업,2025-02-03,흥국증권,삼성SDI,전자재료,전자재료,2024,FY,매출,1579.9,십억원,na,31
2025-02-03_흥국증권_산업,2025-02-03,흥국증권,삼성SDI,전자재료,전자재료,2025,FY,매출,824.0,십억원,na,31
2025-02-03_흥국증권_산업,2025-02-03,흥국증권,삼성SDI,전사(IRA AMPC),전사,2024,FY,AMPC,89.8,십억원,na,31
2025-02-03_흥국증권_산업,2025-02-03,흥국증권,삼성SDI,전사(IRA AMPC),전사,2025,FY,AMPC,681.6,십억원,na,31
2025-02-03_흥국증권_산업,2025-02-03,흥국증권,삼성SDI,전사,전사,2024,4Q,매출,3754.5,십억원,incl,30
2025-02-03_흥국증권_산업,2025-02-03,흥국증권,삼성SDI,전사,전사,2024,4Q,영업이익,-256.7,십억원,incl,30
2025-02-03_흥국증권_산업,2025-02-03,흥국증권,삼성SDI,전사,전사,2025,1Q,매출,3267.2,십억원,incl,31
2025-02-03_흥국증권_산업,2025-02-03,흥국증권,삼성SDI,전사,전사,2025,1Q,영업이익,-275.0,십억원,incl,31
2025-02-03_흥국증권_산업,2025-02-03,흥국증권,LGES,연결,전사,2024,FY,매출,25619.7,십억원,excl,25
2025-02-03_흥국증권_산업,2025-02-03,흥국증권,LGES,연결,전사,2025,FY,매출,28312.2,십억원,excl,25
2025-02-03_흥국증권_산업,2025-02-03,흥국증권,LGES,연결,전사,2026,FY,매출,37680.0,십억원,excl,29
2025-02-03_흥국증권_산업,2025-02-03,흥국증권,LGES,연결,전사,2025,2Q,매출,6898.0,십억원,excl,25
2025-02-03_흥국증권_산업,2025-02-03,흥국증권,LGES,연결,전사,2025,3Q,매출,7323.0,십억원,excl,25
2025-02-03_흥국증권_산업,2025-02-03,흥국증권,LGES,연결,전사,2025,4Q,매출,7500.0,십억원,excl,25
2025-02-03_흥국증권_산업,2025-02-03,흥국증권,LGES,연결,전사,2025,2Q,영업이익,321.9,십억원,incl,25
2025-02-03_흥국증권_산업,2025-02-03,흥국증권,LGES,연결,전사,2025,3Q,영업이익,571.6,십억원,incl,25
2025-02-03_흥국증권_산업,2025-02-03,흥국증권,LGES,연결,전사,2025,4Q,영업이익,796.9,십억원,incl,25
2025-02-03_흥국증권_산업,2025-02-03,흥국증권,LGES,연결,전사,2025,1Q,AMPC,375.6,십억원,na,25
2025-02-03_흥국증권_산업,2025-02-03,흥국증권,LGES,연결,전사,2025,2Q,AMPC,482.1,십억원,na,25
2025-02-03_흥국증권_산업,2025-02-03,흥국증권,LGES,연결,전사,2025,3Q,AMPC,625.0,십억원,na,25
2025-02-03_흥국증권_산업,2025-02-03,흥국증권,LGES,연결,전사,2025,4Q,AMPC,700.4,십억원,na,25
2025-02-03_흥국증권_산업,2025-02-03,흥국증권,LGES,소형전지,소형,2025,1Q,매출,1875.2,십억원,na,25
2025-02-03_흥국증권_산업,2025-02-03,흥국증권,LGES,소형전지,소형,2025,2Q,매출,2043.5,십억원,na,25
2025-02-03_흥국증권_산업,2025-02-03,흥국증권,LGES,소형전지,소형,2025,3Q,매출,2362.7,십억원,na,25
2025-02-03_흥국증권_산업,2025-02-03,흥국증권,LGES,소형전지,소형,2025,4Q,매출,2402.9,십억원,na,25
2025-02-03_흥국증권_산업,2025-02-03,흥국증권,LGES,중대형전지,중대형,2025,1Q,매출,4716.1,십억원,na,25
2025-02-03_흥국증권_산업,2025-02-03,흥국증권,LGES,중대형전지,중대형,2025,2Q,매출,4854.5,십억원,na,25
2025-02-03_흥국증권_산업,2025-02-03,흥국증권,LGES,중대형전지,중대형,2025,3Q,매출,4960.4,십억원,na,25
2025-02-03_흥국증권_산업,2025-02-03,흥국증권,LGES,중대형전지,중대형,2025,4Q,매출,5097.1,십억원,na,25
2025-02-03_흥국증권_산업,2025-02-03,흥국증권,LGES,중대형전지-EV,EV,2025,1Q,매출,4368.7,십억원,na,25
2025-02-03_흥국증권_산업,2025-02-03,흥국증권,LGES,중대형전지-EV,EV,2025,2Q,매출,4499.7,십억원,na,25
2025-02-03_흥국증권_산업,2025-02-03,흥국증권,LGES,중대형전지-EV,EV,2025,3Q,매출,4579.4,십억원,na,25
2025-02-03_흥국증권_산업,2025-02-03,흥국증권,LGES,중대형전지-EV,EV,2025,4Q,매출,4685.3,십억원,na,25
2025-02-03_흥국증권_산업,2025-02-03,흥국증권,LGES,중대형전지-ESS,ESS,2025,1Q,매출,347.4,십억원,na,25
2025-02-03_흥국증권_산업,2025-02-03,흥국증권,LGES,중대형전지-ESS,ESS,2025,2Q,매출,354.9,십억원,na,25
2025-02-03_흥국증권_산업,2025-02-03,흥국증권,LGES,중대형전지-ESS,ESS,2025,3Q,매출,380.9,십억원,na,25
2025-02-03_흥국증권_산업,2025-02-03,흥국증권,LGES,중대형전지-ESS,ESS,2025,4Q,매출,411.8,십억원,na,25
2025-02-03_흥국증권_산업,2025-02-03,흥국증권,삼성SDI,연결,전사,2024,FY,매출,17271.2,십억원,excl,31
2025-02-03_흥국증권_산업,2025-02-03,흥국증권,삼성SDI,연결,전사,2025,FY,매출,16055.4,십억원,excl,31
2025-02-03_흥국증권_산업,2025-02-03,흥국증권,삼성SDI,연결,전사,2026,FY,매출,21186.0,십억원,excl,35
2025-02-03_흥국증권_산업,2025-02-03,흥국증권,삼성SDI,연결,전사,2025,2Q,매출,3815.3,십억원,excl,31
2025-02-03_흥국증권_산업,2025-02-03,흥국증권,삼성SDI,연결,전사,2025,3Q,매출,4346.1,십억원,excl,31
2025-02-03_흥국증권_산업,2025-02-03,흥국증권,삼성SDI,연결,전사,2025,4Q,매출,4945.4,십억원,excl,31
2025-02-03_흥국증권_산업,2025-02-03,흥국증권,삼성SDI,연결,전사,2025,2Q,영업이익,67.3,십억원,incl,31
2025-02-03_흥국증권_산업,2025-02-03,흥국증권,삼성SDI,연결,전사,2025,3Q,영업이익,392.4,십억원,incl,31
2025-02-03_흥국증권_산업,2025-02-03,흥국증권,삼성SDI,연결,전사,2025,4Q,영업이익,548.2,십억원,incl,31
2025-02-03_흥국증권_산업,2025-02-03,흥국증권,삼성SDI,연결,전사,2025,1Q,AMPC,97.9,십억원,na,31
2025-02-03_흥국증권_산업,2025-02-03,흥국증권,삼성SDI,연결,전사,2025,2Q,AMPC,147.0,십억원,na,31
2025-02-03_흥국증권_산업,2025-02-03,흥국증권,삼성SDI,연결,전사,2025,3Q,AMPC,194.6,십억원,na,31
2025-02-03_흥국증권_산업,2025-02-03,흥국증권,삼성SDI,연결,전사,2025,4Q,AMPC,242.2,십억원,na,31
2025-02-03_흥국증권_산업,2025-02-03,흥국증권,삼성SDI,에너지솔루션,배터리합계,2025,1Q,매출,3071.6,십억원,na,31
2025-02-03_흥국증권_산업,2025-02-03,흥국증권,삼성SDI,에너지솔루션,배터리합계,2025,2Q,매출,3609.9,십억원,na,31
2025-02-03_흥국증권_산업,2025-02-03,흥국증권,삼성SDI,에너지솔루션,배터리합계,2025,3Q,매출,4136.6,십억원,na,31
2025-02-03_흥국증권_산업,2025-02-03,흥국증권,삼성SDI,에너지솔루션,배터리합계,2025,4Q,매출,4731.8,십억원,na,31
2025-02-03_흥국증권_산업,2025-02-03,흥국증권,삼성SDI,소형전지,소형,2025,1Q,매출,631.1,십억원,na,31
2025-02-03_흥국증권_산업,2025-02-03,흥국증권,삼성SDI,소형전지,소형,2025,2Q,매출,737.5,십억원,na,31
2025-02-03_흥국증권_산업,2025-02-03,흥국증권,삼성SDI,소형전지,소형,2025,3Q,매출,876.5,십억원,na,31
2025-02-03_흥국증권_산업,2025-02-03,흥국증권,삼성SDI,소형전지,소형,2025,4Q,매출,1071.3,십억원,na,31
2025-02-03_흥국증권_산업,2025-02-03,흥국증권,삼성SDI,중대형전지,중대형,2024,FY,매출,13151.5,십억원,na,31
2025-02-03_흥국증권_산업,2025-02-03,흥국증권,삼성SDI,중대형전지,중대형,2025,FY,매출,12003.7,십억원,na,31
2025-02-03_흥국증권_산업,2025-02-03,흥국증권,삼성SDI,중대형전지,중대형,2025,1Q,매출,2440.5,십억원,na,31
2025-02-03_흥국증권_산업,2025-02-03,흥국증권,삼성SDI,중대형전지,중대형,2025,2Q,매출,2872.5,십억원,na,31
2025-02-03_흥국증권_산업,2025-02-03,흥국증권,삼성SDI,중대형전지,중대형,2025,3Q,매출,3260.1,십억원,na,31
2025-02-03_흥국증권_산업,2025-02-03,흥국증권,삼성SDI,중대형전지,중대형,2025,4Q,매출,3660.5,십억원,na,31
2025-02-03_흥국증권_산업,2025-02-03,흥국증권,삼성SDI,중대형전지-EV,EV,2025,1Q,매출,1565.2,십억원,na,31
2025-02-03_흥국증권_산업,2025-02-03,흥국증권,삼성SDI,중대형전지-EV,EV,2025,2Q,매출,1981.4,십억원,na,31
2025-02-03_흥국증권_산업,2025-02-03,흥국증권,삼성SDI,중대형전지-EV,EV,2025,3Q,매출,2354.8,십억원,na,31
2025-02-03_흥국증권_산업,2025-02-03,흥국증권,삼성SDI,중대형전지-EV,EV,2025,4Q,매출,2734.3,십억원,na,31
2025-02-03_흥국증권_산업,2025-02-03,흥국증권,삼성SDI,중대형전지-ESS,ESS,2025,1Q,매출,875.3,십억원,na,31
2025-02-03_흥국증권_산업,2025-02-03,흥국증권,삼성SDI,중대형전지-ESS,ESS,2025,2Q,매출,891.0,십억원,na,31
2025-02-03_흥국증권_산업,2025-02-03,흥국증권,삼성SDI,중대형전지-ESS,ESS,2025,3Q,매출,905.3,십억원,na,31
2025-02-03_흥국증권_산업,2025-02-03,흥국증권,삼성SDI,중대형전지-ESS,ESS,2025,4Q,매출,926.3,십억원,na,31
2025-02-03_흥국증권_산업,2025-02-03,흥국증권,삼성SDI,전자재료,전자재료,2025,1Q,매출,195.6,십억원,na,31
2025-02-03_흥국증권_산업,2025-02-03,흥국증권,삼성SDI,전자재료,전자재료,2025,2Q,매출,205.3,십억원,na,31
2025-02-03_흥국증권_산업,2025-02-03,흥국증권,삼성SDI,전자재료,전자재료,2025,3Q,매출,209.4,십억원,na,31
2025-02-03_흥국증권_산업,2025-02-03,흥국증권,삼성SDI,전자재료,전자재료,2025,4Q,매출,213.6,십억원,na,31
2025-03-21_삼성증권_산업,2025-03-21,삼성증권,LGES,,기타,,FY2023,매출,33745,십억원,,41
2025-03-21_삼성증권_산업,2025-03-21,삼성증권,LGES,,기타,,FY2024,매출,25620,십억원,,41
2025-03-21_삼성증권_산업,2025-03-21,삼성증권,LGES,,기타,,FY2025E,매출,27805,십억원,,41
2025-03-21_삼성증권_산업,2025-03-21,삼성증권,LGES,,기타,,FY2026E,매출,37790,십억원,,41
2025-03-21_삼성증권_산업,2025-03-21,삼성증권,LGES,,기타,,FY2027E,매출,46695,십억원,,41
2025-03-21_삼성증권_산업,2025-03-21,삼성증권,LGES,,기타,,FY2023,영업이익,2163,십억원,,41
2025-03-21_삼성증권_산업,2025-03-21,삼성증권,LGES,,기타,,FY2024,영업이익,575,십억원,,41
2025-03-21_삼성증권_산업,2025-03-21,삼성증권,LGES,,기타,,FY2025E,영업이익,1900,십억원,,41
2025-03-21_삼성증권_산업,2025-03-21,삼성증권,LGES,,기타,,FY2026E,영업이익,5635,십억원,,41
2025-03-21_삼성증권_산업,2025-03-21,삼성증권,LGES,,기타,,FY2027E,영업이익,8414,십억원,,41
2025-03-21_삼성증권_산업,2025-03-21,삼성증권,LGES,,기타,,FY2023,매출,21745,십억원,,40
2025-03-21_삼성증권_산업,2025-03-21,삼성증권,LGES,,기타,,FY2024,매출,16408,십억원,,40
2025-03-21_삼성증권_산업,2025-03-21,삼성증권,LGES,,기타,,FY2025E,매출,17672,십억원,,40
2025-03-21_삼성증권_산업,2025-03-21,삼성증권,LGES,,기타,,FY2026E,매출,24993,십억원,,40
2025-03-21_삼성증권_산업,2025-03-21,삼성증권,LGES,,기타,,FY2023,영업이익,722,십억원,,40
2025-03-21_삼성증권_산업,2025-03-21,삼성증권,LGES,,기타,,FY2024,영업이익,-880,십억원,,40
2025-03-21_삼성증권_산업,2025-03-21,삼성증권,LGES,,기타,,FY2025E,영업이익,-258,십억원,,40
2025-03-21_삼성증권_산업,2025-03-21,삼성증권,LGES,,기타,,FY2026E,영업이익,179,십억원,,40
2025-03-21_삼성증권_산업,2025-03-21,삼성증권,LGES,,기타,,FY2024,매출,1849,십억원,,40
2025-03-21_삼성증권_산업,2025-03-21,삼성증권,LGES,,기타,,FY2025E,매출,2724,십억원,,40
2025-03-21_삼성증권_산업,2025-03-21,삼성증권,LGES,,기타,,FY2026E,매출,4977,십억원,,40
2025-03-21_삼성증권_산업,2025-03-21,삼성증권,LGES,,기타,,FY2024,매출,7363,십억원,,40
2025-03-21_삼성증권_산업,2025-03-21,삼성증권,LGES,,기타,,FY2025E,매출,7408,십억원,,40
2025-03-21_삼성증권_산업,2025-03-21,삼성증권,LGES,,기타,,FY2026E,매출,7821,십억원,,40
2025-03-21_삼성증권_산업,2025-03-21,삼성증권,LGES,,기타,,FY2024,영업이익 반영액,1480,십억원,"셀 35달러/kWh+모듈 10달러/kWh 세액공제, 지배주주 기준 20,342십억원(연결기준 40,610십억원, 2021~2032 합계)",39
2025-03-21_삼성증권_산업,2025-03-21,삼성증권,LGES,,기타,,FY2025E,영업이익 반영액,1788,십억원,IRA 세제혜택 지배주주 기준,40
2025-03-21_삼성증권_산업,2025-03-21,삼성증권,LGES,,기타,,FY2026E,영업이익 반영액,4909,십억원,IRA 세제혜택 지배주주 기준,40
2025-03-21_삼성증권_산업,2025-03-21,삼성증권,LGES,,기타,,1Q25E,매출,5996,십억원,,38
2025-03-21_삼성증권_산업,2025-03-21,삼성증권,LGES,,기타,,1Q25E,영업이익,95,십억원,"IRA AMPC 357십억원 포함, 컨센서스(FnGuide) 40십억원 대비 +136% 상회",38
2025-03-21_삼성증권_산업,2025-03-21,삼성증권,삼성SDI,,기타,,FY2023,매출,21437,십억원,,45
2025-03-21_삼성증권_산업,2025-03-21,삼성증권,삼성SDI,,기타,,FY2024,매출,16592,십억원,,45
2025-03-21_삼성증권_산업,2025-03-21,삼성증권,삼성SDI,,기타,,FY2025E,매출,15713,십억원,,45
2025-03-21_삼성증권_산업,2025-03-21,삼성증권,삼성SDI,,기타,,FY2026E,매출,20330,십억원,,45
2025-03-21_삼성증권_산업,2025-03-21,삼성증권,삼성SDI,,기타,,FY2027E,매출,25289,십억원,,45
2025-03-21_삼성증권_산업,2025-03-21,삼성증권,삼성SDI,,기타,,FY2023,영업이익,1545,십억원,,45
2025-03-21_삼성증권_산업,2025-03-21,삼성증권,삼성SDI,,기타,,FY2024,영업이익,363,십억원,,45
2025-03-21_삼성증권_산업,2025-03-21,삼성증권,삼성SDI,,기타,,FY2025E,영업이익,718,십억원,,45
2025-03-21_삼성증권_산업,2025-03-21,삼성증권,삼성SDI,,기타,,FY2026E,영업이익,3127,십억원,,45
2025-03-21_삼성증권_산업,2025-03-21,삼성증권,삼성SDI,,기타,,FY2027E,영업이익,4191,십억원,,45
2025-03-21_삼성증권_산업,2025-03-21,삼성증권,삼성SDI,,기타,,FY2024,매출,11296.0,십억원,,43
2025-03-21_삼성증권_산업,2025-03-21,삼성증권,삼성SDI,,기타,,FY2025E,매출,11438.6,십억원,,43
2025-03-21_삼성증권_산업,2025-03-21,삼성증권,삼성SDI,,기타,,FY2026E,매출,14836.2,십억원,,43
2025-03-21_삼성증권_산업,2025-03-21,삼성증권,삼성SDI,,기타,,FY2024,영업이익,386.6,십억원,,43
2025-03-21_삼성증권_산업,2025-03-21,삼성증권,삼성SDI,,기타,,FY2025E,영업이익,116.7,십억원,,43
2025-03-21_삼성증권_산업,2025-03-21,삼성증권,삼성SDI,,기타,,FY2026E,영업이익,790.2,십억원,,43
2025-03-21_삼성증권_산업,2025-03-21,삼성증권,삼성SDI,,기타,,FY2024,매출,4395.3,십억원,,43
2025-03-21_삼성증권_산업,2025-03-21,삼성증권,삼성SDI,,기타,,FY2025E,매출,3279.0,십억원,,43
2025-03-21_삼성증권_산업,2025-03-21,삼성증권,삼성SDI,,기타,,FY2026E,매출,4284.6,십억원,,43
2025-03-21_삼성증권_산업,2025-03-21,삼성증권,삼성SDI,,기타,,FY2024,영업이익 반영액,79.8,십억원,"AMPC 크레딧 셀 35달러/kWh, 모듈/팩 10달러/kWh",43
2025-03-21_삼성증권_산업,2025-03-21,삼성증권,삼성SDI,,기타,,FY2025E,영업이익 반영액,623.6,십억원,"AMPC 반영 규모 4.55억달러, 비지배주주 순이익 규모 반영",43
2025-03-21_삼성증권_산업,2025-03-21,삼성증권,삼성SDI,,기타,,FY2026E,영업이익 반영액,1852.0,십억원,AMPC 반영 규모 13.8억달러,44
2025-03-21_삼성증권_산업,2025-03-21,삼성증권,삼성SDI,,기타,,1Q25E,매출,2830.0,십억원,,42
2025-03-21_삼성증권_산업,2025-03-21,삼성증권,삼성SDI,,기타,,1Q25E,영업이익,-347.4,십억원,"컨센서스(Fnguide) 영업적자 299.5십억원보다 부진, BMW 등 고객사 재고조정 영향",42
2025-03-21_삼성증권_산업,2025-03-21,삼성증권,LGES,전사,전사,2023,FY,매출,33745.0,십억원,na,41
2025-03-21_삼성증권_산업,2025-03-21,삼성증권,LGES,전사,전사,2023,FY,영업이익,2163.0,십억원,incl,41
2025-03-21_삼성증권_산업,2025-03-21,삼성증권,LGES,전사,전사,2024,FY,매출,25620.0,십억원,na,33
2025-03-21_삼성증권_산업,2025-03-21,삼성증권,LGES,전사,전사,2024,FY,영업이익,575.0,십억원,incl,33
2025-03-21_삼성증권_산업,2025-03-21,삼성증권,LGES,전사,전사,2024,FY,순이익,339.0,십억원,incl,33
2025-03-21_삼성증권_산업,2025-03-21,삼성증권,LGES,전사,전사,2025,FY,매출,27805.0,십억원,na,33
2025-03-21_삼성증권_산업,2025-03-21,삼성증권,LGES,전사,전사,2025,FY,영업이익,1900.0,십억원,incl,33
2025-03-21_삼성증권_산업,2025-03-21,삼성증권,LGES,전사,전사,2025,FY,순이익,1374.0,십억원,incl,33
2025-03-21_삼성증권_산업,2025-03-21,삼성증권,LGES,전사,전사,2026,FY,매출,37790.0,십억원,na,33
2025-03-21_삼성증권_산업,2025-03-21,삼성증권,LGES,전사,전사,2026,FY,영업이익,5635.0,십억원,incl,33
2025-03-21_삼성증권_산업,2025-03-21,삼성증권,LGES,전사,전사,2026,FY,순이익,4656.0,십억원,incl,33
2025-03-21_삼성증권_산업,2025-03-21,삼성증권,LGES,전사,전사,2027,FY,매출,46695.0,십억원,na,33
2025-03-21_삼성증권_산업,2025-03-21,삼성증권,LGES,전사,전사,2027,FY,영업이익,8414.0,십억원,incl,33
2025-03-21_삼성증권_산업,2025-03-21,삼성증권,LGES,전사,전사,2027,FY,순이익,7248.0,십억원,incl,33
2025-03-21_삼성증권_산업,2025-03-21,삼성증권,LGES,자동차 전지,중대형,2025,1Q,매출,3964.0,십억원,na,38
2025-03-21_삼성증권_산업,2025-03-21,삼성증권,LGES,자동차 전지,중대형,2025,1Q,영업이익,-238.0,십억원,na,38
2025-03-21_삼성증권_산업,2025-03-21,삼성증권,LGES,소형 전지,소형,2025,1Q,매출,1643.0,십억원,na,38
2025-03-21_삼성증권_산업,2025-03-21,삼성증권,LGES,소형 전지,소형,2025,1Q,영업이익,74.0,십억원,na,38
2025-03-21_삼성증권_산업,2025-03-21,삼성증권,LGES,ESS 전지,ESS,2025,1Q,매출,389.0,십억원,na,38
2025-03-21_삼성증권_산업,2025-03-21,삼성증권,LGES,ESS 전지,ESS,2025,1Q,영업이익,-97.0,십억원,na,38
2025-03-21_삼성증권_산업,2025-03-21,삼성증권,LGES,전사,전사,2025,1Q,매출,5996.0,십억원,na,38
2025-03-21_삼성증권_산업,2025-03-21,삼성증권,LGES,전사,전사,2025,1Q,영업이익,95.0,십억원,incl,38
2025-03-21_삼성증권_산업,2025-03-21,삼성증권,LGES,IRA AMPC,기타,2025,1Q,AMPC,357.0,십억원,excl,38
2025-03-21_삼성증권_산업,2025-03-21,삼성증권,삼성SDI,전사,전사,2023,FY,매출,21437.0,십억원,na,45
2025-03-21_삼성증권_산업,2025-03-21,삼성증권,삼성SDI,전사,전사,2023,FY,영업이익,1545.0,십억원,incl,45
2025-03-21_삼성증권_산업,2025-03-21,삼성증권,삼성SDI,전사,전사,2024,FY,매출,16592.0,십억원,na,42
2025-03-21_삼성증권_산업,2025-03-21,삼성증권,삼성SDI,전사,전사,2024,FY,영업이익,363.0,십억원,incl,42
2025-03-21_삼성증권_산업,2025-03-21,삼성증권,삼성SDI,전사,전사,2024,FY,순이익,576.0,십억원,incl,42
2025-03-21_삼성증권_산업,2025-03-21,삼성증권,삼성SDI,전사,전사,2025,FY,매출,15713.0,십억원,na,42
2025-03-21_삼성증권_산업,2025-03-21,삼성증권,삼성SDI,전사,전사,2025,FY,영업이익,718.0,십억원,incl,42
2025-03-21_삼성증권_산업,2025-03-21,삼성증권,삼성SDI,전사,전사,2025,FY,순이익,629.0,십억원,incl,42
2025-03-21_삼성증권_산업,2025-03-21,삼성증권,삼성SDI,전사,전사,2026,FY,매출,20330.0,십억원,na,42
2025-03-21_삼성증권_산업,2025-03-21,삼성증권,삼성SDI,전사,전사,2026,FY,영업이익,3127.0,십억원,incl,42
2025-03-21_삼성증권_산업,2025-03-21,삼성증권,삼성SDI,전사,전사,2026,FY,순이익,2604.0,십억원,incl,42
2025-03-21_삼성증권_산업,2025-03-21,삼성증권,삼성SDI,전사,전사,2027,FY,매출,25289.0,십억원,na,42
2025-03-21_삼성증권_산업,2025-03-21,삼성증권,삼성SDI,전사,전사,2027,FY,영업이익,4191.0,십억원,incl,42
2025-03-21_삼성증권_산업,2025-03-21,삼성증권,삼성SDI,전사,전사,2027,FY,순이익,3365.0,십억원,incl,42
2025-03-21_삼성증권_산업,2025-03-21,삼성증권,삼성SDI,전사,전사,2025,1Q,매출,2830.0,십억원,na,43
2025-03-21_삼성증권_산업,2025-03-21,삼성증권,삼성SDI,전사,전사,2025,1Q,영업이익,-347.4,십억원,incl,43
2025-03-21_삼성증권_산업,2025-03-21,삼성증권,삼성SDI,전사,전사,2025,1Q,순이익,-522.1,십억원,incl,43
2025-04-02_유안타증권_산업,2025-04-02,유안타증권,LGES,,전사,2023,FY,매출,33745,십억원,na,45
2025-04-02_유안타증권_산업,2025-04-02,유안타증권,LGES,,전사,2024,FY,매출,25620,십억원,na,45
2025-04-02_유안타증권_산업,2025-04-02,유안타증권,LGES,,전사,2025,FY,매출,26297,십억원,na,45
2025-04-02_유안타증권_산업,2025-04-02,유안타증권,LGES,,전사,2026,FY,매출,27612,십억원,na,45
2025-04-02_유안타증권_산업,2025-04-02,유안타증권,LGES,,전사,2027,FY,매출,29545,십억원,na,45
2025-04-02_유안타증권_산업,2025-04-02,유안타증권,LGES,,전사,2023,FY,영업이익,2163,십억원,incl,45
2025-04-02_유안타증권_산업,2025-04-02,유안타증권,LGES,,전사,2024,FY,영업이익,575,십억원,incl,45
2025-04-02_유안타증권_산업,2025-04-02,유안타증권,LGES,,전사,2025,FY,영업이익,885,십억원,incl,45
2025-04-02_유안타증권_산업,2025-04-02,유안타증권,LGES,,전사,2026,FY,영업이익,922,십억원,incl,45
2025-04-02_유안타증권_산업,2025-04-02,유안타증권,LGES,,전사,2027,FY,영업이익,952,십억원,incl,45
2025-04-02_유안타증권_산업,2025-04-02,유안타증권,LGES,,전사,2023,FY,지배주주순이익,1237,십억원,na,45
2025-04-02_유안타증권_산업,2025-04-02,유안타증권,LGES,,전사,2024,FY,지배주주순이익,-1019,십억원,na,45
2025-04-02_유안타증권_산업,2025-04-02,유안타증권,LGES,,전사,2025,FY,지배주주순이익,555,십억원,na,45
2025-04-02_유안타증권_산업,2025-04-02,유안타증권,LGES,,전사,2026,FY,지배주주순이익,297,십억원,na,45
2025-04-02_유안타증권_산업,2025-04-02,유안타증권,LGES,,전사,2027,FY,지배주주순이익,701,십억원,na,45
2025-04-02_유안타증권_산업,2025-04-02,유안타증권,LGES,,기타,2023,FY,매출,9933,십억원,excl,46
2025-04-02_유안타증권_산업,2025-04-02,유안타증권,LGES,,기타,2024,FY,매출,7534,십억원,excl,46
2025-04-02_유안타증권_산업,2025-04-02,유안타증권,LGES,,기타,2025,FY,매출,8186,십억원,excl,46
2025-04-02_유안타증권_산업,2025-04-02,유안타증권,LGES,,EV,2023,FY,매출,21263,십억원,excl,46
2025-04-02_유안타증권_산업,2025-04-02,유안타증권,LGES,,EV,2024,FY,매출,16167,십억원,excl,46
2025-04-02_유안타증권_산업,2025-04-02,유안타증권,LGES,,EV,2025,FY,매출,16154,십억원,excl,46
2025-04-02_유안타증권_산업,2025-04-02,유안타증권,LGES,,ESS,2023,FY,매출,2550,십억원,excl,46
2025-04-02_유안타증권_산업,2025-04-02,유안타증권,LGES,,ESS,2024,FY,매출,1919,십억원,excl,46
2025-04-02_유안타증권_산업,2025-04-02,유안타증권,LGES,,ESS,2025,FY,매출,1957,십억원,excl,46
2025-04-02_유안타증권_산업,2025-04-02,유안타증권,LGES,,기타,2023,FY,영업이익,723,십억원,excl,46
2025-04-02_유안타증권_산업,2025-04-02,유안타증권,LGES,,기타,2024,FY,영업이익,143,십억원,excl,46
2025-04-02_유안타증권_산업,2025-04-02,유안타증권,LGES,,기타,2025,FY,영업이익,62,십억원,excl,46
2025-04-02_유안타증권_산업,2025-04-02,유안타증권,LGES,,EV,2023,FY,영업이익,708,십억원,excl,46
2025-04-02_유안타증권_산업,2025-04-02,유안타증권,LGES,,EV,2024,FY,영업이익,-868,십억원,excl,46
2025-04-02_유안타증권_산업,2025-04-02,유안타증권,LGES,,EV,2025,FY,영업이익,-765,십억원,excl,46
2025-04-02_유안타증권_산업,2025-04-02,유안타증권,LGES,,ESS,2023,FY,영업이익,55,십억원,excl,46
2025-04-02_유안타증권_산업,2025-04-02,유안타증권,LGES,,ESS,2024,FY,영업이익,-180,십억원,excl,46
2025-04-02_유안타증권_산업,2025-04-02,유안타증권,LGES,,ESS,2025,FY,영업이익,-162,십억원,excl,46
2025-04-02_유안타증권_산업,2025-04-02,유안타증권,LGES,,전사,2023,FY,AMPC,677,십억원,na,46
2025-04-02_유안타증권_산업,2025-04-02,유안타증권,LGES,,전사,2024,FY,AMPC,1480,십억원,na,46
2025-04-02_유안타증권_산업,2025-04-02,유안타증권,LGES,,전사,2025,FY,AMPC,1750,십억원,na,46
2025-04-02_유안타증권_산업,2025-04-02,유안타증권,LGES,,전사,2025,1Q25E,매출,5760,십억원,na,46
2025-04-02_유안타증권_산업,2025-04-02,유안타증권,LGES,,전사,2025,1Q25E,영업이익,69,십억원,incl,46
2025-04-02_유안타증권_산업,2025-04-02,유안타증권,LGES,,전사,2025,1Q25E,AMPC,359,십억원,na,46
2025-04-02_유안타증권_산업,2025-04-02,유안타증권,LGES,,전사,2025,2Q25E,매출,6538,십억원,na,46
2025-04-02_유안타증권_산업,2025-04-02,유안타증권,LGES,,전사,2025,2Q25E,영업이익,157,십억원,incl,46
2025-04-02_유안타증권_산업,2025-04-02,유안타증권,LGES,,전사,2025,3Q25E,매출,7044,십억원,na,46
2025-04-02_유안타증권_산업,2025-04-02,유안타증권,LGES,,전사,2025,3Q25E,영업이익,296,십억원,incl,46
2025-04-02_유안타증권_산업,2025-04-02,유안타증권,LGES,,전사,2025,4Q25E,매출,6954,십억원,na,46
2025-04-02_유안타증권_산업,2025-04-02,유안타증권,LGES,,전사,2025,4Q25E,영업이익,363,십억원,incl,46
2025-04-02_유안타증권_산업,2025-04-02,유안타증권,대주전자재료,,전사,2020,FY,매출,155,십억원,na,48
2025-04-02_유안타증권_산업,2025-04-02,유안타증권,대주전자재료,,전사,2021,FY,매출,199,십억원,na,48
2025-04-02_유안타증권_산업,2025-04-02,유안타증권,대주전자재료,,전사,2022,FY,매출,174,십억원,na,48
2025-04-02_유안타증권_산업,2025-04-02,유안타증권,대주전자재료,,전사,2023,FY,매출,185,십억원,na,48
2025-04-02_유안타증권_산업,2025-04-02,유안타증권,대주전자재료,,전사,2024,FY,매출,219,십억원,na,48
2025-04-02_유안타증권_산업,2025-04-02,유안타증권,대주전자재료,,전사,2020,FY,영업이익,9,십억원,na,48
2025-04-02_유안타증권_산업,2025-04-02,유안타증권,대주전자재료,,전사,2021,FY,영업이익,18,십억원,na,48
2025-04-02_유안타증권_산업,2025-04-02,유안타증권,대주전자재료,,전사,2022,FY,영업이익,12,십억원,na,48
2025-04-02_유안타증권_산업,2025-04-02,유안타증권,대주전자재료,,전사,2023,FY,영업이익,6,십억원,na,48
2025-04-02_유안타증권_산업,2025-04-02,유안타증권,대주전자재료,,전사,2024,FY,영업이익,29,십억원,na,48
2025-04-02_유안타증권_산업,2025-04-02,유안타증권,대주전자재료,,전사,2020,FY,지배주주순이익,5,십억원,na,48
2025-04-02_유안타증권_산업,2025-04-02,유안타증권,대주전자재료,,전사,2021,FY,지배주주순이익,23,십억원,na,48
2025-04-02_유안타증권_산업,2025-04-02,유안타증권,대주전자재료,,전사,2022,FY,지배주주순이익,1,십억원,na,48
2025-04-02_유안타증권_산업,2025-04-02,유안타증권,대주전자재료,,전사,2023,FY,지배주주순이익,1,십억원,na,48
2025-04-02_유안타증권_산업,2025-04-02,유안타증권,대주전자재료,,전사,2024,FY,지배주주순이익,37,십억원,na,48
2025-04-02_유안타증권_산업,2025-04-02,유안타증권,나노신소재,,전사,2023,FY,매출,83,십억원,na,50
2025-04-02_유안타증권_산업,2025-04-02,유안타증권,나노신소재,,전사,2024,FY,매출,88,십억원,na,50
2025-04-02_유안타증권_산업,2025-04-02,유안타증권,나노신소재,,전사,2025,FY,매출,110,십억원,na,50
2025-04-02_유안타증권_산업,2025-04-02,유안타증권,나노신소재,,전사,2026,FY,매출,134,십억원,na,50
2025-04-02_유안타증권_산업,2025-04-02,유안타증권,나노신소재,,전사,2027,FY,매출,167,십억원,na,50
2025-04-02_유안타증권_산업,2025-04-02,유안타증권,나노신소재,,전사,2023,FY,영업이익,12,십억원,na,50
2025-04-02_유안타증권_산업,2025-04-02,유안타증권,나노신소재,,전사,2024,FY,영업이익,3,십억원,na,50
2025-04-02_유안타증권_산업,2025-04-02,유안타증권,나노신소재,,전사,2025,FY,영업이익,5,십억원,na,50
2025-04-02_유안타증권_산업,2025-04-02,유안타증권,나노신소재,,전사,2026,FY,영업이익,16,십억원,na,50
2025-04-02_유안타증권_산업,2025-04-02,유안타증권,나노신소재,,전사,2027,FY,영업이익,23,십억원,na,50
2025-04-02_유안타증권_산업,2025-04-02,유안타증권,나노신소재,,전사,2024,4Q24,매출,22.6,십억원,na,51
2025-04-02_유안타증권_산업,2025-04-02,유안타증권,나노신소재,,전사,2024,4Q24,영업이익,-1.3,십억원,na,51
2025-04-02_유안타증권_산업,2025-04-02,유안타증권,나노신소재,,전사,2025,4Q25E,매출,30.5,십억원,na,51
2025-04-02_유안타증권_산업,2025-04-02,유안타증권,나노신소재,,전사,2025,4Q25E,영업이익,3.2,십억원,na,51
2025-04-02_유안타증권_산업,2025-04-02,유안타증권,LGES,소형(+원통형EV),소형,2023,FY,매출,9933.0,십억원,na,46
2025-04-02_유안타증권_산업,2025-04-02,유안타증권,LGES,소형(+원통형EV),소형,2024,FY,매출,7534.0,십억원,na,46
2025-04-02_유안타증권_산업,2025-04-02,유안타증권,LGES,소형(+원통형EV),소형,2025,FY,매출,8186.0,십억원,na,46
2025-04-02_유안타증권_산업,2025-04-02,유안타증권,LGES,소형(+원통형EV),소형,2023,FY,영업이익,723.0,십억원,excl,46
2025-04-02_유안타증권_산업,2025-04-02,유안타증권,LGES,소형(+원통형EV),소형,2024,FY,영업이익,143.0,십억원,excl,46
2025-04-02_유안타증권_산업,2025-04-02,유안타증권,LGES,소형(+원통형EV),소형,2025,FY,영업이익,62.0,십억원,excl,46
2025-04-02_유안타증권_산업,2025-04-02,유안타증권,LGES,전사,전사,2023,FY,AMPC,677.0,십억원,na,46
2025-04-02_유안타증권_산업,2025-04-02,유안타증권,LGES,전사,전사,2024,FY,AMPC,1480.0,십억원,na,46
2025-04-02_유안타증권_산업,2025-04-02,유안타증권,LGES,전사,전사,2025,FY,AMPC,1750.0,십억원,na,46
2025-04-02_유안타증권_산업,2025-04-02,유안타증권,LGES,전사,전사,2025,1Q,매출,5760.0,십억원,na,46
2025-04-02_유안타증권_산업,2025-04-02,유안타증권,LGES,소형(+원통형EV),소형,2025,1Q,매출,1573.0,십억원,na,46
2025-04-02_유안타증권_산업,2025-04-02,유안타증권,LGES,EV,EV,2025,1Q,매출,3830.0,십억원,na,46
2025-04-02_유안타증권_산업,2025-04-02,유안타증권,LGES,ESS,ESS,2025,1Q,매출,358.0,십억원,na,46
2025-04-02_유안타증권_산업,2025-04-02,유안타증권,LGES,전사,전사,2025,1Q,영업이익,69.0,십억원,incl,46
2025-04-02_유안타증권_산업,2025-04-02,유안타증권,LGES,소형(+원통형EV),소형,2025,1Q,영업이익,-35.0,십억원,excl,46
2025-04-02_유안타증권_산업,2025-04-02,유안타증권,LGES,EV,EV,2025,1Q,영업이익,-153.0,십억원,excl,46
2025-04-02_유안타증권_산업,2025-04-02,유안타증권,LGES,ESS,ESS,2025,1Q,영업이익,-102.0,십억원,excl,46
2025-04-02_유안타증권_산업,2025-04-02,유안타증권,LGES,전사,전사,2025,1Q,AMPC,359.0,십억원,na,46
2025-04-02_유안타증권_산업,2025-04-02,유안타증권,LGES,전사,전사,2025,2Q,매출,6538.0,십억원,na,46
2025-04-02_유안타증권_산업,2025-04-02,유안타증권,LGES,전사,전사,2025,2Q,영업이익,157.0,십억원,incl,46
2025-04-02_유안타증권_산업,2025-04-02,유안타증권,LGES,전사,전사,2025,2Q,AMPC,375.0,십억원,na,46
2025-04-02_유안타증권_산업,2025-04-02,유안타증권,LGES,전사,전사,2025,3Q,매출,7044.0,십억원,na,46
2025-04-02_유안타증권_산업,2025-04-02,유안타증권,LGES,전사,전사,2025,3Q,영업이익,296.0,십억원,incl,46
2025-04-02_유안타증권_산업,2025-04-02,유안타증권,LGES,전사,전사,2025,3Q,AMPC,450.0,십억원,na,46
2025-04-02_유안타증권_산업,2025-04-02,유안타증권,LGES,전사,전사,2025,4Q,매출,6954.0,십억원,na,46
2025-04-02_유안타증권_산업,2025-04-02,유안타증권,LGES,전사,전사,2025,4Q,영업이익,363.0,십억원,incl,46
2025-04-02_유안타증권_산업,2025-04-02,유안타증권,LGES,전사,전사,2025,4Q,AMPC,566.0,십억원,na,46
2025-05-16_하나증권_산업,2025-05-16,하나증권,LGES,,기타,2024,,,,십억원,AMPC 이익기여분 별도 표기,34
2025-05-16_하나증권_산업,2025-05-16,하나증권,LGES,,기타,2025F,,,,십억원,AMPC 이익기여분 별도 표기,34
2025-05-16_하나증권_산업,2025-05-16,하나증권,LGES,,기타,2026F,,,,십억원,AMPC 이익기여분 별도 표기,34
2025-05-16_하나증권_산업,2025-05-16,하나증권,LGES,,기타,1Q25,,,,십억원,,34
2025-05-16_하나증권_산업,2025-05-16,하나증권,삼성SDI,,기타,2024,,,,십억원,AMPC 라인 별도 표기,38
2025-05-16_하나증권_산업,2025-05-16,하나증권,삼성SDI,,기타,2025F,,,,십억원,AMPC 라인 별도 표기,38
2025-05-16_하나증권_산업,2025-05-16,하나증권,삼성SDI,,기타,2026F,,,,십억원,AMPC 라인 별도 표기,38
2025-05-16_하나증권_산업,2025-05-16,하나증권,삼성SDI,,기타,1Q25,,,,십억원,,38
2025-05-16_하나증권_산업,2025-05-16,하나증권,포스코퓨처엠,,기타,2024,,,,십억원,,42
2025-05-16_하나증권_산업,2025-05-16,하나증권,포스코퓨처엠,,기타,2025F,,,,십억원,,42
2025-05-16_하나증권_산업,2025-05-16,하나증권,포스코퓨처엠,,기타,2026F,,,,십억원,,42
2025-05-16_하나증권_산업,2025-05-16,하나증권,에코프로비엠,,기타,2024,,,,십억원,,46
2025-05-16_하나증권_산업,2025-05-16,하나증권,에코프로비엠,,기타,2025F,,,,십억원,,46
2025-05-16_하나증권_산업,2025-05-16,하나증권,에코프로비엠,,기타,2026F,,,,십억원,,46
2025-05-16_하나증권_산업,2025-05-16,하나증권,LGES,전사,전사,2023,FY,매출,33745.5,십억원,na,35
2025-05-16_하나증권_산업,2025-05-16,하나증권,LGES,전사,전사,2023,FY,영업이익,2163.2,십억원,incl_unknown,35
2025-05-16_하나증권_산업,2025-05-16,하나증권,LGES,전사,전사,2024,FY,매출,25619.6,십억원,na,35
2025-05-16_하나증권_산업,2025-05-16,하나증권,LGES,전사,전사,2024,FY,영업이익,574.5,십억원,incl,35
2025-05-16_하나증권_산업,2025-05-16,하나증권,LGES,전사,전사,2025,FY,매출,25310.2,십억원,na,35
2025-05-16_하나증권_산업,2025-05-16,하나증권,LGES,전사,전사,2025,FY,영업이익,1360.9,십억원,incl,35
2025-05-16_하나증권_산업,2025-05-16,하나증권,LGES,전사,전사,2026,FY,매출,29196.4,십억원,na,35
2025-05-16_하나증권_산업,2025-05-16,하나증권,LGES,전사,전사,2026,FY,영업이익,2491.8,십억원,incl,35
2025-05-16_하나증권_산업,2025-05-16,하나증권,LGES,전사,전사,2027,FY,매출,35632.7,십억원,na,35
2025-05-16_하나증권_산업,2025-05-16,하나증권,LGES,전사,전사,2027,FY,영업이익,4792.2,십억원,incl,35
2025-05-16_하나증권_산업,2025-05-16,하나증권,LGES,소형전지,소형,2024,FY,매출,7403.0,십억원,na,34
2025-05-16_하나증권_산업,2025-05-16,하나증권,LGES,소형전지,소형,2024,FY,영업이익,172.0,십억원,excl,34
2025-05-16_하나증권_산업,2025-05-16,하나증권,LGES,소형전지,소형,2025,FY,매출,8003.0,십억원,na,34
2025-05-16_하나증권_산업,2025-05-16,하나증권,LGES,소형전지,소형,2025,FY,영업이익,389.0,십억원,excl,34
2025-05-16_하나증권_산업,2025-05-16,하나증권,LGES,소형전지,소형,2026,FY,매출,8758.0,십억원,na,34
2025-05-16_하나증권_산업,2025-05-16,하나증권,LGES,소형전지,소형,2026,FY,영업이익,445.0,십억원,excl,34
2025-05-16_하나증권_산업,2025-05-16,하나증권,LGES,중대형전지,중대형,2024,FY,매출,18216.0,십억원,na,34
2025-05-16_하나증권_산업,2025-05-16,하나증권,LGES,중대형전지,중대형,2024,FY,영업이익,-1077.0,십억원,excl,34
2025-05-16_하나증권_산업,2025-05-16,하나증권,LGES,중대형전지,중대형,2025,FY,매출,17307.0,십억원,na,34
2025-05-16_하나증권_산업,2025-05-16,하나증권,LGES,중대형전지,중대형,2025,FY,영업이익,-828.0,십억원,excl,34
2025-05-16_하나증권_산업,2025-05-16,하나증권,LGES,중대형전지,중대형,2026,FY,매출,20438.0,십억원,na,34
2025-05-16_하나증권_산업,2025-05-16,하나증권,LGES,중대형전지,중대형,2026,FY,영업이익,-220.0,십억원,excl,34
2025-05-16_하나증권_산업,2025-05-16,하나증권,LGES,전기차배터리,EV,2024,FY,매출,16498.0,십억원,na,34
2025-05-16_하나증권_산업,2025-05-16,하나증권,LGES,전기차배터리,EV,2024,FY,영업이익,-994.0,십억원,excl,34
2025-05-16_하나증권_산업,2025-05-16,하나증권,LGES,전기차배터리,EV,2025,FY,매출,14972.0,십억원,na,34
2025-05-16_하나증권_산업,2025-05-16,하나증권,LGES,전기차배터리,EV,2025,FY,영업이익,-803.0,십억원,excl,34
2025-05-16_하나증권_산업,2025-05-16,하나증권,LGES,전기차배터리,EV,2026,FY,매출,17389.0,십억원,na,34
2025-05-16_하나증권_산업,2025-05-16,하나증권,LGES,전기차배터리,EV,2026,FY,영업이익,-257.0,십억원,excl,34
2025-05-16_하나증권_산업,2025-05-16,하나증권,LGES,ESS,ESS,2024,FY,매출,1718.0,십억원,na,34
2025-05-16_하나증권_산업,2025-05-16,하나증권,LGES,ESS,ESS,2024,FY,영업이익,-82.0,십억원,excl,34
2025-05-16_하나증권_산업,2025-05-16,하나증권,LGES,ESS,ESS,2025,FY,매출,2335.0,십억원,na,34
2025-05-16_하나증권_산업,2025-05-16,하나증권,LGES,ESS,ESS,2025,FY,영업이익,-26.0,십억원,excl,34
2025-05-16_하나증권_산업,2025-05-16,하나증권,LGES,ESS,ESS,2026,FY,매출,3049.0,십억원,na,34
2025-05-16_하나증권_산업,2025-05-16,하나증권,LGES,ESS,ESS,2026,FY,영업이익,36.0,십억원,excl,34
2025-05-16_하나증권_산업,2025-05-16,하나증권,LGES,AMPC,배터리합계,2024,FY,AMPC,1480.0,십억원,na,34
2025-05-16_하나증권_산업,2025-05-16,하나증권,LGES,AMPC,배터리합계,2025,FY,AMPC,1800.0,십억원,na,34
2025-05-16_하나증권_산업,2025-05-16,하나증권,LGES,AMPC,배터리합계,2026,FY,AMPC,2267.0,십억원,na,34
2025-05-16_하나증권_산업,2025-05-16,하나증권,LGES,합계,배터리합계,2024,FY,매출,25620.0,십억원,na,34
2025-05-16_하나증권_산업,2025-05-16,하나증권,LGES,합계,배터리합계,2024,FY,영업이익,575.0,십억원,incl,34
2025-05-16_하나증권_산업,2025-05-16,하나증권,LGES,합계,배터리합계,2025,FY,매출,25310.0,십억원,na,34
2025-05-16_하나증권_산업,2025-05-16,하나증권,LGES,합계,배터리합계,2025,FY,영업이익,1361.0,십억원,incl,34
2025-05-16_하나증권_산업,2025-05-16,하나증권,LGES,합계,배터리합계,2026,FY,매출,29196.0,십억원,na,34
2025-05-16_하나증권_산업,2025-05-16,하나증권,LGES,합계,배터리합계,2026,FY,영업이익,2492.0,십억원,incl,34
2025-05-16_하나증권_산업,2025-05-16,하나증권,LGES,소형전지,소형,2025,1Q,매출,1703.0,십억원,na,34
2025-05-16_하나증권_산업,2025-05-16,하나증권,LGES,소형전지,소형,2025,1Q,영업이익,87.0,십억원,excl,34
2025-05-16_하나증권_산업,2025-05-16,하나증권,LGES,중대형전지,중대형,2025,1Q,매출,4562.0,십억원,na,34
2025-05-16_하나증권_산업,2025-05-16,하나증권,LGES,중대형전지,중대형,2025,1Q,영업이익,-170.0,십억원,excl,34
2025-05-16_하나증권_산업,2025-05-16,하나증권,LGES,전기차배터리,EV,2025,1Q,매출,4041.0,십억원,na,34
2025-05-16_하나증권_산업,2025-05-16,하나증권,LGES,전기차배터리,EV,2025,1Q,영업이익,-141.0,십억원,excl,34
2025-05-16_하나증권_산업,2025-05-16,하나증권,LGES,ESS,ESS,2025,1Q,매출,521.0,십억원,na,34
2025-05-16_하나증권_산업,2025-05-16,하나증권,LGES,ESS,ESS,2025,1Q,영업이익,-29.0,십억원,excl,34
2025-05-16_하나증권_산업,2025-05-16,하나증권,LGES,AMPC,배터리합계,2025,1Q,AMPC,458.0,십억원,na,34
2025-05-16_하나증권_산업,2025-05-16,하나증권,LGES,합계,배터리합계,2025,1Q,매출,6265.0,십억원,na,34
2025-05-16_하나증권_산업,2025-05-16,하나증권,LGES,합계,배터리합계,2025,1Q,영업이익,375.0,십억원,incl,34
2025-05-16_하나증권_산업,2025-05-16,하나증권,삼성SDI,전사,전사,2023,FY,매출,21436.8,십억원,na,39
2025-05-16_하나증권_산업,2025-05-16,하나증권,삼성SDI,전사,전사,2023,FY,영업이익,1545.5,십억원,incl_unknown,39
2025-05-16_하나증권_산업,2025-05-16,하나증권,삼성SDI,전사,전사,2024,FY,매출,16592.2,십억원,na,39
2025-05-16_하나증권_산업,2025-05-16,하나증권,삼성SDI,전사,전사,2024,FY,영업이익,363.3,십억원,incl,39
2025-05-16_하나증권_산업,2025-05-16,하나증권,삼성SDI,전사,전사,2025,FY,매출,14810.0,십억원,na,39
2025-05-16_하나증권_산업,2025-05-16,하나증권,삼성SDI,전사,전사,2025,FY,영업이익,-224.4,십억원,incl,39
2025-05-16_하나증권_산업,2025-05-16,하나증권,삼성SDI,전사,전사,2026,FY,매출,17985.0,십억원,na,39
2025-05-16_하나증권_산업,2025-05-16,하나증권,삼성SDI,전사,전사,2026,FY,영업이익,1260.0,십억원,incl,39
2025-05-16_하나증권_산업,2025-05-16,하나증권,삼성SDI,전사,전사,2027,FY,매출,20145.0,십억원,na,39
2025-05-16_하나증권_산업,2025-05-16,하나증권,삼성SDI,전사,전사,2027,FY,영업이익,1748.0,십억원,incl,39
2025-05-16_하나증권_산업,2025-05-16,하나증권,삼성SDI,소형전지,소형,2024,FY,매출,4615.0,십억원,na,38
2025-05-16_하나증권_산업,2025-05-16,하나증권,삼성SDI,소형전지,소형,2024,FY,영업이익,-7.0,십억원,excl,38
2025-05-16_하나증권_산업,2025-05-16,하나증권,삼성SDI,소형전지,소형,2025,FY,매출,4021.0,십억원,na,38
2025-05-16_하나증권_산업,2025-05-16,하나증권,삼성SDI,소형전지,소형,2025,FY,영업이익,-206.0,십억원,excl,38
2025-05-16_하나증권_산업,2025-05-16,하나증권,삼성SDI,소형전지,소형,2026,FY,매출,5349.0,십억원,na,38
2025-05-16_하나증권_산업,2025-05-16,하나증권,삼성SDI,소형전지,소형,2026,FY,영업이익,270.0,십억원,excl,38
2025-05-16_하나증권_산업,2025-05-16,하나증권,삼성SDI,중대형전지,중대형,2024,FY,매출,11076.0,십억원,na,38
2025-05-16_하나증권_산업,2025-05-16,하나증권,삼성SDI,중대형전지,중대형,2024,FY,영업이익,146.0,십억원,excl,38
2025-05-16_하나증권_산업,2025-05-16,하나증권,삼성SDI,중대형전지,중대형,2025,FY,매출,9849.0,십억원,na,38
2025-05-16_하나증권_산업,2025-05-16,하나증권,삼성SDI,중대형전지,중대형,2025,FY,영업이익,-474.0,십억원,excl,38
2025-05-16_하나증권_산업,2025-05-16,하나증권,삼성SDI,중대형전지,중대형,2026,FY,매출,11646.0,십억원,na,38
2025-05-16_하나증권_산업,2025-05-16,하나증권,삼성SDI,중대형전지,중대형,2026,FY,영업이익,454.0,십억원,excl,38
2025-05-16_하나증권_산업,2025-05-16,하나증권,삼성SDI,전기차배터리,EV,2024,FY,매출,8414.0,십억원,na,38
2025-05-16_하나증권_산업,2025-05-16,하나증권,삼성SDI,전기차배터리,EV,2024,FY,영업이익,24.0,십억원,excl,38
2025-05-16_하나증권_산업,2025-05-16,하나증권,삼성SDI,전기차배터리,EV,2025,FY,매출,6892.0,십억원,na,38
2025-05-16_하나증권_산업,2025-05-16,하나증권,삼성SDI,전기차배터리,EV,2025,FY,영업이익,-717.0,십억원,excl,38
2025-05-16_하나증권_산업,2025-05-16,하나증권,삼성SDI,전기차배터리,EV,2026,FY,매출,8174.0,십억원,na,38
2025-05-16_하나증권_산업,2025-05-16,하나증권,삼성SDI,전기차배터리,EV,2026,FY,영업이익,139.0,십억원,excl,38
2025-05-16_하나증권_산업,2025-05-16,하나증권,삼성SDI,ESS,ESS,2024,FY,매출,2663.0,십억원,na,38
2025-05-16_하나증권_산업,2025-05-16,하나증권,삼성SDI,ESS,ESS,2024,FY,영업이익,122.0,십억원,excl,38
2025-05-16_하나증권_산업,2025-05-16,하나증권,삼성SDI,ESS,ESS,2025,FY,매출,2957.0,십억원,na,38
2025-05-16_하나증권_산업,2025-05-16,하나증권,삼성SDI,ESS,ESS,2025,FY,영업이익,243.0,십억원,excl,38
2025-05-16_하나증권_산업,2025-05-16,하나증권,삼성SDI,ESS,ESS,2026,FY,매출,3472.0,십억원,na,38
2025-05-16_하나증권_산업,2025-05-16,하나증권,삼성SDI,ESS,ESS,2026,FY,영업이익,315.0,십억원,excl,38
2025-05-16_하나증권_산업,2025-05-16,하나증권,삼성SDI,전자재료,전자재료,2024,FY,매출,1580.0,십억원,na,38
2025-05-16_하나증권_산업,2025-05-16,하나증권,삼성SDI,전자재료,전자재료,2024,FY,영업이익,193.0,십억원,na,38
2025-05-16_하나증권_산업,2025-05-16,하나증권,삼성SDI,전자재료,전자재료,2025,FY,매출,940.0,십억원,na,38
2025-05-16_하나증권_산업,2025-05-16,하나증권,삼성SDI,전자재료,전자재료,2025,FY,영업이익,115.0,십억원,na,38
2025-05-16_하나증권_산업,2025-05-16,하나증권,삼성SDI,전자재료,전자재료,2026,FY,매출,990.0,십억원,na,38
2025-05-16_하나증권_산업,2025-05-16,하나증권,삼성SDI,전자재료,전자재료,2026,FY,영업이익,102.0,십억원,na,38
2025-05-16_하나증권_산업,2025-05-16,하나증권,삼성SDI,AMPC,배터리합계,2024,FY,AMPC,90.0,십억원,na,38
2025-05-16_하나증권_산업,2025-05-16,하나증권,삼성SDI,AMPC,배터리합계,2025,FY,AMPC,340.0,십억원,na,38
2025-05-16_하나증권_산업,2025-05-16,하나증권,삼성SDI,AMPC,배터리합계,2026,FY,AMPC,435.0,십억원,na,38
2025-05-16_하나증권_산업,2025-05-16,하나증권,삼성SDI,합계,배터리합계,2024,FY,매출,17271.0,십억원,na,38
2025-05-16_하나증권_산업,2025-05-16,하나증권,삼성SDI,합계,배터리합계,2024,FY,영업이익,421.0,십억원,incl,38
2025-05-16_하나증권_산업,2025-05-16,하나증권,삼성SDI,합계,배터리합계,2025,FY,매출,14810.0,십억원,na,38
2025-05-16_하나증권_산업,2025-05-16,하나증권,삼성SDI,합계,배터리합계,2025,FY,영업이익,-224.0,십억원,incl,38
2025-05-16_하나증권_산업,2025-05-16,하나증권,삼성SDI,합계,배터리합계,2026,FY,매출,17985.0,십억원,na,38
2025-05-16_하나증권_산업,2025-05-16,하나증권,삼성SDI,합계,배터리합계,2026,FY,영업이익,1260.0,십억원,incl,38
2025-05-16_하나증권_산업,2025-05-16,하나증권,삼성SDI,소형전지,소형,2025,1Q,매출,751.0,십억원,na,38
2025-05-16_하나증권_산업,2025-05-16,하나증권,삼성SDI,소형전지,소형,2025,1Q,영업이익,-216.0,십억원,excl,38
2025-05-16_하나증권_산업,2025-05-16,하나증권,삼성SDI,중대형전지,중대형,2025,1Q,매출,2230.0,십억원,na,38
2025-05-16_하나증권_산업,2025-05-16,하나증권,삼성SDI,중대형전지,중대형,2025,1Q,영업이익,-346.0,십억원,excl,38
2025-05-16_하나증권_산업,2025-05-16,하나증권,삼성SDI,전기차배터리,EV,2025,1Q,매출,1565.0,십억원,na,38
2025-05-16_하나증권_산업,2025-05-16,하나증권,삼성SDI,전기차배터리,EV,2025,1Q,영업이익,-391.0,십억원,excl,38
2025-05-16_하나증권_산업,2025-05-16,하나증권,삼성SDI,ESS,ESS,2025,1Q,매출,665.0,십억원,na,38
2025-05-16_하나증권_산업,2025-05-16,하나증권,삼성SDI,ESS,ESS,2025,1Q,영업이익,45.0,십억원,excl,38
2025-05-16_하나증권_산업,2025-05-16,하나증권,삼성SDI,전자재료,전자재료,2025,1Q,매출,196.0,십억원,na,38
2025-05-16_하나증권_산업,2025-05-16,하나증권,삼성SDI,전자재료,전자재료,2025,1Q,영업이익,18.0,십억원,na,38
2025-05-16_하나증권_산업,2025-05-16,하나증권,삼성SDI,AMPC,배터리합계,2025,1Q,AMPC,109.0,십억원,na,38
2025-05-16_하나증권_산업,2025-05-16,하나증권,삼성SDI,합계,배터리합계,2025,1Q,매출,3177.0,십억원,na,38
2025-05-16_하나증권_산업,2025-05-16,하나증권,삼성SDI,합계,배터리합계,2025,1Q,영업이익,-434.0,십억원,incl,38
2025-07-25_iM증권_산업,2025-07-25,iM증권,LGES,,기타,,FY2024,출하량,4.1,GWh,,16
2025-07-25_iM증권_산업,2025-07-25,iM증권,LGES,,기타,,FY2025E,출하량,5.3,GWh,,16
2025-07-25_iM증권_산업,2025-07-25,iM증권,LGES,,기타,,FY2026E,출하량,14.8,GWh,,16
2025-07-25_iM증권_산업,2025-07-25,iM증권,LGES,,기타,,FY2027E,출하량,29.3,GWh,,16
2025-07-25_iM증권_산업,2025-07-25,iM증권,LGES,,기타,,FY2028E,출하량,50.1,GWh,,16
2025-07-25_iM증권_산업,2025-07-25,iM증권,LGES,,기타,,FY2024,매출,2143,십억원,,16
2025-07-25_iM증권_산업,2025-07-25,iM증권,LGES,,기타,,FY2025E,매출,2524,십억원,,16
2025-07-25_iM증권_산업,2025-07-25,iM증권,LGES,,기타,,FY2026E,매출,5757,십억원,,16
2025-07-25_iM증권_산업,2025-07-25,iM증권,LGES,,기타,,FY2027E,매출,10339,십억원,,16
2025-07-25_iM증권_산업,2025-07-25,iM증권,LGES,,기타,,FY2028E,매출,17999,십억원,,16
2025-07-25_iM증권_산업,2025-07-25,iM증권,LGES,,기타,,FY2024,영업이익,-80,십억원,,16
2025-07-25_iM증권_산업,2025-07-25,iM증권,LGES,,기타,,FY2025E,영업이익,-82,십억원,,16
2025-07-25_iM증권_산업,2025-07-25,iM증권,LGES,,기타,,FY2026E,영업이익,173,십억원,AMPC 901십억원 포함,16
2025-07-25_iM증권_산업,2025-07-25,iM증권,LGES,,기타,,FY2027E,영업이익,517,십억원,"AMPC 1,779십억원 포함",16
2025-07-25_iM증권_산업,2025-07-25,iM증권,LGES,,기타,,FY2028E,영업이익,1260,십억원,"AMPC 3,045십억원 포함",16
2025-07-25_iM증권_산업,2025-07-25,iM증권,LGES,,기타,,FY2024,매출,2143,십억원,,16
2025-07-25_iM증권_산업,2025-07-25,iM증권,LGES,,기타,,FY2025E,매출,2359,십억원,,16
2025-07-25_iM증권_산업,2025-07-25,iM증권,LGES,,기타,,FY2026E,매출,2811,십억원,,16
2025-07-25_iM증권_산업,2025-07-25,iM증권,LGES,,기타,,FY2027E,매출,3251,십억원,,16
2025-07-25_iM증권_산업,2025-07-25,iM증권,LGES,,기타,,FY2024,영업이익,-80,십억원,,16
2025-07-25_iM증권_산업,2025-07-25,iM증권,LGES,,기타,,FY2025E,영업이익,-84,십억원,,16
2025-07-25_iM증권_산업,2025-07-25,iM증권,LGES,,기타,,FY2026E,영업이익,89,십억원,,16
2025-07-25_iM증권_산업,2025-07-25,iM증권,LGES,,기타,,FY2027E,영업이익,233,십억원,,16
2025-07-25_iM증권_산업,2025-07-25,iM증권,LGES,,기타,,FY2024,점유율,5,%,,16
2025-07-25_iM증권_산업,2025-07-25,iM증권,LGES,,기타,,FY2025E,점유율,6,%,,16
2025-07-25_iM증권_산업,2025-07-25,iM증권,LGES,,기타,,FY2026E,점유율,12,%,,16
2025-07-25_iM증권_산업,2025-07-25,iM증권,LGES,,기타,,FY2027E,점유율,22,%,,16
2025-07-25_iM증권_산업,2025-07-25,iM증권,LGES,,기타,,FY2028E,점유율,33,%,,16
2025-07-25_iM증권_산업,2025-07-25,iM증권,삼성SDI,,기타,,FY2024,출하량,4.8,GWh,,16
2025-07-25_iM증권_산업,2025-07-25,iM증권,삼성SDI,,기타,,FY2025E,출하량,6.8,GWh,,16
2025-07-25_iM증권_산업,2025-07-25,iM증권,삼성SDI,,기타,,FY2026E,출하량,12.6,GWh,,16
2025-07-25_iM증권_산업,2025-07-25,iM증권,삼성SDI,,기타,,FY2027E,출하량,24.9,GWh,,16
2025-07-25_iM증권_산업,2025-07-25,iM증권,삼성SDI,,기타,,FY2028E,출하량,34.1,GWh,,16
2025-07-25_iM증권_산업,2025-07-25,iM증권,삼성SDI,,기타,,FY2024,매출,2506,십억원,,16
2025-07-25_iM증권_산업,2025-07-25,iM증권,삼성SDI,,기타,,FY2025E,매출,3197,십억원,,16
2025-07-25_iM증권_산업,2025-07-25,iM증권,삼성SDI,,기타,,FY2026E,매출,4879,십억원,,16
2025-07-25_iM증권_산업,2025-07-25,iM증권,삼성SDI,,기타,,FY2027E,매출,8796,십억원,,16
2025-07-25_iM증권_산업,2025-07-25,iM증권,삼성SDI,,기타,,FY2028E,매출,12258,십억원,,16
2025-07-25_iM증권_산업,2025-07-25,iM증권,삼성SDI,,기타,,FY2024,영업이익,117,십억원,,16
2025-07-25_iM증권_산업,2025-07-25,iM증권,삼성SDI,,기타,,FY2025E,영업이익,322,십억원,,16
2025-07-25_iM증권_산업,2025-07-25,iM증권,삼성SDI,,기타,,FY2026E,영업이익,146,십억원,AMPC 764십억원 포함,16
2025-07-25_iM증권_산업,2025-07-25,iM증권,삼성SDI,,기타,,FY2027E,영업이익,440,십억원,"AMPC 1,514십억원 포함",16
2025-07-25_iM증권_산업,2025-07-25,iM증권,삼성SDI,,기타,,FY2028E,영업이익,858,십억원,"AMPC 2,074십억원 포함",16
2025-07-25_iM증권_산업,2025-07-25,iM증권,삼성SDI,,기타,,FY2024,매출,2506,십억원,,16
2025-07-25_iM증권_산업,2025-07-25,iM증권,삼성SDI,,기타,,FY2025E,매출,3197,십억원,,16
2025-07-25_iM증권_산업,2025-07-25,iM증권,삼성SDI,,기타,,FY2026E,매출,4584,십억원,,16
2025-07-25_iM증권_산업,2025-07-25,iM증권,삼성SDI,,기타,,FY2027E,매출,6782,십억원,,16
2025-07-25_iM증권_산업,2025-07-25,iM증권,삼성SDI,,기타,,FY2024,영업이익,117,십억원,,16
2025-07-25_iM증권_산업,2025-07-25,iM증권,삼성SDI,,기타,,FY2025E,영업이익,322,십억원,,16
2025-07-25_iM증권_산업,2025-07-25,iM증권,삼성SDI,,기타,,FY2026E,영업이익,538,십억원,,16
2025-07-25_iM증권_산업,2025-07-25,iM증권,삼성SDI,,기타,,FY2027E,영업이익,907,십억원,,16
2025-07-25_iM증권_산업,2025-07-25,iM증권,삼성SDI,,기타,,FY2024,점유율,6,%,,16
2025-07-25_iM증권_산업,2025-07-25,iM증권,삼성SDI,,기타,,FY2025E,점유율,7,%,,16
2025-07-25_iM증권_산업,2025-07-25,iM증권,삼성SDI,,기타,,FY2026E,점유율,10,%,,16
2025-07-25_iM증권_산업,2025-07-25,iM증권,삼성SDI,,기타,,FY2027E,점유율,18,%,,16
2025-07-25_iM증권_산업,2025-07-25,iM증권,삼성SDI,,기타,,FY2028E,점유율,22,%,,16
2025-07-25_iM증권_산업,2025-07-25,iM증권,LGES,ESS(점유율확대 시나리오),ESS,2024,FY,매출,2143.0,십억원,incl_unknown,16
2025-07-25_iM증권_산업,2025-07-25,iM증권,LGES,ESS(점유율확대 시나리오),ESS,2025,FY,매출,2524.0,십억원,incl_unknown,16
2025-07-25_iM증권_산업,2025-07-25,iM증권,LGES,ESS(점유율확대 시나리오),ESS,2026,FY,매출,5757.0,십억원,incl_unknown,16
2025-07-25_iM증권_산업,2025-07-25,iM증권,LGES,ESS(점유율확대 시나리오),ESS,2027,FY,매출,10339.0,십억원,incl_unknown,16
2025-07-25_iM증권_산업,2025-07-25,iM증권,LGES,ESS(점유율확대 시나리오),ESS,2028,FY,매출,17999.0,십억원,incl_unknown,16
2025-07-25_iM증권_산업,2025-07-25,iM증권,LGES,ESS(점유율확대 시나리오),ESS,2024,FY,영업이익,-80.0,십억원,incl_unknown,16
2025-07-25_iM증권_산업,2025-07-25,iM증권,LGES,ESS(점유율확대 시나리오),ESS,2025,FY,영업이익,-82.0,십억원,incl_unknown,16
2025-07-25_iM증권_산업,2025-07-25,iM증권,LGES,ESS(점유율확대 시나리오),ESS,2026,FY,영업이익,173.0,십억원,incl_unknown,16
2025-07-25_iM증권_산업,2025-07-25,iM증권,LGES,ESS(점유율확대 시나리오),ESS,2027,FY,영업이익,517.0,십억원,incl_unknown,16
2025-07-25_iM증권_산업,2025-07-25,iM증권,LGES,ESS(점유율확대 시나리오),ESS,2028,FY,영업이익,1260.0,십억원,incl_unknown,16
2025-07-25_iM증권_산업,2025-07-25,iM증권,LGES,ESS(점유율확대 시나리오),ESS,2025,FY,AMPC,182.0,십억원,incl_unknown,16
2025-07-25_iM증권_산업,2025-07-25,iM증권,LGES,ESS(점유율확대 시나리오),ESS,2026,FY,AMPC,901.0,십억원,incl_unknown,16
2025-07-25_iM증권_산업,2025-07-25,iM증권,LGES,ESS(점유율확대 시나리오),ESS,2027,FY,AMPC,1779.0,십억원,incl_unknown,16
2025-07-25_iM증권_산업,2025-07-25,iM증권,LGES,ESS(점유율확대 시나리오),ESS,2028,FY,AMPC,3045.0,십억원,incl_unknown,16
2025-07-25_iM증권_산업,2025-07-25,iM증권,삼성SDI,ESS(점유율확대 시나리오),ESS,2024,FY,매출,2506.0,십억원,incl_unknown,16
2025-07-25_iM증권_산업,2025-07-25,iM증권,삼성SDI,ESS(점유율확대 시나리오),ESS,2025,FY,매출,3197.0,십억원,incl_unknown,16
2025-07-25_iM증권_산업,2025-07-25,iM증권,삼성SDI,ESS(점유율확대 시나리오),ESS,2026,FY,매출,4879.0,십억원,incl_unknown,16
2025-07-25_iM증권_산업,2025-07-25,iM증권,삼성SDI,ESS(점유율확대 시나리오),ESS,2027,FY,매출,8796.0,십억원,incl_unknown,16
2025-07-25_iM증권_산업,2025-07-25,iM증권,삼성SDI,ESS(점유율확대 시나리오),ESS,2028,FY,매출,12258.0,십억원,incl_unknown,16
2025-07-25_iM증권_산업,2025-07-25,iM증권,삼성SDI,ESS(점유율확대 시나리오),ESS,2024,FY,영업이익,117.0,십억원,incl_unknown,16
2025-07-25_iM증권_산업,2025-07-25,iM증권,삼성SDI,ESS(점유율확대 시나리오),ESS,2025,FY,영업이익,322.0,십억원,incl_unknown,16
2025-07-25_iM증권_산업,2025-07-25,iM증권,삼성SDI,ESS(점유율확대 시나리오),ESS,2026,FY,영업이익,146.0,십억원,incl_unknown,16
2025-07-25_iM증권_산업,2025-07-25,iM증권,삼성SDI,ESS(점유율확대 시나리오),ESS,2027,FY,영업이익,440.0,십억원,incl_unknown,16
2025-07-25_iM증권_산업,2025-07-25,iM증권,삼성SDI,ESS(점유율확대 시나리오),ESS,2028,FY,영업이익,858.0,십억원,incl_unknown,16
2025-07-25_iM증권_산업,2025-07-25,iM증권,삼성SDI,ESS(점유율확대 시나리오),ESS,2026,FY,AMPC,764.0,십억원,incl_unknown,16
2025-07-25_iM증권_산업,2025-07-25,iM증권,삼성SDI,ESS(점유율확대 시나리오),ESS,2027,FY,AMPC,1514.0,십억원,incl_unknown,16
2025-07-25_iM증권_산업,2025-07-25,iM증권,삼성SDI,ESS(점유율확대 시나리오),ESS,2028,FY,AMPC,2074.0,십억원,incl_unknown,16
2025-10-23_삼성증권_산업,2025-10-23,삼성증권,LGES,,기타,,FY2023,,,십억원,677,27
2025-10-23_삼성증권_산업,2025-10-23,삼성증권,LGES,,기타,,FY2024,,,십억원,1480,27
2025-10-23_삼성증권_산업,2025-10-23,삼성증권,LGES,,기타,,2025E,,,십억원,1719,26
2025-10-23_삼성증권_산업,2025-10-23,삼성증권,LGES,,기타,,2026E,,,십억원,3007,26
2025-10-23_삼성증권_산업,2025-10-23,삼성증권,LGES,,기타,,2027E,,,십억원,,27
2025-10-23_삼성증권_산업,2025-10-23,삼성증권,LGES,,기타,,FY2023,,,십억원,,26
2025-10-23_삼성증권_산업,2025-10-23,삼성증권,LGES,,기타,,FY2024,,,십억원,,26
2025-10-23_삼성증권_산업,2025-10-23,삼성증권,LGES,,기타,,2025E,,,십억원,,26
2025-10-23_삼성증권_산업,2025-10-23,삼성증권,LGES,,기타,,2026E,,,십억원,,26
2025-10-23_삼성증권_산업,2025-10-23,삼성증권,LGES,,기타,,FY2023,,,십억원,,26
2025-10-23_삼성증권_산업,2025-10-23,삼성증권,LGES,,기타,,FY2024,,,십억원,,26
2025-10-23_삼성증권_산업,2025-10-23,삼성증권,LGES,,기타,,2025E,,,십억원,,26
2025-10-23_삼성증권_산업,2025-10-23,삼성증권,LGES,,기타,,2026E,,,십억원,,26
2025-10-23_삼성증권_산업,2025-10-23,삼성증권,LGES,,기타,,FY2023,,,십억원,,26
2025-10-23_삼성증권_산업,2025-10-23,삼성증권,LGES,,기타,,FY2024,,,십억원,,26
2025-10-23_삼성증권_산업,2025-10-23,삼성증권,LGES,,기타,,2025E,,,십억원,,26
2025-10-23_삼성증권_산업,2025-10-23,삼성증권,LGES,,기타,,2026E,,,십억원,,26
2025-10-23_삼성증권_산업,2025-10-23,삼성증권,LGES,,기타,,1Q25,,,십억원,458,26
2025-10-23_삼성증권_산업,2025-10-23,삼성증권,LGES,,기타,,2Q25,,,십억원,491,26
2025-10-23_삼성증권_산업,2025-10-23,삼성증권,LGES,,기타,,3Q25P,,,십억원,366,24
2025-10-23_삼성증권_산업,2025-10-23,삼성증권,LGES,,기타,,4Q25E,,,십억원,,26
2025-10-23_삼성증권_산업,2025-10-23,삼성증권,삼성SDI,,기타,,FY2023,,,십억원,,31
2025-10-23_삼성증권_산업,2025-10-23,삼성증권,삼성SDI,,기타,,FY2024,,,십억원,80,31
2025-10-23_삼성증권_산업,2025-10-23,삼성증권,삼성SDI,,기타,,2025E,,,십억원,276,31
2025-10-23_삼성증권_산업,2025-10-23,삼성증권,삼성SDI,,기타,,2026E,,,십억원,600,31
2025-10-23_삼성증권_산업,2025-10-23,삼성증권,삼성SDI,,기타,,2027E,,,십억원,1158,31
2025-10-23_삼성증권_산업,2025-10-23,삼성증권,삼성SDI,,기타,,3Q25E,,,십억원,,29
2025-10-23_삼성증권_산업,2025-10-23,삼성증권,삼성SDI,,기타,,3Q24,,,십억원,,29
2025-10-23_삼성증권_산업,2025-10-23,삼성증권,삼성SDI,,기타,,2Q25,,,십억원,,29
2025-10-23_삼성증권_산업,2025-10-23,삼성증권,LGES,전사,전사,2023,FY,매출,33745.0,십억원,na,27
2025-10-23_삼성증권_산업,2025-10-23,삼성증권,LGES,전사,전사,2024,FY,매출,25620.0,십억원,na,27
2025-10-23_삼성증권_산업,2025-10-23,삼성증권,LGES,전사,전사,2025,FY,매출,23507.0,십억원,na,27
2025-10-23_삼성증권_산업,2025-10-23,삼성증권,LGES,전사,전사,2026,FY,매출,28570.0,십억원,na,27
2025-10-23_삼성증권_산업,2025-10-23,삼성증권,LGES,전사,전사,2027,FY,매출,36710.0,십억원,na,27
2025-10-23_삼성증권_산업,2025-10-23,삼성증권,LGES,전사,전사,2023,FY,영업이익,2163.0,십억원,incl,27
2025-10-23_삼성증권_산업,2025-10-23,삼성증권,LGES,전사,전사,2024,FY,영업이익,575.0,십억원,incl,27
2025-10-23_삼성증권_산업,2025-10-23,삼성증권,LGES,전사,전사,2025,FY,영업이익,2011.0,십억원,incl,27
2025-10-23_삼성증권_산업,2025-10-23,삼성증권,LGES,전사,전사,2026,FY,영업이익,3841.0,십억원,incl,27
2025-10-23_삼성증권_산업,2025-10-23,삼성증권,LGES,전사,전사,2027,FY,영업이익,7546.0,십억원,incl,27
2025-10-23_삼성증권_산업,2025-10-23,삼성증권,LGES,IRA AMPC,전사,2023,FY,AMPC,677.0,십억원,na,26
2025-10-23_삼성증권_산업,2025-10-23,삼성증권,LGES,IRA AMPC,전사,2024,FY,AMPC,1480.0,십억원,na,26
2025-10-23_삼성증권_산업,2025-10-23,삼성증권,LGES,IRA AMPC,전사,2025,FY,AMPC,1719.0,십억원,na,26
2025-10-23_삼성증권_산업,2025-10-23,삼성증권,LGES,IRA AMPC,전사,2026,FY,AMPC,3007.0,십억원,na,26
2025-10-23_삼성증권_산업,2025-10-23,삼성증권,LGES,소형 전지,소형,2023,FY,매출,9550.0,십억원,na,26
2025-10-23_삼성증권_산업,2025-10-23,삼성증권,LGES,소형 전지,소형,2024,FY,매출,7363.0,십억원,na,26
2025-10-23_삼성증권_산업,2025-10-23,삼성증권,LGES,소형 전지,소형,2025,FY,매출,7124.0,십억원,na,26
2025-10-23_삼성증권_산업,2025-10-23,삼성증권,LGES,소형 전지,소형,2026,FY,매출,7345.0,십억원,na,26
2025-10-23_삼성증권_산업,2025-10-23,삼성증권,LGES,소형 전지,소형,2023,FY,영업이익,757.0,십억원,excl,26
2025-10-23_삼성증권_산업,2025-10-23,삼성증권,LGES,소형 전지,소형,2024,FY,영업이익,195.0,십억원,excl,26
2025-10-23_삼성증권_산업,2025-10-23,삼성증권,LGES,소형 전지,소형,2025,FY,영업이익,413.0,십억원,excl,26
2025-10-23_삼성증권_산업,2025-10-23,삼성증권,LGES,소형 전지,소형,2026,FY,영업이익,493.0,십억원,excl,26
2025-10-23_삼성증권_산업,2025-10-23,삼성증권,LGES,자동차 전지,EV,2023,FY,매출,21745.0,십억원,na,26
2025-10-23_삼성증권_산업,2025-10-23,삼성증권,LGES,자동차 전지,EV,2024,FY,매출,16408.0,십억원,na,26
2025-10-23_삼성증권_산업,2025-10-23,삼성증권,LGES,자동차 전지,EV,2025,FY,매출,13861.0,십억원,na,26
2025-10-23_삼성증권_산업,2025-10-23,삼성증권,LGES,자동차 전지,EV,2026,FY,매출,14243.0,십억원,na,26
2025-10-23_삼성증권_산업,2025-10-23,삼성증권,LGES,자동차 전지,EV,2023,FY,영업이익,722.0,십억원,excl,26
2025-10-23_삼성증권_산업,2025-10-23,삼성증권,LGES,자동차 전지,EV,2024,FY,영업이익,-880.0,십억원,excl,26
2025-10-23_삼성증권_산업,2025-10-23,삼성증권,LGES,자동차 전지,EV,2025,FY,영업이익,-102.0,십억원,excl,26
2025-10-23_삼성증권_산업,2025-10-23,삼성증권,LGES,자동차 전지,EV,2026,FY,영업이익,45.0,십억원,excl,26
2025-10-23_삼성증권_산업,2025-10-23,삼성증권,LGES,ESS 전지,ESS,2023,FY,매출,2450.0,십억원,na,26
2025-10-23_삼성증권_산업,2025-10-23,삼성증권,LGES,ESS 전지,ESS,2024,FY,매출,1849.0,십억원,na,26
2025-10-23_삼성증권_산업,2025-10-23,삼성증권,LGES,ESS 전지,ESS,2025,FY,매출,2522.0,십억원,na,26
2025-10-23_삼성증권_산업,2025-10-23,삼성증권,LGES,ESS 전지,ESS,2026,FY,매출,6981.0,십억원,na,26
2025-10-23_삼성증권_산업,2025-10-23,삼성증권,LGES,ESS 전지,ESS,2023,FY,영업이익,7.0,십억원,excl,26
2025-10-23_삼성증권_산업,2025-10-23,삼성증권,LGES,ESS 전지,ESS,2024,FY,영업이익,-219.0,십억원,excl,26
2025-10-23_삼성증권_산업,2025-10-23,삼성증권,LGES,ESS 전지,ESS,2025,FY,영업이익,-19.0,십억원,excl,26
2025-10-23_삼성증권_산업,2025-10-23,삼성증권,LGES,ESS 전지,ESS,2026,FY,영업이익,296.0,십억원,excl,26
2025-10-23_삼성증권_산업,2025-10-23,삼성증권,LGES,전사,전사,2025,3Q,매출,5700.0,십억원,na,24
2025-10-23_삼성증권_산업,2025-10-23,삼성증권,LGES,전사,전사,2025,3Q,영업이익,601.0,십억원,incl,24
2025-10-23_삼성증권_산업,2025-10-23,삼성증권,삼성SDI,전사,전사,2023,FY,매출,21437.0,십억원,na,31
2025-10-23_삼성증권_산업,2025-10-23,삼성증권,삼성SDI,전사,전사,2024,FY,매출,16592.0,십억원,na,31
2025-10-23_삼성증권_산업,2025-10-23,삼성증권,삼성SDI,전사,전사,2025,FY,매출,13142.0,십억원,na,31
2025-10-23_삼성증권_산업,2025-10-23,삼성증권,삼성SDI,전사,전사,2026,FY,매출,16395.0,십억원,na,31
2025-10-23_삼성증권_산업,2025-10-23,삼성증권,삼성SDI,전사,전사,2027,FY,매출,21761.0,십억원,na,31
2025-10-23_삼성증권_산업,2025-10-23,삼성증권,삼성SDI,전사,전사,2023,FY,영업이익,1545.0,십억원,incl,31
2025-10-23_삼성증권_산업,2025-10-23,삼성증권,삼성SDI,전사,전사,2024,FY,영업이익,363.0,십억원,incl,31
2025-10-23_삼성증권_산업,2025-10-23,삼성증권,삼성SDI,전사,전사,2025,FY,영업이익,-1176.0,십억원,incl,31
2025-10-23_삼성증권_산업,2025-10-23,삼성증권,삼성SDI,전사,전사,2026,FY,영업이익,1199.0,십억원,incl,31
2025-10-23_삼성증권_산업,2025-10-23,삼성증권,삼성SDI,전사,전사,2027,FY,영업이익,2654.0,십억원,incl,31
2025-10-23_삼성증권_산업,2025-10-23,삼성증권,삼성SDI,AMPC,전사,2024,FY,AMPC,80.0,십억원,na,30
2025-10-23_삼성증권_산업,2025-10-23,삼성증권,삼성SDI,AMPC,전사,2025,FY,AMPC,276.0,십억원,na,30
2025-10-23_삼성증권_산업,2025-10-23,삼성증권,삼성SDI,AMPC,전사,2026,FY,AMPC,600.0,십억원,na,30
2025-10-23_삼성증권_산업,2025-10-23,삼성증권,삼성SDI,AMPC,전사,2027,FY,AMPC,1158.0,십억원,na,30
2025-10-23_삼성증권_산업,2025-10-23,삼성증권,삼성SDI,전지(배터리합계),배터리합계,2024,FY,매출,15691.3,십억원,na,29
2025-10-23_삼성증권_산업,2025-10-23,삼성증권,삼성SDI,전지(배터리합계),배터리합계,2025,FY,매출,12239.7,십억원,na,29
2025-10-23_삼성증권_산업,2025-10-23,삼성증권,삼성SDI,전지(배터리합계),배터리합계,2026,FY,매출,15158.0,십억원,na,29
2025-10-23_삼성증권_산업,2025-10-23,삼성증권,삼성SDI,전자재료,전자재료,2024,FY,매출,900.8,십억원,na,29
2025-10-23_삼성증권_산업,2025-10-23,삼성증권,삼성SDI,전자재료,전자재료,2025,FY,매출,902.6,십억원,na,29
2025-10-23_삼성증권_산업,2025-10-23,삼성증권,삼성SDI,전자재료,전자재료,2026,FY,매출,1236.7,십억원,na,29
2025-10-23_삼성증권_산업,2025-10-23,삼성증권,삼성SDI,전사,전사,2025,3Q,매출,3072.7,십억원,na,29
2025-10-23_삼성증권_산업,2025-10-23,삼성증권,삼성SDI,전사,전사,2025,3Q,영업이익,-325.6,십억원,incl,29
2025-11-19_다올투자증권_산업,2025-11-19,다올투자증권,LGES,,전사,2023,,,,십억원,incl,32
2025-11-19_다올투자증권_산업,2025-11-19,다올투자증권,LGES,,전사,2024,,,,십억원,incl,32
2025-11-19_다올투자증권_산업,2025-11-19,다올투자증권,LGES,,전사,2025E,,,,십억원,incl,32
2025-11-19_다올투자증권_산업,2025-11-19,다올투자증권,LGES,,전사,2026E,,,,십억원,incl,32
2025-11-19_다올투자증권_산업,2025-11-19,다올투자증권,LGES,,전사,2027E,,,,십억원,incl,32
2025-11-19_다올투자증권_산업,2025-11-19,다올투자증권,LGES,,전사,2028E,,,,십억원,incl,30
2025-11-19_다올투자증권_산업,2025-11-19,다올투자증권,LGES,,ESS,2025E,,,,십억원,na,32
2025-11-19_다올투자증권_산업,2025-11-19,다올투자증권,LGES,,ESS,2026E,,,,십억원,na,32
2025-11-19_다올투자증권_산업,2025-11-19,다올투자증권,LGES,,EV,2025E,,,,십억원,na,32
2025-11-19_다올투자증권_산업,2025-11-19,다올투자증권,LGES,,EV,2026E,,,,십억원,na,32
2025-11-19_다올투자증권_산업,2025-11-19,다올투자증권,삼성SDI,,전사,2023,,,,십억원,incl,37
2025-11-19_다올투자증권_산업,2025-11-19,다올투자증권,삼성SDI,,전사,2024,,,,십억원,incl,37
2025-11-19_다올투자증권_산업,2025-11-19,다올투자증권,삼성SDI,,전사,2025E,,,,십억원,incl,37
2025-11-19_다올투자증권_산업,2025-11-19,다올투자증권,삼성SDI,,전사,2026E,,,,십억원,incl,37
2025-11-19_다올투자증권_산업,2025-11-19,다올투자증권,삼성SDI,,전사,2027E,,,,십억원,incl,35
2025-11-19_다올투자증권_산업,2025-11-19,다올투자증권,삼성SDI,,ESS,2025E,,,,십억원,na,37
2025-11-19_다올투자증권_산업,2025-11-19,다올투자증권,삼성SDI,,ESS,2026E,,,,십억원,na,37
2025-11-19_다올투자증권_산업,2025-11-19,다올투자증권,삼성SDI,,EV,2025E,,,,십억원,na,37
2025-11-19_다올투자증권_산업,2025-11-19,다올투자증권,삼성SDI,,EV,2026E,,,,십억원,na,37
2025-11-19_다올투자증권_산업,2025-11-19,다올투자증권,엘앤에프,,전사,2023,,,,십억원,na,41
2025-11-19_다올투자증권_산업,2025-11-19,다올투자증권,엘앤에프,,전사,2024,,,,십억원,na,41
2025-11-19_다올투자증권_산업,2025-11-19,다올투자증권,엘앤에프,,전사,2025E,,,,십억원,na,41
2025-11-19_다올투자증권_산업,2025-11-19,다올투자증권,엘앤에프,,전사,2026E,,,,십억원,na,41
2025-11-19_다올투자증권_산업,2025-11-19,다올투자증권,LGES,전사,전사,2024,FY,매출,25620.0,십억원,incl_unknown,32
2025-11-19_다올투자증권_산업,2025-11-19,다올투자증권,LGES,전사,전사,2025,FY,매출,23429.0,십억원,incl_unknown,32
2025-11-19_다올투자증권_산업,2025-11-19,다올투자증권,LGES,전사,전사,2026,FY,매출,27059.0,십억원,incl_unknown,32
2025-11-19_다올투자증권_산업,2025-11-19,다올투자증권,LGES,전사,전사,2027,FY,매출,39233.0,십억원,incl_unknown,32
2025-11-19_다올투자증권_산업,2025-11-19,다올투자증권,LGES,전사,전사,2028,FY,매출,44889.0,십억원,incl_unknown,30
2025-11-19_다올투자증권_산업,2025-11-19,다올투자증권,LGES,전사,전사,2024,FY,영업이익,-905.0,십억원,incl,32
2025-11-19_다올투자증권_산업,2025-11-19,다올투자증권,LGES,전사,전사,2025,FY,영업이익,1502.0,십억원,incl,32
2025-11-19_다올투자증권_산업,2025-11-19,다올투자증권,LGES,전사,전사,2026,FY,영업이익,4124.0,십억원,incl,32
2025-11-19_다올투자증권_산업,2025-11-19,다올투자증권,LGES,전사,전사,2027,FY,영업이익,7661.0,십억원,incl,32
2025-11-19_다올투자증권_산업,2025-11-19,다올투자증권,LGES,전사,전사,2028,FY,영업이익,11402.0,십억원,incl,30
2025-11-19_다올투자증권_산업,2025-11-19,다올투자증권,LGES,전사,전사,2024,FY,AMPC,1480.0,십억원,na,32
2025-11-19_다올투자증권_산업,2025-11-19,다올투자증권,LGES,전사,전사,2025,FY,AMPC,1613.0,십억원,na,32
2025-11-19_다올투자증권_산업,2025-11-19,다올투자증권,LGES,전사,전사,2026,FY,AMPC,3017.0,십억원,na,32
2025-11-19_다올투자증권_산업,2025-11-19,다올투자증권,LGES,전사,전사,2027,FY,AMPC,6364.0,십억원,na,32
2025-11-19_다올투자증권_산업,2025-11-19,다올투자증권,LGES,전사,전사,2028,FY,AMPC,9899.0,십억원,na,32
2025-11-19_다올투자증권_산업,2025-11-19,다올투자증권,LGES,중대형,중대형,2024,FY,매출,18469.0,십억원,incl_unknown,32
2025-11-19_다올투자증권_산업,2025-11-19,다올투자증권,LGES,중대형,중대형,2025,FY,매출,16873.0,십억원,incl_unknown,32
2025-11-19_다올투자증권_산업,2025-11-19,다올투자증권,LGES,중대형,중대형,2026,FY,매출,21217.0,십억원,incl_unknown,32
2025-11-19_다올투자증권_산업,2025-11-19,다올투자증권,LGES,중대형,중대형,2027,FY,매출,33113.0,십억원,incl_unknown,32
2025-11-19_다올투자증권_산업,2025-11-19,다올투자증권,LGES,EV,EV,2024,FY,매출,16266.0,십억원,incl_unknown,32
2025-11-19_다올투자증권_산업,2025-11-19,다올투자증권,LGES,EV,EV,2025,FY,매출,14275.0,십억원,incl_unknown,32
2025-11-19_다올투자증권_산업,2025-11-19,다올투자증권,LGES,EV,EV,2026,FY,매출,14120.0,십억원,incl_unknown,32
2025-11-19_다올투자증권_산업,2025-11-19,다올투자증권,LGES,EV,EV,2027,FY,매출,22480.0,십억원,incl_unknown,32
2025-11-19_다올투자증권_산업,2025-11-19,다올투자증권,LGES,ESS,ESS,2024,FY,매출,2203.0,십억원,incl_unknown,32
2025-11-19_다올투자증권_산업,2025-11-19,다올투자증권,LGES,ESS,ESS,2025,FY,매출,2599.0,십억원,incl_unknown,32
2025-11-19_다올투자증권_산업,2025-11-19,다올투자증권,LGES,ESS,ESS,2026,FY,매출,7097.0,십억원,incl_unknown,32
2025-11-19_다올투자증권_산업,2025-11-19,다올투자증권,LGES,ESS,ESS,2027,FY,매출,10633.0,십억원,incl_unknown,32
2025-11-19_다올투자증권_산업,2025-11-19,다올투자증권,LGES,소형,소형,2024,FY,매출,7140.0,십억원,incl_unknown,32
2025-11-19_다올투자증권_산업,2025-11-19,다올투자증권,LGES,소형,소형,2025,FY,매출,5901.0,십억원,incl_unknown,32
2025-11-19_다올투자증권_산업,2025-11-19,다올투자증권,LGES,소형,소형,2026,FY,매출,5842.0,십억원,incl_unknown,32
2025-11-19_다올투자증권_산업,2025-11-19,다올투자증권,LGES,소형,소형,2027,FY,매출,6120.0,십억원,incl_unknown,32
2025-11-19_다올투자증권_산업,2025-11-19,다올투자증권,삼성SDI,전사,전사,2024,FY,매출,16592.0,십억원,excl,35
2025-11-19_다올투자증권_산업,2025-11-19,다올투자증권,삼성SDI,전사,전사,2025,FY,매출,13054.0,십억원,excl,35
2025-11-19_다올투자증권_산업,2025-11-19,다올투자증권,삼성SDI,전사,전사,2026,FY,매출,14420.0,십억원,excl,35
2025-11-19_다올투자증권_산업,2025-11-19,다올투자증권,삼성SDI,전사,전사,2027,FY,매출,19265.0,십억원,excl,35
2025-11-19_다올투자증권_산업,2025-11-19,다올투자증권,삼성SDI,전사,전사,2028,FY,매출,26858.0,십억원,excl,35
2025-11-19_다올투자증권_산업,2025-11-19,다올투자증권,삼성SDI,전사,전사,2024,FY,영업이익,273.0,십억원,incl,35
2025-11-19_다올투자증권_산업,2025-11-19,다올투자증권,삼성SDI,전사,전사,2025,FY,영업이익,-1802.0,십억원,incl,35
2025-11-19_다올투자증권_산업,2025-11-19,다올투자증권,삼성SDI,전사,전사,2026,FY,영업이익,-76.0,십억원,incl,35
2025-11-19_다올투자증권_산업,2025-11-19,다올투자증권,삼성SDI,전사,전사,2027,FY,영업이익,1570.0,십억원,incl,35
2025-11-19_다올투자증권_산업,2025-11-19,다올투자증권,삼성SDI,전사,전사,2028,FY,영업이익,2110.0,십억원,incl,35
2025-11-19_다올투자증권_산업,2025-11-19,다올투자증권,삼성SDI,전사,전사,2024,FY,AMPC,90.0,십억원,na,36
2025-11-19_다올투자증권_산업,2025-11-19,다올투자증권,삼성SDI,전사,전사,2025,FY,AMPC,129.0,십억원,na,36
2025-11-19_다올투자증권_산업,2025-11-19,다올투자증권,삼성SDI,전사,전사,2026,FY,AMPC,226.0,십억원,na,36
2025-11-19_다올투자증권_산업,2025-11-19,다올투자증권,삼성SDI,전사,전사,2027,FY,AMPC,754.0,십억원,na,36
2025-11-19_다올투자증권_산업,2025-11-19,다올투자증권,삼성SDI,전사,전사,2028,FY,AMPC,867.0,십억원,na,36
2025-11-19_다올투자증권_산업,2025-11-19,다올투자증권,삼성SDI,배터리,배터리합계,2024,FY,매출,15691.0,십억원,excl,37
2025-11-19_다올투자증권_산업,2025-11-19,다올투자증권,삼성SDI,배터리,배터리합계,2025,FY,매출,12160.0,십억원,excl,37
2025-11-19_다올투자증권_산업,2025-11-19,다올투자증권,삼성SDI,배터리,배터리합계,2026,FY,매출,13469.0,십억원,excl,37
2025-11-19_다올투자증권_산업,2025-11-19,다올투자증권,삼성SDI,중대형,중대형,2024,FY,매출,11068.0,십억원,excl,37
2025-11-19_다올투자증권_산업,2025-11-19,다올투자증권,삼성SDI,중대형,중대형,2025,FY,매출,8374.0,십억원,excl,37
2025-11-19_다올투자증권_산업,2025-11-19,다올투자증권,삼성SDI,중대형,중대형,2026,FY,매출,9415.0,십억원,excl,37
2025-11-19_다올투자증권_산업,2025-11-19,다올투자증권,삼성SDI,EV,EV,2024,FY,매출,8881.0,십억원,excl,37
2025-11-19_다올투자증권_산업,2025-11-19,다올투자증권,삼성SDI,EV,EV,2025,FY,매출,5296.0,십억원,excl,37
2025-11-19_다올투자증권_산업,2025-11-19,다올투자증권,삼성SDI,EV,EV,2026,FY,매출,5422.0,십억원,excl,37
2025-11-19_다올투자증권_산업,2025-11-19,다올투자증권,삼성SDI,ESS,ESS,2024,FY,매출,2302.0,십억원,excl,37
2025-11-19_다올투자증권_산업,2025-11-19,다올투자증권,삼성SDI,ESS,ESS,2025,FY,매출,3077.0,십억원,excl,37
2025-11-19_다올투자증권_산업,2025-11-19,다올투자증권,삼성SDI,ESS,ESS,2026,FY,매출,3993.0,십억원,excl,37
2025-11-19_다올투자증권_산업,2025-11-19,다올투자증권,삼성SDI,소형,소형,2024,FY,매출,4624.0,십억원,excl,37
2025-11-19_다올투자증권_산업,2025-11-19,다올투자증권,삼성SDI,소형,소형,2025,FY,매출,3611.0,십억원,excl,37
2025-11-19_다올투자증권_산업,2025-11-19,다올투자증권,삼성SDI,소형,소형,2026,FY,매출,4054.0,십억원,excl,37
2025-11-19_다올투자증권_산업,2025-11-19,다올투자증권,삼성SDI,전자재료,전자재료,2024,FY,매출,901.0,십억원,excl,37
2025-11-19_다올투자증권_산업,2025-11-19,다올투자증권,삼성SDI,전자재료,전자재료,2025,FY,매출,894.0,십억원,excl,37
2025-11-19_다올투자증권_산업,2025-11-19,다올투자증권,삼성SDI,전자재료,전자재료,2026,FY,매출,951.0,십억원,excl,37
2025-11-19_다올투자증권_산업,2025-11-19,다올투자증권,엘앤에프,연결,전사,2024,FY,매출,1907.0,십억원,na,40
2025-11-19_다올투자증권_산업,2025-11-19,다올투자증권,엘앤에프,연결,전사,2025,FY,매출,2246.0,십억원,na,40
2025-11-19_다올투자증권_산업,2025-11-19,다올투자증권,엘앤에프,연결,전사,2026,FY,매출,3595.0,십억원,na,40
2025-11-19_다올투자증권_산업,2025-11-19,다올투자증권,엘앤에프,연결,전사,2027,FY,매출,5307.0,십억원,na,40
2025-11-19_다올투자증권_산업,2025-11-19,다올투자증권,엘앤에프,연결,전사,2028,FY,매출,5738.0,십억원,na,40
2025-11-19_다올투자증권_산업,2025-11-19,다올투자증권,엘앤에프,연결,전사,2024,FY,영업이익,-559.0,십억원,na,40
2025-11-19_다올투자증권_산업,2025-11-19,다올투자증권,엘앤에프,연결,전사,2025,FY,영업이익,-212.0,십억원,na,40
2025-11-19_다올투자증권_산업,2025-11-19,다올투자증권,엘앤에프,연결,전사,2026,FY,영업이익,218.0,십억원,na,40
2025-11-19_다올투자증권_산업,2025-11-19,다올투자증권,엘앤에프,연결,전사,2027,FY,영업이익,432.0,십억원,na,40
2025-11-19_다올투자증권_산업,2025-11-19,다올투자증권,엘앤에프,연결,전사,2028,FY,영업이익,489.0,십억원,na,40
2025-11-24_유진투자증권_산업,2025-11-24,유진투자증권,에코프로비엠,전사,전사,2024,FY,매출,2766.8,십억원,na,48
2025-11-24_유진투자증권_산업,2025-11-24,유진투자증권,에코프로비엠,전사,전사,2024,FY,영업이익,-34.1,십억원,na,48
2025-11-24_유진투자증권_산업,2025-11-24,유진투자증권,에코프로비엠,전사,전사,2025,FY,매출,2612.8,십억원,na,48
2025-11-24_유진투자증권_산업,2025-11-24,유진투자증권,에코프로비엠,전사,전사,2025,FY,영업이익,130.8,십억원,na,48
2025-11-24_유진투자증권_산업,2025-11-24,유진투자증권,에코프로비엠,전사,전사,2026,FY,매출,3402.0,십억원,na,48
2025-11-24_유진투자증권_산업,2025-11-24,유진투자증권,에코프로비엠,전사,전사,2026,FY,영업이익,172.0,십억원,na,48
2025-11-24_유진투자증권_산업,2025-11-24,유진투자증권,에코프로비엠,전사,전사,2027,FY,매출,5280.0,십억원,na,48
2025-11-24_유진투자증권_산업,2025-11-24,유진투자증권,에코프로비엠,전사,전사,2027,FY,영업이익,254.0,십억원,na,48
2025-11-24_유진투자증권_산업,2025-11-24,유진투자증권,에코프로비엠,전사,전사,2028,FY,매출,8507.0,십억원,na,48
2025-11-24_유진투자증권_산업,2025-11-24,유진투자증권,에코프로비엠,전사,전사,2028,FY,영업이익,472.6,십억원,na,48
2025-11-24_유진투자증권_산업,2025-11-24,유진투자증권,에코프로비엠,전사,전사,2025,1Q,매출,629.8,십억원,na,49
2025-11-24_유진투자증권_산업,2025-11-24,유진투자증권,에코프로비엠,전사,전사,2025,1Q,영업이익,2.3,십억원,na,49
2025-11-24_유진투자증권_산업,2025-11-24,유진투자증권,에코프로비엠,전사,전사,2025,2Q,매출,779.7,십억원,na,49
2025-11-24_유진투자증권_산업,2025-11-24,유진투자증권,에코프로비엠,전사,전사,2025,2Q,영업이익,49.0,십억원,na,49
2025-11-24_유진투자증권_산업,2025-11-24,유진투자증권,에코프로비엠,전사,전사,2025,3Q,매출,625.3,십억원,na,49
2025-11-24_유진투자증권_산업,2025-11-24,유진투자증권,에코프로비엠,전사,전사,2025,3Q,영업이익,50.7,십억원,na,49
2025-11-24_유진투자증권_산업,2025-11-24,유진투자증권,에코프로비엠,전사,전사,2025,4Q,매출,578.0,십억원,na,49
2025-11-24_유진투자증권_산업,2025-11-24,유진투자증권,에코프로비엠,전사,전사,2025,4Q,영업이익,28.9,십억원,na,49
2025-11-24_유진투자증권_산업,2025-11-24,유진투자증권,롯데에너지머티리얼즈,전사,전사,2024,FY,매출,902.3,십억원,na,52
2025-11-24_유진투자증권_산업,2025-11-24,유진투자증권,롯데에너지머티리얼즈,전사,전사,2024,FY,영업이익,-64.4,십억원,na,52
2025-11-24_유진투자증권_산업,2025-11-24,유진투자증권,롯데에너지머티리얼즈,전사,전사,2025,FY,매출,663.4,십억원,na,52
2025-11-24_유진투자증권_산업,2025-11-24,유진투자증권,롯데에너지머티리얼즈,전사,전사,2025,FY,영업이익,-142.8,십억원,na,52
2025-11-24_유진투자증권_산업,2025-11-24,유진투자증권,롯데에너지머티리얼즈,전사,전사,2026,FY,매출,806.8,십억원,na,52
2025-11-24_유진투자증권_산업,2025-11-24,유진투자증권,롯데에너지머티리얼즈,전사,전사,2026,FY,영업이익,-26.2,십억원,na,52
2025-11-24_유진투자증권_산업,2025-11-24,유진투자증권,롯데에너지머티리얼즈,전사,전사,2027,FY,매출,1169.9,십억원,na,52
2025-11-24_유진투자증권_산업,2025-11-24,유진투자증권,롯데에너지머티리얼즈,전사,전사,2027,FY,영업이익,42.3,십억원,na,52
2025-11-24_유진투자증권_산업,2025-11-24,유진투자증권,롯데에너지머티리얼즈,전사,전사,2025,1Q,매출,158.0,십억원,na,53
2025-11-24_유진투자증권_산업,2025-11-24,유진투자증권,롯데에너지머티리얼즈,전사,전사,2025,1Q,영업이익,-46.0,십억원,na,53
2025-11-24_유진투자증권_산업,2025-11-24,유진투자증권,롯데에너지머티리얼즈,전사,전사,2025,2Q,매출,204.9,십억원,na,53
2025-11-24_유진투자증권_산업,2025-11-24,유진투자증권,롯데에너지머티리얼즈,전사,전사,2025,2Q,영업이익,-31.1,십억원,na,53
2025-11-24_유진투자증권_산업,2025-11-24,유진투자증권,롯데에너지머티리얼즈,전사,전사,2025,3Q,매출,143.7,십억원,na,53
2025-11-24_유진투자증권_산업,2025-11-24,유진투자증권,롯데에너지머티리얼즈,전사,전사,2025,3Q,영업이익,-34.3,십억원,na,53
2025-11-24_유진투자증권_산업,2025-11-24,유진투자증권,롯데에너지머티리얼즈,전사,전사,2025,4Q,매출,156.7,십억원,na,53
2025-11-24_유진투자증권_산업,2025-11-24,유진투자증권,롯데에너지머티리얼즈,전사,전사,2025,4Q,영업이익,-31.4,십억원,na,53
2025-11-24_유진투자증권_산업,2025-11-24,유진투자증권,솔루스첨단소재,전사,전사,2024,FY,매출,570.9,십억원,na,56
2025-11-24_유진투자증권_산업,2025-11-24,유진투자증권,솔루스첨단소재,전사,전사,2024,FY,영업이익,-54.4,십억원,na,56
2025-11-24_유진투자증권_산업,2025-11-24,유진투자증권,솔루스첨단소재,전사,전사,2025,FY,매출,593.6,십억원,na,56
2025-11-24_유진투자증권_산업,2025-11-24,유진투자증권,솔루스첨단소재,전사,전사,2025,FY,영업이익,-69.7,십억원,na,56
2025-11-24_유진투자증권_산업,2025-11-24,유진투자증권,솔루스첨단소재,전사,전사,2026,FY,매출,419.0,십억원,na,56
2025-11-24_유진투자증권_산업,2025-11-24,유진투자증권,솔루스첨단소재,전사,전사,2026,FY,영업이익,-18.8,십억원,na,56
2025-11-24_유진투자증권_산업,2025-11-24,유진투자증권,솔루스첨단소재,전사,전사,2027,FY,매출,608.0,십억원,na,56
2025-11-24_유진투자증권_산업,2025-11-24,유진투자증권,솔루스첨단소재,전사,전사,2027,FY,영업이익,33.9,십억원,na,56
2025-11-24_유진투자증권_산업,2025-11-24,유진투자증권,솔루스첨단소재,전사,전사,2025,1Q,매출,157.6,십억원,na,57
2025-11-24_유진투자증권_산업,2025-11-24,유진투자증권,솔루스첨단소재,전사,전사,2025,1Q,영업이익,-15.3,십억원,na,57
2025-11-24_유진투자증권_산업,2025-11-24,유진투자증권,솔루스첨단소재,전사,전사,2025,2Q,매출,143.9,십억원,na,57
2025-11-24_유진투자증권_산업,2025-11-24,유진투자증권,솔루스첨단소재,전사,전사,2025,2Q,영업이익,-15.0,십억원,na,57
2025-11-24_유진투자증권_산업,2025-11-24,유진투자증권,솔루스첨단소재,전사,전사,2025,3Q,매출,145.1,십억원,na,57
2025-11-24_유진투자증권_산업,2025-11-24,유진투자증권,솔루스첨단소재,전사,전사,2025,3Q,영업이익,-21.2,십억원,na,57
2025-11-24_유진투자증권_산업,2025-11-24,유진투자증권,솔루스첨단소재,전사,전사,2025,4Q,매출,147.0,십억원,na,57
2025-11-24_유진투자증권_산업,2025-11-24,유진투자증권,솔루스첨단소재,전사,전사,2025,4Q,영업이익,-18.2,십억원,na,57
2025-11-24_유진투자증권_산업,2025-11-24,유진투자증권,후성,전사,전사,2024,FY,매출,437.8,십억원,na,60
2025-11-24_유진투자증권_산업,2025-11-24,유진투자증권,후성,전사,전사,2024,FY,영업이익,-9.6,십억원,na,60
2025-11-24_유진투자증권_산업,2025-11-24,유진투자증권,후성,전사,전사,2025,FY,매출,474.9,십억원,na,60
2025-11-24_유진투자증권_산업,2025-11-24,유진투자증권,후성,전사,전사,2025,FY,영업이익,25.7,십억원,na,60
2025-11-24_유진투자증권_산업,2025-11-24,유진투자증권,후성,전사,전사,2026,FY,매출,579.5,십억원,na,60
2025-11-24_유진투자증권_산업,2025-11-24,유진투자증권,후성,전사,전사,2026,FY,영업이익,41.7,십억원,na,60
2025-11-24_유진투자증권_산업,2025-11-24,유진투자증권,후성,전사,전사,2027,FY,매출,686.6,십억원,na,60
2025-11-24_유진투자증권_산업,2025-11-24,유진투자증권,후성,전사,전사,2027,FY,영업이익,64.8,십억원,na,60
2025-11-24_유진투자증권_산업,2025-11-24,유진투자증권,후성,전사,전사,2025,1Q,매출,107.1,십억원,na,61
2025-11-24_유진투자증권_산업,2025-11-24,유진투자증권,후성,전사,전사,2025,1Q,영업이익,-0.1,십억원,na,61
2025-11-24_유진투자증권_산업,2025-11-24,유진투자증권,후성,전사,전사,2025,2Q,매출,124.2,십억원,na,61
2025-11-24_유진투자증권_산업,2025-11-24,유진투자증권,후성,전사,전사,2025,2Q,영업이익,14.8,십억원,na,61
2025-11-24_유진투자증권_산업,2025-11-24,유진투자증권,후성,전사,전사,2025,3Q,매출,121.0,십억원,na,61
2025-11-24_유진투자증권_산업,2025-11-24,유진투자증권,후성,전사,전사,2025,3Q,영업이익,5.8,십억원,na,61
2025-11-24_유진투자증권_산업,2025-11-24,유진투자증권,후성,전사,전사,2025,4Q,매출,122.6,십억원,na,61
2025-11-24_유진투자증권_산업,2025-11-24,유진투자증권,후성,전사,전사,2025,4Q,영업이익,5.2,십억원,na,61
2025-11-24_유진투자증권_산업,2025-11-24,유진투자증권,상아프론테크,전사,전사,2024,FY,매출,171.8,십억원,na,65
2025-11-24_유진투자증권_산업,2025-11-24,유진투자증권,상아프론테크,전사,전사,2024,FY,영업이익,5.8,십억원,na,65
2025-11-24_유진투자증권_산업,2025-11-24,유진투자증권,상아프론테크,전사,전사,2025,FY,매출,184.0,십억원,na,65
2025-11-24_유진투자증권_산업,2025-11-24,유진투자증권,상아프론테크,전사,전사,2025,FY,영업이익,7.0,십억원,na,65
2025-11-24_유진투자증권_산업,2025-11-24,유진투자증권,상아프론테크,전사,전사,2026,FY,매출,207.8,십억원,na,65
2025-11-24_유진투자증권_산업,2025-11-24,유진투자증권,상아프론테크,전사,전사,2026,FY,영업이익,12.7,십억원,na,65
2025-11-24_유진투자증권_산업,2025-11-24,유진투자증권,상아프론테크,전사,전사,2027,FY,매출,259.0,십억원,na,65
2025-11-24_유진투자증권_산업,2025-11-24,유진투자증권,상아프론테크,전사,전사,2027,FY,영업이익,18.1,십억원,na,65
2025-11-24_유진투자증권_산업,2025-11-24,유진투자증권,상아프론테크,전사,전사,2028,FY,매출,394.3,십억원,na,65
2025-11-24_유진투자증권_산업,2025-11-24,유진투자증권,상아프론테크,전사,전사,2028,FY,영업이익,33.2,십억원,na,65
2025-11-24_유진투자증권_산업,2025-11-24,유진투자증권,상아프론테크,전사,전사,2025,1Q,매출,40.7,십억원,na,66
2025-11-24_유진투자증권_산업,2025-11-24,유진투자증권,상아프론테크,전사,전사,2025,1Q,영업이익,1.1,십억원,na,66
2025-11-24_유진투자증권_산업,2025-11-24,유진투자증권,상아프론테크,전사,전사,2025,2Q,매출,44.8,십억원,na,66
2025-11-24_유진투자증권_산업,2025-11-24,유진투자증권,상아프론테크,전사,전사,2025,2Q,영업이익,1.6,십억원,na,66
2025-11-24_유진투자증권_산업,2025-11-24,유진투자증권,상아프론테크,전사,전사,2025,3Q,매출,49.9,십억원,na,66
2025-11-24_유진투자증권_산업,2025-11-24,유진투자증권,상아프론테크,전사,전사,2025,3Q,영업이익,2.1,십억원,na,66
2025-11-24_유진투자증권_산업,2025-11-24,유진투자증권,상아프론테크,전사,전사,2025,4Q,매출,48.6,십억원,na,66
2025-11-24_유진투자증권_산업,2025-11-24,유진투자증권,상아프론테크,전사,전사,2025,4Q,영업이익,2.3,십억원,na,66
2025-11-24_유진투자증권_산업,2025-11-24,유진투자증권,신흥에스이씨,전사,전사,2024,FY,매출,432.8,십억원,na,69
2025-11-24_유진투자증권_산업,2025-11-24,유진투자증권,신흥에스이씨,전사,전사,2024,FY,영업이익,13.2,십억원,na,69
2025-11-24_유진투자증권_산업,2025-11-24,유진투자증권,신흥에스이씨,전사,전사,2025,FY,매출,412.0,십억원,na,69
2025-11-24_유진투자증권_산업,2025-11-24,유진투자증권,신흥에스이씨,전사,전사,2025,FY,영업이익,0.9,십억원,na,69
2025-11-24_유진투자증권_산업,2025-11-24,유진투자증권,신흥에스이씨,전사,전사,2026,FY,매출,509.7,십억원,na,69
2025-11-24_유진투자증권_산업,2025-11-24,유진투자증권,신흥에스이씨,전사,전사,2026,FY,영업이익,24.4,십억원,na,69
2025-11-24_유진투자증권_산업,2025-11-24,유진투자증권,신흥에스이씨,전사,전사,2027,FY,매출,617.0,십억원,na,69
2025-11-24_유진투자증권_산업,2025-11-24,유진투자증권,신흥에스이씨,전사,전사,2027,FY,영업이익,36.4,십억원,na,69
2025-11-24_유진투자증권_산업,2025-11-24,유진투자증권,신흥에스이씨,전사,전사,2028,FY,매출,702.7,십억원,na,69
2025-11-24_유진투자증권_산업,2025-11-24,유진투자증권,신흥에스이씨,전사,전사,2028,FY,영업이익,46.7,십억원,na,69
2025-11-24_유진투자증권_산업,2025-11-24,유진투자증권,신흥에스이씨,전사,전사,2025,1Q,매출,103.5,십억원,na,70
2025-11-24_유진투자증권_산업,2025-11-24,유진투자증권,신흥에스이씨,전사,전사,2025,1Q,영업이익,-4.3,십억원,na,70
2025-11-24_유진투자증권_산업,2025-11-24,유진투자증권,신흥에스이씨,전사,전사,2025,2Q,매출,102.7,십억원,na,70
2025-11-24_유진투자증권_산업,2025-11-24,유진투자증권,신흥에스이씨,전사,전사,2025,2Q,영업이익,2.1,십억원,na,70
2025-11-24_유진투자증권_산업,2025-11-24,유진투자증권,신흥에스이씨,전사,전사,2025,3Q,매출,100.2,십억원,na,70
2025-11-24_유진투자증권_산업,2025-11-24,유진투자증권,신흥에스이씨,전사,전사,2025,3Q,영업이익,2.7,십억원,na,70
2025-11-24_유진투자증권_산업,2025-11-24,유진투자증권,신흥에스이씨,전사,전사,2025,4Q,매출,105.6,십억원,na,70
2025-11-24_유진투자증권_산업,2025-11-24,유진투자증권,신흥에스이씨,전사,전사,2025,4Q,영업이익,0.4,십억원,na,70
2026-01-29_상상인증권_SK온,2026-01-29,상상인증권,SK이노베이션,매출액,전사,2025,1Q,매출,21146.6,십억원,excl,2
2026-01-29_상상인증권_SK온,2026-01-29,상상인증권,SK이노베이션,매출액,전사,2025,2Q,매출,19306.6,십억원,excl,2
2026-01-29_상상인증권_SK온,2026-01-29,상상인증권,SK이노베이션,매출액,전사,2025,3Q,매출,20533.2,십억원,excl,2
2026-01-29_상상인증권_SK온,2026-01-29,상상인증권,SK이노베이션,매출액,전사,2025,4Q,매출,19671.3,십억원,excl,2
2026-01-29_상상인증권_SK온,2026-01-29,상상인증권,SK이노베이션,매출액,전사,2026,1Q,매출,20168.7,십억원,excl,2
2026-01-29_상상인증권_SK온,2026-01-29,상상인증권,SK이노베이션,매출액,전사,2026,2Q,매출,19263.9,십억원,excl,2
2026-01-29_상상인증권_SK온,2026-01-29,상상인증권,SK이노베이션,매출액,전사,2026,3Q,매출,19177.9,십억원,excl,2
2026-01-29_상상인증권_SK온,2026-01-29,상상인증권,SK이노베이션,매출액,전사,2026,4Q,매출,20657.4,십억원,excl,2
2026-01-29_상상인증권_SK온,2026-01-29,상상인증권,SK이노베이션,매출액,전사,2024,FY,매출,74716.9,십억원,excl,2
2026-01-29_상상인증권_SK온,2026-01-29,상상인증권,SK이노베이션,매출액,전사,2025,FY,매출,80657.7,십억원,excl,2
2026-01-29_상상인증권_SK온,2026-01-29,상상인증권,SK이노베이션,매출액,전사,2026,FY,매출,79267.8,십억원,excl,2
2026-01-29_상상인증권_SK온,2026-01-29,상상인증권,SK이노베이션,매출액,전사,2027,FY,매출,86795.1,십억원,excl,3
2026-01-29_상상인증권_SK온,2026-01-29,상상인증권,SK이노베이션,영업이익,전사,2025,1Q,영업이익,-44.6,십억원,incl,2
2026-01-29_상상인증권_SK온,2026-01-29,상상인증권,SK이노베이션,영업이익,전사,2025,2Q,영업이익,-417.6,십억원,incl,2
2026-01-29_상상인증권_SK온,2026-01-29,상상인증권,SK이노베이션,영업이익,전사,2025,3Q,영업이익,573.3,십억원,incl,2
2026-01-29_상상인증권_SK온,2026-01-29,상상인증권,SK이노베이션,영업이익,전사,2025,4Q,영업이익,294.7,십억원,incl,2
2026-01-29_상상인증권_SK온,2026-01-29,상상인증권,SK이노베이션,영업이익,전사,2026,1Q,영업이익,624.4,십억원,incl,2
2026-01-29_상상인증권_SK온,2026-01-29,상상인증권,SK이노베이션,영업이익,전사,2026,2Q,영업이익,470.8,십억원,incl,2
2026-01-29_상상인증권_SK온,2026-01-29,상상인증권,SK이노베이션,영업이익,전사,2026,3Q,영업이익,516.4,십억원,incl,2
2026-01-29_상상인증권_SK온,2026-01-29,상상인증권,SK이노베이션,영업이익,전사,2026,4Q,영업이익,402.3,십억원,incl,2
2026-01-29_상상인증권_SK온,2026-01-29,상상인증권,SK이노베이션,영업이익,전사,2024,FY,영업이익,315.5,십억원,incl,2
2026-01-29_상상인증권_SK온,2026-01-29,상상인증권,SK이노베이션,영업이익,전사,2025,FY,영업이익,405.9,십억원,incl,2
2026-01-29_상상인증권_SK온,2026-01-29,상상인증권,SK이노베이션,영업이익,전사,2026,FY,영업이익,2014.0,십억원,incl,2
2026-01-29_상상인증권_SK온,2026-01-29,상상인증권,SK이노베이션,영업이익,전사,2027,FY,영업이익,4130.7,십억원,incl,3
2026-01-29_상상인증권_SK온,2026-01-29,상상인증권,SK온,배터리,배터리합계,2025,1Q,매출,1605.4,십억원,excl,2
2026-01-29_상상인증권_SK온,2026-01-29,상상인증권,SK온,배터리,배터리합계,2025,2Q,매출,2107.7,십억원,excl,2
2026-01-29_상상인증권_SK온,2026-01-29,상상인증권,SK온,배터리,배터리합계,2025,3Q,매출,1807.9,십억원,excl,2
2026-01-29_상상인증권_SK온,2026-01-29,상상인증권,SK온,배터리,배터리합계,2025,4Q,매출,1457.2,십억원,excl,2
2026-01-29_상상인증권_SK온,2026-01-29,상상인증권,SK온,배터리,배터리합계,2026,1Q,매출,1475.3,십억원,excl,2
2026-01-29_상상인증권_SK온,2026-01-29,상상인증권,SK온,배터리,배터리합계,2026,2Q,매출,1528.9,십억원,excl,2
2026-01-29_상상인증권_SK온,2026-01-29,상상인증권,SK온,배터리,배터리합계,2026,3Q,매출,1722.1,십억원,excl,2
2026-01-29_상상인증권_SK온,2026-01-29,상상인증권,SK온,배터리,배터리합계,2026,4Q,매출,2078.7,십억원,excl,2
2026-01-29_상상인증권_SK온,2026-01-29,상상인증권,SK온,배터리,배터리합계,2024,FY,매출,6266.6,십억원,excl,2
2026-01-29_상상인증권_SK온,2026-01-29,상상인증권,SK온,배터리,배터리합계,2025,FY,매출,6978.2,십억원,excl,2
2026-01-29_상상인증권_SK온,2026-01-29,상상인증권,SK온,배터리,배터리합계,2026,FY,매출,6805.0,십억원,excl,2
2026-01-29_상상인증권_SK온,2026-01-29,상상인증권,SK온,배터리,배터리합계,2025,1Q,영업이익,-299.3,십억원,incl,2
2026-01-29_상상인증권_SK온,2026-01-29,상상인증권,SK온,배터리,배터리합계,2025,2Q,영업이익,-66.4,십억원,incl,2
2026-01-29_상상인증권_SK온,2026-01-29,상상인증권,SK온,배터리,배터리합계,2025,3Q,영업이익,-124.8,십억원,incl,2
2026-01-29_상상인증권_SK온,2026-01-29,상상인증권,SK온,배터리,배터리합계,2025,4Q,영업이익,-441.4,십억원,incl,2
2026-01-29_상상인증권_SK온,2026-01-29,상상인증권,SK온,배터리,배터리합계,2026,1Q,영업이익,-309.8,십억원,incl,2
2026-01-29_상상인증권_SK온,2026-01-29,상상인증권,SK온,배터리,배터리합계,2026,2Q,영업이익,-183.5,십억원,incl,2
2026-01-29_상상인증권_SK온,2026-01-29,상상인증권,SK온,배터리,배터리합계,2026,3Q,영업이익,-137.8,십억원,incl,2
2026-01-29_상상인증권_SK온,2026-01-29,상상인증권,SK온,배터리,배터리합계,2026,4Q,영업이익,-355.6,십억원,incl,2
2026-01-29_상상인증권_SK온,2026-01-29,상상인증권,SK온,배터리,배터리합계,2024,FY,영업이익,-1127.0,십억원,incl,2
2026-01-29_상상인증권_SK온,2026-01-29,상상인증권,SK온,배터리,배터리합계,2025,FY,영업이익,-931.9,십억원,incl,2
2026-01-29_상상인증권_SK온,2026-01-29,상상인증권,SK온,배터리,배터리합계,2026,FY,영업이익,-986.7,십억원,incl,2
2026-01-29_상상인증권_SK온,2026-01-29,상상인증권,SK온,AMPC,배터리합계,2025,1Q,AMPC,170.8,십억원,na,2
2026-01-29_상상인증권_SK온,2026-01-29,상상인증권,SK온,AMPC,배터리합계,2025,2Q,AMPC,273.4,십억원,na,2
2026-01-29_상상인증권_SK온,2026-01-29,상상인증권,SK온,AMPC,배터리합계,2025,3Q,AMPC,173.1,십억원,na,2
2026-01-29_상상인증권_SK온,2026-01-29,상상인증권,SK온,AMPC,배터리합계,2025,4Q,AMPC,124.6,십억원,na,2
2026-01-29_상상인증권_SK온,2026-01-29,상상인증권,SK온,AMPC,배터리합계,2026,1Q,AMPC,118.4,십억원,na,2
2026-01-29_상상인증권_SK온,2026-01-29,상상인증권,SK온,AMPC,배터리합계,2026,2Q,AMPC,126.1,십억원,na,2
2026-01-29_상상인증권_SK온,2026-01-29,상상인증권,SK온,AMPC,배터리합계,2026,3Q,AMPC,164.0,십억원,na,2
2026-01-29_상상인증권_SK온,2026-01-29,상상인증권,SK온,AMPC,배터리합계,2026,4Q,AMPC,222.1,십억원,na,2
2026-01-29_상상인증권_SK온,2026-01-29,상상인증권,SK온,AMPC,배터리합계,2024,FY,AMPC,292.4,십억원,na,2
2026-01-29_상상인증권_SK온,2026-01-29,상상인증권,SK온,AMPC,배터리합계,2025,FY,AMPC,741.9,십억원,na,2
2026-01-29_상상인증권_SK온,2026-01-29,상상인증권,SK온,AMPC,배터리합계,2026,FY,AMPC,630.6,십억원,na,2
2026-02-23_하나증권_SK온,2026-02-23,하나증권,SK이노베이션,매출액(연결),전사,2025,1Q,매출,21146.6,십억원,na,3
2026-02-23_하나증권_SK온,2026-02-23,하나증권,SK이노베이션,매출액(연결),전사,2025,2Q,매출,19306.6,십억원,na,3
2026-02-23_하나증권_SK온,2026-02-23,하나증권,SK이노베이션,매출액(연결),전사,2025,3Q,매출,20533.2,십억원,na,3
2026-02-23_하나증권_SK온,2026-02-23,하나증권,SK이노베이션,매출액(연결),전사,2025,4Q,매출,19671.3,십억원,na,3
2026-02-23_하나증권_SK온,2026-02-23,하나증권,SK이노베이션,매출액(연결),전사,2026,1Q,매출,19124.9,십억원,na,3
2026-02-23_하나증권_SK온,2026-02-23,하나증권,SK이노베이션,매출액(연결),전사,2026,2Q,매출,19640.4,십억원,na,3
2026-02-23_하나증권_SK온,2026-02-23,하나증권,SK이노베이션,매출액(연결),전사,2026,3Q,매출,19649.0,십억원,na,3
2026-02-23_하나증권_SK온,2026-02-23,하나증권,SK이노베이션,매출액(연결),전사,2026,4Q,매출,19828.0,십억원,na,3
2026-02-23_하나증권_SK온,2026-02-23,하나증권,SK이노베이션,매출액(연결),전사,2024,FY,매출,74717.0,십억원,na,3
2026-02-23_하나증권_SK온,2026-02-23,하나증권,SK이노베이션,매출액(연결),전사,2025,FY,매출,80657.7,십억원,na,3
2026-02-23_하나증권_SK온,2026-02-23,하나증권,SK이노베이션,매출액(연결),전사,2026,FY,매출,78242.3,십억원,na,3
2026-02-23_하나증권_SK온,2026-02-23,하나증권,SK이노베이션,매출액(연결),전사,2027,FY,매출,82480.0,십억원,na,3
2026-02-23_하나증권_SK온,2026-02-23,하나증권,SK이노베이션,영업이익(연결),전사,2025,1Q,영업이익,-44.6,십억원,na,3
2026-02-23_하나증권_SK온,2026-02-23,하나증권,SK이노베이션,영업이익(연결),전사,2025,2Q,영업이익,-417.6,십억원,na,3
2026-02-23_하나증권_SK온,2026-02-23,하나증권,SK이노베이션,영업이익(연결),전사,2025,3Q,영업이익,573.5,십억원,na,3
2026-02-23_하나증권_SK온,2026-02-23,하나증권,SK이노베이션,영업이익(연결),전사,2025,4Q,영업이익,294.7,십억원,na,3
2026-02-23_하나증권_SK온,2026-02-23,하나증권,SK이노베이션,영업이익(연결),전사,2026,1Q,영업이익,588.1,십억원,na,3
2026-02-23_하나증권_SK온,2026-02-23,하나증권,SK이노베이션,영업이익(연결),전사,2026,2Q,영업이익,696.8,십억원,na,3
2026-02-23_하나증권_SK온,2026-02-23,하나증권,SK이노베이션,영업이익(연결),전사,2026,3Q,영업이익,712.5,십억원,na,3
2026-02-23_하나증권_SK온,2026-02-23,하나증권,SK이노베이션,영업이익(연결),전사,2026,4Q,영업이익,763.7,십억원,na,3
2026-02-23_하나증권_SK온,2026-02-23,하나증권,SK이노베이션,영업이익(연결),전사,2024,FY,영업이익,315.5,십억원,na,3
2026-02-23_하나증권_SK온,2026-02-23,하나증권,SK이노베이션,영업이익(연결),전사,2025,FY,영업이익,406.0,십억원,na,3
2026-02-23_하나증권_SK온,2026-02-23,하나증권,SK이노베이션,영업이익(연결),전사,2026,FY,영업이익,2761.1,십억원,na,3
2026-02-23_하나증권_SK온,2026-02-23,하나증권,SK이노베이션,영업이익(연결),전사,2027,FY,영업이익,3344.9,십억원,na,3
2026-02-23_하나증권_SK온,2026-02-23,하나증권,SK온,배터리,배터리합계,2025,1Q,매출,1605.4,십억원,incl_unknown,3
2026-02-23_하나증권_SK온,2026-02-23,하나증권,SK온,배터리,배터리합계,2025,2Q,매출,2107.7,십억원,incl_unknown,3
2026-02-23_하나증권_SK온,2026-02-23,하나증권,SK온,배터리,배터리합계,2025,3Q,매출,1807.9,십억원,incl_unknown,3
2026-02-23_하나증권_SK온,2026-02-23,하나증권,SK온,배터리,배터리합계,2025,4Q,매출,1457.2,십억원,incl_unknown,3
2026-02-23_하나증권_SK온,2026-02-23,하나증권,SK온,배터리,배터리합계,2026,1Q,매출,1486.3,십억원,incl_unknown,3
2026-02-23_하나증권_SK온,2026-02-23,하나증권,SK온,배터리,배터리합계,2026,2Q,매출,1516.1,십억원,incl_unknown,3
2026-02-23_하나증권_SK온,2026-02-23,하나증권,SK온,배터리,배터리합계,2026,3Q,매출,1667.7,십억원,incl_unknown,3
2026-02-23_하나증권_SK온,2026-02-23,하나증권,SK온,배터리,배터리합계,2026,4Q,매출,1834.4,십억원,incl_unknown,3
2026-02-23_하나증권_SK온,2026-02-23,하나증권,SK온,배터리,배터리합계,2024,FY,매출,6266.6,십억원,incl_unknown,3
2026-02-23_하나증권_SK온,2026-02-23,하나증권,SK온,배터리,배터리합계,2025,FY,매출,6978.2,십억원,incl_unknown,3
2026-02-23_하나증권_SK온,2026-02-23,하나증권,SK온,배터리,배터리합계,2026,FY,매출,6504.5,십억원,incl_unknown,3
2026-02-23_하나증권_SK온,2026-02-23,하나증권,SK온,배터리,배터리합계,2027,FY,매출,9365.0,십억원,incl_unknown,3
2026-02-23_하나증권_SK온,2026-02-23,하나증권,SK온,배터리,배터리합계,2025,1Q,영업이익,-299.3,십억원,incl_unknown,3
2026-02-23_하나증권_SK온,2026-02-23,하나증권,SK온,배터리,배터리합계,2025,2Q,영업이익,-66.4,십억원,incl_unknown,3
2026-02-23_하나증권_SK온,2026-02-23,하나증권,SK온,배터리,배터리합계,2025,3Q,영업이익,-124.8,십억원,incl_unknown,3
2026-02-23_하나증권_SK온,2026-02-23,하나증권,SK온,배터리,배터리합계,2025,4Q,영업이익,-441.4,십억원,incl_unknown,3
2026-02-23_하나증권_SK온,2026-02-23,하나증권,SK온,배터리,배터리합계,2026,1Q,영업이익,-310.8,십억원,incl_unknown,3
2026-02-23_하나증권_SK온,2026-02-23,하나증권,SK온,배터리,배터리합계,2026,2Q,영업이익,-243.7,십억원,incl_unknown,3
2026-02-23_하나증권_SK온,2026-02-23,하나증권,SK온,배터리,배터리합계,2026,3Q,영업이익,-152.4,십억원,incl_unknown,3
2026-02-23_하나증권_SK온,2026-02-23,하나증권,SK온,배터리,배터리합계,2026,4Q,영업이익,-151.6,십억원,incl_unknown,3
2026-02-23_하나증권_SK온,2026-02-23,하나증권,SK온,배터리,배터리합계,2024,FY,영업이익,-1127.0,십억원,incl_unknown,3
2026-02-23_하나증권_SK온,2026-02-23,하나증권,SK온,배터리,배터리합계,2025,FY,영업이익,-931.9,십억원,incl_unknown,3
2026-02-23_하나증권_SK온,2026-02-23,하나증권,SK온,배터리,배터리합계,2026,FY,영업이익,-858.4,십억원,incl_unknown,3
2026-02-23_하나증권_SK온,2026-02-23,하나증권,SK온,배터리,배터리합계,2027,FY,영업이익,-657.8,십억원,incl_unknown,3
2026-02-26_KB증권_LGES,2026-02-26,KB증권,LGES,매출액(연결),전사,2024,FY,매출,25619.6,십억원,excl,5
2026-02-26_KB증권_LGES,2026-02-26,KB증권,LGES,매출액(연결),전사,2025,FY,매출,23671.8,십억원,excl,5
2026-02-26_KB증권_LGES,2026-02-26,KB증권,LGES,매출액(연결),전사,2026,FY,매출,27623.5,십억원,excl,5
2026-02-26_KB증권_LGES,2026-02-26,KB증권,LGES,매출액(연결),전사,2027,FY,매출,46352.9,십억원,excl,5
2026-02-26_KB증권_LGES,2026-02-26,KB증권,LGES,매출액(연결),전사,2025,1Q,매출,6265.0,십억원,excl,5
2026-02-26_KB증권_LGES,2026-02-26,KB증권,LGES,매출액(연결),전사,2025,2Q,매출,5565.4,십억원,excl,5
2026-02-26_KB증권_LGES,2026-02-26,KB증권,LGES,매출액(연결),전사,2025,3Q,매출,5699.9,십억원,excl,5
2026-02-26_KB증권_LGES,2026-02-26,KB증권,LGES,매출액(연결),전사,2025,4Q,매출,6141.5,십억원,excl,5
2026-02-26_KB증권_LGES,2026-02-26,KB증권,LGES,매출액(연결),전사,2026,1Q,매출,5767.1,십억원,excl,5
2026-02-26_KB증권_LGES,2026-02-26,KB증권,LGES,매출액(연결),전사,2026,2Q,매출,6057.2,십억원,excl,5
2026-02-26_KB증권_LGES,2026-02-26,KB증권,LGES,매출액(연결),전사,2026,3Q,매출,7153.6,십억원,excl,5
2026-02-26_KB증권_LGES,2026-02-26,KB증권,LGES,매출액(연결),전사,2026,4Q,매출,8645.5,십억원,excl,5
2026-02-26_KB증권_LGES,2026-02-26,KB증권,LGES,매출액(연결),전사,2028,FY,매출,54301,십억원,excl,6
2026-02-26_KB증권_LGES,2026-02-26,KB증권,LGES,중대형(EV),EV,2024,FY,매출,15360.1,십억원,excl,5
2026-02-26_KB증권_LGES,2026-02-26,KB증권,LGES,중대형(EV),EV,2025,FY,매출,13987.1,십억원,excl,5
2026-02-26_KB증권_LGES,2026-02-26,KB증권,LGES,중대형(EV),EV,2026,FY,매출,11615.2,십억원,excl,5
2026-02-26_KB증권_LGES,2026-02-26,KB증권,LGES,중대형(EV),EV,2027,FY,매출,25370.5,십억원,excl,5
2026-02-26_KB증권_LGES,2026-02-26,KB증권,LGES,중대형(EV),EV,2025,1Q,매출,4072.3,십억원,excl,5
2026-02-26_KB증권_LGES,2026-02-26,KB증권,LGES,중대형(EV),EV,2025,2Q,매출,3617.3,십억원,excl,5
2026-02-26_KB증권_LGES,2026-02-26,KB증권,LGES,중대형(EV),EV,2025,3Q,매출,3533.9,십억원,excl,5
2026-02-26_KB증권_LGES,2026-02-26,KB증권,LGES,중대형(EV),EV,2025,4Q,매출,2763.7,십억원,excl,5
2026-02-26_KB증권_LGES,2026-02-26,KB증권,LGES,중대형(EV),EV,2026,1Q,매출,2298.1,십억원,excl,5
2026-02-26_KB증권_LGES,2026-02-26,KB증권,LGES,중대형(EV),EV,2026,2Q,매출,2314.3,십억원,excl,5
2026-02-26_KB증권_LGES,2026-02-26,KB증권,LGES,중대형(EV),EV,2026,3Q,매출,3287.4,십억원,excl,5
2026-02-26_KB증권_LGES,2026-02-26,KB증권,LGES,중대형(EV),EV,2026,4Q,매출,3715.4,십억원,excl,5
2026-02-26_KB증권_LGES,2026-02-26,KB증권,LGES,중대형(ESS),ESS,2024,FY,매출,2097.5,십억원,excl,5
2026-02-26_KB증권_LGES,2026-02-26,KB증권,LGES,중대형(ESS),ESS,2025,FY,매출,2960.9,십억원,excl,5
2026-02-26_KB증권_LGES,2026-02-26,KB증권,LGES,중대형(ESS),ESS,2026,FY,매출,8804.3,십억원,excl,5
2026-02-26_KB증권_LGES,2026-02-26,KB증권,LGES,중대형(ESS),ESS,2027,FY,매출,14314.2,십억원,excl,5
2026-02-26_KB증권_LGES,2026-02-26,KB증권,LGES,중대형(ESS),ESS,2025,1Q,매출,563.9,십억원,excl,5
2026-02-26_KB증권_LGES,2026-02-26,KB증권,LGES,중대형(ESS),ESS,2025,2Q,매출,445.2,십억원,excl,5
2026-02-26_KB증권_LGES,2026-02-26,KB증권,LGES,중대형(ESS),ESS,2025,3Q,매출,570.0,십억원,excl,5
2026-02-26_KB증권_LGES,2026-02-26,KB증권,LGES,중대형(ESS),ESS,2025,4Q,매출,1381.8,십억원,excl,5
2026-02-26_KB증권_LGES,2026-02-26,KB증권,LGES,중대형(ESS),ESS,2026,1Q,매출,1562.3,십억원,excl,5
2026-02-26_KB증권_LGES,2026-02-26,KB증권,LGES,중대형(ESS),ESS,2026,2Q,매출,1880.1,십억원,excl,5
2026-02-26_KB증권_LGES,2026-02-26,KB증권,LGES,중대형(ESS),ESS,2026,3Q,매출,2119.9,십억원,excl,5
2026-02-26_KB증권_LGES,2026-02-26,KB증권,LGES,중대형(ESS),ESS,2026,4Q,매출,3242.1,십억원,excl,5
2026-02-26_KB증권_LGES,2026-02-26,KB증권,LGES,소형,소형,2024,FY,매출,8175.2,십억원,excl,5
2026-02-26_KB증권_LGES,2026-02-26,KB증권,LGES,소형,소형,2025,FY,매출,6723.4,십억원,excl,5
2026-02-26_KB증권_LGES,2026-02-26,KB증권,LGES,소형,소형,2026,FY,매출,7204.0,십억원,excl,5
2026-02-26_KB증권_LGES,2026-02-26,KB증권,LGES,소형,소형,2027,FY,매출,6668.2,십억원,excl,5
2026-02-26_KB증권_LGES,2026-02-26,KB증권,LGES,소형,소형,2025,1Q,매출,1628.9,십억원,excl,5
2026-02-26_KB증권_LGES,2026-02-26,KB증권,LGES,소형,소형,2025,2Q,매출,1502.6,십억원,excl,5
2026-02-26_KB증권_LGES,2026-02-26,KB증권,LGES,소형,소형,2025,3Q,매출,1596.0,십억원,excl,5
2026-02-26_KB증권_LGES,2026-02-26,KB증권,LGES,소형,소형,2025,4Q,매출,1996.0,십억원,excl,5
2026-02-26_KB증권_LGES,2026-02-26,KB증권,LGES,소형,소형,2026,1Q,매출,1906.8,십억원,excl,5
2026-02-26_KB증권_LGES,2026-02-26,KB증권,LGES,소형,소형,2026,2Q,매출,1862.8,십억원,excl,5
2026-02-26_KB증권_LGES,2026-02-26,KB증권,LGES,소형,소형,2026,3Q,매출,1746.4,십억원,excl,5
2026-02-26_KB증권_LGES,2026-02-26,KB증권,LGES,소형,소형,2026,4Q,매출,1688.1,십억원,excl,5
2026-02-26_KB증권_LGES,2026-02-26,KB증권,LGES,영업이익(+AMPC),전사,2024,FY,영업이익,575.4,십억원,incl,5
2026-02-26_KB증권_LGES,2026-02-26,KB증권,LGES,영업이익(+AMPC),전사,2025,FY,영업이익,1346.4,십억원,incl,5
2026-02-26_KB증권_LGES,2026-02-26,KB증권,LGES,영업이익(+AMPC),전사,2026,FY,영업이익,1117.3,십억원,incl,5
2026-02-26_KB증권_LGES,2026-02-26,KB증권,LGES,영업이익(+AMPC),전사,2027,FY,영업이익,6508.4,십억원,incl,5
2026-02-26_KB증권_LGES,2026-02-26,KB증권,LGES,영업이익(+AMPC),전사,2025,1Q,영업이익,374.7,십억원,incl,5
2026-02-26_KB증권_LGES,2026-02-26,KB증권,LGES,영업이익(+AMPC),전사,2025,2Q,영업이익,492.4,십억원,incl,5
2026-02-26_KB증권_LGES,2026-02-26,KB증권,LGES,영업이익(+AMPC),전사,2025,3Q,영업이익,601.3,십억원,incl,5
2026-02-26_KB증권_LGES,2026-02-26,KB증권,LGES,영업이익(+AMPC),전사,2025,4Q,영업이익,-122.0,십억원,incl,5
2026-02-26_KB증권_LGES,2026-02-26,KB증권,LGES,영업이익(+AMPC),전사,2026,1Q,영업이익,-97.5,십억원,incl,5
2026-02-26_KB증권_LGES,2026-02-26,KB증권,LGES,영업이익(+AMPC),전사,2026,2Q,영업이익,58.1,십억원,incl,5
2026-02-26_KB증권_LGES,2026-02-26,KB증권,LGES,영업이익(+AMPC),전사,2026,3Q,영업이익,457.5,십억원,incl,5
2026-02-26_KB증권_LGES,2026-02-26,KB증권,LGES,영업이익(+AMPC),전사,2026,4Q,영업이익,699.3,십억원,incl,5
2026-02-26_KB증권_LGES,2026-02-26,KB증권,LGES,영업이익(+AMPC),전사,2028,FY,영업이익,9462,십억원,incl,6
2026-02-26_KB증권_LGES,2026-02-26,KB증권,LGES,중대형(EV) 영업이익,EV,2024,FY,영업이익,-849.3,십억원,excl,5
2026-02-26_KB증권_LGES,2026-02-26,KB증권,LGES,중대형(EV) 영업이익,EV,2025,FY,영업이익,-534.0,십억원,excl,5
2026-02-26_KB증권_LGES,2026-02-26,KB증권,LGES,중대형(EV) 영업이익,EV,2026,FY,영업이익,-1393.3,십억원,excl,5
2026-02-26_KB증권_LGES,2026-02-26,KB증권,LGES,중대형(EV) 영업이익,EV,2027,FY,영업이익,-528.5,십억원,excl,5
2026-02-26_KB증권_LGES,2026-02-26,KB증권,LGES,중대형(EV) 영업이익,EV,2025,1Q,영업이익,-93.7,십억원,excl,5
2026-02-26_KB증권_LGES,2026-02-26,KB증권,LGES,중대형(EV) 영업이익,EV,2025,2Q,영업이익,-76.4,십억원,excl,5
2026-02-26_KB증권_LGES,2026-02-26,KB증권,LGES,중대형(EV) 영업이익,EV,2025,3Q,영업이익,105.8,십억원,excl,5
2026-02-26_KB증권_LGES,2026-02-26,KB증권,LGES,중대형(EV) 영업이익,EV,2025,4Q,영업이익,-469.8,십억원,excl,5
2026-02-26_KB증권_LGES,2026-02-26,KB증권,LGES,중대형(EV) 영업이익,EV,2026,1Q,영업이익,-436.2,십억원,excl,5
2026-02-26_KB증권_LGES,2026-02-26,KB증권,LGES,중대형(EV) 영업이익,EV,2026,2Q,영업이익,-336.7,십억원,excl,5
2026-02-26_KB증권_LGES,2026-02-26,KB증권,LGES,중대형(EV) 영업이익,EV,2026,3Q,영업이익,-301.7,십억원,excl,5
2026-02-26_KB증권_LGES,2026-02-26,KB증권,LGES,중대형(EV) 영업이익,EV,2026,4Q,영업이익,-318.6,십억원,excl,5
2026-02-26_KB증권_LGES,2026-02-26,KB증권,LGES,중대형(ESS) 영업이익,ESS,2024,FY,영업이익,-196.0,십억원,excl,5
2026-02-26_KB증권_LGES,2026-02-26,KB증권,LGES,중대형(ESS) 영업이익,ESS,2025,FY,영업이익,-93.6,십억원,excl,5
2026-02-26_KB증권_LGES,2026-02-26,KB증권,LGES,중대형(ESS) 영업이익,ESS,2026,FY,영업이익,376.4,십억원,excl,5
2026-02-26_KB증권_LGES,2026-02-26,KB증권,LGES,중대형(ESS) 영업이익,ESS,2027,FY,영업이익,815.9,십억원,excl,5
2026-02-26_KB증권_LGES,2026-02-26,KB증권,LGES,중대형(ESS) 영업이익,ESS,2025,1Q,영업이익,-5.6,십억원,excl,5
2026-02-26_KB증권_LGES,2026-02-26,KB증권,LGES,중대형(ESS) 영업이익,ESS,2025,2Q,영업이익,2.2,십억원,excl,5
2026-02-26_KB증권_LGES,2026-02-26,KB증권,LGES,중대형(ESS) 영업이익,ESS,2025,3Q,영업이익,34.2,십억원,excl,5
2026-02-26_KB증권_LGES,2026-02-26,KB증권,LGES,중대형(ESS) 영업이익,ESS,2025,4Q,영업이익,-124.4,십억원,excl,5
2026-02-26_KB증권_LGES,2026-02-26,KB증권,LGES,중대형(ESS) 영업이익,ESS,2026,1Q,영업이익,41.5,십억원,excl,5
2026-02-26_KB증권_LGES,2026-02-26,KB증권,LGES,중대형(ESS) 영업이익,ESS,2026,2Q,영업이익,49.9,십억원,excl,5
2026-02-26_KB증권_LGES,2026-02-26,KB증권,LGES,중대형(ESS) 영업이익,ESS,2026,3Q,영업이익,138.7,십억원,excl,5
2026-02-26_KB증권_LGES,2026-02-26,KB증권,LGES,중대형(ESS) 영업이익,ESS,2026,4Q,영업이익,146.3,십억원,excl,5
2026-02-26_KB증권_LGES,2026-02-26,KB증권,LGES,소형 영업이익,소형,2024,FY,영업이익,140.7,십억원,excl,5
2026-02-26_KB증권_LGES,2026-02-26,KB증권,LGES,소형 영업이익,소형,2025,FY,영업이익,326.9,십억원,excl,5
2026-02-26_KB증권_LGES,2026-02-26,KB증권,LGES,소형 영업이익,소형,2026,FY,영업이익,314.1,십억원,excl,5
2026-02-26_KB증권_LGES,2026-02-26,KB증권,LGES,소형 영업이익,소형,2027,FY,영업이익,435.5,십억원,excl,5
2026-02-26_KB증권_LGES,2026-02-26,KB증권,LGES,소형 영업이익,소형,2025,1Q,영업이익,16.3,십억원,excl,5
2026-02-26_KB증권_LGES,2026-02-26,KB증권,LGES,소형 영업이익,소형,2025,2Q,영업이익,75.1,십억원,excl,5
2026-02-26_KB증권_LGES,2026-02-26,KB증권,LGES,소형 영업이익,소형,2025,3Q,영업이익,95.8,십억원,excl,5
2026-02-26_KB증권_LGES,2026-02-26,KB증권,LGES,소형 영업이익,소형,2025,4Q,영업이익,139.7,십억원,excl,5
2026-02-26_KB증권_LGES,2026-02-26,KB증권,LGES,소형 영업이익,소형,2026,1Q,영업이익,81.0,십억원,excl,5
2026-02-26_KB증권_LGES,2026-02-26,KB증권,LGES,소형 영업이익,소형,2026,2Q,영업이익,83.2,십억원,excl,5
2026-02-26_KB증권_LGES,2026-02-26,KB증권,LGES,소형 영업이익,소형,2026,3Q,영업이익,88.8,십억원,excl,5
2026-02-26_KB증권_LGES,2026-02-26,KB증권,LGES,소형 영업이익,소형,2026,4Q,영업이익,61.0,십억원,excl,5
2026-02-26_KB증권_LGES,2026-02-26,KB증권,LGES,AMPC,전사,2024,FY,AMPC,1480.0,십억원,na,5
2026-02-26_KB증권_LGES,2026-02-26,KB증권,LGES,AMPC,전사,2025,FY,AMPC,1647.0,십억원,na,5
2026-02-26_KB증권_LGES,2026-02-26,KB증권,LGES,AMPC,전사,2026,FY,AMPC,1820.1,십억원,na,5
2026-02-26_KB증권_LGES,2026-02-26,KB증권,LGES,AMPC,전사,2027,FY,AMPC,5785.6,십억원,na,5
2026-02-26_KB증권_LGES,2026-02-26,KB증권,LGES,AMPC,전사,2025,1Q,AMPC,457.7,십억원,na,5
2026-02-26_KB증권_LGES,2026-02-26,KB증권,LGES,AMPC,전사,2025,2Q,AMPC,491.0,십억원,na,5
2026-02-26_KB증권_LGES,2026-02-26,KB증권,LGES,AMPC,전사,2025,3Q,AMPC,365.5,십억원,na,5
2026-02-26_KB증권_LGES,2026-02-26,KB증권,LGES,AMPC,전사,2025,4Q,AMPC,332.8,십억원,na,5
2026-02-26_KB증권_LGES,2026-02-26,KB증권,LGES,AMPC,전사,2026,1Q,AMPC,216.2,십억원,na,5
2026-02-26_KB증권_LGES,2026-02-26,KB증권,LGES,AMPC,전사,2026,2Q,AMPC,261.6,십억원,na,5
2026-02-26_KB증권_LGES,2026-02-26,KB증권,LGES,AMPC,전사,2026,3Q,AMPC,531.7,십억원,na,5
2026-02-26_KB증권_LGES,2026-02-26,KB증권,LGES,AMPC,전사,2026,4Q,AMPC,810.6,십억원,na,5
2026-02-26_KB증권_LGES,2026-02-26,KB증권,LGES,EV AMPC,EV,2024,FY,AMPC,1480.0,십억원,na,5
2026-02-26_KB증권_LGES,2026-02-26,KB증권,LGES,EV AMPC,EV,2025,FY,AMPC,1443.0,십억원,na,5
2026-02-26_KB증권_LGES,2026-02-26,KB증권,LGES,EV AMPC,EV,2026,FY,AMPC,835.0,십억원,na,5
2026-02-26_KB증권_LGES,2026-02-26,KB증권,LGES,EV AMPC,EV,2027,FY,AMPC,3931.7,십억원,na,5
2026-02-26_KB증권_LGES,2026-02-26,KB증권,LGES,EV AMPC,EV,2025,1Q,AMPC,457.7,십억원,na,5
2026-02-26_KB증권_LGES,2026-02-26,KB증권,LGES,EV AMPC,EV,2025,2Q,AMPC,482.0,십억원,na,5
2026-02-26_KB증권_LGES,2026-02-26,KB증권,LGES,EV AMPC,EV,2025,3Q,AMPC,330.3,십억원,na,5
2026-02-26_KB증권_LGES,2026-02-26,KB증권,LGES,EV AMPC,EV,2025,4Q,AMPC,173.1,십억원,na,5
2026-02-26_KB증권_LGES,2026-02-26,KB증권,LGES,EV AMPC,EV,2026,1Q,AMPC,59.8,십억원,na,5
2026-02-26_KB증권_LGES,2026-02-26,KB증권,LGES,EV AMPC,EV,2026,2Q,AMPC,62.7,십억원,na,5
2026-02-26_KB증권_LGES,2026-02-26,KB증권,LGES,EV AMPC,EV,2026,3Q,AMPC,296.7,십억원,na,5
2026-02-26_KB증권_LGES,2026-02-26,KB증권,LGES,EV AMPC,EV,2026,4Q,AMPC,415.9,십억원,na,5
2026-02-26_KB증권_LGES,2026-02-26,KB증권,LGES,ESS AMPC,ESS,2024,FY,AMPC,0.0,십억원,na,5
2026-02-26_KB증권_LGES,2026-02-26,KB증권,LGES,ESS AMPC,ESS,2025,FY,AMPC,204.0,십억원,na,5
2026-02-26_KB증권_LGES,2026-02-26,KB증권,LGES,ESS AMPC,ESS,2026,FY,AMPC,985.0,십억원,na,5
2026-02-26_KB증권_LGES,2026-02-26,KB증권,LGES,ESS AMPC,ESS,2027,FY,AMPC,1853.9,십억원,na,5
2026-02-26_KB증권_LGES,2026-02-26,KB증권,LGES,ESS AMPC,ESS,2025,1Q,AMPC,0.0,십억원,na,5
2026-02-26_KB증권_LGES,2026-02-26,KB증권,LGES,ESS AMPC,ESS,2025,2Q,AMPC,9.0,십억원,na,5
2026-02-26_KB증권_LGES,2026-02-26,KB증권,LGES,ESS AMPC,ESS,2025,3Q,AMPC,35.2,십억원,na,5
2026-02-26_KB증권_LGES,2026-02-26,KB증권,LGES,ESS AMPC,ESS,2025,4Q,AMPC,159.7,십억원,na,5
2026-02-26_KB증권_LGES,2026-02-26,KB증권,LGES,ESS AMPC,ESS,2026,1Q,AMPC,156.4,십억원,na,5
2026-02-26_KB증권_LGES,2026-02-26,KB증권,LGES,ESS AMPC,ESS,2026,2Q,AMPC,198.9,십억원,na,5
2026-02-26_KB증권_LGES,2026-02-26,KB증권,LGES,ESS AMPC,ESS,2026,3Q,AMPC,235.0,십억원,na,5
2026-02-26_KB증권_LGES,2026-02-26,KB증권,LGES,ESS AMPC,ESS,2026,4Q,AMPC,394.7,십억원,na,5
2026-03-11_삼성증권_LGES,2026-03-11,삼성증권,LGES,매출액,전사,2025,1Q,매출,6265,십억원,excl,3
2026-03-11_삼성증권_LGES,2026-03-11,삼성증권,LGES,매출액,전사,2025,2Q,매출,5565,십억원,excl,3
2026-03-11_삼성증권_LGES,2026-03-11,삼성증권,LGES,매출액,전사,2025,3Q,매출,5700,십억원,excl,3
2026-03-11_삼성증권_LGES,2026-03-11,삼성증권,LGES,매출액,전사,2025,4Q,매출,6142,십억원,excl,3
2026-03-11_삼성증권_LGES,2026-03-11,삼성증권,LGES,매출액,전사,2026,1Q,매출,5762,십억원,excl,3
2026-03-11_삼성증권_LGES,2026-03-11,삼성증권,LGES,매출액,전사,2026,2Q,매출,6390,십억원,excl,3
2026-03-11_삼성증권_LGES,2026-03-11,삼성증권,LGES,매출액,전사,2026,3Q,매출,7244,십억원,excl,3
2026-03-11_삼성증권_LGES,2026-03-11,삼성증권,LGES,매출액,전사,2026,4Q,매출,7950,십억원,excl,3
2026-03-11_삼성증권_LGES,2026-03-11,삼성증권,LGES,매출액,전사,2024,FY,매출,25620,십억원,excl,3
2026-03-11_삼성증권_LGES,2026-03-11,삼성증권,LGES,매출액,전사,2025,FY,매출,23672,십억원,excl,3
2026-03-11_삼성증권_LGES,2026-03-11,삼성증권,LGES,매출액,전사,2026,FY,매출,27346,십억원,excl,3
2026-03-11_삼성증권_LGES,2026-03-11,삼성증권,LGES,매출액,전사,2027,FY,매출,37153,십억원,excl,3
2026-03-11_삼성증권_LGES,2026-03-11,삼성증권,LGES,소형 전지,소형,2025,1Q,매출,1710,십억원,excl,3
2026-03-11_삼성증권_LGES,2026-03-11,삼성증권,LGES,소형 전지,소형,2025,2Q,매출,1553,십억원,excl,3
2026-03-11_삼성증권_LGES,2026-03-11,삼성증권,LGES,소형 전지,소형,2025,3Q,매출,1653,십억원,excl,3
2026-03-11_삼성증권_LGES,2026-03-11,삼성증권,LGES,소형 전지,소형,2025,4Q,매출,1935,십억원,excl,3
2026-03-11_삼성증권_LGES,2026-03-11,삼성증권,LGES,소형 전지,소형,2026,1Q,매출,1855,십억원,excl,3
2026-03-11_삼성증권_LGES,2026-03-11,삼성증권,LGES,소형 전지,소형,2026,2Q,매출,2005,십억원,excl,3
2026-03-11_삼성증권_LGES,2026-03-11,삼성증권,LGES,소형 전지,소형,2026,3Q,매출,2270,십억원,excl,3
2026-03-11_삼성증권_LGES,2026-03-11,삼성증권,LGES,소형 전지,소형,2026,4Q,매출,2271,십억원,excl,3
2026-03-11_삼성증권_LGES,2026-03-11,삼성증권,LGES,소형 전지,소형,2024,FY,매출,7363,십억원,excl,3
2026-03-11_삼성증권_LGES,2026-03-11,삼성증권,LGES,소형 전지,소형,2025,FY,매출,6851,십억원,excl,3
2026-03-11_삼성증권_LGES,2026-03-11,삼성증권,LGES,소형 전지,소형,2026,FY,매출,8401,십억원,excl,3
2026-03-11_삼성증권_LGES,2026-03-11,삼성증권,LGES,소형 전지,소형,2027,FY,매출,8443,십억원,excl,3
2026-03-11_삼성증권_LGES,2026-03-11,삼성증권,LGES,자동차 전지,EV,2025,1Q,매출,4110,십억원,excl,3
2026-03-11_삼성증권_LGES,2026-03-11,삼성증권,LGES,자동차 전지,EV,2025,2Q,매출,3623,십억원,excl,3
2026-03-11_삼성증권_LGES,2026-03-11,삼성증권,LGES,자동차 전지,EV,2025,3Q,매출,3466,십억원,excl,3
2026-03-11_삼성증권_LGES,2026-03-11,삼성증권,LGES,자동차 전지,EV,2025,4Q,매출,2856,십억원,excl,3
2026-03-11_삼성증권_LGES,2026-03-11,삼성증권,LGES,자동차 전지,EV,2026,1Q,매출,2142,십억원,excl,3
2026-03-11_삼성증권_LGES,2026-03-11,삼성증권,LGES,자동차 전지,EV,2026,2Q,매출,2434,십억원,excl,3
2026-03-11_삼성증권_LGES,2026-03-11,삼성증권,LGES,자동차 전지,EV,2026,3Q,매출,2716,십억원,excl,3
2026-03-11_삼성증권_LGES,2026-03-11,삼성증권,LGES,자동차 전지,EV,2026,4Q,매출,3019,십억원,excl,3
2026-03-11_삼성증권_LGES,2026-03-11,삼성증권,LGES,자동차 전지,EV,2024,FY,매출,16408,십억원,excl,3
2026-03-11_삼성증권_LGES,2026-03-11,삼성증권,LGES,자동차 전지,EV,2025,FY,매출,14054,십억원,excl,3
2026-03-11_삼성증권_LGES,2026-03-11,삼성증권,LGES,자동차 전지,EV,2026,FY,매출,10311,십억원,excl,3
2026-03-11_삼성증권_LGES,2026-03-11,삼성증권,LGES,자동차 전지,EV,2027,FY,매출,14878,십억원,excl,3
2026-03-11_삼성증권_LGES,2026-03-11,삼성증권,LGES,ESS 전지,ESS,2025,1Q,매출,445,십억원,excl,3
2026-03-11_삼성증권_LGES,2026-03-11,삼성증권,LGES,ESS 전지,ESS,2025,2Q,매출,390,십억원,excl,3
2026-03-11_삼성증권_LGES,2026-03-11,삼성증권,LGES,ESS 전지,ESS,2025,3Q,매출,581,십억원,excl,3
2026-03-11_삼성증권_LGES,2026-03-11,삼성증권,LGES,ESS 전지,ESS,2025,4Q,매출,1351,십억원,excl,3
2026-03-11_삼성증권_LGES,2026-03-11,삼성증권,LGES,ESS 전지,ESS,2026,1Q,매출,1766,십억원,excl,3
2026-03-11_삼성증권_LGES,2026-03-11,삼성증권,LGES,ESS 전지,ESS,2026,2Q,매출,1951,십억원,excl,3
2026-03-11_삼성증권_LGES,2026-03-11,삼성증권,LGES,ESS 전지,ESS,2026,3Q,매출,2258,십억원,excl,3
2026-03-11_삼성증권_LGES,2026-03-11,삼성증권,LGES,ESS 전지,ESS,2026,4Q,매출,2659,십억원,excl,3
2026-03-11_삼성증권_LGES,2026-03-11,삼성증권,LGES,ESS 전지,ESS,2024,FY,매출,1849,십억원,excl,3
2026-03-11_삼성증권_LGES,2026-03-11,삼성증권,LGES,ESS 전지,ESS,2025,FY,매출,2767,십억원,excl,3
2026-03-11_삼성증권_LGES,2026-03-11,삼성증권,LGES,ESS 전지,ESS,2026,FY,매출,8634,십억원,excl,3
2026-03-11_삼성증권_LGES,2026-03-11,삼성증권,LGES,ESS 전지,ESS,2027,FY,매출,13832,십억원,excl,3
2026-03-11_삼성증권_LGES,2026-03-11,삼성증권,LGES,영업이익,전사,2025,1Q,영업이익,375,십억원,incl,3
2026-03-11_삼성증권_LGES,2026-03-11,삼성증권,LGES,영업이익,전사,2025,2Q,영업이익,492,십억원,incl,3
2026-03-11_삼성증권_LGES,2026-03-11,삼성증권,LGES,영업이익,전사,2025,3Q,영업이익,601,십억원,incl,3
2026-03-11_삼성증권_LGES,2026-03-11,삼성증권,LGES,영업이익,전사,2025,4Q,영업이익,-122,십억원,incl,3
2026-03-11_삼성증권_LGES,2026-03-11,삼성증권,LGES,영업이익,전사,2026,1Q,영업이익,-226,십억원,incl,3
2026-03-11_삼성증권_LGES,2026-03-11,삼성증권,LGES,영업이익,전사,2026,2Q,영업이익,210,십억원,incl,3
2026-03-11_삼성증권_LGES,2026-03-11,삼성증권,LGES,영업이익,전사,2026,3Q,영업이익,573,십억원,incl,3
2026-03-11_삼성증권_LGES,2026-03-11,삼성증권,LGES,영업이익,전사,2026,4Q,영업이익,711,십억원,incl,3
2026-03-11_삼성증권_LGES,2026-03-11,삼성증권,LGES,영업이익,전사,2024,FY,영업이익,575,십억원,incl,3
2026-03-11_삼성증권_LGES,2026-03-11,삼성증권,LGES,영업이익,전사,2025,FY,영업이익,1346,십억원,incl,3
2026-03-11_삼성증권_LGES,2026-03-11,삼성증권,LGES,영업이익,전사,2026,FY,영업이익,1269,십억원,incl,3
2026-03-11_삼성증권_LGES,2026-03-11,삼성증권,LGES,영업이익,전사,2027,FY,영업이익,5237,십억원,incl,3
2026-03-11_삼성증권_LGES,2026-03-11,삼성증권,LGES,소형 전지,소형,2025,1Q,영업이익,117,십억원,excl,3
2026-03-11_삼성증권_LGES,2026-03-11,삼성증권,LGES,소형 전지,소형,2025,2Q,영업이익,92,십억원,excl,3
2026-03-11_삼성증권_LGES,2026-03-11,삼성증권,LGES,소형 전지,소형,2025,3Q,영업이익,115,십억원,excl,3
2026-03-11_삼성증권_LGES,2026-03-11,삼성증권,LGES,소형 전지,소형,2025,4Q,영업이익,129,십억원,excl,3
2026-03-11_삼성증권_LGES,2026-03-11,삼성증권,LGES,소형 전지,소형,2026,1Q,영업이익,91,십억원,excl,3
2026-03-11_삼성증권_LGES,2026-03-11,삼성증권,LGES,소형 전지,소형,2026,2Q,영업이익,118,십억원,excl,3
2026-03-11_삼성증권_LGES,2026-03-11,삼성증권,LGES,소형 전지,소형,2026,3Q,영업이익,202,십억원,excl,3
2026-03-11_삼성증권_LGES,2026-03-11,삼성증권,LGES,소형 전지,소형,2026,4Q,영업이익,111,십억원,excl,3
2026-03-11_삼성증권_LGES,2026-03-11,삼성증권,LGES,소형 전지,소형,2024,FY,영업이익,195,십억원,excl,3
2026-03-11_삼성증권_LGES,2026-03-11,삼성증권,LGES,소형 전지,소형,2025,FY,영업이익,453,십억원,excl,3
2026-03-11_삼성증권_LGES,2026-03-11,삼성증권,LGES,소형 전지,소형,2026,FY,영업이익,522,십억원,excl,3
2026-03-11_삼성증권_LGES,2026-03-11,삼성증권,LGES,소형 전지,소형,2027,FY,영업이익,524,십억원,excl,3
2026-03-11_삼성증권_LGES,2026-03-11,삼성증권,LGES,자동차 전지,EV,2025,1Q,영업이익,-107,십억원,excl,3
2026-03-11_삼성증권_LGES,2026-03-11,삼성증권,LGES,자동차 전지,EV,2025,2Q,영업이익,-91,십억원,excl,3
2026-03-11_삼성증권_LGES,2026-03-11,삼성증권,LGES,자동차 전지,EV,2025,3Q,영업이익,87,십억원,excl,3
2026-03-11_삼성증권_LGES,2026-03-11,삼성증권,LGES,자동차 전지,EV,2025,4Q,영업이익,-488,십억원,excl,3
2026-03-11_삼성증권_LGES,2026-03-11,삼성증권,LGES,자동차 전지,EV,2026,1Q,영업이익,-538,십억원,excl,3
2026-03-11_삼성증권_LGES,2026-03-11,삼성증권,LGES,자동차 전지,EV,2026,2Q,영업이익,-246,십억원,excl,3
2026-03-11_삼성증권_LGES,2026-03-11,삼성증권,LGES,자동차 전지,EV,2026,3Q,영업이익,-139,십억원,excl,3
2026-03-11_삼성증권_LGES,2026-03-11,삼성증권,LGES,자동차 전지,EV,2026,4Q,영업이익,-3,십억원,excl,3
2026-03-11_삼성증권_LGES,2026-03-11,삼성증권,LGES,자동차 전지,EV,2024,FY,영업이익,-880,십억원,excl,3
2026-03-11_삼성증권_LGES,2026-03-11,삼성증권,LGES,자동차 전지,EV,2025,FY,영업이익,-599,십억원,excl,3
2026-03-11_삼성증권_LGES,2026-03-11,삼성증권,LGES,자동차 전지,EV,2026,FY,영업이익,-925,십억원,excl,3
2026-03-11_삼성증권_LGES,2026-03-11,삼성증권,LGES,자동차 전지,EV,2027,FY,영업이익,123,십억원,excl,3
2026-03-11_삼성증권_LGES,2026-03-11,삼성증권,LGES,ESS 전지,ESS,2025,1Q,영업이익,-93,십억원,excl,3
2026-03-11_삼성증권_LGES,2026-03-11,삼성증권,LGES,ESS 전지,ESS,2025,2Q,영업이익,0,십억원,excl,3
2026-03-11_삼성증권_LGES,2026-03-11,삼성증권,LGES,ESS 전지,ESS,2025,3Q,영업이익,34,십억원,excl,3
2026-03-11_삼성증권_LGES,2026-03-11,삼성증권,LGES,ESS 전지,ESS,2025,4Q,영업이익,-96,십억원,excl,3
2026-03-11_삼성증권_LGES,2026-03-11,삼성증권,LGES,ESS 전지,ESS,2026,1Q,영업이익,46,십억원,excl,3
2026-03-11_삼성증권_LGES,2026-03-11,삼성증권,LGES,ESS 전지,ESS,2026,2Q,영업이익,55,십억원,excl,3
2026-03-11_삼성증권_LGES,2026-03-11,삼성증권,LGES,ESS 전지,ESS,2026,3Q,영업이익,70,십억원,excl,3
2026-03-11_삼성증권_LGES,2026-03-11,삼성증권,LGES,ESS 전지,ESS,2026,4Q,영업이익,77,십억원,excl,3
2026-03-11_삼성증권_LGES,2026-03-11,삼성증권,LGES,ESS 전지,ESS,2024,FY,영업이익,-219,십억원,excl,3
2026-03-11_삼성증권_LGES,2026-03-11,삼성증권,LGES,ESS 전지,ESS,2025,FY,영업이익,-155,십억원,excl,3
2026-03-11_삼성증권_LGES,2026-03-11,삼성증권,LGES,ESS 전지,ESS,2026,FY,영업이익,248,십억원,excl,3
2026-03-11_삼성증권_LGES,2026-03-11,삼성증권,LGES,ESS 전지,ESS,2027,FY,영업이익,415,십억원,excl,3
2026-03-11_삼성증권_LGES,2026-03-11,삼성증권,LGES,IRA AMPC,전사,2025,1Q,AMPC,458,십억원,na,3
2026-03-11_삼성증권_LGES,2026-03-11,삼성증권,LGES,IRA AMPC,전사,2025,2Q,AMPC,491,십억원,na,3
2026-03-11_삼성증권_LGES,2026-03-11,삼성증권,LGES,IRA AMPC,전사,2025,3Q,AMPC,365,십억원,na,3
2026-03-11_삼성증권_LGES,2026-03-11,삼성증권,LGES,IRA AMPC,전사,2025,4Q,AMPC,333,십억원,na,3
2026-03-11_삼성증권_LGES,2026-03-11,삼성증권,LGES,IRA AMPC,전사,2026,1Q,AMPC,175,십억원,na,3
2026-03-11_삼성증권_LGES,2026-03-11,삼성증권,LGES,IRA AMPC,전사,2026,2Q,AMPC,283,십억원,na,3
2026-03-11_삼성증권_LGES,2026-03-11,삼성증권,LGES,IRA AMPC,전사,2026,3Q,AMPC,440,십억원,na,3
2026-03-11_삼성증권_LGES,2026-03-11,삼성증권,LGES,IRA AMPC,전사,2026,4Q,AMPC,526,십억원,na,3
2026-03-11_삼성증권_LGES,2026-03-11,삼성증권,LGES,IRA AMPC,전사,2024,FY,AMPC,1480,십억원,na,3
2026-03-11_삼성증권_LGES,2026-03-11,삼성증권,LGES,IRA AMPC,전사,2025,FY,AMPC,1647,십억원,na,3
2026-03-11_삼성증권_LGES,2026-03-11,삼성증권,LGES,IRA AMPC,전사,2026,FY,AMPC,1424,십억원,na,3
2026-03-11_삼성증권_LGES,2026-03-11,삼성증권,LGES,IRA AMPC,전사,2027,FY,AMPC,4176,십억원,na,3
2026-03-11_삼성증권_삼성SDI,2026-03-11,삼성증권,삼성SDI,매출액,전사,2025,1Q,매출,3176.8,십억원,excl,2
2026-03-11_삼성증권_삼성SDI,2026-03-11,삼성증권,삼성SDI,매출액,전사,2025,2Q,매출,3179.4,십억원,excl,2
2026-03-11_삼성증권_삼성SDI,2026-03-11,삼성증권,삼성SDI,매출액,전사,2025,3Q,매출,3051.8,십억원,excl,2
2026-03-11_삼성증권_삼성SDI,2026-03-11,삼성증권,삼성SDI,매출액,전사,2025,4Q,매출,3858.6,십억원,excl,2
2026-03-11_삼성증권_삼성SDI,2026-03-11,삼성증권,삼성SDI,매출액,전사,2026,1Q,매출,3467.8,십억원,excl,2
2026-03-11_삼성증권_삼성SDI,2026-03-11,삼성증권,삼성SDI,매출액,전사,2026,2Q,매출,3710.0,십억원,excl,2
2026-03-11_삼성증권_삼성SDI,2026-03-11,삼성증권,삼성SDI,매출액,전사,2026,3Q,매출,3921.7,십억원,excl,2
2026-03-11_삼성증권_삼성SDI,2026-03-11,삼성증권,삼성SDI,매출액,전사,2026,4Q,매출,4442.6,십억원,excl,2
2026-03-11_삼성증권_삼성SDI,2026-03-11,삼성증권,삼성SDI,영업이익,전사,2025,1Q,영업이익,-434.1,십억원,incl,2
2026-03-11_삼성증권_삼성SDI,2026-03-11,삼성증권,삼성SDI,영업이익,전사,2025,2Q,영업이익,-397.8,십억원,incl,2
2026-03-11_삼성증권_삼성SDI,2026-03-11,삼성증권,삼성SDI,영업이익,전사,2025,3Q,영업이익,-591.3,십억원,incl,2
2026-03-11_삼성증권_삼성SDI,2026-03-11,삼성증권,삼성SDI,영업이익,전사,2025,4Q,영업이익,-299.2,십억원,incl,2
2026-03-11_삼성증권_삼성SDI,2026-03-11,삼성증권,삼성SDI,영업이익,전사,2026,1Q,영업이익,-57.5,십억원,incl,2
2026-03-11_삼성증권_삼성SDI,2026-03-11,삼성증권,삼성SDI,영업이익,전사,2026,2Q,영업이익,-0.8,십억원,incl,2
2026-03-11_삼성증권_삼성SDI,2026-03-11,삼성증권,삼성SDI,영업이익,전사,2026,3Q,영업이익,46.1,십억원,incl,2
2026-03-11_삼성증권_삼성SDI,2026-03-11,삼성증권,삼성SDI,영업이익,전사,2026,4Q,영업이익,364.2,십억원,incl,2
2026-03-11_삼성증권_삼성SDI,2026-03-11,삼성증권,삼성SDI,전지,배터리합계,2025,1Q,매출,2980.9,십억원,excl,2
2026-03-11_삼성증권_삼성SDI,2026-03-11,삼성증권,삼성SDI,전지,배터리합계,2025,2Q,매출,2961.2,십억원,excl,2
2026-03-11_삼성증권_삼성SDI,2026-03-11,삼성증권,삼성SDI,전지,배터리합계,2025,3Q,매출,2820.0,십억원,excl,2
2026-03-11_삼성증권_삼성SDI,2026-03-11,삼성증권,삼성SDI,전지,배터리합계,2025,4Q,매출,3622.0,십억원,excl,2
2026-03-11_삼성증권_삼성SDI,2026-03-11,삼성증권,삼성SDI,전지,배터리합계,2026,1Q,매출,3211.2,십억원,excl,2
2026-03-11_삼성증권_삼성SDI,2026-03-11,삼성증권,삼성SDI,전지,배터리합계,2026,2Q,매출,3414.6,십억원,excl,2
2026-03-11_삼성증권_삼성SDI,2026-03-11,삼성증권,삼성SDI,전지,배터리합계,2026,3Q,매출,3580.3,십억원,excl,2
2026-03-11_삼성증권_삼성SDI,2026-03-11,삼성증권,삼성SDI,전지,배터리합계,2026,4Q,매출,4126.5,십억원,excl,2
2026-03-11_삼성증권_삼성SDI,2026-03-11,삼성증권,삼성SDI,전지,배터리합계,2025,1Q,영업이익,-452.4,십억원,incl,2
2026-03-11_삼성증권_삼성SDI,2026-03-11,삼성증권,삼성SDI,전지,배터리합계,2025,2Q,영업이익,-430.8,십억원,incl,2
2026-03-11_삼성증권_삼성SDI,2026-03-11,삼성증권,삼성SDI,전지,배터리합계,2025,3Q,영업이익,-630.1,십억원,incl,2
2026-03-11_삼성증권_삼성SDI,2026-03-11,삼성증권,삼성SDI,전지,배터리합계,2025,4Q,영업이익,-338.5,십억원,incl,2
2026-03-11_삼성증권_삼성SDI,2026-03-11,삼성증권,삼성SDI,전지,배터리합계,2026,1Q,영업이익,-99.3,십억원,incl,2
2026-03-11_삼성증권_삼성SDI,2026-03-11,삼성증권,삼성SDI,전지,배터리합계,2026,2Q,영업이익,-49.4,십억원,incl,2
2026-03-11_삼성증권_삼성SDI,2026-03-11,삼성증권,삼성SDI,전지,배터리합계,2026,3Q,영업이익,-13.7,십억원,incl,2
2026-03-11_삼성증권_삼성SDI,2026-03-11,삼성증권,삼성SDI,전지,배터리합계,2026,4Q,영업이익,320.5,십억원,incl,2
2026-03-11_삼성증권_삼성SDI,2026-03-11,삼성증권,삼성SDI,2차전지(IT),소형,2025,1Q,매출,641.6,십억원,excl,2
2026-03-11_삼성증권_삼성SDI,2026-03-11,삼성증권,삼성SDI,2차전지(IT),소형,2025,2Q,매출,833.7,십억원,excl,2
2026-03-11_삼성증권_삼성SDI,2026-03-11,삼성증권,삼성SDI,2차전지(IT),소형,2025,3Q,매출,875.2,십억원,excl,2
2026-03-11_삼성증권_삼성SDI,2026-03-11,삼성증권,삼성SDI,2차전지(IT),소형,2025,4Q,매출,869.6,십억원,excl,2
2026-03-11_삼성증권_삼성SDI,2026-03-11,삼성증권,삼성SDI,2차전지(IT),소형,2026,1Q,매출,895.1,십억원,excl,2
2026-03-11_삼성증권_삼성SDI,2026-03-11,삼성증권,삼성SDI,2차전지(IT),소형,2026,2Q,매출,939.5,십억원,excl,2
2026-03-11_삼성증권_삼성SDI,2026-03-11,삼성증권,삼성SDI,2차전지(IT),소형,2026,3Q,매출,986.3,십억원,excl,2
2026-03-11_삼성증권_삼성SDI,2026-03-11,삼성증권,삼성SDI,2차전지(IT),소형,2026,4Q,매출,1035.6,십억원,excl,2
2026-03-11_삼성증권_삼성SDI,2026-03-11,삼성증권,삼성SDI,2차전지(IT),소형,2025,1Q,영업이익,-224.6,십억원,excl,2
2026-03-11_삼성증권_삼성SDI,2026-03-11,삼성증권,삼성SDI,2차전지(IT),소형,2025,2Q,영업이익,-72.9,십억원,excl,2
2026-03-11_삼성증권_삼성SDI,2026-03-11,삼성증권,삼성SDI,2차전지(IT),소형,2025,3Q,영업이익,-48.1,십억원,excl,2
2026-03-11_삼성증권_삼성SDI,2026-03-11,삼성증권,삼성SDI,2차전지(IT),소형,2025,4Q,영업이익,-95.6,십억원,excl,2
2026-03-11_삼성증권_삼성SDI,2026-03-11,삼성증권,삼성SDI,2차전지(IT),소형,2026,1Q,영업이익,-44.8,십억원,excl,2
2026-03-11_삼성증권_삼성SDI,2026-03-11,삼성증권,삼성SDI,2차전지(IT),소형,2026,2Q,영업이익,-65.8,십억원,excl,2
2026-03-11_삼성증권_삼성SDI,2026-03-11,삼성증권,삼성SDI,2차전지(IT),소형,2026,3Q,영업이익,-29.6,십억원,excl,2
2026-03-11_삼성증권_삼성SDI,2026-03-11,삼성증권,삼성SDI,2차전지(IT),소형,2026,4Q,영업이익,0.0,십억원,excl,2
2026-03-11_삼성증권_삼성SDI,2026-03-11,삼성증권,삼성SDI,2차전지(EV+ESS),중대형,2025,1Q,매출,2339.3,십억원,excl,2
2026-03-11_삼성증권_삼성SDI,2026-03-11,삼성증권,삼성SDI,2차전지(EV+ESS),중대형,2025,2Q,매출,2127.5,십억원,excl,2
2026-03-11_삼성증권_삼성SDI,2026-03-11,삼성증권,삼성SDI,2차전지(EV+ESS),중대형,2025,3Q,매출,1944.8,십억원,excl,2
2026-03-11_삼성증권_삼성SDI,2026-03-11,삼성증권,삼성SDI,2차전지(EV+ESS),중대형,2025,4Q,매출,2752.4,십억원,excl,2
2026-03-11_삼성증권_삼성SDI,2026-03-11,삼성증권,삼성SDI,2차전지(EV+ESS),중대형,2026,1Q,매출,2316.1,십억원,excl,2
2026-03-11_삼성증권_삼성SDI,2026-03-11,삼성증권,삼성SDI,2차전지(EV+ESS),중대형,2026,2Q,매출,2475.1,십억원,excl,2
2026-03-11_삼성증권_삼성SDI,2026-03-11,삼성증권,삼성SDI,2차전지(EV+ESS),중대형,2026,3Q,매출,2594.0,십억원,excl,2
2026-03-11_삼성증권_삼성SDI,2026-03-11,삼성증권,삼성SDI,2차전지(EV+ESS),중대형,2026,4Q,매출,3090.8,십억원,excl,2
2026-03-11_삼성증권_삼성SDI,2026-03-11,삼성증권,삼성SDI,2차전지(EV+ESS),중대형,2025,1Q,영업이익,-337.3,십억원,excl,2
2026-03-11_삼성증권_삼성SDI,2026-03-11,삼성증권,삼성SDI,2차전지(EV+ESS),중대형,2025,2Q,영업이익,-424.3,십억원,excl,2
2026-03-11_삼성증권_삼성SDI,2026-03-11,삼성증권,삼성SDI,2차전지(EV+ESS),중대형,2025,3Q,영업이익,-601.5,십억원,excl,2
2026-03-11_삼성증권_삼성SDI,2026-03-11,삼성증권,삼성SDI,2차전지(EV+ESS),중대형,2025,4Q,영업이익,-322.6,십억원,excl,2
2026-03-11_삼성증권_삼성SDI,2026-03-11,삼성증권,삼성SDI,2차전지(EV+ESS),중대형,2026,1Q,영업이익,-147.8,십억원,excl,2
2026-03-11_삼성증권_삼성SDI,2026-03-11,삼성증권,삼성SDI,2차전지(EV+ESS),중대형,2026,2Q,영업이익,-79.8,십억원,excl,2
2026-03-11_삼성증권_삼성SDI,2026-03-11,삼성증권,삼성SDI,2차전지(EV+ESS),중대형,2026,3Q,영업이익,-83.3,십억원,excl,2
2026-03-11_삼성증권_삼성SDI,2026-03-11,삼성증권,삼성SDI,2차전지(EV+ESS),중대형,2026,4Q,영업이익,-10.6,십억원,excl,2
2026-03-11_삼성증권_삼성SDI,2026-03-11,삼성증권,삼성SDI,전자재료,전자재료,2025,1Q,매출,195.9,십억원,excl,2
2026-03-11_삼성증권_삼성SDI,2026-03-11,삼성증권,삼성SDI,전자재료,전자재료,2025,2Q,매출,218.2,십억원,excl,2
2026-03-11_삼성증권_삼성SDI,2026-03-11,삼성증권,삼성SDI,전자재료,전자재료,2025,3Q,매출,231.8,십억원,excl,2
2026-03-11_삼성증권_삼성SDI,2026-03-11,삼성증권,삼성SDI,전자재료,전자재료,2025,4Q,매출,236.7,십억원,excl,2
2026-03-11_삼성증권_삼성SDI,2026-03-11,삼성증권,삼성SDI,전자재료,전자재료,2026,1Q,매출,256.6,십억원,excl,2
2026-03-11_삼성증권_삼성SDI,2026-03-11,삼성증권,삼성SDI,전자재료,전자재료,2026,2Q,매출,295.3,십억원,excl,2
2026-03-11_삼성증권_삼성SDI,2026-03-11,삼성증권,삼성SDI,전자재료,전자재료,2026,3Q,매출,341.4,십억원,excl,2
2026-03-11_삼성증권_삼성SDI,2026-03-11,삼성증권,삼성SDI,전자재료,전자재료,2026,4Q,매출,316.1,십억원,excl,2
2026-03-11_삼성증권_삼성SDI,2026-03-11,삼성증권,삼성SDI,전자재료,전자재료,2025,1Q,영업이익,18.3,십억원,excl,2
2026-03-11_삼성증권_삼성SDI,2026-03-11,삼성증권,삼성SDI,전자재료,전자재료,2025,2Q,영업이익,33.0,십억원,excl,2
2026-03-11_삼성증권_삼성SDI,2026-03-11,삼성증권,삼성SDI,전자재료,전자재료,2025,3Q,영업이익,38.8,십억원,excl,2
2026-03-11_삼성증권_삼성SDI,2026-03-11,삼성증권,삼성SDI,전자재료,전자재료,2025,4Q,영업이익,39.3,십억원,excl,2
2026-03-11_삼성증권_삼성SDI,2026-03-11,삼성증권,삼성SDI,전자재료,전자재료,2026,1Q,영업이익,41.8,십억원,excl,2
2026-03-11_삼성증권_삼성SDI,2026-03-11,삼성증권,삼성SDI,전자재료,전자재료,2026,2Q,영업이익,48.7,십억원,excl,2
2026-03-11_삼성증권_삼성SDI,2026-03-11,삼성증권,삼성SDI,전자재료,전자재료,2026,3Q,영업이익,59.8,십억원,excl,2
2026-03-11_삼성증권_삼성SDI,2026-03-11,삼성증권,삼성SDI,전자재료,전자재료,2026,4Q,영업이익,43.7,십억원,excl,2
2026-03-11_삼성증권_삼성SDI,2026-03-11,삼성증권,삼성SDI,IRA(AMPC),중대형,2025,1Q,AMPC,109.4,십억원,na,2
2026-03-11_삼성증권_삼성SDI,2026-03-11,삼성증권,삼성SDI,IRA(AMPC),중대형,2025,2Q,AMPC,66.4,십억원,na,2
2026-03-11_삼성증권_삼성SDI,2026-03-11,삼성증권,삼성SDI,IRA(AMPC),중대형,2025,3Q,AMPC,19.5,십억원,na,2
2026-03-11_삼성증권_삼성SDI,2026-03-11,삼성증권,삼성SDI,IRA(AMPC),중대형,2025,4Q,AMPC,79.8,십억원,na,2
2026-03-11_삼성증권_삼성SDI,2026-03-11,삼성증권,삼성SDI,IRA(AMPC),중대형,2026,1Q,AMPC,93.3,십억원,na,2
2026-03-11_삼성증권_삼성SDI,2026-03-11,삼성증권,삼성SDI,IRA(AMPC),중대형,2026,2Q,AMPC,96.1,십억원,na,2
2026-03-11_삼성증권_삼성SDI,2026-03-11,삼성증권,삼성SDI,IRA(AMPC),중대형,2026,3Q,AMPC,99.2,십억원,na,2
2026-03-11_삼성증권_삼성SDI,2026-03-11,삼성증권,삼성SDI,IRA(AMPC),중대형,2026,4Q,AMPC,331.0,십억원,na,2
2026-03-11_삼성증권_삼성SDI,2026-03-11,삼성증권,삼성SDI,매출액,전사,2024,FY,매출,16592.1,십억원,excl,2
2026-03-11_삼성증권_삼성SDI,2026-03-11,삼성증권,삼성SDI,매출액,전사,2025,FY,매출,13266.7,십억원,excl,2
2026-03-11_삼성증권_삼성SDI,2026-03-11,삼성증권,삼성SDI,매출액,전사,2026,FY,매출,15542.1,십억원,excl,2
2026-03-11_삼성증권_삼성SDI,2026-03-11,삼성증권,삼성SDI,영업이익,전사,2024,FY,영업이익,363.2,십억원,incl,2
2026-03-11_삼성증권_삼성SDI,2026-03-11,삼성증권,삼성SDI,영업이익,전사,2025,FY,영업이익,-1722.4,십억원,incl,2
2026-03-11_삼성증권_삼성SDI,2026-03-11,삼성증권,삼성SDI,영업이익,전사,2026,FY,영업이익,352.0,십억원,incl,2
2026-03-11_삼성증권_삼성SDI,2026-03-11,삼성증권,삼성SDI,전지,배터리합계,2024,FY,매출,15691.3,십억원,excl,2
2026-03-11_삼성증권_삼성SDI,2026-03-11,삼성증권,삼성SDI,전지,배터리합계,2025,FY,매출,12384.1,십억원,excl,2
2026-03-11_삼성증권_삼성SDI,2026-03-11,삼성증권,삼성SDI,전지,배터리합계,2026,FY,매출,14332.6,십억원,excl,2
2026-03-11_삼성증권_삼성SDI,2026-03-11,삼성증권,삼성SDI,전지,배터리합계,2024,FY,영업이익,217.6,십억원,incl,2
2026-03-11_삼성증권_삼성SDI,2026-03-11,삼성증권,삼성SDI,전지,배터리합계,2025,FY,영업이익,-1851.8,십억원,incl,2
2026-03-11_삼성증권_삼성SDI,2026-03-11,삼성증권,삼성SDI,전지,배터리합계,2026,FY,영업이익,158.1,십억원,incl,2
2026-03-11_삼성증권_삼성SDI,2026-03-11,삼성증권,삼성SDI,2차전지(IT),소형,2024,FY,매출,4395.3,십억원,excl,2
2026-03-11_삼성증권_삼성SDI,2026-03-11,삼성증권,삼성SDI,2차전지(IT),소형,2025,FY,매출,3220.1,십억원,excl,2
2026-03-11_삼성증권_삼성SDI,2026-03-11,삼성증권,삼성SDI,2차전지(IT),소형,2026,FY,매출,3856.6,십억원,excl,2
2026-03-11_삼성증권_삼성SDI,2026-03-11,삼성증권,삼성SDI,2차전지(IT),소형,2024,FY,영업이익,1.5,십억원,excl,2
2026-03-11_삼성증권_삼성SDI,2026-03-11,삼성증권,삼성SDI,2차전지(IT),소형,2025,FY,영업이익,-441.2,십억원,excl,2
2026-03-11_삼성증권_삼성SDI,2026-03-11,삼성증권,삼성SDI,2차전지(IT),소형,2026,FY,영업이익,-140.1,십억원,excl,2
2026-03-11_삼성증권_삼성SDI,2026-03-11,삼성증권,삼성SDI,2차전지(EV+ESS),중대형,2024,FY,매출,11296.0,십억원,excl,2
2026-03-11_삼성증권_삼성SDI,2026-03-11,삼성증권,삼성SDI,2차전지(EV+ESS),중대형,2025,FY,매출,9163.9,십억원,excl,2
2026-03-11_삼성증권_삼성SDI,2026-03-11,삼성증권,삼성SDI,2차전지(EV+ESS),중대형,2026,FY,매출,10476.0,십억원,excl,2
2026-03-11_삼성증권_삼성SDI,2026-03-11,삼성증권,삼성SDI,2차전지(EV+ESS),중대형,2024,FY,영업이익,386.6,십억원,excl,2
2026-03-11_삼성증권_삼성SDI,2026-03-11,삼성증권,삼성SDI,2차전지(EV+ESS),중대형,2025,FY,영업이익,-1685.7,십억원,excl,2
2026-03-11_삼성증권_삼성SDI,2026-03-11,삼성증권,삼성SDI,2차전지(EV+ESS),중대형,2026,FY,영업이익,-321.5,십억원,excl,2
2026-03-11_삼성증권_삼성SDI,2026-03-11,삼성증권,삼성SDI,전자재료,전자재료,2024,FY,매출,900.8,십억원,excl,2
2026-03-11_삼성증권_삼성SDI,2026-03-11,삼성증권,삼성SDI,전자재료,전자재료,2025,FY,매출,882.6,십억원,excl,2
2026-03-11_삼성증권_삼성SDI,2026-03-11,삼성증권,삼성SDI,전자재료,전자재료,2026,FY,매출,1209.5,십억원,excl,2
2026-03-11_삼성증권_삼성SDI,2026-03-11,삼성증권,삼성SDI,전자재료,전자재료,2024,FY,영업이익,145.5,십억원,excl,2
2026-03-11_삼성증권_삼성SDI,2026-03-11,삼성증권,삼성SDI,전자재료,전자재료,2025,FY,영업이익,129.4,십억원,excl,2
2026-03-11_삼성증권_삼성SDI,2026-03-11,삼성증권,삼성SDI,전자재료,전자재료,2026,FY,영업이익,193.9,십억원,excl,2
2026-03-11_삼성증권_삼성SDI,2026-03-11,삼성증권,삼성SDI,IRA(AMPC),중대형,2024,FY,AMPC,79.8,십억원,na,2
2026-03-11_삼성증권_삼성SDI,2026-03-11,삼성증권,삼성SDI,IRA(AMPC),중대형,2025,FY,AMPC,275.1,십억원,na,2
2026-03-11_삼성증권_삼성SDI,2026-03-11,삼성증권,삼성SDI,IRA(AMPC),중대형,2026,FY,AMPC,619.7,십억원,na,2
2026-03-11_삼성증권_삼성SDI,2026-03-11,삼성증권,삼성SDI,매출액,전사,2027,FY,매출,19532,십억원,excl,4
2026-03-11_삼성증권_삼성SDI,2026-03-11,삼성증권,삼성SDI,영업이익,전사,2027,FY,영업이익,2166,십억원,incl,4
2026-03-11_삼성증권_삼성SDI,2026-03-11,삼성증권,삼성SDI,IRA(AMPC),중대형,2027,FY,AMPC,1346,십억원,na,3
2026-03-18_미래에셋증권_LGES,2026-03-18,미래에셋증권,LGES,매출액,전사,2024,FY,매출,25620,십억원,incl_unknown,1
2026-03-18_미래에셋증권_LGES,2026-03-18,미래에셋증권,LGES,매출액,전사,2025,FY,매출,23671,십억원,incl_unknown,1
2026-03-18_미래에셋증권_LGES,2026-03-18,미래에셋증권,LGES,매출액,전사,2026,FY,매출,30068,십억원,incl_unknown,1
2026-03-18_미래에셋증권_LGES,2026-03-18,미래에셋증권,LGES,매출액,전사,2027,FY,매출,36978,십억원,incl_unknown,1
2026-03-18_미래에셋증권_LGES,2026-03-18,미래에셋증권,LGES,영업이익,전사,2024,FY,영업이익,575,십억원,incl,1
2026-03-18_미래에셋증권_LGES,2026-03-18,미래에셋증권,LGES,영업이익,전사,2025,FY,영업이익,1346,십억원,incl,1
2026-03-18_미래에셋증권_LGES,2026-03-18,미래에셋증권,LGES,영업이익,전사,2026,FY,영업이익,2038,십억원,incl,1
2026-03-18_미래에셋증권_LGES,2026-03-18,미래에셋증권,LGES,영업이익,전사,2027,FY,영업이익,3627,십억원,incl,1
2026-03-18_미래에셋증권_LGES,2026-03-18,미래에셋증권,LGES,매출액,전사,2026,1Q,매출,5996,십억원,incl_unknown,2
2026-03-18_미래에셋증권_LGES,2026-03-18,미래에셋증권,LGES,매출액,전사,2026,2Q,매출,6286,십억원,incl_unknown,2
2026-03-18_미래에셋증권_LGES,2026-03-18,미래에셋증권,LGES,매출액,전사,2026,3Q,매출,7616,십억원,incl_unknown,2
2026-03-18_미래에셋증권_LGES,2026-03-18,미래에셋증권,LGES,매출액,전사,2026,4Q,매출,10170,십억원,incl_unknown,2
2026-03-18_미래에셋증권_LGES,2026-03-18,미래에셋증권,LGES,매출액,전사,2027,1Q,매출,8340,십억원,incl_unknown,2
2026-03-18_미래에셋증권_LGES,2026-03-18,미래에셋증권,LGES,매출액,전사,2027,2Q,매출,8807,십억원,incl_unknown,2
2026-03-18_미래에셋증권_LGES,2026-03-18,미래에셋증권,LGES,매출액,전사,2027,3Q,매출,9567,십억원,incl_unknown,2
2026-03-18_미래에셋증권_LGES,2026-03-18,미래에셋증권,LGES,매출액,전사,2027,4Q,매출,10263,십억원,incl_unknown,2
2026-03-18_미래에셋증권_LGES,2026-03-18,미래에셋증권,LGES,OP,전사,2026,1Q,영업이익,-112,십억원,incl,2
2026-03-18_미래에셋증권_LGES,2026-03-18,미래에셋증권,LGES,OP,전사,2026,2Q,영업이익,117,십억원,incl,2
2026-03-18_미래에셋증권_LGES,2026-03-18,미래에셋증권,LGES,OP,전사,2026,3Q,영업이익,828,십억원,incl,2
2026-03-18_미래에셋증권_LGES,2026-03-18,미래에셋증권,LGES,OP,전사,2026,4Q,영업이익,1205,십억원,incl,2
2026-03-18_미래에셋증권_LGES,2026-03-18,미래에셋증권,LGES,OP,전사,2027,1Q,영업이익,719,십억원,incl,2
2026-03-18_미래에셋증권_LGES,2026-03-18,미래에셋증권,LGES,OP,전사,2027,2Q,영업이익,844,십억원,incl,2
2026-03-18_미래에셋증권_LGES,2026-03-18,미래에셋증권,LGES,OP,전사,2027,3Q,영업이익,934,십억원,incl,2
2026-03-18_미래에셋증권_LGES,2026-03-18,미래에셋증권,LGES,OP,전사,2027,4Q,영업이익,1130,십억원,incl,2
2026-03-18_미래에셋증권_LGES,2026-03-18,미래에셋증권,LGES,AMPC,전사,2025,FY,AMPC,1650,십억원,na,2
2026-03-18_미래에셋증권_LGES,2026-03-18,미래에셋증권,LGES,AMPC,전사,2026,FY,AMPC,1662,십억원,na,2
2026-03-18_미래에셋증권_LGES,2026-03-18,미래에셋증권,LGES,AMPC,전사,2027,FY,AMPC,2338,십억원,na,2
2026-03-18_미래에셋증권_LGES,2026-03-18,미래에셋증권,LGES,AMPC,전사,2026,1Q,AMPC,197,십억원,na,2
2026-03-18_미래에셋증권_LGES,2026-03-18,미래에셋증권,LGES,AMPC,전사,2026,2Q,AMPC,226,십억원,na,2
2026-03-18_미래에셋증권_LGES,2026-03-18,미래에셋증권,LGES,AMPC,전사,2026,3Q,AMPC,518,십억원,na,2
2026-03-18_미래에셋증권_LGES,2026-03-18,미래에셋증권,LGES,AMPC,전사,2026,4Q,AMPC,721,십억원,na,2
2026-03-18_미래에셋증권_LGES,2026-03-18,미래에셋증권,LGES,AMPC,전사,2027,1Q,AMPC,448,십억원,na,2
2026-03-18_미래에셋증권_LGES,2026-03-18,미래에셋증권,LGES,AMPC,전사,2027,2Q,AMPC,567,십억원,na,2
2026-03-18_미래에셋증권_LGES,2026-03-18,미래에셋증권,LGES,AMPC,전사,2027,3Q,AMPC,602,십억원,na,2
2026-03-18_미래에셋증권_LGES,2026-03-18,미래에셋증권,LGES,AMPC,전사,2027,4Q,AMPC,721,십억원,na,2
2026-03-18_미래에셋증권_LGES,2026-03-18,미래에셋증권,LGES,Small,소형,2025,FY,매출,6916,십억원,excl,2
2026-03-18_미래에셋증권_LGES,2026-03-18,미래에셋증권,LGES,Small,소형,2026,FY,매출,7678,십억원,excl,2
2026-03-18_미래에셋증권_LGES,2026-03-18,미래에셋증권,LGES,Small,소형,2027,FY,매출,8398,십억원,excl,2
2026-03-18_미래에셋증권_LGES,2026-03-18,미래에셋증권,LGES,Small,소형,2026,1Q,매출,1991,십억원,excl,2
2026-03-18_미래에셋증권_LGES,2026-03-18,미래에셋증권,LGES,Small,소형,2026,2Q,매출,1886,십억원,excl,2
2026-03-18_미래에셋증권_LGES,2026-03-18,미래에셋증권,LGES,Small,소형,2026,3Q,매출,1891,십억원,excl,2
2026-03-18_미래에셋증권_LGES,2026-03-18,미래에셋증권,LGES,Small,소형,2026,4Q,매출,1911,십억원,excl,2
2026-03-18_미래에셋증권_LGES,2026-03-18,미래에셋증권,LGES,Small,소형,2027,1Q,매출,1824,십억원,excl,2
2026-03-18_미래에셋증권_LGES,2026-03-18,미래에셋증권,LGES,Small,소형,2027,2Q,매출,1965,십억원,excl,2
2026-03-18_미래에셋증권_LGES,2026-03-18,미래에셋증권,LGES,Small,소형,2027,3Q,매출,2185,십억원,excl,2
2026-03-18_미래에셋증권_LGES,2026-03-18,미래에셋증권,LGES,Small,소형,2027,4Q,매출,2424,십억원,excl,2
2026-03-18_미래에셋증권_LGES,2026-03-18,미래에셋증권,LGES,Small,소형,2025,FY,영업이익,445,십억원,excl,2
2026-03-18_미래에셋증권_LGES,2026-03-18,미래에셋증권,LGES,Small,소형,2026,FY,영업이익,507,십억원,excl,2
2026-03-18_미래에셋증권_LGES,2026-03-18,미래에셋증권,LGES,Small,소형,2027,FY,영업이익,567,십억원,excl,2
2026-03-18_미래에셋증권_LGES,2026-03-18,미래에셋증권,LGES,Small,소형,2026,1Q,영업이익,128,십억원,excl,2
2026-03-18_미래에셋증권_LGES,2026-03-18,미래에셋증권,LGES,Small,소형,2026,2Q,영업이익,127,십억원,excl,2
2026-03-18_미래에셋증권_LGES,2026-03-18,미래에셋증권,LGES,Small,소형,2026,3Q,영업이익,121,십억원,excl,2
2026-03-18_미래에셋증권_LGES,2026-03-18,미래에셋증권,LGES,Small,소형,2026,4Q,영업이익,130,십억원,excl,2
2026-03-18_미래에셋증권_LGES,2026-03-18,미래에셋증권,LGES,Small,소형,2027,1Q,영업이익,108,십억원,excl,2
2026-03-18_미래에셋증권_LGES,2026-03-18,미래에셋증권,LGES,Small,소형,2027,2Q,영업이익,115,십억원,excl,2
2026-03-18_미래에셋증권_LGES,2026-03-18,미래에셋증권,LGES,Small,소형,2027,3Q,영업이익,135,십억원,excl,2
2026-03-18_미래에셋증권_LGES,2026-03-18,미래에셋증권,LGES,Small,소형,2027,4Q,영업이익,209,십억원,excl,2
2026-03-18_미래에셋증권_LGES,2026-03-18,미래에셋증권,LGES,EV,EV,2025,FY,매출,13679,십억원,incl_unknown,2
2026-03-18_미래에셋증권_LGES,2026-03-18,미래에셋증권,LGES,EV,EV,2026,FY,매출,10281,십억원,incl_unknown,2
2026-03-18_미래에셋증권_LGES,2026-03-18,미래에셋증권,LGES,EV,EV,2027,FY,매출,11802,십억원,incl_unknown,2
2026-03-18_미래에셋증권_LGES,2026-03-18,미래에셋증권,LGES,EV,EV,2026,1Q,매출,2181,십억원,incl_unknown,2
2026-03-18_미래에셋증권_LGES,2026-03-18,미래에셋증권,LGES,EV,EV,2026,2Q,매출,2301,십억원,incl_unknown,2
2026-03-18_미래에셋증권_LGES,2026-03-18,미래에셋증권,LGES,EV,EV,2026,3Q,매출,2577,십억원,incl_unknown,2
2026-03-18_미래에셋증권_LGES,2026-03-18,미래에셋증권,LGES,EV,EV,2026,4Q,매출,3221,십억원,incl_unknown,2
2026-03-18_미래에셋증권_LGES,2026-03-18,미래에셋증권,LGES,EV,EV,2027,1Q,매출,2738,십억원,incl_unknown,2
2026-03-18_미래에셋증권_LGES,2026-03-18,미래에셋증권,LGES,EV,EV,2027,2Q,매출,2875,십억원,incl_unknown,2
2026-03-18_미래에셋증권_LGES,2026-03-18,미래에셋증권,LGES,EV,EV,2027,3Q,매출,3019,십억원,incl_unknown,2
2026-03-18_미래에셋증권_LGES,2026-03-18,미래에셋증권,LGES,EV,EV,2027,4Q,매출,3170,십억원,incl_unknown,2
2026-03-18_미래에셋증권_LGES,2026-03-18,미래에셋증권,LGES,EV,EV,2025,FY,영업이익,-585,십억원,excl,2
2026-03-18_미래에셋증권_LGES,2026-03-18,미래에셋증권,LGES,EV,EV,2026,FY,영업이익,-608,십억원,excl,2
2026-03-18_미래에셋증권_LGES,2026-03-18,미래에셋증권,LGES,EV,EV,2027,FY,영업이익,-118,십억원,excl,2
2026-03-18_미래에셋증권_LGES,2026-03-18,미래에셋증권,LGES,EV,EV,2026,1Q,영업이익,-474,십억원,excl,2
2026-03-18_미래에셋증권_LGES,2026-03-18,미래에셋증권,LGES,EV,EV,2026,2Q,영업이익,-299,십억원,excl,2
2026-03-18_미래에셋증권_LGES,2026-03-18,미래에셋증권,LGES,EV,EV,2026,3Q,영업이익,63,십억원,excl,2
2026-03-18_미래에셋증권_LGES,2026-03-18,미래에셋증권,LGES,EV,EV,2026,4Q,영업이익,102,십억원,excl,2
2026-03-18_미래에셋증권_LGES,2026-03-18,미래에셋증권,LGES,EV,EV,2027,1Q,영업이익,-27,십억원,excl,2
2026-03-18_미래에셋증권_LGES,2026-03-18,미래에셋증권,LGES,EV,EV,2027,2Q,영업이익,-36,십억원,excl,2
2026-03-18_미래에셋증권_LGES,2026-03-18,미래에셋증권,LGES,EV,EV,2027,3Q,영업이익,-22,십억원,excl,2
2026-03-18_미래에셋증권_LGES,2026-03-18,미래에셋증권,LGES,EV,EV,2027,4Q,영업이익,-33,십억원,excl,2
2026-03-18_미래에셋증권_LGES,2026-03-18,미래에셋증권,LGES,ESS,ESS,2025,FY,매출,3074,십억원,incl_unknown,2
2026-03-18_미래에셋증권_LGES,2026-03-18,미래에셋증권,LGES,ESS,ESS,2026,FY,매출,12109,십억원,incl_unknown,2
2026-03-18_미래에셋증권_LGES,2026-03-18,미래에셋증권,LGES,ESS,ESS,2027,FY,매출,16778,십억원,incl_unknown,2
2026-03-18_미래에셋증권_LGES,2026-03-18,미래에셋증권,LGES,ESS,ESS,2026,1Q,매출,1824,십억원,incl_unknown,2
2026-03-18_미래에셋증권_LGES,2026-03-18,미래에셋증권,LGES,ESS,ESS,2026,2Q,매출,2099,십억원,incl_unknown,2
2026-03-18_미래에셋증권_LGES,2026-03-18,미래에셋증권,LGES,ESS,ESS,2026,3Q,매출,3148,십억원,incl_unknown,2
2026-03-18_미래에셋증권_LGES,2026-03-18,미래에셋증권,LGES,ESS,ESS,2026,4Q,매출,5038,십억원,incl_unknown,2
2026-03-18_미래에셋증권_LGES,2026-03-18,미래에셋증권,LGES,ESS,ESS,2027,1Q,매출,3778,십억원,incl_unknown,2
2026-03-18_미래에셋증권_LGES,2026-03-18,미래에셋증권,LGES,ESS,ESS,2027,2Q,매출,3967,십억원,incl_unknown,2
2026-03-18_미래에셋증권_LGES,2026-03-18,미래에셋증권,LGES,ESS,ESS,2027,3Q,매출,4364,십억원,incl_unknown,2
2026-03-18_미래에셋증권_LGES,2026-03-18,미래에셋증권,LGES,ESS,ESS,2027,4Q,매출,4669,십억원,incl_unknown,2
2026-03-18_미래에셋증권_LGES,2026-03-18,미래에셋증권,LGES,ESS,ESS,2025,FY,영업이익,-164,십억원,excl,2
2026-03-18_미래에셋증권_LGES,2026-03-18,미래에셋증권,LGES,ESS,ESS,2026,FY,영업이익,477,십억원,excl,2
2026-03-18_미래에셋증권_LGES,2026-03-18,미래에셋증권,LGES,ESS,ESS,2027,FY,영업이익,839,십억원,excl,2
2026-03-18_미래에셋증권_LGES,2026-03-18,미래에셋증권,LGES,ESS,ESS,2026,1Q,영업이익,36,십억원,excl,2
2026-03-18_미래에셋증권_LGES,2026-03-18,미래에셋증권,LGES,ESS,ESS,2026,2Q,영업이익,63,십억원,excl,2
2026-03-18_미래에셋증권_LGES,2026-03-18,미래에셋증권,LGES,ESS,ESS,2026,3Q,영업이익,126,십억원,excl,2
2026-03-18_미래에셋증권_LGES,2026-03-18,미래에셋증권,LGES,ESS,ESS,2026,4Q,영업이익,252,십억원,excl,2
2026-03-18_미래에셋증권_LGES,2026-03-18,미래에셋증권,LGES,ESS,ESS,2027,1Q,영업이익,189,십억원,excl,2
2026-03-18_미래에셋증권_LGES,2026-03-18,미래에셋증권,LGES,ESS,ESS,2027,2Q,영업이익,198,십억원,excl,2
2026-03-18_미래에셋증권_LGES,2026-03-18,미래에셋증권,LGES,ESS,ESS,2027,3Q,영업이익,218,십억원,excl,2
2026-03-18_미래에셋증권_LGES,2026-03-18,미래에셋증권,LGES,ESS,ESS,2027,4Q,영업이익,233,십억원,excl,2
2026-03-18_미래에셋증권_LGES,2026-03-18,미래에셋증권,LGES,ESS AMPC,ESS,2026,FY,AMPC,1370,십억원,na,1
2026-03-18_미래에셋증권_삼성SDI,2026-03-18,미래에셋증권,삼성SDI,매출액,전사,2024,FY,매출,16592,십억원,excl,3
2026-03-18_미래에셋증권_삼성SDI,2026-03-18,미래에셋증권,삼성SDI,영업이익,전사,2024,FY,영업이익,363,십억원,incl,3
2026-03-18_미래에셋증권_삼성SDI,2026-03-18,미래에셋증권,삼성SDI,전사,전사,2025,FY,매출,13266,십억원,excl,2
2026-03-18_미래에셋증권_삼성SDI,2026-03-18,미래에셋증권,삼성SDI,전지,배터리합계,2025,FY,매출,12383,십억원,excl,2
2026-03-18_미래에셋증권_삼성SDI,2026-03-18,미래에셋증권,삼성SDI,소형전지(IT),소형,2025,FY,매출,3676,십억원,excl,2
2026-03-18_미래에셋증권_삼성SDI,2026-03-18,미래에셋증권,삼성SDI,"중대형전지(EV, ESS)",중대형,2025,FY,매출,8708,십억원,excl,2
2026-03-18_미래에셋증권_삼성SDI,2026-03-18,미래에셋증권,삼성SDI,전자재료,전자재료,2025,FY,매출,883,십억원,excl,2
2026-03-18_미래에셋증권_삼성SDI,2026-03-18,미래에셋증권,삼성SDI,전사,전사,2025,FY,영업이익,-1734,십억원,incl,2
2026-03-18_미래에셋증권_삼성SDI,2026-03-18,미래에셋증권,삼성SDI,전지,배터리합계,2025,FY,영업이익,-2127,십억원,excl,2
2026-03-18_미래에셋증권_삼성SDI,2026-03-18,미래에셋증권,삼성SDI,소형전지(IT),소형,2025,FY,영업이익,-524,십억원,excl,2
2026-03-18_미래에셋증권_삼성SDI,2026-03-18,미래에셋증권,삼성SDI,"중대형전지(EV, ESS)",중대형,2025,FY,영업이익,-1603,십억원,excl,2
2026-03-18_미래에셋증권_삼성SDI,2026-03-18,미래에셋증권,삼성SDI,전자재료,전자재료,2025,FY,영업이익,129,십억원,excl,2
2026-03-18_미래에셋증권_삼성SDI,2026-03-18,미래에셋증권,삼성SDI,기타(AMPC),전사,2025,FY,AMPC,263,십억원,na,2
2026-03-18_미래에셋증권_삼성SDI,2026-03-18,미래에셋증권,삼성SDI,전사,전사,2026,FY,매출,15362,십억원,excl,2
2026-03-18_미래에셋증권_삼성SDI,2026-03-18,미래에셋증권,삼성SDI,전지,배터리합계,2026,FY,매출,14398,십억원,excl,2
2026-03-18_미래에셋증권_삼성SDI,2026-03-18,미래에셋증권,삼성SDI,소형전지(IT),소형,2026,FY,매출,4438,십억원,excl,2
2026-03-18_미래에셋증권_삼성SDI,2026-03-18,미래에셋증권,삼성SDI,"중대형전지(EV, ESS)",중대형,2026,FY,매출,9960,십억원,excl,2
2026-03-18_미래에셋증권_삼성SDI,2026-03-18,미래에셋증권,삼성SDI,전자재료,전자재료,2026,FY,매출,964,십억원,excl,2
2026-03-18_미래에셋증권_삼성SDI,2026-03-18,미래에셋증권,삼성SDI,전사,전사,2026,FY,영업이익,5,십억원,incl,2
2026-03-18_미래에셋증권_삼성SDI,2026-03-18,미래에셋증권,삼성SDI,전지,배터리합계,2026,FY,영업이익,-630,십억원,excl,2
2026-03-18_미래에셋증권_삼성SDI,2026-03-18,미래에셋증권,삼성SDI,소형전지(IT),소형,2026,FY,영업이익,-121,십억원,excl,2
2026-03-18_미래에셋증권_삼성SDI,2026-03-18,미래에셋증권,삼성SDI,"중대형전지(EV, ESS)",중대형,2026,FY,영업이익,-509,십억원,excl,2
2026-03-18_미래에셋증권_삼성SDI,2026-03-18,미래에셋증권,삼성SDI,전자재료,전자재료,2026,FY,영업이익,141,십억원,excl,2
2026-03-18_미래에셋증권_삼성SDI,2026-03-18,미래에셋증권,삼성SDI,기타(AMPC),전사,2026,FY,AMPC,493,십억원,na,2
2026-03-18_미래에셋증권_삼성SDI,2026-03-18,미래에셋증권,삼성SDI,전사,전사,2027,FY,매출,18368,십억원,excl,2
2026-03-18_미래에셋증권_삼성SDI,2026-03-18,미래에셋증권,삼성SDI,전지,배터리합계,2027,FY,매출,17339,십억원,excl,2
2026-03-18_미래에셋증권_삼성SDI,2026-03-18,미래에셋증권,삼성SDI,소형전지(IT),소형,2027,FY,매출,5195,십억원,excl,2
2026-03-18_미래에셋증권_삼성SDI,2026-03-18,미래에셋증권,삼성SDI,"중대형전지(EV, ESS)",중대형,2027,FY,매출,12144,십억원,excl,2
2026-03-18_미래에셋증권_삼성SDI,2026-03-18,미래에셋증권,삼성SDI,전자재료,전자재료,2027,FY,매출,1029,십억원,excl,2
2026-03-18_미래에셋증권_삼성SDI,2026-03-18,미래에셋증권,삼성SDI,전사,전사,2027,FY,영업이익,1354,십억원,incl,2
2026-03-18_미래에셋증권_삼성SDI,2026-03-18,미래에셋증권,삼성SDI,전지,배터리합계,2027,FY,영업이익,116,십억원,excl,2
2026-03-18_미래에셋증권_삼성SDI,2026-03-18,미래에셋증권,삼성SDI,소형전지(IT),소형,2027,FY,영업이익,236,십억원,excl,2
2026-03-18_미래에셋증권_삼성SDI,2026-03-18,미래에셋증권,삼성SDI,"중대형전지(EV, ESS)",중대형,2027,FY,영업이익,-120,십억원,excl,2
2026-03-18_미래에셋증권_삼성SDI,2026-03-18,미래에셋증권,삼성SDI,전자재료,전자재료,2027,FY,영업이익,157,십억원,excl,2
2026-03-18_미래에셋증권_삼성SDI,2026-03-18,미래에셋증권,삼성SDI,기타(AMPC),전사,2027,FY,AMPC,1081,십억원,na,2
2026-03-18_미래에셋증권_삼성SDI,2026-03-18,미래에셋증권,삼성SDI,전사,전사,2026,1Q,매출,3664,십억원,excl,2
2026-03-18_미래에셋증권_삼성SDI,2026-03-18,미래에셋증권,삼성SDI,전지,배터리합계,2026,1Q,매출,3459,십억원,excl,2
2026-03-18_미래에셋증권_삼성SDI,2026-03-18,미래에셋증권,삼성SDI,소형전지(IT),소형,2026,1Q,매출,1065,십억원,excl,2
2026-03-18_미래에셋증권_삼성SDI,2026-03-18,미래에셋증권,삼성SDI,"중대형전지(EV, ESS)",중대형,2026,1Q,매출,2394,십억원,excl,2
2026-03-18_미래에셋증권_삼성SDI,2026-03-18,미래에셋증권,삼성SDI,전자재료,전자재료,2026,1Q,매출,205,십억원,excl,2
2026-03-18_미래에셋증권_삼성SDI,2026-03-18,미래에셋증권,삼성SDI,전사,전사,2026,1Q,영업이익,-223,십억원,incl,2
2026-03-18_미래에셋증권_삼성SDI,2026-03-18,미래에셋증권,삼성SDI,전지,배터리합계,2026,1Q,영업이익,-324,십억원,excl,2
2026-03-18_미래에셋증권_삼성SDI,2026-03-18,미래에셋증권,삼성SDI,소형전지(IT),소형,2026,1Q,영업이익,-68,십억원,excl,2
2026-03-18_미래에셋증권_삼성SDI,2026-03-18,미래에셋증권,삼성SDI,"중대형전지(EV, ESS)",중대형,2026,1Q,영업이익,-255,십억원,excl,2
2026-03-18_미래에셋증권_삼성SDI,2026-03-18,미래에셋증권,삼성SDI,전자재료,전자재료,2026,1Q,영업이익,22,십억원,excl,2
2026-03-18_미래에셋증권_삼성SDI,2026-03-18,미래에셋증권,삼성SDI,기타(AMPC),전사,2026,1Q,AMPC,80,십억원,na,2
2026-03-18_미래에셋증권_삼성SDI,2026-03-18,미래에셋증권,삼성SDI,전사,전사,2026,2Q,매출,3638,십억원,excl,2
2026-03-18_미래에셋증권_삼성SDI,2026-03-18,미래에셋증권,삼성SDI,전지,배터리합계,2026,2Q,매출,3423,십억원,excl,2
2026-03-18_미래에셋증권_삼성SDI,2026-03-18,미래에셋증권,삼성SDI,소형전지(IT),소형,2026,2Q,매출,1064,십억원,excl,2
2026-03-18_미래에셋증권_삼성SDI,2026-03-18,미래에셋증권,삼성SDI,"중대형전지(EV, ESS)",중대형,2026,2Q,매출,2359,십억원,excl,2
2026-03-18_미래에셋증권_삼성SDI,2026-03-18,미래에셋증권,삼성SDI,전자재료,전자재료,2026,2Q,매출,215,십억원,excl,2
2026-03-18_미래에셋증권_삼성SDI,2026-03-18,미래에셋증권,삼성SDI,전사,전사,2026,2Q,영업이익,-199,십억원,incl,2
2026-03-18_미래에셋증권_삼성SDI,2026-03-18,미래에셋증권,삼성SDI,전지,배터리합계,2026,2Q,영업이익,-315,십억원,excl,2
2026-03-18_미래에셋증권_삼성SDI,2026-03-18,미래에셋증권,삼성SDI,소형전지(IT),소형,2026,2Q,영업이익,-68,십억원,excl,2
2026-03-18_미래에셋증권_삼성SDI,2026-03-18,미래에셋증권,삼성SDI,"중대형전지(EV, ESS)",중대형,2026,2Q,영업이익,-247,십억원,excl,2
2026-03-18_미래에셋증권_삼성SDI,2026-03-18,미래에셋증권,삼성SDI,전자재료,전자재료,2026,2Q,영업이익,31,십억원,excl,2
2026-03-18_미래에셋증권_삼성SDI,2026-03-18,미래에셋증권,삼성SDI,기타(AMPC),전사,2026,2Q,AMPC,84,십억원,na,2
2026-03-18_미래에셋증권_삼성SDI,2026-03-18,미래에셋증권,삼성SDI,전사,전사,2026,3Q,매출,3783,십억원,excl,2
2026-03-18_미래에셋증권_삼성SDI,2026-03-18,미래에셋증권,삼성SDI,전지,배터리합계,2026,3Q,매출,3536,십억원,excl,2
2026-03-18_미래에셋증권_삼성SDI,2026-03-18,미래에셋증권,삼성SDI,소형전지(IT),소형,2026,3Q,매출,1109,십억원,excl,2
2026-03-18_미래에셋증권_삼성SDI,2026-03-18,미래에셋증권,삼성SDI,"중대형전지(EV, ESS)",중대형,2026,3Q,매출,2428,십억원,excl,2
2026-03-18_미래에셋증권_삼성SDI,2026-03-18,미래에셋증권,삼성SDI,전자재료,전자재료,2026,3Q,매출,246,십억원,excl,2
2026-03-18_미래에셋증권_삼성SDI,2026-03-18,미래에셋증권,삼성SDI,전사,전사,2026,3Q,영업이익,-73,십억원,incl,2
2026-03-18_미래에셋증권_삼성SDI,2026-03-18,미래에셋증권,삼성SDI,전지,배터리합계,2026,3Q,영업이익,-196,십억원,excl,2
2026-03-18_미래에셋증권_삼성SDI,2026-03-18,미래에셋증권,삼성SDI,소형전지(IT),소형,2026,3Q,영업이익,-21,십억원,excl,2
2026-03-18_미래에셋증권_삼성SDI,2026-03-18,미래에셋증권,삼성SDI,"중대형전지(EV, ESS)",중대형,2026,3Q,영업이익,-175,십억원,excl,2
2026-03-18_미래에셋증권_삼성SDI,2026-03-18,미래에셋증권,삼성SDI,전자재료,전자재료,2026,3Q,영업이익,39,십억원,excl,2
2026-03-18_미래에셋증권_삼성SDI,2026-03-18,미래에셋증권,삼성SDI,기타(AMPC),전사,2026,3Q,AMPC,84,십억원,na,2
2026-03-18_미래에셋증권_삼성SDI,2026-03-18,미래에셋증권,삼성SDI,전사,전사,2026,4Q,매출,4277,십억원,excl,2
2026-03-18_미래에셋증권_삼성SDI,2026-03-18,미래에셋증권,삼성SDI,전지,배터리합계,2026,4Q,매출,3979,십억원,excl,2
2026-03-18_미래에셋증권_삼성SDI,2026-03-18,미래에셋증권,삼성SDI,소형전지(IT),소형,2026,4Q,매출,1200,십억원,excl,2
2026-03-18_미래에셋증권_삼성SDI,2026-03-18,미래에셋증권,삼성SDI,"중대형전지(EV, ESS)",중대형,2026,4Q,매출,2780,십억원,excl,2
2026-03-18_미래에셋증권_삼성SDI,2026-03-18,미래에셋증권,삼성SDI,전자재료,전자재료,2026,4Q,매출,298,십억원,excl,2
2026-03-18_미래에셋증권_삼성SDI,2026-03-18,미래에셋증권,삼성SDI,전사,전사,2026,4Q,영업이익,499,십억원,incl,2
2026-03-18_미래에셋증권_삼성SDI,2026-03-18,미래에셋증권,삼성SDI,전지,배터리합계,2026,4Q,영업이익,205,십억원,excl,2
2026-03-18_미래에셋증권_삼성SDI,2026-03-18,미래에셋증권,삼성SDI,소형전지(IT),소형,2026,4Q,영업이익,37,십억원,excl,2
2026-03-18_미래에셋증권_삼성SDI,2026-03-18,미래에셋증권,삼성SDI,"중대형전지(EV, ESS)",중대형,2026,4Q,영업이익,168,십억원,excl,2
2026-03-18_미래에셋증권_삼성SDI,2026-03-18,미래에셋증권,삼성SDI,전자재료,전자재료,2026,4Q,영업이익,49,십억원,excl,2
2026-03-18_미래에셋증권_삼성SDI,2026-03-18,미래에셋증권,삼성SDI,기타(AMPC),전사,2026,4Q,AMPC,245,십억원,na,2
2026-03-18_미래에셋증권_삼성SDI,2026-03-18,미래에셋증권,삼성SDI,전사,전사,2027,1Q,매출,3884,십억원,excl,2
2026-03-18_미래에셋증권_삼성SDI,2026-03-18,미래에셋증권,삼성SDI,전지,배터리합계,2027,1Q,매출,3645,십억원,excl,2
2026-03-18_미래에셋증권_삼성SDI,2026-03-18,미래에셋증권,삼성SDI,소형전지(IT),소형,2027,1Q,매출,1138,십억원,excl,2
2026-03-18_미래에셋증권_삼성SDI,2026-03-18,미래에셋증권,삼성SDI,"중대형전지(EV, ESS)",중대형,2027,1Q,매출,2507,십억원,excl,2
2026-03-18_미래에셋증권_삼성SDI,2026-03-18,미래에셋증권,삼성SDI,전자재료,전자재료,2027,1Q,매출,239,십억원,excl,2
2026-03-18_미래에셋증권_삼성SDI,2026-03-18,미래에셋증권,삼성SDI,전사,전사,2027,1Q,영업이익,194,십억원,incl,2
2026-03-18_미래에셋증권_삼성SDI,2026-03-18,미래에셋증권,삼성SDI,전지,배터리합계,2027,1Q,영업이익,-68,십억원,excl,2
2026-03-18_미래에셋증권_삼성SDI,2026-03-18,미래에셋증권,삼성SDI,소형전지(IT),소형,2027,1Q,영업이익,28,십억원,excl,2
2026-03-18_미래에셋증권_삼성SDI,2026-03-18,미래에셋증권,삼성SDI,"중대형전지(EV, ESS)",중대형,2027,1Q,영업이익,-95,십억원,excl,2
2026-03-18_미래에셋증권_삼성SDI,2026-03-18,미래에셋증권,삼성SDI,전자재료,전자재료,2027,1Q,영업이익,35,십억원,excl,2
2026-03-18_미래에셋증권_삼성SDI,2026-03-18,미래에셋증권,삼성SDI,기타(AMPC),전사,2027,1Q,AMPC,227,십억원,na,2
2026-03-18_미래에셋증권_삼성SDI,2026-03-18,미래에셋증권,삼성SDI,전사,전사,2027,2Q,매출,4178,십억원,excl,2
2026-03-18_미래에셋증권_삼성SDI,2026-03-18,미래에셋증권,삼성SDI,전지,배터리합계,2027,2Q,매출,3932,십억원,excl,2
2026-03-18_미래에셋증권_삼성SDI,2026-03-18,미래에셋증권,삼성SDI,소형전지(IT),소형,2027,2Q,매출,1211,십억원,excl,2
2026-03-18_미래에셋증권_삼성SDI,2026-03-18,미래에셋증권,삼성SDI,"중대형전지(EV, ESS)",중대형,2027,2Q,매출,2721,십억원,excl,2
2026-03-18_미래에셋증권_삼성SDI,2026-03-18,미래에셋증권,삼성SDI,전자재료,전자재료,2027,2Q,매출,246,십억원,excl,2
2026-03-18_미래에셋증권_삼성SDI,2026-03-18,미래에셋증권,삼성SDI,전사,전사,2027,2Q,영업이익,278,십억원,incl,2
2026-03-18_미래에셋증권_삼성SDI,2026-03-18,미래에셋증권,삼성SDI,전지,배터리합계,2027,2Q,영업이익,-18,십억원,excl,2
2026-03-18_미래에셋증권_삼성SDI,2026-03-18,미래에셋증권,삼성SDI,소형전지(IT),소형,2027,2Q,영업이익,39,십억원,excl,2
2026-03-18_미래에셋증권_삼성SDI,2026-03-18,미래에셋증권,삼성SDI,"중대형전지(EV, ESS)",중대형,2027,2Q,영업이익,-56,십억원,excl,2
2026-03-18_미래에셋증권_삼성SDI,2026-03-18,미래에셋증권,삼성SDI,전자재료,전자재료,2027,2Q,영업이익,37,십억원,excl,2
2026-03-18_미래에셋증권_삼성SDI,2026-03-18,미래에셋증권,삼성SDI,기타(AMPC),전사,2027,2Q,AMPC,258,십억원,na,2
2026-03-18_미래에셋증권_삼성SDI,2026-03-18,미래에셋증권,삼성SDI,전사,전사,2027,3Q,매출,4716,십억원,excl,2
2026-03-18_미래에셋증권_삼성SDI,2026-03-18,미래에셋증권,삼성SDI,전지,배터리합계,2027,3Q,매출,4456,십억원,excl,2
2026-03-18_미래에셋증권_삼성SDI,2026-03-18,미래에셋증권,삼성SDI,소형전지(IT),소형,2027,3Q,매출,1348,십억원,excl,2
2026-03-18_미래에셋증권_삼성SDI,2026-03-18,미래에셋증권,삼성SDI,"중대형전지(EV, ESS)",중대형,2027,3Q,매출,3108,십억원,excl,2
2026-03-18_미래에셋증권_삼성SDI,2026-03-18,미래에셋증권,삼성SDI,전자재료,전자재료,2027,3Q,매출,260,십억원,excl,2
2026-03-18_미래에셋증권_삼성SDI,2026-03-18,미래에셋증권,삼성SDI,전사,전사,2027,3Q,영업이익,425,십억원,incl,2
2026-03-18_미래에셋증권_삼성SDI,2026-03-18,미래에셋증권,삼성SDI,전지,배터리합계,2027,3Q,영업이익,86,십억원,excl,2
2026-03-18_미래에셋증권_삼성SDI,2026-03-18,미래에셋증권,삼성SDI,소형전지(IT),소형,2027,3Q,영업이익,73,십억원,excl,2
2026-03-18_미래에셋증권_삼성SDI,2026-03-18,미래에셋증권,삼성SDI,"중대형전지(EV, ESS)",중대형,2027,3Q,영업이익,13,십억원,excl,2
2026-03-18_미래에셋증권_삼성SDI,2026-03-18,미래에셋증권,삼성SDI,전자재료,전자재료,2027,3Q,영업이익,41,십억원,excl,2
2026-03-18_미래에셋증권_삼성SDI,2026-03-18,미래에셋증권,삼성SDI,기타(AMPC),전사,2027,3Q,AMPC,298,십억원,na,2
2026-03-18_미래에셋증권_삼성SDI,2026-03-18,미래에셋증권,삼성SDI,전사,전사,2027,4Q,매출,5590,십억원,excl,2
2026-03-18_미래에셋증권_삼성SDI,2026-03-18,미래에셋증권,삼성SDI,전지,배터리합계,2027,4Q,매출,5307,십억원,excl,2
2026-03-18_미래에셋증권_삼성SDI,2026-03-18,미래에셋증권,삼성SDI,소형전지(IT),소형,2027,4Q,매출,1499,십억원,excl,2
2026-03-18_미래에셋증권_삼성SDI,2026-03-18,미래에셋증권,삼성SDI,"중대형전지(EV, ESS)",중대형,2027,4Q,매출,3808,십억원,excl,2
2026-03-18_미래에셋증권_삼성SDI,2026-03-18,미래에셋증권,삼성SDI,전자재료,전자재료,2027,4Q,매출,283,십억원,excl,2
2026-03-18_미래에셋증권_삼성SDI,2026-03-18,미래에셋증권,삼성SDI,전사,전사,2027,4Q,영업이익,458,십억원,incl,2
2026-03-18_미래에셋증권_삼성SDI,2026-03-18,미래에셋증권,삼성SDI,전지,배터리합계,2027,4Q,영업이익,115,십억원,excl,2
2026-03-18_미래에셋증권_삼성SDI,2026-03-18,미래에셋증권,삼성SDI,소형전지(IT),소형,2027,4Q,영업이익,97,십억원,excl,2
2026-03-18_미래에셋증권_삼성SDI,2026-03-18,미래에셋증권,삼성SDI,"중대형전지(EV, ESS)",중대형,2027,4Q,영업이익,19,십억원,excl,2
2026-03-18_미래에셋증권_삼성SDI,2026-03-18,미래에셋증권,삼성SDI,전자재료,전자재료,2027,4Q,영업이익,45,십억원,excl,2
2026-03-18_미래에셋증권_삼성SDI,2026-03-18,미래에셋증권,삼성SDI,기타(AMPC),전사,2027,4Q,AMPC,298,십억원,na,2
2026-03-23_NH투자증권_LGES,2026-03-23,NH투자증권,LGES,연결,전사,2024,FY,매출,25620,십억원,excl,2
2026-03-23_NH투자증권_LGES,2026-03-23,NH투자증권,LGES,연결,전사,2024,FY,영업이익,575,십억원,incl,2
2026-03-23_NH투자증권_LGES,2026-03-23,NH투자증권,LGES,연결,전사,2025,FY,매출,23672,십억원,excl,1
2026-03-23_NH투자증권_LGES,2026-03-23,NH투자증권,LGES,연결,전사,2025,FY,영업이익,1346,십억원,incl,1
2026-03-23_NH투자증권_LGES,2026-03-23,NH투자증권,LGES,연결,전사,2025,FY,AMPC,1647,십억원,na,5
2026-03-23_NH투자증권_LGES,2026-03-23,NH투자증권,LGES,연결,전사,2026,FY,매출,26807,십억원,excl,1
2026-03-23_NH투자증권_LGES,2026-03-23,NH투자증권,LGES,연결,전사,2026,FY,영업이익,1227,십억원,incl,1
2026-03-23_NH투자증권_LGES,2026-03-23,NH투자증권,LGES,연결,전사,2026,FY,AMPC,1413,십억원,na,5
2026-03-23_NH투자증권_LGES,2026-03-23,NH투자증권,LGES,연결,전사,2027,FY,매출,33319,십억원,excl,1
2026-03-23_NH투자증권_LGES,2026-03-23,NH투자증권,LGES,연결,전사,2027,FY,영업이익,3574,십억원,incl,1
2026-03-23_NH투자증권_LGES,2026-03-23,NH투자증권,LGES,연결,전사,2027,FY,AMPC,3143,십억원,na,5
2026-03-23_NH투자증권_LGES,2026-03-23,NH투자증권,LGES,연결,전사,2028,FY,매출,40610,십억원,excl,1
2026-03-23_NH투자증권_LGES,2026-03-23,NH투자증권,LGES,연결,전사,2028,FY,영업이익,6393,십억원,incl,1
2026-03-23_NH투자증권_LGES,2026-03-23,NH투자증권,LGES,연결,전사,2025,1Q,매출,6265,십억원,excl,1
2026-03-23_NH투자증권_LGES,2026-03-23,NH투자증권,LGES,연결,전사,2025,1Q,영업이익,375,십억원,incl,1
2026-03-23_NH투자증권_LGES,2026-03-23,NH투자증권,LGES,연결,전사,2025,1Q,AMPC,458,십억원,na,5
2026-03-23_NH투자증권_LGES,2026-03-23,NH투자증권,LGES,연결,전사,2025,2Q,매출,5565,십억원,excl,1
2026-03-23_NH투자증권_LGES,2026-03-23,NH투자증권,LGES,연결,전사,2025,2Q,영업이익,492,십억원,incl,1
2026-03-23_NH투자증권_LGES,2026-03-23,NH투자증권,LGES,연결,전사,2025,2Q,AMPC,491,십억원,na,5
2026-03-23_NH투자증권_LGES,2026-03-23,NH투자증권,LGES,연결,전사,2025,3Q,매출,5700,십억원,excl,1
2026-03-23_NH투자증권_LGES,2026-03-23,NH투자증권,LGES,연결,전사,2025,3Q,영업이익,601,십억원,incl,1
2026-03-23_NH투자증권_LGES,2026-03-23,NH투자증권,LGES,연결,전사,2025,3Q,AMPC,366,십억원,na,5
2026-03-23_NH투자증권_LGES,2026-03-23,NH투자증권,LGES,연결,전사,2025,4Q,매출,6142,십억원,excl,1
2026-03-23_NH투자증권_LGES,2026-03-23,NH투자증권,LGES,연결,전사,2025,4Q,영업이익,-122,십억원,incl,1
2026-03-23_NH투자증권_LGES,2026-03-23,NH투자증권,LGES,연결,전사,2025,4Q,AMPC,333,십억원,na,5
2026-03-23_NH투자증권_LGES,2026-03-23,NH투자증권,LGES,연결,전사,2026,1Q,매출,6005,십억원,excl,1
2026-03-23_NH투자증권_LGES,2026-03-23,NH투자증권,LGES,연결,전사,2026,1Q,영업이익,-121,십억원,incl,1
2026-03-23_NH투자증권_LGES,2026-03-23,NH투자증권,LGES,연결,전사,2026,1Q,AMPC,167,십억원,na,1
2026-03-23_NH투자증권_LGES,2026-03-23,NH투자증권,LGES,연결,전사,2026,2Q,매출,6434,십억원,excl,1
2026-03-23_NH투자증권_LGES,2026-03-23,NH투자증권,LGES,연결,전사,2026,2Q,영업이익,148,십억원,incl,1
2026-03-23_NH투자증권_LGES,2026-03-23,NH투자증권,LGES,연결,전사,2026,2Q,AMPC,212,십억원,na,5
2026-03-23_NH투자증권_LGES,2026-03-23,NH투자증권,LGES,연결,전사,2026,3Q,매출,6970,십억원,excl,5
2026-03-23_NH투자증권_LGES,2026-03-23,NH투자증권,LGES,연결,전사,2026,3Q,영업이익,437,십억원,incl,5
2026-03-23_NH투자증권_LGES,2026-03-23,NH투자증권,LGES,연결,전사,2026,3Q,AMPC,382,십억원,na,5
2026-03-23_NH투자증권_LGES,2026-03-23,NH투자증권,LGES,연결,전사,2026,4Q,매출,7399,십억원,excl,5
2026-03-23_NH투자증권_LGES,2026-03-23,NH투자증권,LGES,연결,전사,2026,4Q,영업이익,764,십억원,incl,5
2026-03-23_NH투자증권_LGES,2026-03-23,NH투자증권,LGES,연결,전사,2026,4Q,AMPC,653,십억원,na,5
2026-03-23_NH투자증권_LGES,2026-03-23,NH투자증권,LGES,ESS,ESS,2025,FY,매출,2680,십억원,excl,5
2026-03-23_NH투자증권_LGES,2026-03-23,NH투자증권,LGES,ESS,ESS,2025,FY,영업이익,53,십억원,incl,5
2026-03-23_NH투자증권_LGES,2026-03-23,NH투자증권,LGES,ESS외,기타,2025,FY,매출,20992,십억원,excl,5
2026-03-23_NH투자증권_LGES,2026-03-23,NH투자증권,LGES,ESS외,기타,2025,FY,영업이익,1293,십억원,incl,5
2026-03-23_NH투자증권_LGES,2026-03-23,NH투자증권,LGES,ESS,ESS,2026,FY,매출,8248,십억원,excl,5
2026-03-23_NH투자증권_LGES,2026-03-23,NH투자증권,LGES,ESS,ESS,2026,FY,영업이익,1194,십억원,incl,5
2026-03-23_NH투자증권_LGES,2026-03-23,NH투자증권,LGES,ESS외,기타,2026,FY,매출,18559,십억원,excl,5
2026-03-23_NH투자증권_LGES,2026-03-23,NH투자증권,LGES,ESS외,기타,2026,FY,영업이익,33,십억원,incl,5
2026-03-23_NH투자증권_LGES,2026-03-23,NH투자증권,LGES,ESS,ESS,2027,FY,매출,12675,십억원,excl,5
2026-03-23_NH투자증권_LGES,2026-03-23,NH투자증권,LGES,ESS,ESS,2027,FY,영업이익,2227,십억원,incl,5
2026-03-23_NH투자증권_LGES,2026-03-23,NH투자증권,LGES,ESS외,기타,2027,FY,매출,20645,십억원,excl,5
2026-03-23_NH투자증권_LGES,2026-03-23,NH투자증권,LGES,ESS외,기타,2027,FY,영업이익,1347,십억원,incl,5
2026-03-23_NH투자증권_삼성SDI,2026-03-23,NH투자증권,삼성SDI,매출액,전사,2024,FY,매출,16592,십억원,na,2
2026-03-23_NH투자증권_삼성SDI,2026-03-23,NH투자증권,삼성SDI,매출액,전사,2025,FY,매출,13267,십억원,na,4
2026-03-23_NH투자증권_삼성SDI,2026-03-23,NH투자증권,삼성SDI,매출액,전사,2026,FY,매출,15172,십억원,na,4
2026-03-23_NH투자증권_삼성SDI,2026-03-23,NH투자증권,삼성SDI,매출액,전사,2027,FY,매출,17967,십억원,na,4
2026-03-23_NH투자증권_삼성SDI,2026-03-23,NH투자증권,삼성SDI,매출액,전사,2028,FY,매출,20074,십억원,na,1
2026-03-23_NH투자증권_삼성SDI,2026-03-23,NH투자증권,삼성SDI,매출액,전사,2025,1Q,매출,3177,십억원,na,4
2026-03-23_NH투자증권_삼성SDI,2026-03-23,NH투자증권,삼성SDI,매출액,전사,2025,2Q,매출,3179,십억원,na,4
2026-03-23_NH투자증권_삼성SDI,2026-03-23,NH투자증권,삼성SDI,매출액,전사,2025,3Q,매출,3052,십억원,na,4
2026-03-23_NH투자증권_삼성SDI,2026-03-23,NH투자증권,삼성SDI,매출액,전사,2025,4Q,매출,3859,십억원,na,4
2026-03-23_NH투자증권_삼성SDI,2026-03-23,NH투자증권,삼성SDI,매출액,전사,2026,1Q,매출,3494,십억원,na,4
2026-03-23_NH투자증권_삼성SDI,2026-03-23,NH투자증권,삼성SDI,매출액,전사,2026,2Q,매출,3623,십억원,na,4
2026-03-23_NH투자증권_삼성SDI,2026-03-23,NH투자증권,삼성SDI,매출액,전사,2026,3Q,매출,3898,십억원,na,4
2026-03-23_NH투자증권_삼성SDI,2026-03-23,NH투자증권,삼성SDI,매출액,전사,2026,4Q,매출,4157,십억원,na,4
2026-03-23_NH투자증권_삼성SDI,2026-03-23,NH투자증권,삼성SDI,영업이익,전사,2024,FY,영업이익,363,십억원,incl,2
2026-03-23_NH투자증권_삼성SDI,2026-03-23,NH투자증권,삼성SDI,영업이익,전사,2025,FY,영업이익,-1732,십억원,incl,4
2026-03-23_NH투자증권_삼성SDI,2026-03-23,NH투자증권,삼성SDI,영업이익,전사,2026,FY,영업이익,-328,십억원,incl,4
2026-03-23_NH투자증권_삼성SDI,2026-03-23,NH투자증권,삼성SDI,영업이익,전사,2027,FY,영업이익,755,십억원,incl,4
2026-03-23_NH투자증권_삼성SDI,2026-03-23,NH투자증권,삼성SDI,영업이익,전사,2028,FY,영업이익,2174,십억원,incl,1
2026-03-23_NH투자증권_삼성SDI,2026-03-23,NH투자증권,삼성SDI,영업이익,전사,2025,1Q,영업이익,-434,십억원,incl,4
2026-03-23_NH투자증권_삼성SDI,2026-03-23,NH투자증권,삼성SDI,영업이익,전사,2025,2Q,영업이익,-398,십억원,incl,4
2026-03-23_NH투자증권_삼성SDI,2026-03-23,NH투자증권,삼성SDI,영업이익,전사,2025,3Q,영업이익,-591,십억원,incl,4
2026-03-23_NH투자증권_삼성SDI,2026-03-23,NH투자증권,삼성SDI,영업이익,전사,2025,4Q,영업이익,-299,십억원,incl,4
2026-03-23_NH투자증권_삼성SDI,2026-03-23,NH투자증권,삼성SDI,영업이익,전사,2026,1Q,영업이익,-276,십억원,incl,4
2026-03-23_NH투자증권_삼성SDI,2026-03-23,NH투자증권,삼성SDI,영업이익,전사,2026,2Q,영업이익,-164,십억원,incl,4
2026-03-23_NH투자증권_삼성SDI,2026-03-23,NH투자증권,삼성SDI,영업이익,전사,2026,3Q,영업이익,4,십억원,incl,4
2026-03-23_NH투자증권_삼성SDI,2026-03-23,NH투자증권,삼성SDI,영업이익,전사,2026,4Q,영업이익,107,십억원,incl,4
2026-03-23_NH투자증권_삼성SDI,2026-03-23,NH투자증권,삼성SDI,2차전지,배터리합계,2025,FY,매출,11202,십억원,na,4
2026-03-23_NH투자증권_삼성SDI,2026-03-23,NH투자증권,삼성SDI,2차전지,배터리합계,2026,FY,매출,14201,십억원,na,4
2026-03-23_NH투자증권_삼성SDI,2026-03-23,NH투자증권,삼성SDI,2차전지,배터리합계,2027,FY,매출,16958,십억원,na,4
2026-03-23_NH투자증권_삼성SDI,2026-03-23,NH투자증권,삼성SDI,2차전지,배터리합계,2025,1Q,매출,2981,십억원,na,4
2026-03-23_NH투자증권_삼성SDI,2026-03-23,NH투자증권,삼성SDI,2차전지,배터리합계,2025,2Q,매출,2961,십억원,na,4
2026-03-23_NH투자증권_삼성SDI,2026-03-23,NH투자증권,삼성SDI,2차전지,배터리합계,2025,3Q,매출,2820,십억원,na,4
2026-03-23_NH투자증권_삼성SDI,2026-03-23,NH투자증권,삼성SDI,2차전지,배터리합계,2025,4Q,매출,3622,십억원,na,4
2026-03-23_NH투자증권_삼성SDI,2026-03-23,NH투자증권,삼성SDI,2차전지,배터리합계,2026,1Q,매출,3286,십억원,na,4
2026-03-23_NH투자증권_삼성SDI,2026-03-23,NH투자증권,삼성SDI,2차전지,배터리합계,2026,2Q,매출,3395,십억원,na,4
2026-03-23_NH투자증권_삼성SDI,2026-03-23,NH투자증권,삼성SDI,2차전지,배터리합계,2026,3Q,매출,3643,십억원,na,4
2026-03-23_NH투자증권_삼성SDI,2026-03-23,NH투자증권,삼성SDI,2차전지,배터리합계,2026,4Q,매출,3877,십억원,na,4
2026-03-23_NH투자증권_삼성SDI,2026-03-23,NH투자증권,삼성SDI,2차전지,배터리합계,2025,FY,영업이익,-1862,십억원,incl,4
2026-03-23_NH투자증권_삼성SDI,2026-03-23,NH투자증권,삼성SDI,2차전지,배터리합계,2026,FY,영업이익,-469,십억원,incl,4
2026-03-23_NH투자증권_삼성SDI,2026-03-23,NH투자증권,삼성SDI,2차전지,배터리합계,2027,FY,영업이익,590,십억원,incl,4
2026-03-23_NH투자증권_삼성SDI,2026-03-23,NH투자증권,삼성SDI,2차전지,배터리합계,2025,1Q,영업이익,-452,십억원,incl,4
2026-03-23_NH투자증권_삼성SDI,2026-03-23,NH투자증권,삼성SDI,2차전지,배터리합계,2025,2Q,영업이익,-431,십억원,incl,4
2026-03-23_NH투자증권_삼성SDI,2026-03-23,NH투자증권,삼성SDI,2차전지,배터리합계,2025,3Q,영업이익,-630,십억원,incl,4
2026-03-23_NH투자증권_삼성SDI,2026-03-23,NH투자증권,삼성SDI,2차전지,배터리합계,2025,4Q,영업이익,-349,십억원,incl,4
2026-03-23_NH투자증권_삼성SDI,2026-03-23,NH투자증권,삼성SDI,2차전지,배터리합계,2026,1Q,영업이익,-296,십억원,incl,4
2026-03-23_NH투자증권_삼성SDI,2026-03-23,NH투자증권,삼성SDI,2차전지,배터리합계,2026,2Q,영업이익,-193,십억원,incl,4
2026-03-23_NH투자증권_삼성SDI,2026-03-23,NH투자증권,삼성SDI,2차전지,배터리합계,2026,3Q,영업이익,-39,십억원,incl,4
2026-03-23_NH투자증권_삼성SDI,2026-03-23,NH투자증권,삼성SDI,2차전지,배터리합계,2026,4Q,영업이익,60,십억원,incl,4
2026-03-23_NH투자증권_삼성SDI,2026-03-23,NH투자증권,삼성SDI,소형전지,소형,2025,FY,매출,3716,십억원,na,4
2026-03-23_NH투자증권_삼성SDI,2026-03-23,NH투자증권,삼성SDI,소형전지,소형,2026,FY,매출,4411,십억원,na,4
2026-03-23_NH투자증권_삼성SDI,2026-03-23,NH투자증권,삼성SDI,소형전지,소형,2027,FY,매출,4339,십억원,na,4
2026-03-23_NH투자증권_삼성SDI,2026-03-23,NH투자증권,삼성SDI,소형전지,소형,2025,1Q,매출,750,십억원,na,4
2026-03-23_NH투자증권_삼성SDI,2026-03-23,NH투자증권,삼성SDI,소형전지,소형,2025,2Q,매출,960,십억원,na,4
2026-03-23_NH투자증권_삼성SDI,2026-03-23,NH투자증권,삼성SDI,소형전지,소형,2025,3Q,매출,1008,십억원,na,4
2026-03-23_NH투자증권_삼성SDI,2026-03-23,NH투자증권,삼성SDI,소형전지,소형,2025,4Q,매출,998,십억원,na,4
2026-03-23_NH투자증권_삼성SDI,2026-03-23,NH투자증권,삼성SDI,소형전지,소형,2026,1Q,매출,1015,십억원,na,4
2026-03-23_NH투자증권_삼성SDI,2026-03-23,NH투자증권,삼성SDI,소형전지,소형,2026,2Q,매출,1045,십억원,na,4
2026-03-23_NH투자증권_삼성SDI,2026-03-23,NH투자증권,삼성SDI,소형전지,소형,2026,3Q,매출,1147,십억원,na,4
2026-03-23_NH투자증권_삼성SDI,2026-03-23,NH투자증권,삼성SDI,소형전지,소형,2026,4Q,매출,1204,십억원,na,4
2026-03-23_NH투자증권_삼성SDI,2026-03-23,NH투자증권,삼성SDI,소형전지,소형,2024,FY,영업이익,11.0,십억원,excl,6
2026-03-23_NH투자증권_삼성SDI,2026-03-23,NH투자증권,삼성SDI,소형전지,소형,2025,FY,영업이익,-505,십억원,excl,4
2026-03-23_NH투자증권_삼성SDI,2026-03-23,NH투자증권,삼성SDI,소형전지,소형,2026,FY,영업이익,-115,십억원,excl,4
2026-03-23_NH투자증권_삼성SDI,2026-03-23,NH투자증권,삼성SDI,소형전지,소형,2027,FY,영업이익,160,십억원,excl,4
2026-03-23_NH투자증권_삼성SDI,2026-03-23,NH투자증권,삼성SDI,소형전지,소형,2025,1Q,영업이익,-248,십억원,excl,4
2026-03-23_NH투자증권_삼성SDI,2026-03-23,NH투자증권,삼성SDI,소형전지,소형,2025,2Q,영업이익,-67,십억원,excl,4
2026-03-23_NH투자증권_삼성SDI,2026-03-23,NH투자증권,삼성SDI,소형전지,소형,2025,3Q,영업이익,-50,십억원,excl,4
2026-03-23_NH투자증권_삼성SDI,2026-03-23,NH투자증권,삼성SDI,소형전지,소형,2025,4Q,영업이익,-140,십억원,excl,4
2026-03-23_NH투자증권_삼성SDI,2026-03-23,NH투자증권,삼성SDI,소형전지,소형,2026,1Q,영업이익,-112,십억원,excl,4
2026-03-23_NH투자증권_삼성SDI,2026-03-23,NH투자증권,삼성SDI,소형전지,소형,2026,2Q,영업이익,-63,십억원,excl,4
2026-03-23_NH투자증권_삼성SDI,2026-03-23,NH투자증권,삼성SDI,소형전지,소형,2026,3Q,영업이익,23,십억원,excl,4
2026-03-23_NH투자증권_삼성SDI,2026-03-23,NH투자증권,삼성SDI,소형전지,소형,2026,4Q,영업이익,36,십억원,excl,4
2026-03-23_NH투자증권_삼성SDI,2026-03-23,NH투자증권,삼성SDI,중대형전지,중대형,2025,FY,매출,7486,십억원,na,4
2026-03-23_NH투자증권_삼성SDI,2026-03-23,NH투자증권,삼성SDI,중대형전지,중대형,2026,FY,매출,9790,십억원,na,4
2026-03-23_NH투자증권_삼성SDI,2026-03-23,NH투자증권,삼성SDI,중대형전지,중대형,2027,FY,매출,12619,십억원,na,4
2026-03-23_NH투자증권_삼성SDI,2026-03-23,NH투자증권,삼성SDI,중대형전지,중대형,2025,1Q,매출,2231,십억원,na,4
2026-03-23_NH투자증권_삼성SDI,2026-03-23,NH투자증권,삼성SDI,중대형전지,중대형,2025,2Q,매출,2001,십억원,na,4
2026-03-23_NH투자증권_삼성SDI,2026-03-23,NH투자증권,삼성SDI,중대형전지,중대형,2025,3Q,매출,1812,십억원,na,4
2026-03-23_NH투자증권_삼성SDI,2026-03-23,NH투자증권,삼성SDI,중대형전지,중대형,2025,4Q,매출,2624,십억원,na,4
2026-03-23_NH투자증권_삼성SDI,2026-03-23,NH투자증권,삼성SDI,중대형전지,중대형,2026,1Q,매출,2271,십억원,na,4
2026-03-23_NH투자증권_삼성SDI,2026-03-23,NH투자증권,삼성SDI,중대형전지,중대형,2026,2Q,매출,2350,십억원,na,4
2026-03-23_NH투자증권_삼성SDI,2026-03-23,NH투자증권,삼성SDI,중대형전지,중대형,2026,3Q,매출,2496,십억원,na,4
2026-03-23_NH투자증권_삼성SDI,2026-03-23,NH투자증권,삼성SDI,중대형전지,중대형,2026,4Q,매출,2673,십억원,na,4
2026-03-23_NH투자증권_삼성SDI,2026-03-23,NH투자증권,삼성SDI,중대형전지,중대형,2024,FY,영업이익,161.0,십억원,excl,6
2026-03-23_NH투자증권_삼성SDI,2026-03-23,NH투자증권,삼성SDI,중대형전지,중대형,2025,FY,영업이익,-1647,십억원,excl,4
2026-03-23_NH투자증권_삼성SDI,2026-03-23,NH투자증권,삼성SDI,중대형전지,중대형,2026,FY,영업이익,-1003,십억원,excl,4
2026-03-23_NH투자증권_삼성SDI,2026-03-23,NH투자증권,삼성SDI,중대형전지,중대형,2027,FY,영업이익,-777,십억원,excl,4
2026-03-23_NH투자증권_삼성SDI,2026-03-23,NH투자증권,삼성SDI,중대형전지,중대형,2025,1Q,영업이익,-321,십억원,excl,4
2026-03-23_NH투자증권_삼성SDI,2026-03-23,NH투자증권,삼성SDI,중대형전지,중대형,2025,2Q,영업이익,-432,십억원,excl,4
2026-03-23_NH투자증권_삼성SDI,2026-03-23,NH투자증권,삼성SDI,중대형전지,중대형,2025,3Q,영업이익,-606,십억원,excl,4
2026-03-23_NH투자증권_삼성SDI,2026-03-23,NH투자증권,삼성SDI,중대형전지,중대형,2025,4Q,영업이익,-289,십억원,excl,4
2026-03-23_NH투자증권_삼성SDI,2026-03-23,NH투자증권,삼성SDI,중대형전지,중대형,2026,1Q,영업이익,-270,십억원,excl,4
2026-03-23_NH투자증권_삼성SDI,2026-03-23,NH투자증권,삼성SDI,중대형전지,중대형,2026,2Q,영업이익,-248,십억원,excl,4
2026-03-23_NH투자증권_삼성SDI,2026-03-23,NH투자증권,삼성SDI,중대형전지,중대형,2026,3Q,영업이익,-238,십억원,excl,4
2026-03-23_NH투자증권_삼성SDI,2026-03-23,NH투자증권,삼성SDI,중대형전지,중대형,2026,4Q,영업이익,-248,십억원,excl,4
2026-03-23_NH투자증권_삼성SDI,2026-03-23,NH투자증권,삼성SDI,전자재료,전자재료,2025,FY,매출,883,십억원,na,4
2026-03-23_NH투자증권_삼성SDI,2026-03-23,NH투자증권,삼성SDI,전자재료,전자재료,2026,FY,매출,971,십억원,na,4
2026-03-23_NH투자증권_삼성SDI,2026-03-23,NH투자증권,삼성SDI,전자재료,전자재료,2027,FY,매출,1010,십억원,na,4
2026-03-23_NH투자증권_삼성SDI,2026-03-23,NH투자증권,삼성SDI,전자재료,전자재료,2025,1Q,매출,196,십억원,na,4
2026-03-23_NH투자증권_삼성SDI,2026-03-23,NH투자증권,삼성SDI,전자재료,전자재료,2025,2Q,매출,218,십억원,na,4
2026-03-23_NH투자증권_삼성SDI,2026-03-23,NH투자증권,삼성SDI,전자재료,전자재료,2025,3Q,매출,232,십억원,na,4
2026-03-23_NH투자증권_삼성SDI,2026-03-23,NH투자증권,삼성SDI,전자재료,전자재료,2025,4Q,매출,237,십억원,na,4
2026-03-23_NH투자증권_삼성SDI,2026-03-23,NH투자증권,삼성SDI,전자재료,전자재료,2026,1Q,매출,208,십억원,na,4
2026-03-23_NH투자증권_삼성SDI,2026-03-23,NH투자증권,삼성SDI,전자재료,전자재료,2026,2Q,매출,228,십억원,na,4
2026-03-23_NH투자증권_삼성SDI,2026-03-23,NH투자증권,삼성SDI,전자재료,전자재료,2026,3Q,매출,255,십억원,na,4
2026-03-23_NH투자증권_삼성SDI,2026-03-23,NH투자증권,삼성SDI,전자재료,전자재료,2026,4Q,매출,280,십억원,na,4
2026-03-23_NH투자증권_삼성SDI,2026-03-23,NH투자증권,삼성SDI,전자재료,전자재료,2024,FY,영업이익,145.6,십억원,na,6
2026-03-23_NH투자증권_삼성SDI,2026-03-23,NH투자증권,삼성SDI,전자재료,전자재료,2025,FY,영업이익,129,십억원,na,4
2026-03-23_NH투자증권_삼성SDI,2026-03-23,NH투자증권,삼성SDI,전자재료,전자재료,2026,FY,영업이익,141,십억원,na,4
2026-03-23_NH투자증권_삼성SDI,2026-03-23,NH투자증권,삼성SDI,전자재료,전자재료,2027,FY,영업이익,165,십억원,na,4
2026-03-23_NH투자증권_삼성SDI,2026-03-23,NH투자증권,삼성SDI,전자재료,전자재료,2025,1Q,영업이익,18,십억원,na,4
2026-03-23_NH투자증권_삼성SDI,2026-03-23,NH투자증권,삼성SDI,전자재료,전자재료,2025,2Q,영업이익,33,십억원,na,4
2026-03-23_NH투자증권_삼성SDI,2026-03-23,NH투자증권,삼성SDI,전자재료,전자재료,2025,3Q,영업이익,39,십억원,na,4
2026-03-23_NH투자증권_삼성SDI,2026-03-23,NH투자증권,삼성SDI,전자재료,전자재료,2025,4Q,영업이익,39,십억원,na,4
2026-03-23_NH투자증권_삼성SDI,2026-03-23,NH투자증권,삼성SDI,전자재료,전자재료,2026,1Q,영업이익,21,십억원,na,4
2026-03-23_NH투자증권_삼성SDI,2026-03-23,NH투자증권,삼성SDI,전자재료,전자재료,2026,2Q,영업이익,30,십억원,na,4
2026-03-23_NH투자증권_삼성SDI,2026-03-23,NH투자증권,삼성SDI,전자재료,전자재료,2026,3Q,영업이익,43,십억원,na,4
2026-03-23_NH투자증권_삼성SDI,2026-03-23,NH투자증권,삼성SDI,전자재료,전자재료,2026,4Q,영업이익,48,십억원,na,4
2026-03-23_NH투자증권_삼성SDI,2026-03-23,NH투자증권,삼성SDI,AMPC,중대형,2025,FY,AMPC,265,십억원,na,4
2026-03-23_NH투자증권_삼성SDI,2026-03-23,NH투자증권,삼성SDI,AMPC,중대형,2026,FY,AMPC,649,십억원,na,4
2026-03-23_NH투자증권_삼성SDI,2026-03-23,NH투자증권,삼성SDI,AMPC,중대형,2027,FY,AMPC,1206,십억원,na,4
2026-03-23_NH투자증권_삼성SDI,2026-03-23,NH투자증권,삼성SDI,AMPC,중대형,2025,1Q,AMPC,109,십억원,na,4
2026-03-23_NH투자증권_삼성SDI,2026-03-23,NH투자증권,삼성SDI,AMPC,중대형,2025,2Q,AMPC,66,십억원,na,4
2026-03-23_NH투자증권_삼성SDI,2026-03-23,NH투자증권,삼성SDI,AMPC,중대형,2025,3Q,AMPC,20,십억원,na,4
2026-03-23_NH투자증권_삼성SDI,2026-03-23,NH투자증권,삼성SDI,AMPC,중대형,2025,4Q,AMPC,80,십억원,na,4
2026-03-23_NH투자증권_삼성SDI,2026-03-23,NH투자증권,삼성SDI,AMPC,중대형,2026,1Q,AMPC,85,십억원,na,4
2026-03-23_NH투자증권_삼성SDI,2026-03-23,NH투자증권,삼성SDI,AMPC,중대형,2026,2Q,AMPC,117,십억원,na,4
2026-03-23_NH투자증권_삼성SDI,2026-03-23,NH투자증권,삼성SDI,AMPC,중대형,2026,3Q,AMPC,175,십억원,na,4
2026-03-23_NH투자증권_삼성SDI,2026-03-23,NH투자증권,삼성SDI,AMPC,중대형,2026,4Q,AMPC,271,십억원,na,4
2026-03-23_NH투자증권_삼성SDI,2026-03-23,NH투자증권,삼성SDI,"AMPC 유입금액(미국판매량 기준, 표4)",중대형,2024,FY,AMPC,66.7,십억원,na,5
2026-03-23_NH투자증권_삼성SDI,2026-03-23,NH투자증권,삼성SDI,"AMPC 유입금액(미국판매량 기준, 표4)",중대형,2025,FY,AMPC,196.4,십억원,na,5
2026-03-23_NH투자증권_삼성SDI,2026-03-23,NH투자증권,삼성SDI,"AMPC 유입금액(미국판매량 기준, 표4)",중대형,2026,FY,AMPC,463.5,십억원,na,5
2026-03-23_NH투자증권_삼성SDI,2026-03-23,NH투자증권,삼성SDI,"AMPC 유입금액(미국판매량 기준, 표4)",중대형,2027,FY,AMPC,893.5,십억원,na,5
2026-03-23_NH투자증권_삼성SDI,2026-03-23,NH투자증권,삼성SDI,ESS 매출액,ESS,2025,FY,매출,2973,십억원,na,5
2026-03-23_NH투자증권_삼성SDI,2026-03-23,NH투자증권,삼성SDI,ESS 매출액,ESS,2026,FY,매출,4554,십억원,na,5
2026-03-23_NH투자증권_삼성SDI,2026-03-23,NH투자증권,삼성SDI,ESS 매출액,ESS,2027,FY,매출,6765,십억원,na,5
2026-03-23_NH투자증권_삼성SDI,2026-03-23,NH투자증권,삼성SDI,ESS 영업이익,ESS,2025,FY,영업이익,51,십억원,incl,5
2026-03-23_NH투자증권_삼성SDI,2026-03-23,NH투자증권,삼성SDI,ESS 영업이익,ESS,2026,FY,영업이익,462,십억원,incl,5
2026-03-23_NH투자증권_삼성SDI,2026-03-23,NH투자증권,삼성SDI,ESS 영업이익,ESS,2027,FY,영업이익,951,십억원,incl,5
2026-03-24_키움증권_LGES,2026-03-24,키움증권,LGES,매출액,전사,2025,1Q,매출,6265.0,십억원,excl,90
2026-03-24_키움증권_LGES,2026-03-24,키움증권,LGES,중대형,중대형,2025,1Q,매출,4134.9,십억원,excl,90
2026-03-24_키움증권_LGES,2026-03-24,키움증권,LGES,소형,소형,2025,1Q,매출,1654.0,십억원,excl,90
2026-03-24_키움증권_LGES,2026-03-24,키움증권,LGES,ESS,ESS,2025,1Q,매출,476.1,십억원,excl,90
2026-03-24_키움증권_LGES,2026-03-24,키움증권,LGES,영업이익(AMPC 제외),전사,2025,1Q,영업이익,-83.0,십억원,excl,90
2026-03-24_키움증권_LGES,2026-03-24,키움증권,LGES,중대형,중대형,2025,1Q,영업이익,-82.7,십억원,excl,90
2026-03-24_키움증권_LGES,2026-03-24,키움증권,LGES,소형,소형,2025,1Q,영업이익,92.8,십억원,excl,90
2026-03-24_키움증권_LGES,2026-03-24,키움증권,LGES,ESS,ESS,2025,1Q,영업이익,-93.1,십억원,excl,90
2026-03-24_키움증권_LGES,2026-03-24,키움증권,LGES,AMPC,전사,2025,1Q,AMPC,457.7,십억원,na,90
2026-03-24_키움증권_LGES,2026-03-24,키움증권,LGES,합계(영업이익+AMPC),전사,2025,1Q,영업이익,374.7,십억원,incl,90
2026-03-24_키움증권_LGES,2026-03-24,키움증권,LGES,매출액,전사,2025,2Q,매출,5565,십억원,excl,90
2026-03-24_키움증권_LGES,2026-03-24,키움증권,LGES,중대형,중대형,2025,2Q,매출,3534.0,십억원,excl,90
2026-03-24_키움증권_LGES,2026-03-24,키움증권,LGES,소형,소형,2025,2Q,매출,1614.0,십억원,excl,90
2026-03-24_키움증권_LGES,2026-03-24,키움증권,LGES,ESS,ESS,2025,2Q,매출,417.4,십억원,excl,90
2026-03-24_키움증권_LGES,2026-03-24,키움증권,LGES,영업이익(AMPC 제외),전사,2025,2Q,영업이익,1.4,십억원,excl,90
2026-03-24_키움증권_LGES,2026-03-24,키움증권,LGES,중대형,중대형,2025,2Q,영업이익,-70.7,십억원,excl,90
2026-03-24_키움증권_LGES,2026-03-24,키움증권,LGES,소형,소형,2025,2Q,영업이익,72.0,십억원,excl,90
2026-03-24_키움증권_LGES,2026-03-24,키움증권,LGES,ESS,ESS,2025,2Q,영업이익,0.1,십억원,excl,90
2026-03-24_키움증권_LGES,2026-03-24,키움증권,LGES,AMPC,전사,2025,2Q,AMPC,490.8,십억원,na,90
2026-03-24_키움증권_LGES,2026-03-24,키움증권,LGES,합계(영업이익+AMPC),전사,2025,2Q,영업이익,492.2,십억원,incl,90
2026-03-24_키움증권_LGES,2026-03-24,키움증권,LGES,매출액,전사,2025,3Q,매출,5700,십억원,excl,90
2026-03-24_키움증권_LGES,2026-03-24,키움증권,LGES,중대형,중대형,2025,3Q,매출,3442.7,십억원,excl,90
2026-03-24_키움증권_LGES,2026-03-24,키움증권,LGES,소형,소형,2025,3Q,매출,1687.2,십억원,excl,90
2026-03-24_키움증권_LGES,2026-03-24,키움증권,LGES,ESS,ESS,2025,3Q,매출,570.0,십억원,excl,90
2026-03-24_키움증권_LGES,2026-03-24,키움증권,LGES,영업이익(AMPC 제외),전사,2025,3Q,영업이익,235.8,십억원,excl,90
2026-03-24_키움증권_LGES,2026-03-24,키움증권,LGES,중대형,중대형,2025,3Q,영업이익,106.7,십억원,excl,90
2026-03-24_키움증권_LGES,2026-03-24,키움증권,LGES,소형,소형,2025,3Q,영업이익,100.0,십억원,excl,90
2026-03-24_키움증권_LGES,2026-03-24,키움증권,LGES,ESS,ESS,2025,3Q,영업이익,29.1,십억원,excl,90
2026-03-24_키움증권_LGES,2026-03-24,키움증권,LGES,AMPC,전사,2025,3Q,AMPC,365.5,십억원,na,90
2026-03-24_키움증권_LGES,2026-03-24,키움증권,LGES,합계(영업이익+AMPC),전사,2025,3Q,영업이익,601.3,십억원,incl,90
2026-03-24_키움증권_LGES,2026-03-24,키움증권,LGES,매출액,전사,2025,4Q,매출,6141,십억원,excl,90
2026-03-24_키움증권_LGES,2026-03-24,키움증권,LGES,중대형,중대형,2025,4Q,매출,2825.1,십억원,excl,90
2026-03-24_키움증권_LGES,2026-03-24,키움증권,LGES,소형,소형,2025,4Q,매출,1965.3,십억원,excl,90
2026-03-24_키움증권_LGES,2026-03-24,키움증권,LGES,ESS,ESS,2025,4Q,매출,1351.1,십억원,excl,90
2026-03-24_키움증권_LGES,2026-03-24,키움증권,LGES,영업이익(AMPC 제외),전사,2025,4Q,영업이익,-454.8,십억원,excl,90
2026-03-24_키움증권_LGES,2026-03-24,키움증권,LGES,중대형,중대형,2025,4Q,영업이익,-470.8,십억원,excl,90
2026-03-24_키움증권_LGES,2026-03-24,키움증권,LGES,소형,소형,2025,4Q,영업이익,137.6,십억원,excl,90
2026-03-24_키움증권_LGES,2026-03-24,키움증권,LGES,ESS,ESS,2025,4Q,영업이익,-121.6,십억원,excl,90
2026-03-24_키움증권_LGES,2026-03-24,키움증권,LGES,AMPC,전사,2025,4Q,AMPC,332.8,십억원,na,90
2026-03-24_키움증권_LGES,2026-03-24,키움증권,LGES,합계(영업이익+AMPC),전사,2025,4Q,영업이익,-122.0,십억원,incl,90
2026-03-24_키움증권_LGES,2026-03-24,키움증권,LGES,매출액,전사,2026,1Q,매출,5851.7,십억원,excl,90
2026-03-24_키움증권_LGES,2026-03-24,키움증권,LGES,중대형,중대형,2026,1Q,매출,2146.3,십억원,excl,90
2026-03-24_키움증권_LGES,2026-03-24,키움증권,LGES,소형,소형,2026,1Q,매출,1935.4,십억원,excl,90
2026-03-24_키움증권_LGES,2026-03-24,키움증권,LGES,ESS,ESS,2026,1Q,매출,1770.0,십억원,excl,90
2026-03-24_키움증권_LGES,2026-03-24,키움증권,LGES,영업이익(AMPC 제외),전사,2026,1Q,영업이익,-415.1,십억원,excl,90
2026-03-24_키움증권_LGES,2026-03-24,키움증권,LGES,중대형,중대형,2026,1Q,영업이익,-547.3,십억원,excl,90
2026-03-24_키움증권_LGES,2026-03-24,키움증권,LGES,소형,소형,2026,1Q,영업이익,96.8,십억원,excl,90
2026-03-24_키움증권_LGES,2026-03-24,키움증권,LGES,ESS,ESS,2026,1Q,영업이익,35.4,십억원,excl,90
2026-03-24_키움증권_LGES,2026-03-24,키움증권,LGES,AMPC,전사,2026,1Q,AMPC,210.2,십억원,na,90
2026-03-24_키움증권_LGES,2026-03-24,키움증권,LGES,합계(영업이익+AMPC),전사,2026,1Q,영업이익,-204.9,십억원,incl,90
2026-03-24_키움증권_LGES,2026-03-24,키움증권,LGES,매출액,전사,2026,2Q,매출,6052.5,십억원,excl,90
2026-03-24_키움증권_LGES,2026-03-24,키움증권,LGES,중대형,중대형,2026,2Q,매출,2197.1,십억원,excl,90
2026-03-24_키움증권_LGES,2026-03-24,키움증권,LGES,소형,소형,2026,2Q,매출,1820.0,십억원,excl,90
2026-03-24_키움증권_LGES,2026-03-24,키움증권,LGES,ESS,ESS,2026,2Q,매출,2035.5,십억원,excl,90
2026-03-24_키움증권_LGES,2026-03-24,키움증권,LGES,영업이익(AMPC 제외),전사,2026,2Q,영업이익,-175.9,십억원,excl,90
2026-03-24_키움증권_LGES,2026-03-24,키움증권,LGES,중대형,중대형,2026,2Q,영업이익,-307.6,십억원,excl,90
2026-03-24_키움증권_LGES,2026-03-24,키움증권,LGES,소형,소형,2026,2Q,영업이익,91.0,십억원,excl,90
2026-03-24_키움증권_LGES,2026-03-24,키움증권,LGES,ESS,ESS,2026,2Q,영업이익,40.7,십억원,excl,90
2026-03-24_키움증권_LGES,2026-03-24,키움증권,LGES,AMPC,전사,2026,2Q,AMPC,280.3,십억원,na,90
2026-03-24_키움증권_LGES,2026-03-24,키움증권,LGES,합계(영업이익+AMPC),전사,2026,2Q,영업이익,104.4,십억원,incl,90
2026-03-24_키움증권_LGES,2026-03-24,키움증권,LGES,매출액,전사,2026,3Q,매출,6747.2,십억원,excl,90
2026-03-24_키움증권_LGES,2026-03-24,키움증권,LGES,중대형,중대형,2026,3Q,매출,2452.6,십억원,excl,90
2026-03-24_키움증권_LGES,2026-03-24,키움증권,LGES,소형,소형,2026,3Q,매출,1892.8,십억원,excl,90
2026-03-24_키움증권_LGES,2026-03-24,키움증권,LGES,ESS,ESS,2026,3Q,매출,2401.9,십억원,excl,90
2026-03-24_키움증권_LGES,2026-03-24,키움증권,LGES,영업이익(AMPC 제외),전사,2026,3Q,영업이익,130.2,십억원,excl,90
2026-03-24_키움증권_LGES,2026-03-24,키움증권,LGES,중대형,중대형,2026,3Q,영업이익,-24.5,십억원,excl,90
2026-03-24_키움증권_LGES,2026-03-24,키움증권,LGES,소형,소형,2026,3Q,영업이익,94.6,십억원,excl,90
2026-03-24_키움증권_LGES,2026-03-24,키움증권,LGES,ESS,ESS,2026,3Q,영업이익,60.0,십억원,excl,90
2026-03-24_키움증권_LGES,2026-03-24,키움증권,LGES,AMPC,전사,2026,3Q,AMPC,420.4,십억원,na,90
2026-03-24_키움증권_LGES,2026-03-24,키움증권,LGES,합계(영업이익+AMPC),전사,2026,3Q,영업이익,550.6,십억원,incl,90
2026-03-24_키움증권_LGES,2026-03-24,키움증권,LGES,매출액,전사,2026,4Q,매출,7448.4,십억원,excl,90
2026-03-24_키움증권_LGES,2026-03-24,키움증권,LGES,중대형,중대형,2026,4Q,매출,2861.3,십억원,excl,90
2026-03-24_키움증권_LGES,2026-03-24,키움증권,LGES,소형,소형,2026,4Q,매출,1945.0,십억원,excl,90
2026-03-24_키움증권_LGES,2026-03-24,키움증권,LGES,ESS,ESS,2026,4Q,매출,2642.0,십억원,excl,90
2026-03-24_키움증권_LGES,2026-03-24,키움증권,LGES,영업이익(AMPC 제외),전사,2026,4Q,영업이익,220.5,십억원,excl,90
2026-03-24_키움증권_LGES,2026-03-24,키움증권,LGES,중대형,중대형,2026,4Q,영업이익,57.2,십억원,excl,90
2026-03-24_키움증권_LGES,2026-03-24,키움증권,LGES,소형,소형,2026,4Q,영업이익,97.3,십억원,excl,90
2026-03-24_키움증권_LGES,2026-03-24,키움증권,LGES,ESS,ESS,2026,4Q,영업이익,66.1,십억원,excl,90
2026-03-24_키움증권_LGES,2026-03-24,키움증권,LGES,AMPC,전사,2026,4Q,AMPC,525.5,십억원,na,90
2026-03-24_키움증권_LGES,2026-03-24,키움증권,LGES,합계(영업이익+AMPC),전사,2026,4Q,영업이익,746.1,십억원,incl,90
2026-03-24_키움증권_LGES,2026-03-24,키움증권,LGES,매출액,전사,2024,FY,매출,25619.6,십억원,excl,90
2026-03-24_키움증권_LGES,2026-03-24,키움증권,LGES,중대형,중대형,2024,FY,매출,16421.3,십억원,excl,90
2026-03-24_키움증권_LGES,2026-03-24,키움증권,LGES,소형,소형,2024,FY,매출,7271.5,십억원,excl,90
2026-03-24_키움증권_LGES,2026-03-24,키움증권,LGES,ESS,ESS,2024,FY,매출,1926.7,십억원,excl,90
2026-03-24_키움증권_LGES,2026-03-24,키움증권,LGES,영업이익(AMPC 제외),전사,2024,FY,영업이익,-904.6,십억원,excl,90
2026-03-24_키움증권_LGES,2026-03-24,키움증권,LGES,중대형,중대형,2024,FY,영업이익,-827.6,십억원,excl,90
2026-03-24_키움증권_LGES,2026-03-24,키움증권,LGES,소형,소형,2024,FY,영업이익,160.6,십억원,excl,90
2026-03-24_키움증권_LGES,2026-03-24,키움증권,LGES,ESS,ESS,2024,FY,영업이익,-237.5,십억원,excl,90
2026-03-24_키움증권_LGES,2026-03-24,키움증권,LGES,AMPC,전사,2024,FY,AMPC,1479.9,십억원,na,91
2026-03-24_키움증권_LGES,2026-03-24,키움증권,LGES,합계(영업이익+AMPC),전사,2024,FY,영업이익,575.4,십억원,incl,90
2026-03-24_키움증권_LGES,2026-03-24,키움증권,LGES,매출액,전사,2025,FY,매출,23671.8,십억원,excl,90
2026-03-24_키움증권_LGES,2026-03-24,키움증권,LGES,중대형,중대형,2025,FY,매출,13936.7,십억원,excl,90
2026-03-24_키움증권_LGES,2026-03-24,키움증권,LGES,소형,소형,2025,FY,매출,6920.4,십억원,excl,90
2026-03-24_키움증권_LGES,2026-03-24,키움증권,LGES,ESS,ESS,2025,FY,매출,2814.6,십억원,excl,90
2026-03-24_키움증권_LGES,2026-03-24,키움증권,LGES,영업이익(AMPC 제외),전사,2025,FY,영업이익,-300.6,십억원,excl,90
2026-03-24_키움증권_LGES,2026-03-24,키움증권,LGES,중대형,중대형,2025,FY,영업이익,-517.5,십억원,excl,90
2026-03-24_키움증권_LGES,2026-03-24,키움증권,LGES,소형,소형,2025,FY,영업이익,402.4,십억원,excl,90
2026-03-24_키움증권_LGES,2026-03-24,키움증권,LGES,ESS,ESS,2025,FY,영업이익,-185.6,십억원,excl,90
2026-03-24_키움증권_LGES,2026-03-24,키움증권,LGES,AMPC,전사,2025,FY,AMPC,1646.8,십억원,na,91
2026-03-24_키움증권_LGES,2026-03-24,키움증권,LGES,합계(영업이익+AMPC),전사,2025,FY,영업이익,1346.1,십억원,incl,90
2026-03-24_키움증권_LGES,2026-03-24,키움증권,LGES,매출액,전사,2026,FY,매출,26099.8,십억원,excl,90
2026-03-24_키움증권_LGES,2026-03-24,키움증권,LGES,중대형,중대형,2026,FY,매출,9657.3,십억원,excl,90
2026-03-24_키움증권_LGES,2026-03-24,키움증권,LGES,소형,소형,2026,FY,매출,7593.1,십억원,excl,90
2026-03-24_키움증권_LGES,2026-03-24,키움증권,LGES,ESS,ESS,2026,FY,매출,8849.3,십억원,excl,90
2026-03-24_키움증권_LGES,2026-03-24,키움증권,LGES,영업이익(AMPC 제외),전사,2026,FY,영업이익,-240.3,십억원,excl,90
2026-03-24_키움증권_LGES,2026-03-24,키움증권,LGES,중대형,중대형,2026,FY,영업이익,-822.2,십억원,excl,90
2026-03-24_키움증권_LGES,2026-03-24,키움증권,LGES,소형,소형,2026,FY,영업이익,379.7,십억원,excl,90
2026-03-24_키움증권_LGES,2026-03-24,키움증권,LGES,ESS,ESS,2026,FY,영업이익,202.2,십억원,excl,90
2026-03-24_키움증권_LGES,2026-03-24,키움증권,LGES,AMPC,전사,2026,FY,AMPC,1435.6,십억원,na,91
2026-03-24_키움증권_LGES,2026-03-24,키움증권,LGES,합계(영업이익+AMPC),전사,2026,FY,영업이익,1195.2,십억원,incl,90
2026-03-24_키움증권_LGES,2026-03-24,키움증권,LGES,매출액,전사,2027,FY,매출,38898.2,십억원,excl,89
2026-03-24_키움증권_LGES,2026-03-24,키움증권,LGES,"영업이익(연결, 손익계산서)",전사,2027,FY,영업이익,4981.1,십억원,incl,89
2026-03-24_키움증권_LGES,2026-03-24,키움증권,LGES,AMPC,전사,2027,FY,AMPC,3454.9,십억원,na,91
2026-03-24_키움증권_삼성SDI,2026-03-24,키움증권,삼성SDI,매출액,전사,2024,FY,매출,16592.2,십억원,na,1
2026-03-24_키움증권_삼성SDI,2026-03-24,키움증권,삼성SDI,매출액,전사,2025,FY,매출,13266.7,십억원,na,2
2026-03-24_키움증권_삼성SDI,2026-03-24,키움증권,삼성SDI,매출액,전사,2026,FY,매출,14722.5,십억원,na,2
2026-03-24_키움증권_삼성SDI,2026-03-24,키움증권,삼성SDI,매출액,전사,2027,FY,매출,18926.4,십억원,na,1
2026-03-24_키움증권_삼성SDI,2026-03-24,키움증권,삼성SDI,영업이익,전사,2024,FY,영업이익,363.3,십억원,incl,1
2026-03-24_키움증권_삼성SDI,2026-03-24,키움증권,삼성SDI,영업이익,전사,2025,FY,영업이익,-1722.4,십억원,incl,2
2026-03-24_키움증권_삼성SDI,2026-03-24,키움증권,삼성SDI,영업이익,전사,2026,FY,영업이익,-481.9,십억원,incl,2
2026-03-24_키움증권_삼성SDI,2026-03-24,키움증권,삼성SDI,영업이익,전사,2027,FY,영업이익,1561.9,십억원,incl,1
2026-03-24_키움증권_삼성SDI,2026-03-24,키움증권,삼성SDI,매출액,전사,2025,1Q,매출,3176.8,십억원,na,2
2026-03-24_키움증권_삼성SDI,2026-03-24,키움증권,삼성SDI,매출액,전사,2025,2Q,매출,3179.4,십억원,na,2
2026-03-24_키움증권_삼성SDI,2026-03-24,키움증권,삼성SDI,매출액,전사,2025,3Q,매출,3051.8,십억원,na,2
2026-03-24_키움증권_삼성SDI,2026-03-24,키움증권,삼성SDI,매출액,전사,2025,4Q,매출,3858.7,십억원,na,2
2026-03-24_키움증권_삼성SDI,2026-03-24,키움증권,삼성SDI,매출액,전사,2026,1Q,매출,3546.4,십억원,na,2
2026-03-24_키움증권_삼성SDI,2026-03-24,키움증권,삼성SDI,매출액,전사,2026,2Q,매출,3637.4,십억원,na,2
2026-03-24_키움증권_삼성SDI,2026-03-24,키움증권,삼성SDI,매출액,전사,2026,3Q,매출,3711.0,십억원,na,2
2026-03-24_키움증권_삼성SDI,2026-03-24,키움증권,삼성SDI,매출액,전사,2026,4Q,매출,3827.7,십억원,na,2
2026-03-24_키움증권_삼성SDI,2026-03-24,키움증권,삼성SDI,영업이익(AMPC 포함),전사,2025,1Q,영업이익,-434.1,십억원,incl,2
2026-03-24_키움증권_삼성SDI,2026-03-24,키움증권,삼성SDI,영업이익(AMPC 포함),전사,2025,2Q,영업이익,-397.8,십억원,incl,2
2026-03-24_키움증권_삼성SDI,2026-03-24,키움증권,삼성SDI,영업이익(AMPC 포함),전사,2025,3Q,영업이익,-591.3,십억원,incl,2
2026-03-24_키움증권_삼성SDI,2026-03-24,키움증권,삼성SDI,영업이익(AMPC 포함),전사,2025,4Q,영업이익,-299.2,십억원,incl,2
2026-03-24_키움증권_삼성SDI,2026-03-24,키움증권,삼성SDI,영업이익(AMPC 포함),전사,2026,1Q,영업이익,-247.8,십억원,incl,2
2026-03-24_키움증권_삼성SDI,2026-03-24,키움증권,삼성SDI,영업이익(AMPC 포함),전사,2026,2Q,영업이익,-147.3,십억원,incl,2
2026-03-24_키움증권_삼성SDI,2026-03-24,키움증권,삼성SDI,영업이익(AMPC 포함),전사,2026,3Q,영업이익,-89.7,십억원,incl,2
2026-03-24_키움증권_삼성SDI,2026-03-24,키움증권,삼성SDI,영업이익(AMPC 포함),전사,2026,4Q,영업이익,2.9,십억원,incl,2
2026-03-24_키움증권_삼성SDI,2026-03-24,키움증권,삼성SDI,소형전지,소형,2025,FY,매출,3774.1,십억원,na,2
2026-03-24_키움증권_삼성SDI,2026-03-24,키움증권,삼성SDI,소형전지,소형,2026,FY,매출,4479.0,십억원,na,2
2026-03-24_키움증권_삼성SDI,2026-03-24,키움증권,삼성SDI,소형전지,소형,2025,1Q,매출,775.0,십억원,na,2
2026-03-24_키움증권_삼성SDI,2026-03-24,키움증권,삼성SDI,소형전지,소형,2025,2Q,매출,947.6,십억원,na,2
2026-03-24_키움증권_삼성SDI,2026-03-24,키움증권,삼성SDI,소형전지,소형,2025,3Q,매출,1001.1,십억원,na,2
2026-03-24_키움증권_삼성SDI,2026-03-24,키움증권,삼성SDI,소형전지,소형,2025,4Q,매출,1050.4,십억원,na,2
2026-03-24_키움증권_삼성SDI,2026-03-24,키움증권,삼성SDI,소형전지,소형,2026,1Q,매출,1085.3,십억원,na,2
2026-03-24_키움증권_삼성SDI,2026-03-24,키움증권,삼성SDI,소형전지,소형,2026,2Q,매출,1109.6,십억원,na,2
2026-03-24_키움증권_삼성SDI,2026-03-24,키움증권,삼성SDI,소형전지,소형,2026,3Q,매출,1140.8,십억원,na,2
2026-03-24_키움증권_삼성SDI,2026-03-24,키움증권,삼성SDI,소형전지,소형,2026,4Q,매출,1143.3,십억원,na,2
2026-03-24_키움증권_삼성SDI,2026-03-24,키움증권,삼성SDI,소형전지,소형,2025,FY,영업이익,-493.5,십억원,excl,2
2026-03-24_키움증권_삼성SDI,2026-03-24,키움증권,삼성SDI,소형전지,소형,2026,FY,영업이익,-397.7,십억원,excl,2
2026-03-24_키움증권_삼성SDI,2026-03-24,키움증권,삼성SDI,소형전지,소형,2025,1Q,영업이익,-233.7,십억원,excl,2
2026-03-24_키움증권_삼성SDI,2026-03-24,키움증권,삼성SDI,소형전지,소형,2025,2Q,영업이익,-77.3,십억원,excl,2
2026-03-24_키움증권_삼성SDI,2026-03-24,키움증권,삼성SDI,소형전지,소형,2025,3Q,영업이익,-46.9,십억원,excl,2
2026-03-24_키움증권_삼성SDI,2026-03-24,키움증권,삼성SDI,소형전지,소형,2025,4Q,영업이익,-135.6,십억원,excl,2
2026-03-24_키움증권_삼성SDI,2026-03-24,키움증권,삼성SDI,소형전지,소형,2026,1Q,영업이익,-116.7,십억원,excl,2
2026-03-24_키움증권_삼성SDI,2026-03-24,키움증권,삼성SDI,소형전지,소형,2026,2Q,영업이익,-101.5,십억원,excl,2
2026-03-24_키움증권_삼성SDI,2026-03-24,키움증권,삼성SDI,소형전지,소형,2026,3Q,영업이익,-98.3,십억원,excl,2
2026-03-24_키움증권_삼성SDI,2026-03-24,키움증권,삼성SDI,소형전지,소형,2026,4Q,영업이익,-81.2,십억원,excl,2
2026-03-24_키움증권_삼성SDI,2026-03-24,키움증권,삼성SDI,중대형전지,중대형,2025,FY,매출,8610.0,십억원,na,2
2026-03-24_키움증권_삼성SDI,2026-03-24,키움증권,삼성SDI,중대형전지,중대형,2026,FY,매출,9308.8,십억원,na,2
2026-03-24_키움증권_삼성SDI,2026-03-24,키움증권,삼성SDI,중대형전지,중대형,2025,1Q,매출,2205.9,십억원,na,2
2026-03-24_키움증권_삼성SDI,2026-03-24,키움증권,삼성SDI,중대형전지,중대형,2025,2Q,매출,2013.6,십억원,na,2
2026-03-24_키움증권_삼성SDI,2026-03-24,키움증권,삼성SDI,중대형전지,중대형,2025,3Q,매출,1818.9,십억원,na,2
2026-03-24_키움증권_삼성SDI,2026-03-24,키움증권,삼성SDI,중대형전지,중대형,2025,4Q,매출,2571.6,십억원,na,2
2026-03-24_키움증권_삼성SDI,2026-03-24,키움증권,삼성SDI,중대형전지,중대형,2026,1Q,매출,2244.9,십억원,na,2
2026-03-24_키움증권_삼성SDI,2026-03-24,키움증권,삼성SDI,중대형전지,중대형,2026,2Q,매출,2298.4,십억원,na,2
2026-03-24_키움증권_삼성SDI,2026-03-24,키움증권,삼성SDI,중대형전지,중대형,2026,3Q,매출,2330.4,십억원,na,2
2026-03-24_키움증권_삼성SDI,2026-03-24,키움증권,삼성SDI,중대형전지,중대형,2026,4Q,매출,2435.0,십억원,na,2
2026-03-24_키움증권_삼성SDI,2026-03-24,키움증권,삼성SDI,중대형전지,중대형,2025,FY,영업이익,-1358.3,십억원,incl,2
2026-03-24_키움증권_삼성SDI,2026-03-24,키움증권,삼성SDI,중대형전지,중대형,2026,FY,영업이익,-245.1,십억원,incl,2
2026-03-24_키움증권_삼성SDI,2026-03-24,키움증권,삼성SDI,중대형전지,중대형,2025,1Q,영업이익,-218.8,십억원,incl,2
2026-03-24_키움증권_삼성SDI,2026-03-24,키움증권,삼성SDI,중대형전지,중대형,2025,2Q,영업이익,-353.5,십억원,incl,2
2026-03-24_키움증권_삼성SDI,2026-03-24,키움증권,삼성SDI,중대형전지,중대형,2025,3Q,영업이익,-583.2,십억원,incl,2
2026-03-24_키움증권_삼성SDI,2026-03-24,키움증권,삼성SDI,중대형전지,중대형,2025,4Q,영업이익,-202.8,십억원,incl,2
2026-03-24_키움증권_삼성SDI,2026-03-24,키움증권,삼성SDI,중대형전지,중대형,2026,1Q,영업이익,-158.1,십억원,incl,2
2026-03-24_키움증권_삼성SDI,2026-03-24,키움증권,삼성SDI,중대형전지,중대형,2026,2Q,영업이익,-80.7,십억원,incl,2
2026-03-24_키움증권_삼성SDI,2026-03-24,키움증권,삼성SDI,중대형전지,중대형,2026,3Q,영업이익,-38.7,십억원,incl,2
2026-03-24_키움증권_삼성SDI,2026-03-24,키움증권,삼성SDI,중대형전지,중대형,2026,4Q,영업이익,32.4,십억원,incl,2
2026-03-24_키움증권_삼성SDI,2026-03-24,키움증권,삼성SDI,전자재료,전자재료,2025,FY,매출,882.6,십억원,na,2
2026-03-24_키움증권_삼성SDI,2026-03-24,키움증권,삼성SDI,전자재료,전자재료,2026,FY,매출,934.8,십억원,na,2
2026-03-24_키움증권_삼성SDI,2026-03-24,키움증권,삼성SDI,전자재료,전자재료,2025,1Q,매출,195.9,십억원,na,2
2026-03-24_키움증권_삼성SDI,2026-03-24,키움증권,삼성SDI,전자재료,전자재료,2025,2Q,매출,218.2,십억원,na,2
2026-03-24_키움증권_삼성SDI,2026-03-24,키움증권,삼성SDI,전자재료,전자재료,2025,3Q,매출,231.8,십억원,na,2
2026-03-24_키움증권_삼성SDI,2026-03-24,키움증권,삼성SDI,전자재료,전자재료,2025,4Q,매출,236.7,십억원,na,2
2026-03-24_키움증권_삼성SDI,2026-03-24,키움증권,삼성SDI,전자재료,전자재료,2026,1Q,매출,216.2,십억원,na,2
2026-03-24_키움증권_삼성SDI,2026-03-24,키움증권,삼성SDI,전자재료,전자재료,2026,2Q,매출,229.4,십억원,na,2
2026-03-24_키움증권_삼성SDI,2026-03-24,키움증권,삼성SDI,전자재료,전자재료,2026,3Q,매출,239.8,십억원,na,2
2026-03-24_키움증권_삼성SDI,2026-03-24,키움증권,삼성SDI,전자재료,전자재료,2026,4Q,매출,249.4,십억원,na,2
2026-03-24_키움증권_삼성SDI,2026-03-24,키움증권,삼성SDI,전자재료,전자재료,2025,FY,영업이익,129.4,십억원,na,2
2026-03-24_키움증권_삼성SDI,2026-03-24,키움증권,삼성SDI,전자재료,전자재료,2026,FY,영업이익,160.9,십억원,na,2
2026-03-24_키움증권_삼성SDI,2026-03-24,키움증권,삼성SDI,전자재료,전자재료,2025,1Q,영업이익,18.3,십억원,na,2
2026-03-24_키움증권_삼성SDI,2026-03-24,키움증권,삼성SDI,전자재료,전자재료,2025,2Q,영업이익,33.0,십억원,na,2
2026-03-24_키움증권_삼성SDI,2026-03-24,키움증권,삼성SDI,전자재료,전자재료,2025,3Q,영업이익,38.8,십억원,na,2
2026-03-24_키움증권_삼성SDI,2026-03-24,키움증권,삼성SDI,전자재료,전자재료,2025,4Q,영업이익,39.3,십억원,na,2
2026-03-24_키움증권_삼성SDI,2026-03-24,키움증권,삼성SDI,전자재료,전자재료,2026,1Q,영업이익,27.0,십억원,na,2
2026-03-24_키움증권_삼성SDI,2026-03-24,키움증권,삼성SDI,전자재료,전자재료,2026,2Q,영업이익,34.9,십억원,na,2
2026-03-24_키움증권_삼성SDI,2026-03-24,키움증권,삼성SDI,전자재료,전자재료,2026,3Q,영업이익,47.4,십억원,na,2
2026-03-24_키움증권_삼성SDI,2026-03-24,키움증권,삼성SDI,전자재료,전자재료,2026,4Q,영업이익,51.6,십억원,na,2
2026-03-24_키움증권_삼성SDI,2026-03-24,키움증권,삼성SDI,AMPC,중대형,2025,FY,AMPC,275.1,십억원,na,2
2026-03-24_키움증권_삼성SDI,2026-03-24,키움증권,삼성SDI,AMPC,중대형,2026,FY,AMPC,483,십억원,na,2
2026-03-24_키움증권_삼성SDI,2026-03-24,키움증권,삼성SDI,AMPC,중대형,2025,1Q,AMPC,109.4,십억원,na,2
2026-03-24_키움증권_삼성SDI,2026-03-24,키움증권,삼성SDI,AMPC,중대형,2025,2Q,AMPC,66.4,십억원,na,2
2026-03-24_키움증권_삼성SDI,2026-03-24,키움증권,삼성SDI,AMPC,중대형,2025,3Q,AMPC,19.5,십억원,na,2
2026-03-24_키움증권_삼성SDI,2026-03-24,키움증권,삼성SDI,AMPC,중대형,2025,4Q,AMPC,79.8,십억원,na,2
2026-03-24_키움증권_삼성SDI,2026-03-24,키움증권,삼성SDI,AMPC,중대형,2026,1Q,AMPC,84.4,십억원,na,2
2026-03-24_키움증권_삼성SDI,2026-03-24,키움증권,삼성SDI,AMPC,중대형,2026,2Q,AMPC,102.6,십억원,na,2
2026-03-24_키움증권_삼성SDI,2026-03-24,키움증권,삼성SDI,AMPC,중대형,2026,3Q,AMPC,124.5,십억원,na,2
2026-03-24_키움증권_삼성SDI,2026-03-24,키움증권,삼성SDI,AMPC,중대형,2026,4Q,AMPC,171.8,십억원,na,2
2026-03-24_한화투자증권_LGES,2026-03-24,한화투자증권,LGES,매출액,전사,2024,FY,매출,25620,십억원,excl,2
2026-03-24_한화투자증권_LGES,2026-03-24,한화투자증권,LGES,매출액,전사,2025,FY,매출,23672,십억원,excl,2
2026-03-24_한화투자증권_LGES,2026-03-24,한화투자증권,LGES,매출액,전사,2026,FY,매출,27853,십억원,excl,2
2026-03-24_한화투자증권_LGES,2026-03-24,한화투자증권,LGES,매출액,전사,2027,FY,매출,37098,십억원,excl,2
2026-03-24_한화투자증권_LGES,2026-03-24,한화투자증권,LGES,매출액,전사,2025,1Q,매출,6265,십억원,excl,2
2026-03-24_한화투자증권_LGES,2026-03-24,한화투자증권,LGES,매출액,전사,2025,2Q,매출,5565,십억원,excl,2
2026-03-24_한화투자증권_LGES,2026-03-24,한화투자증권,LGES,매출액,전사,2025,3Q,매출,5700,십억원,excl,2
2026-03-24_한화투자증권_LGES,2026-03-24,한화투자증권,LGES,매출액,전사,2025,4Q,매출,6142,십억원,excl,2
2026-03-24_한화투자증권_LGES,2026-03-24,한화투자증권,LGES,매출액,전사,2026,1Q,매출,5935,십억원,excl,2
2026-03-24_한화투자증권_LGES,2026-03-24,한화투자증권,LGES,매출액,전사,2026,2Q,매출,6164,십억원,excl,2
2026-03-24_한화투자증권_LGES,2026-03-24,한화투자증권,LGES,매출액,전사,2026,3Q,매출,7286,십억원,excl,2
2026-03-24_한화투자증권_LGES,2026-03-24,한화투자증권,LGES,매출액,전사,2026,4Q,매출,8196,십억원,excl,2
2026-03-24_한화투자증권_LGES,2026-03-24,한화투자증권,LGES,자동차전지,EV,2024,FY,매출,16572,십억원,excl,2
2026-03-24_한화투자증권_LGES,2026-03-24,한화투자증권,LGES,자동차전지,EV,2025,FY,매출,14129,십억원,excl,2
2026-03-24_한화투자증권_LGES,2026-03-24,한화투자증권,LGES,자동차전지,EV,2026,FY,매출,10527,십억원,excl,2
2026-03-24_한화투자증권_LGES,2026-03-24,한화투자증권,LGES,자동차전지,EV,2027,FY,매출,13939,십억원,excl,2
2026-03-24_한화투자증권_LGES,2026-03-24,한화투자증권,LGES,자동차전지,EV,2025,1Q,매출,4160,십억원,excl,2
2026-03-24_한화투자증권_LGES,2026-03-24,한화투자증권,LGES,자동차전지,EV,2025,2Q,매출,3634,십억원,excl,2
2026-03-24_한화투자증권_LGES,2026-03-24,한화투자증권,LGES,자동차전지,EV,2025,3Q,매출,3448,십억원,excl,2
2026-03-24_한화투자증권_LGES,2026-03-24,한화투자증권,LGES,자동차전지,EV,2025,4Q,매출,2887,십억원,excl,2
2026-03-24_한화투자증권_LGES,2026-03-24,한화투자증권,LGES,자동차전지,EV,2026,1Q,매출,2212,십억원,excl,2
2026-03-24_한화투자증권_LGES,2026-03-24,한화투자증권,LGES,자동차전지,EV,2026,2Q,매출,2242,십억원,excl,2
2026-03-24_한화투자증권_LGES,2026-03-24,한화투자증권,LGES,자동차전지,EV,2026,3Q,매출,2926,십억원,excl,2
2026-03-24_한화투자증권_LGES,2026-03-24,한화투자증권,LGES,자동차전지,EV,2026,4Q,매출,3147,십억원,excl,2
2026-03-24_한화투자증권_LGES,2026-03-24,한화투자증권,LGES,ESS,ESS,2024,FY,매출,1838,십억원,excl,2
2026-03-24_한화투자증권_LGES,2026-03-24,한화투자증권,LGES,ESS,ESS,2025,FY,매출,2764,십억원,excl,2
2026-03-24_한화투자증권_LGES,2026-03-24,한화투자증권,LGES,ESS,ESS,2026,FY,매출,9727,십억원,excl,2
2026-03-24_한화투자증권_LGES,2026-03-24,한화투자증권,LGES,ESS,ESS,2027,FY,매출,15254,십억원,excl,2
2026-03-24_한화투자증권_LGES,2026-03-24,한화투자증권,LGES,ESS,ESS,2025,1Q,매출,445,십억원,excl,2
2026-03-24_한화투자증권_LGES,2026-03-24,한화투자증권,LGES,ESS,ESS,2025,2Q,매출,401,십억원,excl,2
2026-03-24_한화투자증권_LGES,2026-03-24,한화투자증권,LGES,ESS,ESS,2025,3Q,매출,598,십억원,excl,2
2026-03-24_한화투자증권_LGES,2026-03-24,한화투자증권,LGES,ESS,ESS,2025,4Q,매출,1320,십억원,excl,2
2026-03-24_한화투자증권_LGES,2026-03-24,한화투자증권,LGES,ESS,ESS,2026,1Q,매출,1768,십억원,excl,2
2026-03-24_한화투자증권_LGES,2026-03-24,한화투자증권,LGES,ESS,ESS,2026,2Q,매출,2144,십억원,excl,2
2026-03-24_한화투자증권_LGES,2026-03-24,한화투자증권,LGES,ESS,ESS,2026,3Q,매출,2515,십억원,excl,2
2026-03-24_한화투자증권_LGES,2026-03-24,한화투자증권,LGES,ESS,ESS,2026,4Q,매출,3149,십억원,excl,2
2026-03-24_한화투자증권_LGES,2026-03-24,한화투자증권,LGES,소형전지,소형,2024,FY,매출,7210,십억원,excl,2
2026-03-24_한화투자증권_LGES,2026-03-24,한화투자증권,LGES,소형전지,소형,2025,FY,매출,6778,십억원,excl,2
2026-03-24_한화투자증권_LGES,2026-03-24,한화투자증권,LGES,소형전지,소형,2026,FY,매출,7599,십억원,excl,2
2026-03-24_한화투자증권_LGES,2026-03-24,한화투자증권,LGES,소형전지,소형,2027,FY,매출,7905,십억원,excl,2
2026-03-24_한화투자증권_LGES,2026-03-24,한화투자증권,LGES,소형전지,소형,2025,1Q,매출,1660,십억원,excl,2
2026-03-24_한화투자증권_LGES,2026-03-24,한화투자증권,LGES,소형전지,소형,2025,2Q,매출,1530,십억원,excl,2
2026-03-24_한화투자증권_LGES,2026-03-24,한화투자증권,LGES,소형전지,소형,2025,3Q,매출,1653,십억원,excl,2
2026-03-24_한화투자증권_LGES,2026-03-24,한화투자증권,LGES,소형전지,소형,2025,4Q,매출,1935,십억원,excl,2
2026-03-24_한화투자증권_LGES,2026-03-24,한화투자증권,LGES,소형전지,소형,2026,1Q,매출,1955,십억원,excl,2
2026-03-24_한화투자증권_LGES,2026-03-24,한화투자증권,LGES,소형전지,소형,2026,2Q,매출,1778,십억원,excl,2
2026-03-24_한화투자증권_LGES,2026-03-24,한화투자증권,LGES,소형전지,소형,2026,3Q,매출,1845,십억원,excl,2
2026-03-24_한화투자증권_LGES,2026-03-24,한화투자증권,LGES,소형전지,소형,2026,4Q,매출,1900,십억원,excl,2
2026-03-24_한화투자증권_LGES,2026-03-24,한화투자증권,LGES,영업이익,전사,2024,FY,영업이익,575,십억원,incl,2
2026-03-24_한화투자증권_LGES,2026-03-24,한화투자증권,LGES,영업이익,전사,2025,FY,영업이익,1346,십억원,incl,2
2026-03-24_한화투자증권_LGES,2026-03-24,한화투자증권,LGES,영업이익,전사,2026,FY,영업이익,1035,십억원,incl,2
2026-03-24_한화투자증권_LGES,2026-03-24,한화투자증권,LGES,영업이익,전사,2027,FY,영업이익,4715,십억원,incl,2
2026-03-24_한화투자증권_LGES,2026-03-24,한화투자증권,LGES,영업이익,전사,2025,1Q,영업이익,375,십억원,incl,2
2026-03-24_한화투자증권_LGES,2026-03-24,한화투자증권,LGES,영업이익,전사,2025,2Q,영업이익,492,십억원,incl,2
2026-03-24_한화투자증권_LGES,2026-03-24,한화투자증권,LGES,영업이익,전사,2025,3Q,영업이익,601,십억원,incl,2
2026-03-24_한화투자증권_LGES,2026-03-24,한화투자증권,LGES,영업이익,전사,2025,4Q,영업이익,-122,십억원,incl,2
2026-03-24_한화투자증권_LGES,2026-03-24,한화투자증권,LGES,영업이익,전사,2026,1Q,영업이익,-138,십억원,incl,2
2026-03-24_한화투자증권_LGES,2026-03-24,한화투자증권,LGES,영업이익,전사,2026,2Q,영업이익,8,십억원,incl,2
2026-03-24_한화투자증권_LGES,2026-03-24,한화투자증권,LGES,영업이익,전사,2026,3Q,영업이익,413,십억원,incl,2
2026-03-24_한화투자증권_LGES,2026-03-24,한화투자증권,LGES,영업이익,전사,2026,4Q,영업이익,760,십억원,incl,2
2026-03-24_한화투자증권_LGES,2026-03-24,한화투자증권,LGES,영업이익(AMPC 제외),전사,2024,FY,영업이익,-905,십억원,excl,2
2026-03-24_한화투자증권_LGES,2026-03-24,한화투자증권,LGES,영업이익(AMPC 제외),전사,2025,FY,영업이익,-301,십억원,excl,2
2026-03-24_한화투자증권_LGES,2026-03-24,한화투자증권,LGES,영업이익(AMPC 제외),전사,2026,FY,영업이익,-356,십억원,excl,2
2026-03-24_한화투자증권_LGES,2026-03-24,한화투자증권,LGES,영업이익(AMPC 제외),전사,2027,FY,영업이익,1636,십억원,excl,2
2026-03-24_한화투자증권_LGES,2026-03-24,한화투자증권,LGES,영업이익(AMPC 제외),전사,2025,1Q,영업이익,-83,십억원,excl,2
2026-03-24_한화투자증권_LGES,2026-03-24,한화투자증권,LGES,영업이익(AMPC 제외),전사,2025,2Q,영업이익,1,십억원,excl,2
2026-03-24_한화투자증권_LGES,2026-03-24,한화투자증권,LGES,영업이익(AMPC 제외),전사,2025,3Q,영업이익,236,십억원,excl,2
2026-03-24_한화투자증권_LGES,2026-03-24,한화투자증권,LGES,영업이익(AMPC 제외),전사,2025,4Q,영업이익,-455,십억원,excl,2
2026-03-24_한화투자증권_LGES,2026-03-24,한화투자증권,LGES,영업이익(AMPC 제외),전사,2026,1Q,영업이익,-304,십억원,excl,2
2026-03-24_한화투자증권_LGES,2026-03-24,한화투자증권,LGES,영업이익(AMPC 제외),전사,2026,2Q,영업이익,-196,십억원,excl,2
2026-03-24_한화투자증권_LGES,2026-03-24,한화투자증권,LGES,영업이익(AMPC 제외),전사,2026,3Q,영업이익,-13,십억원,excl,2
2026-03-24_한화투자증권_LGES,2026-03-24,한화투자증권,LGES,영업이익(AMPC 제외),전사,2026,4Q,영업이익,186,십억원,excl,2
2026-03-24_한화투자증권_LGES,2026-03-24,한화투자증권,LGES,AMPC,전사,2024,FY,AMPC,1480,십억원,na,2
2026-03-24_한화투자증권_LGES,2026-03-24,한화투자증권,LGES,AMPC,전사,2025,FY,AMPC,1647,십억원,na,2
2026-03-24_한화투자증권_LGES,2026-03-24,한화투자증권,LGES,AMPC,전사,2026,FY,AMPC,1390,십억원,na,2
2026-03-24_한화투자증권_LGES,2026-03-24,한화투자증권,LGES,AMPC,전사,2027,FY,AMPC,3079,십억원,na,2
2026-03-24_한화투자증권_LGES,2026-03-24,한화투자증권,LGES,AMPC,전사,2025,1Q,AMPC,458,십억원,na,2
2026-03-24_한화투자증권_LGES,2026-03-24,한화투자증권,LGES,AMPC,전사,2025,2Q,AMPC,491,십억원,na,2
2026-03-24_한화투자증권_LGES,2026-03-24,한화투자증권,LGES,AMPC,전사,2025,3Q,AMPC,366,십억원,na,2
2026-03-24_한화투자증권_LGES,2026-03-24,한화투자증권,LGES,AMPC,전사,2025,4Q,AMPC,333,십억원,na,2
2026-03-24_한화투자증권_LGES,2026-03-24,한화투자증권,LGES,AMPC,전사,2026,1Q,AMPC,166,십억원,na,2
2026-03-24_한화투자증권_LGES,2026-03-24,한화투자증권,LGES,AMPC,전사,2026,2Q,AMPC,204,십억원,na,2
2026-03-24_한화투자증권_LGES,2026-03-24,한화투자증권,LGES,AMPC,전사,2026,3Q,AMPC,426,십억원,na,2
2026-03-24_한화투자증권_LGES,2026-03-24,한화투자증권,LGES,AMPC,전사,2026,4Q,AMPC,574,십억원,na,2
2026-03-24_한화투자증권_LGES,2026-03-24,한화투자증권,LGES,자동차전지 영업이익(AMPC 제외),EV,2024,FY,영업이익,-955,십억원,excl,2
2026-03-24_한화투자증권_LGES,2026-03-24,한화투자증권,LGES,자동차전지 영업이익(AMPC 제외),EV,2025,FY,영업이익,-543,십억원,excl,2
2026-03-24_한화투자증권_LGES,2026-03-24,한화투자증권,LGES,자동차전지 영업이익(AMPC 제외),EV,2026,FY,영업이익,-1218,십억원,excl,2
2026-03-24_한화투자증권_LGES,2026-03-24,한화투자증권,LGES,자동차전지 영업이익(AMPC 제외),EV,2027,FY,영업이익,348,십억원,excl,2
2026-03-24_한화투자증권_LGES,2026-03-24,한화투자증권,LGES,자동차전지 영업이익(AMPC 제외),EV,2025,1Q,영업이익,-83,십억원,excl,2
2026-03-24_한화투자증권_LGES,2026-03-24,한화투자증권,LGES,자동차전지 영업이익(AMPC 제외),EV,2025,2Q,영업이익,-73,십억원,excl,2
2026-03-24_한화투자증권_LGES,2026-03-24,한화투자증권,LGES,자동차전지 영업이익(AMPC 제외),EV,2025,3Q,영업이익,103,십억원,excl,2
2026-03-24_한화투자증권_LGES,2026-03-24,한화투자증권,LGES,자동차전지 영업이익(AMPC 제외),EV,2025,4Q,영업이익,-491,십억원,excl,2
2026-03-24_한화투자증권_LGES,2026-03-24,한화투자증권,LGES,자동차전지 영업이익(AMPC 제외),EV,2026,1Q,영업이익,-464,십억원,excl,2
2026-03-24_한화투자증권_LGES,2026-03-24,한화투자증권,LGES,자동차전지 영업이익(AMPC 제외),EV,2026,2Q,영업이익,-381,십억원,excl,2
2026-03-24_한화투자증권_LGES,2026-03-24,한화투자증권,LGES,자동차전지 영업이익(AMPC 제외),EV,2026,3Q,영업이익,-234,십억원,excl,2
2026-03-24_한화투자증권_LGES,2026-03-24,한화투자증권,LGES,자동차전지 영업이익(AMPC 제외),EV,2026,4Q,영업이익,-94,십억원,excl,2
2026-03-24_한화투자증권_LGES,2026-03-24,한화투자증권,LGES,ESS 영업이익(AMPC 제외),ESS,2024,FY,영업이익,-183,십억원,excl,2
2026-03-24_한화투자증권_LGES,2026-03-24,한화투자증권,LGES,ESS 영업이익(AMPC 제외),ESS,2025,FY,영업이익,-156,십억원,excl,2
2026-03-24_한화투자증권_LGES,2026-03-24,한화투자증권,LGES,ESS 영업이익(AMPC 제외),ESS,2026,FY,영업이익,332,십억원,excl,2
2026-03-24_한화투자증권_LGES,2026-03-24,한화투자증권,LGES,ESS 영업이익(AMPC 제외),ESS,2027,FY,영업이익,763,십억원,excl,2
2026-03-24_한화투자증권_LGES,2026-03-24,한화투자증권,LGES,ESS 영업이익(AMPC 제외),ESS,2025,1Q,영업이익,-80,십억원,excl,2
2026-03-24_한화투자증권_LGES,2026-03-24,한화투자증권,LGES,ESS 영업이익(AMPC 제외),ESS,2025,2Q,영업이익,0,십억원,excl,2
2026-03-24_한화투자증권_LGES,2026-03-24,한화투자증권,LGES,ESS 영업이익(AMPC 제외),ESS,2025,3Q,영업이익,30,십억원,excl,2
2026-03-24_한화투자증권_LGES,2026-03-24,한화투자증권,LGES,ESS 영업이익(AMPC 제외),ESS,2025,4Q,영업이익,-106,십억원,excl,2
2026-03-24_한화투자증권_LGES,2026-03-24,한화투자증권,LGES,ESS 영업이익(AMPC 제외),ESS,2026,1Q,영업이익,18,십억원,excl,2
2026-03-24_한화투자증권_LGES,2026-03-24,한화투자증권,LGES,ESS 영업이익(AMPC 제외),ESS,2026,2Q,영업이익,64,십억원,excl,2
2026-03-24_한화투자증권_LGES,2026-03-24,한화투자증권,LGES,ESS 영업이익(AMPC 제외),ESS,2026,3Q,영업이익,101,십억원,excl,2
2026-03-24_한화투자증권_LGES,2026-03-24,한화투자증권,LGES,ESS 영업이익(AMPC 제외),ESS,2026,4Q,영업이익,157,십억원,excl,2
2026-03-24_한화투자증권_LGES,2026-03-24,한화투자증권,LGES,소형전지 영업이익(AMPC 제외),소형,2024,FY,영업이익,234,십억원,excl,2
2026-03-24_한화투자증권_LGES,2026-03-24,한화투자증권,LGES,소형전지 영업이익(AMPC 제외),소형,2025,FY,영업이익,398,십억원,excl,2
2026-03-24_한화투자증권_LGES,2026-03-24,한화투자증권,LGES,소형전지 영업이익(AMPC 제외),소형,2026,FY,영업이익,531,십억원,excl,2
2026-03-24_한화투자증권_LGES,2026-03-24,한화투자증권,LGES,소형전지 영업이익(AMPC 제외),소형,2027,FY,영업이익,525,십억원,excl,2
2026-03-24_한화투자증권_LGES,2026-03-24,한화투자증권,LGES,소형전지 영업이익(AMPC 제외),소형,2025,1Q,영업이익,80,십억원,excl,2
2026-03-24_한화투자증권_LGES,2026-03-24,한화투자증권,LGES,소형전지 영업이익(AMPC 제외),소형,2025,2Q,영업이익,74,십억원,excl,2
2026-03-24_한화투자증권_LGES,2026-03-24,한화투자증권,LGES,소형전지 영업이익(AMPC 제외),소형,2025,3Q,영업이익,102,십억원,excl,2
2026-03-24_한화투자증권_LGES,2026-03-24,한화투자증권,LGES,소형전지 영업이익(AMPC 제외),소형,2025,4Q,영업이익,142,십억원,excl,2
2026-03-24_한화투자증권_LGES,2026-03-24,한화투자증권,LGES,소형전지 영업이익(AMPC 제외),소형,2026,1Q,영업이익,143,십억원,excl,2
2026-03-24_한화투자증권_LGES,2026-03-24,한화투자증권,LGES,소형전지 영업이익(AMPC 제외),소형,2026,2Q,영업이익,121,십억원,excl,2
2026-03-24_한화투자증권_LGES,2026-03-24,한화투자증권,LGES,소형전지 영업이익(AMPC 제외),소형,2026,3Q,영업이익,120,십억원,excl,2
2026-03-24_한화투자증권_LGES,2026-03-24,한화투자증권,LGES,소형전지 영업이익(AMPC 제외),소형,2026,4Q,영업이익,123,십억원,excl,2
2026-03-24_한화투자증권_삼성SDI,2026-03-24,한화투자증권,삼성SDI,매출액,전사,2025,1Q,매출,3177,십억원,na,2
2026-03-24_한화투자증권_삼성SDI,2026-03-24,한화투자증권,삼성SDI,매출액,전사,2025,2Q,매출,3179,십억원,na,2
2026-03-24_한화투자증권_삼성SDI,2026-03-24,한화투자증권,삼성SDI,매출액,전사,2025,3Q,매출,3052,십억원,na,2
2026-03-24_한화투자증권_삼성SDI,2026-03-24,한화투자증권,삼성SDI,매출액,전사,2025,4Q,매출,3859,십억원,na,2
2026-03-24_한화투자증권_삼성SDI,2026-03-24,한화투자증권,삼성SDI,매출액,전사,2026,1Q,매출,3462,십억원,na,2
2026-03-24_한화투자증권_삼성SDI,2026-03-24,한화투자증권,삼성SDI,매출액,전사,2026,2Q,매출,3678,십억원,na,2
2026-03-24_한화투자증권_삼성SDI,2026-03-24,한화투자증권,삼성SDI,매출액,전사,2026,3Q,매출,3765,십억원,na,2
2026-03-24_한화투자증권_삼성SDI,2026-03-24,한화투자증권,삼성SDI,매출액,전사,2026,4Q,매출,4260,십억원,na,2
2026-03-24_한화투자증권_삼성SDI,2026-03-24,한화투자증권,삼성SDI,매출액,전사,2024,FY,매출,16592,십억원,na,2
2026-03-24_한화투자증권_삼성SDI,2026-03-24,한화투자증권,삼성SDI,매출액,전사,2025,FY,매출,13267,십억원,na,2
2026-03-24_한화투자증권_삼성SDI,2026-03-24,한화투자증권,삼성SDI,매출액,전사,2026,FY,매출,15165,십억원,na,2
2026-03-24_한화투자증권_삼성SDI,2026-03-24,한화투자증권,삼성SDI,매출액,전사,2027,FY,매출,19396,십억원,na,2
2026-03-24_한화투자증권_삼성SDI,2026-03-24,한화투자증권,삼성SDI,에너지솔루션,배터리합계,2025,1Q,매출,2981,십억원,na,2
2026-03-24_한화투자증권_삼성SDI,2026-03-24,한화투자증권,삼성SDI,에너지솔루션,배터리합계,2025,2Q,매출,2961,십억원,na,2
2026-03-24_한화투자증권_삼성SDI,2026-03-24,한화투자증권,삼성SDI,에너지솔루션,배터리합계,2025,3Q,매출,2820,십억원,na,2
2026-03-24_한화투자증권_삼성SDI,2026-03-24,한화투자증권,삼성SDI,에너지솔루션,배터리합계,2025,4Q,매출,3622,십억원,na,2
2026-03-24_한화투자증권_삼성SDI,2026-03-24,한화투자증권,삼성SDI,에너지솔루션,배터리합계,2026,1Q,매출,3248,십억원,na,2
2026-03-24_한화투자증권_삼성SDI,2026-03-24,한화투자증권,삼성SDI,에너지솔루션,배터리합계,2026,2Q,매출,3439,십억원,na,2
2026-03-24_한화투자증권_삼성SDI,2026-03-24,한화투자증권,삼성SDI,에너지솔루션,배터리합계,2026,3Q,매출,3510,십억원,na,2
2026-03-24_한화투자증권_삼성SDI,2026-03-24,한화투자증권,삼성SDI,에너지솔루션,배터리합계,2026,4Q,매출,4000,십억원,na,2
2026-03-24_한화투자증권_삼성SDI,2026-03-24,한화투자증권,삼성SDI,에너지솔루션,배터리합계,2024,FY,매출,15691,십억원,na,2
2026-03-24_한화투자증권_삼성SDI,2026-03-24,한화투자증권,삼성SDI,에너지솔루션,배터리합계,2025,FY,매출,12384,십억원,na,2
2026-03-24_한화투자증권_삼성SDI,2026-03-24,한화투자증권,삼성SDI,에너지솔루션,배터리합계,2026,FY,매출,14196,십억원,na,2
2026-03-24_한화투자증권_삼성SDI,2026-03-24,한화투자증권,삼성SDI,에너지솔루션,배터리합계,2027,FY,매출,18359,십억원,na,2
2026-03-24_한화투자증권_삼성SDI,2026-03-24,한화투자증권,삼성SDI,중대형,중대형,2025,1Q,매출,2176,십억원,na,2
2026-03-24_한화투자증권_삼성SDI,2026-03-24,한화투자증권,삼성SDI,중대형,중대형,2025,2Q,매출,1925,십억원,na,2
2026-03-24_한화투자증권_삼성SDI,2026-03-24,한화투자증권,삼성SDI,중대형,중대형,2025,3Q,매출,1763,십억원,na,2
2026-03-24_한화투자증권_삼성SDI,2026-03-24,한화투자증권,삼성SDI,중대형,중대형,2025,4Q,매출,2572,십억원,na,2
2026-03-24_한화투자증권_삼성SDI,2026-03-24,한화투자증권,삼성SDI,중대형,중대형,2026,1Q,매출,2170,십억원,na,2
2026-03-24_한화투자증권_삼성SDI,2026-03-24,한화투자증권,삼성SDI,중대형,중대형,2026,2Q,매출,2388,십억원,na,2
2026-03-24_한화투자증권_삼성SDI,2026-03-24,한화투자증권,삼성SDI,중대형,중대형,2026,3Q,매출,2437,십억원,na,2
2026-03-24_한화투자증권_삼성SDI,2026-03-24,한화투자증권,삼성SDI,중대형,중대형,2026,4Q,매출,2905,십억원,na,2
2026-03-24_한화투자증권_삼성SDI,2026-03-24,한화투자증권,삼성SDI,중대형,중대형,2024,FY,매출,10871,십억원,na,2
2026-03-24_한화투자증권_삼성SDI,2026-03-24,한화투자증권,삼성SDI,중대형,중대형,2025,FY,매출,8435,십억원,na,2
2026-03-24_한화투자증권_삼성SDI,2026-03-24,한화투자증권,삼성SDI,중대형,중대형,2026,FY,매출,9900,십억원,na,2
2026-03-24_한화투자증권_삼성SDI,2026-03-24,한화투자증권,삼성SDI,중대형,중대형,2027,FY,매출,14010,십억원,na,2
2026-03-24_한화투자증권_삼성SDI,2026-03-24,한화투자증권,삼성SDI,EV,EV,2025,1Q,매출,1550,십억원,na,2
2026-03-24_한화투자증권_삼성SDI,2026-03-24,한화투자증권,삼성SDI,EV,EV,2025,2Q,매출,1273,십억원,na,2
2026-03-24_한화투자증권_삼성SDI,2026-03-24,한화투자증권,삼성SDI,EV,EV,2025,3Q,매출,1072,십억원,na,2
2026-03-24_한화투자증권_삼성SDI,2026-03-24,한화투자증권,삼성SDI,EV,EV,2025,4Q,매출,1594,십억원,na,2
2026-03-24_한화투자증권_삼성SDI,2026-03-24,한화투자증권,삼성SDI,EV,EV,2026,1Q,매출,1193,십억원,na,2
2026-03-24_한화투자증권_삼성SDI,2026-03-24,한화투자증권,삼성SDI,EV,EV,2026,2Q,매출,1344,십억원,na,2
2026-03-24_한화투자증권_삼성SDI,2026-03-24,한화투자증권,삼성SDI,EV,EV,2026,3Q,매출,1464,십억원,na,2
2026-03-24_한화투자증권_삼성SDI,2026-03-24,한화투자증권,삼성SDI,EV,EV,2026,4Q,매출,1464,십억원,na,2
2026-03-24_한화투자증권_삼성SDI,2026-03-24,한화투자증권,삼성SDI,EV,EV,2024,FY,매출,8332,십억원,na,2
2026-03-24_한화투자증권_삼성SDI,2026-03-24,한화투자증권,삼성SDI,EV,EV,2025,FY,매출,5489,십억원,na,2
2026-03-24_한화투자증권_삼성SDI,2026-03-24,한화투자증권,삼성SDI,EV,EV,2026,FY,매출,5464,십억원,na,2
2026-03-24_한화투자증권_삼성SDI,2026-03-24,한화투자증권,삼성SDI,EV,EV,2027,FY,매출,6145,십억원,na,2
2026-03-24_한화투자증권_삼성SDI,2026-03-24,한화투자증권,삼성SDI,ESS,ESS,2025,1Q,매출,626,십억원,na,2
2026-03-24_한화투자증권_삼성SDI,2026-03-24,한화투자증권,삼성SDI,ESS,ESS,2025,2Q,매출,651,십억원,na,2
2026-03-24_한화투자증권_삼성SDI,2026-03-24,한화투자증권,삼성SDI,ESS,ESS,2025,3Q,매출,691,십억원,na,2
2026-03-24_한화투자증권_삼성SDI,2026-03-24,한화투자증권,삼성SDI,ESS,ESS,2025,4Q,매출,978,십억원,na,2
2026-03-24_한화투자증권_삼성SDI,2026-03-24,한화투자증권,삼성SDI,ESS,ESS,2026,1Q,매출,977,십억원,na,2
2026-03-24_한화투자증권_삼성SDI,2026-03-24,한화투자증권,삼성SDI,ESS,ESS,2026,2Q,매출,1044,십억원,na,2
2026-03-24_한화투자증권_삼성SDI,2026-03-24,한화투자증권,삼성SDI,ESS,ESS,2026,3Q,매출,973,십억원,na,2
2026-03-24_한화투자증권_삼성SDI,2026-03-24,한화투자증권,삼성SDI,ESS,ESS,2026,4Q,매출,1441,십억원,na,2
2026-03-24_한화투자증권_삼성SDI,2026-03-24,한화투자증권,삼성SDI,ESS,ESS,2024,FY,매출,2539,십억원,na,2
2026-03-24_한화투자증권_삼성SDI,2026-03-24,한화투자증권,삼성SDI,ESS,ESS,2025,FY,매출,2946,십억원,na,2
2026-03-24_한화투자증권_삼성SDI,2026-03-24,한화투자증권,삼성SDI,ESS,ESS,2026,FY,매출,4436,십억원,na,2
2026-03-24_한화투자증권_삼성SDI,2026-03-24,한화투자증권,삼성SDI,ESS,ESS,2027,FY,매출,7865,십억원,na,2
2026-03-24_한화투자증권_삼성SDI,2026-03-24,한화투자증권,삼성SDI,소형,소형,2025,1Q,매출,805,십억원,na,2
2026-03-24_한화투자증권_삼성SDI,2026-03-24,한화투자증권,삼성SDI,소형,소형,2025,2Q,매출,1036,십억원,na,2
2026-03-24_한화투자증권_삼성SDI,2026-03-24,한화투자증권,삼성SDI,소형,소형,2025,3Q,매출,1058,십억원,na,2
2026-03-24_한화투자증권_삼성SDI,2026-03-24,한화투자증권,삼성SDI,소형,소형,2025,4Q,매출,1050,십억원,na,2
2026-03-24_한화투자증권_삼성SDI,2026-03-24,한화투자증권,삼성SDI,소형,소형,2026,1Q,매출,1078,십억원,na,2
2026-03-24_한화투자증권_삼성SDI,2026-03-24,한화투자증권,삼성SDI,소형,소형,2026,2Q,매출,1050,십억원,na,2
2026-03-24_한화투자증권_삼성SDI,2026-03-24,한화투자증권,삼성SDI,소형,소형,2026,3Q,매출,1073,십억원,na,2
2026-03-24_한화투자증권_삼성SDI,2026-03-24,한화투자증권,삼성SDI,소형,소형,2026,4Q,매출,1095,십억원,na,2
2026-03-24_한화투자증권_삼성SDI,2026-03-24,한화투자증권,삼성SDI,소형,소형,2024,FY,매출,4820,십억원,na,2
2026-03-24_한화투자증권_삼성SDI,2026-03-24,한화투자증권,삼성SDI,소형,소형,2025,FY,매출,3949,십억원,na,2
2026-03-24_한화투자증권_삼성SDI,2026-03-24,한화투자증권,삼성SDI,소형,소형,2026,FY,매출,4296,십억원,na,2
2026-03-24_한화투자증권_삼성SDI,2026-03-24,한화투자증권,삼성SDI,소형,소형,2027,FY,매출,4349,십억원,na,2
2026-03-24_한화투자증권_삼성SDI,2026-03-24,한화투자증권,삼성SDI,전자재료,전자재료,2025,1Q,매출,196,십억원,na,2
2026-03-24_한화투자증권_삼성SDI,2026-03-24,한화투자증권,삼성SDI,전자재료,전자재료,2025,2Q,매출,218,십억원,na,2
2026-03-24_한화투자증권_삼성SDI,2026-03-24,한화투자증권,삼성SDI,전자재료,전자재료,2025,3Q,매출,232,십억원,na,2
2026-03-24_한화투자증권_삼성SDI,2026-03-24,한화투자증권,삼성SDI,전자재료,전자재료,2025,4Q,매출,237,십억원,na,2
2026-03-24_한화투자증권_삼성SDI,2026-03-24,한화투자증권,삼성SDI,전자재료,전자재료,2026,1Q,매출,214,십억원,na,2
2026-03-24_한화투자증권_삼성SDI,2026-03-24,한화투자증권,삼성SDI,전자재료,전자재료,2026,2Q,매출,240,십억원,na,2
2026-03-24_한화투자증권_삼성SDI,2026-03-24,한화투자증권,삼성SDI,전자재료,전자재료,2026,3Q,매출,255,십억원,na,2
2026-03-24_한화투자증권_삼성SDI,2026-03-24,한화투자증권,삼성SDI,전자재료,전자재료,2026,4Q,매출,259,십억원,na,2
2026-03-24_한화투자증권_삼성SDI,2026-03-24,한화투자증권,삼성SDI,전자재료,전자재료,2024,FY,매출,901,십억원,na,2
2026-03-24_한화투자증권_삼성SDI,2026-03-24,한화투자증권,삼성SDI,전자재료,전자재료,2025,FY,매출,883,십억원,na,2
2026-03-24_한화투자증권_삼성SDI,2026-03-24,한화투자증권,삼성SDI,전자재료,전자재료,2026,FY,매출,969,십억원,na,2
2026-03-24_한화투자증권_삼성SDI,2026-03-24,한화투자증권,삼성SDI,전자재료,전자재료,2027,FY,매출,1037,십억원,na,2
2026-03-24_한화투자증권_삼성SDI,2026-03-24,한화투자증권,삼성SDI,영업이익,전사,2025,1Q,영업이익,-434,십억원,incl,2
2026-03-24_한화투자증권_삼성SDI,2026-03-24,한화투자증권,삼성SDI,영업이익,전사,2025,2Q,영업이익,-398,십억원,incl,2
2026-03-24_한화투자증권_삼성SDI,2026-03-24,한화투자증권,삼성SDI,영업이익,전사,2025,3Q,영업이익,-591,십억원,incl,2
2026-03-24_한화투자증권_삼성SDI,2026-03-24,한화투자증권,삼성SDI,영업이익,전사,2025,4Q,영업이익,-299,십억원,incl,2
2026-03-24_한화투자증권_삼성SDI,2026-03-24,한화투자증권,삼성SDI,영업이익,전사,2026,1Q,영업이익,-323,십억원,incl,2
2026-03-24_한화투자증권_삼성SDI,2026-03-24,한화투자증권,삼성SDI,영업이익,전사,2026,2Q,영업이익,-92,십억원,incl,2
2026-03-24_한화투자증권_삼성SDI,2026-03-24,한화투자증권,삼성SDI,영업이익,전사,2026,3Q,영업이익,19,십억원,incl,2
2026-03-24_한화투자증권_삼성SDI,2026-03-24,한화투자증권,삼성SDI,영업이익,전사,2026,4Q,영업이익,163,십억원,incl,2
2026-03-24_한화투자증권_삼성SDI,2026-03-24,한화투자증권,삼성SDI,영업이익,전사,2024,FY,영업이익,363,십억원,incl,2
2026-03-24_한화투자증권_삼성SDI,2026-03-24,한화투자증권,삼성SDI,영업이익,전사,2025,FY,영업이익,-1722,십억원,incl,2
2026-03-24_한화투자증권_삼성SDI,2026-03-24,한화투자증권,삼성SDI,영업이익,전사,2026,FY,영업이익,-232,십억원,incl,2
2026-03-24_한화투자증권_삼성SDI,2026-03-24,한화투자증권,삼성SDI,영업이익,전사,2027,FY,영업이익,1426,십억원,incl,2
2026-03-24_한화투자증권_삼성SDI,2026-03-24,한화투자증권,삼성SDI,에너지솔루션,배터리합계,2025,1Q,영업이익,-562,십억원,excl,2
2026-03-24_한화투자증권_삼성SDI,2026-03-24,한화투자증권,삼성SDI,에너지솔루션,배터리합계,2025,2Q,영업이익,-497,십억원,excl,2
2026-03-24_한화투자증권_삼성SDI,2026-03-24,한화투자증권,삼성SDI,에너지솔루션,배터리합계,2025,3Q,영업이익,-650,십억원,excl,2
2026-03-24_한화투자증권_삼성SDI,2026-03-24,한화투자증권,삼성SDI,에너지솔루션,배터리합계,2025,4Q,영업이익,-418,십억원,excl,2
2026-03-24_한화투자증권_삼성SDI,2026-03-24,한화투자증권,삼성SDI,에너지솔루션,배터리합계,2026,1Q,영업이익,-438,십억원,excl,2
2026-03-24_한화투자증권_삼성SDI,2026-03-24,한화투자증권,삼성SDI,에너지솔루션,배터리합계,2026,2Q,영업이익,-262,십억원,excl,2
2026-03-24_한화투자증권_삼성SDI,2026-03-24,한화투자증권,삼성SDI,에너지솔루션,배터리합계,2026,3Q,영업이익,-175,십억원,excl,2
2026-03-24_한화투자증권_삼성SDI,2026-03-24,한화투자증권,삼성SDI,에너지솔루션,배터리합계,2026,4Q,영업이익,-122,십억원,excl,2
2026-03-24_한화투자증권_삼성SDI,2026-03-24,한화투자증권,삼성SDI,에너지솔루션,배터리합계,2024,FY,영업이익,128,십억원,excl,2
2026-03-24_한화투자증권_삼성SDI,2026-03-24,한화투자증권,삼성SDI,에너지솔루션,배터리합계,2025,FY,영업이익,-2127,십억원,excl,2
2026-03-24_한화투자증권_삼성SDI,2026-03-24,한화투자증권,삼성SDI,에너지솔루션,배터리합계,2026,FY,영업이익,-997,십억원,excl,2
2026-03-24_한화투자증권_삼성SDI,2026-03-24,한화투자증권,삼성SDI,에너지솔루션,배터리합계,2027,FY,영업이익,-221,십억원,excl,2
2026-03-24_한화투자증권_삼성SDI,2026-03-24,한화투자증권,삼성SDI,AMPC,전사,2025,1Q,AMPC,109,십억원,na,2
2026-03-24_한화투자증권_삼성SDI,2026-03-24,한화투자증권,삼성SDI,AMPC,전사,2025,2Q,AMPC,66,십억원,na,2
2026-03-24_한화투자증권_삼성SDI,2026-03-24,한화투자증권,삼성SDI,AMPC,전사,2025,3Q,AMPC,20,십억원,na,2
2026-03-24_한화투자증권_삼성SDI,2026-03-24,한화투자증권,삼성SDI,AMPC,전사,2025,4Q,AMPC,80,십억원,na,2
2026-03-24_한화투자증권_삼성SDI,2026-03-24,한화투자증권,삼성SDI,AMPC,전사,2026,1Q,AMPC,82,십억원,na,2
2026-03-24_한화투자증권_삼성SDI,2026-03-24,한화투자증권,삼성SDI,AMPC,전사,2026,2Q,AMPC,127,십억원,na,2
2026-03-24_한화투자증권_삼성SDI,2026-03-24,한화투자증권,삼성SDI,AMPC,전사,2026,3Q,AMPC,147,십억원,na,2
2026-03-24_한화투자증권_삼성SDI,2026-03-24,한화투자증권,삼성SDI,AMPC,전사,2026,4Q,AMPC,245,십억원,na,2
2026-03-24_한화투자증권_삼성SDI,2026-03-24,한화투자증권,삼성SDI,AMPC,전사,2024,FY,AMPC,90,십억원,na,2
2026-03-24_한화투자증권_삼성SDI,2026-03-24,한화투자증권,삼성SDI,AMPC,전사,2025,FY,AMPC,275,십억원,na,2
2026-03-24_한화투자증권_삼성SDI,2026-03-24,한화투자증권,삼성SDI,AMPC,전사,2026,FY,AMPC,601,십억원,na,2
2026-03-24_한화투자증권_삼성SDI,2026-03-24,한화투자증권,삼성SDI,AMPC,전사,2027,FY,AMPC,1472,십억원,na,2
2026-03-24_한화투자증권_삼성SDI,2026-03-24,한화투자증권,삼성SDI,전자재료,전자재료,2025,1Q,영업이익,18,십억원,na,2
2026-03-24_한화투자증권_삼성SDI,2026-03-24,한화투자증권,삼성SDI,전자재료,전자재료,2025,2Q,영업이익,33,십억원,na,2
2026-03-24_한화투자증권_삼성SDI,2026-03-24,한화투자증권,삼성SDI,전자재료,전자재료,2025,3Q,영업이익,39,십억원,na,2
2026-03-24_한화투자증권_삼성SDI,2026-03-24,한화투자증권,삼성SDI,전자재료,전자재료,2025,4Q,영업이익,39,십억원,na,2
2026-03-24_한화투자증권_삼성SDI,2026-03-24,한화투자증권,삼성SDI,전자재료,전자재료,2026,1Q,영업이익,34,십억원,na,2
2026-03-24_한화투자증권_삼성SDI,2026-03-24,한화투자증권,삼성SDI,전자재료,전자재료,2026,2Q,영업이익,43,십억원,na,2
2026-03-24_한화투자증권_삼성SDI,2026-03-24,한화투자증권,삼성SDI,전자재료,전자재료,2026,3Q,영업이익,47,십억원,na,2
2026-03-24_한화투자증권_삼성SDI,2026-03-24,한화투자증권,삼성SDI,전자재료,전자재료,2026,4Q,영업이익,40,십억원,na,2
2026-03-24_한화투자증권_삼성SDI,2026-03-24,한화투자증권,삼성SDI,전자재료,전자재료,2024,FY,영업이익,146,십억원,na,2
2026-03-24_한화투자증권_삼성SDI,2026-03-24,한화투자증권,삼성SDI,전자재료,전자재료,2025,FY,영업이익,129,십억원,na,2
2026-03-24_한화투자증권_삼성SDI,2026-03-24,한화투자증권,삼성SDI,전자재료,전자재료,2026,FY,영업이익,164,십억원,na,2
2026-03-24_한화투자증권_삼성SDI,2026-03-24,한화투자증권,삼성SDI,전자재료,전자재료,2027,FY,영업이익,176,십억원,na,2
2026-03-25_다올투자증권_LGES,2026-03-25,다올투자증권,LGES,매출액,전사,2025,1Q,매출,6265,십억원,excl,3
2026-03-25_다올투자증권_LGES,2026-03-25,다올투자증권,LGES,EV,EV,2025,1Q,매출,4072,십억원,excl,3
2026-03-25_다올투자증권_LGES,2026-03-25,다올투자증권,LGES,ESS,ESS,2025,1Q,매출,593,십억원,excl,3
2026-03-25_다올투자증권_LGES,2026-03-25,다올투자증권,LGES,소형,소형,2025,1Q,매출,1599,십억원,excl,3
2026-03-25_다올투자증권_LGES,2026-03-25,다올투자증권,LGES,전사,전사,2025,1Q,영업이익,375,십억원,incl,3
2026-03-25_다올투자증권_LGES,2026-03-25,다올투자증권,LGES,전사,전사,2025,1Q,AMPC,458,십억원,na,3
2026-03-25_다올투자증권_LGES,2026-03-25,다올투자증권,LGES,매출액,전사,2025,2Q,매출,5565,십억원,excl,3
2026-03-25_다올투자증권_LGES,2026-03-25,다올투자증권,LGES,EV,EV,2025,2Q,매출,3461,십억원,excl,3
2026-03-25_다올투자증권_LGES,2026-03-25,다올투자증권,LGES,ESS,ESS,2025,2Q,매출,359,십억원,excl,3
2026-03-25_다올투자증권_LGES,2026-03-25,다올투자증권,LGES,소형,소형,2025,2Q,매출,1128,십억원,excl,3
2026-03-25_다올투자증권_LGES,2026-03-25,다올투자증권,LGES,전사,전사,2025,2Q,영업이익,492,십억원,incl,3
2026-03-25_다올투자증권_LGES,2026-03-25,다올투자증권,LGES,전사,전사,2025,2Q,AMPC,491,십억원,na,3
2026-03-25_다올투자증권_LGES,2026-03-25,다올투자증권,LGES,매출액,전사,2025,3Q,매출,5700,십억원,excl,3
2026-03-25_다올투자증권_LGES,2026-03-25,다올투자증권,LGES,EV,EV,2025,3Q,매출,3534,십억원,excl,3
2026-03-25_다올투자증권_LGES,2026-03-25,다올투자증권,LGES,ESS,ESS,2025,3Q,매출,444,십억원,excl,3
2026-03-25_다올투자증권_LGES,2026-03-25,다올투자증권,LGES,소형,소형,2025,3Q,매출,1435,십억원,excl,3
2026-03-25_다올투자증권_LGES,2026-03-25,다올투자증권,LGES,전사,전사,2025,3Q,영업이익,601,십억원,incl,3
2026-03-25_다올투자증권_LGES,2026-03-25,다올투자증권,LGES,전사,전사,2025,3Q,AMPC,366,십억원,na,3
2026-03-25_다올투자증권_LGES,2026-03-25,다올투자증권,LGES,매출액,전사,2025,4Q,매출,6141,십억원,excl,3
2026-03-25_다올투자증권_LGES,2026-03-25,다올투자증권,LGES,EV,EV,2025,4Q,매출,3130,십억원,excl,3
2026-03-25_다올투자증권_LGES,2026-03-25,다올투자증권,LGES,ESS,ESS,2025,4Q,매출,1319,십억원,excl,3
2026-03-25_다올투자증권_LGES,2026-03-25,다올투자증권,LGES,소형,소형,2025,4Q,매출,1693,십억원,excl,3
2026-03-25_다올투자증권_LGES,2026-03-25,다올투자증권,LGES,전사,전사,2025,4Q,영업이익,-122,십억원,incl,3
2026-03-25_다올투자증권_LGES,2026-03-25,다올투자증권,LGES,전사,전사,2025,4Q,AMPC,333,십억원,na,3
2026-03-25_다올투자증권_LGES,2026-03-25,다올투자증권,LGES,매출액,전사,2026,1Q,매출,5787,십억원,excl,3
2026-03-25_다올투자증권_LGES,2026-03-25,다올투자증권,LGES,EV,EV,2026,1Q,매출,2523,십억원,excl,3
2026-03-25_다올투자증권_LGES,2026-03-25,다올투자증권,LGES,ESS,ESS,2026,1Q,매출,1644,십억원,excl,3
2026-03-25_다올투자증권_LGES,2026-03-25,다올투자증권,LGES,소형,소형,2026,1Q,매출,1620,십억원,excl,3
2026-03-25_다올투자증권_LGES,2026-03-25,다올투자증권,LGES,전사,전사,2026,1Q,영업이익,-163,십억원,incl,3
2026-03-25_다올투자증권_LGES,2026-03-25,다올투자증권,LGES,전사,전사,2026,1Q,AMPC,230,십억원,na,3
2026-03-25_다올투자증권_LGES,2026-03-25,다올투자증권,LGES,매출액,전사,2026,2Q,매출,6218,십억원,excl,3
2026-03-25_다올투자증권_LGES,2026-03-25,다올투자증권,LGES,EV,EV,2026,2Q,매출,2610,십억원,excl,3
2026-03-25_다올투자증권_LGES,2026-03-25,다올투자증권,LGES,ESS,ESS,2026,2Q,매출,1950,십억원,excl,3
2026-03-25_다올투자증권_LGES,2026-03-25,다올투자증권,LGES,소형,소형,2026,2Q,매출,1659,십억원,excl,3
2026-03-25_다올투자증권_LGES,2026-03-25,다올투자증권,LGES,전사,전사,2026,2Q,영업이익,118,십억원,incl,3
2026-03-25_다올투자증권_LGES,2026-03-25,다올투자증권,LGES,전사,전사,2026,2Q,AMPC,305,십억원,na,3
2026-03-25_다올투자증권_LGES,2026-03-25,다올투자증권,LGES,매출액,전사,2026,3Q,매출,7301,십억원,excl,3
2026-03-25_다올투자증권_LGES,2026-03-25,다올투자증권,LGES,EV,EV,2026,3Q,매출,3582,십억원,excl,3
2026-03-25_다올투자증권_LGES,2026-03-25,다올투자증권,LGES,ESS,ESS,2026,3Q,매출,2118,십억원,excl,3
2026-03-25_다올투자증권_LGES,2026-03-25,다올투자증권,LGES,소형,소형,2026,3Q,매출,1601,십억원,excl,3
2026-03-25_다올투자증권_LGES,2026-03-25,다올투자증권,LGES,전사,전사,2026,3Q,영업이익,553,십억원,incl,3
2026-03-25_다올투자증권_LGES,2026-03-25,다올투자증권,LGES,전사,전사,2026,3Q,AMPC,443,십억원,na,3
2026-03-25_다올투자증권_LGES,2026-03-25,다올투자증권,LGES,매출액,전사,2026,4Q,매출,8280,십억원,excl,3
2026-03-25_다올투자증권_LGES,2026-03-25,다올투자증권,LGES,EV,EV,2026,4Q,매출,4350,십억원,excl,3
2026-03-25_다올투자증권_LGES,2026-03-25,다올투자증권,LGES,ESS,ESS,2026,4Q,매출,2158,십억원,excl,3
2026-03-25_다올투자증권_LGES,2026-03-25,다올투자증권,LGES,소형,소형,2026,4Q,매출,1772,십억원,excl,3
2026-03-25_다올투자증권_LGES,2026-03-25,다올투자증권,LGES,전사,전사,2026,4Q,영업이익,929,십억원,incl,3
2026-03-25_다올투자증권_LGES,2026-03-25,다올투자증권,LGES,전사,전사,2026,4Q,AMPC,640,십억원,na,3
2026-03-25_다올투자증권_LGES,2026-03-25,다올투자증권,LGES,매출액,전사,2024,FY,매출,25620,십억원,excl,3
2026-03-25_다올투자증권_LGES,2026-03-25,다올투자증권,LGES,EV,EV,2024,FY,매출,16266,십억원,excl,3
2026-03-25_다올투자증권_LGES,2026-03-25,다올투자증권,LGES,ESS,ESS,2024,FY,매출,2203,십억원,excl,3
2026-03-25_다올투자증권_LGES,2026-03-25,다올투자증권,LGES,소형,소형,2024,FY,매출,7140,십억원,excl,3
2026-03-25_다올투자증권_LGES,2026-03-25,다올투자증권,LGES,전사,전사,2024,FY,영업이익,575,십억원,incl,3
2026-03-25_다올투자증권_LGES,2026-03-25,다올투자증권,LGES,전사,전사,2024,FY,AMPC,1480,십억원,na,3
2026-03-25_다올투자증권_LGES,2026-03-25,다올투자증권,LGES,매출액,전사,2025,FY,매출,23671,십억원,excl,3
2026-03-25_다올투자증권_LGES,2026-03-25,다올투자증권,LGES,EV,EV,2025,FY,매출,14198,십억원,excl,3
2026-03-25_다올투자증권_LGES,2026-03-25,다올투자증권,LGES,ESS,ESS,2025,FY,매출,2715,십억원,excl,3
2026-03-25_다올투자증권_LGES,2026-03-25,다올투자증권,LGES,소형,소형,2025,FY,매출,5855,십억원,excl,3
2026-03-25_다올투자증권_LGES,2026-03-25,다올투자증권,LGES,전사,전사,2025,FY,영업이익,1346,십억원,incl,3
2026-03-25_다올투자증권_LGES,2026-03-25,다올투자증권,LGES,전사,전사,2025,FY,AMPC,1648,십억원,na,3
2026-03-25_다올투자증권_LGES,2026-03-25,다올투자증권,LGES,매출액,전사,2026,FY,매출,27586,십억원,excl,3
2026-03-25_다올투자증권_LGES,2026-03-25,다올투자증권,LGES,EV,EV,2026,FY,매출,13065,십억원,excl,3
2026-03-25_다올투자증권_LGES,2026-03-25,다올투자증권,LGES,ESS,ESS,2026,FY,매출,7870,십억원,excl,3
2026-03-25_다올투자증권_LGES,2026-03-25,다올투자증권,LGES,소형,소형,2026,FY,매출,6652,십억원,excl,3
2026-03-25_다올투자증권_LGES,2026-03-25,다올투자증권,LGES,전사,전사,2026,FY,영업이익,1437,십억원,incl,3
2026-03-25_다올투자증권_LGES,2026-03-25,다올투자증권,LGES,전사,전사,2026,FY,AMPC,1618,십억원,na,3
2026-03-25_다올투자증권_LGES,2026-03-25,다올투자증권,LGES,매출액,전사,2027,FY,매출,40011,십억원,excl,3
2026-03-25_다올투자증권_LGES,2026-03-25,다올투자증권,LGES,EV,EV,2027,FY,매출,21131,십억원,excl,3
2026-03-25_다올투자증권_LGES,2026-03-25,다올투자증권,LGES,ESS,ESS,2027,FY,매출,11912,십억원,excl,3
2026-03-25_다올투자증권_LGES,2026-03-25,다올투자증권,LGES,소형,소형,2027,FY,매출,6969,십억원,excl,3
2026-03-25_다올투자증권_LGES,2026-03-25,다올투자증권,LGES,전사,전사,2027,FY,영업이익,6387,십억원,incl,3
2026-03-25_다올투자증권_LGES,2026-03-25,다올투자증권,LGES,전사,전사,2027,FY,AMPC,4676,십억원,na,3
2026-03-25_다올투자증권_LGES,2026-03-25,다올투자증권,LGES,매출액,전사,2028,FY,매출,49953,십억원,excl,1
2026-03-25_다올투자증권_LGES,2026-03-25,다올투자증권,LGES,전사,전사,2028,FY,영업이익,10468,십억원,incl,1
2026-03-25_신영증권_삼성SDI,2026-03-25,신영증권,삼성SDI,전사,전사,2024,FY,매출,16592,십억원,excl,1
2026-03-25_신영증권_삼성SDI,2026-03-25,신영증권,삼성SDI,전사,전사,2024,FY,영업이익,363,십억원,incl_unknown,1
2026-03-25_신영증권_삼성SDI,2026-03-25,신영증권,삼성SDI,전사,전사,2025,FY,매출,13267,십억원,excl,2
2026-03-25_신영증권_삼성SDI,2026-03-25,신영증권,삼성SDI,전사,전사,2025,FY,영업이익,-1722,십억원,incl_unknown,2
2026-03-25_신영증권_삼성SDI,2026-03-25,신영증권,삼성SDI,전사,전사,2025,FY,AMPC,275,십억원,na,2
2026-03-25_신영증권_삼성SDI,2026-03-25,신영증권,삼성SDI,배터리,배터리합계,2025,FY,매출,12384,십억원,excl,2
2026-03-25_신영증권_삼성SDI,2026-03-25,신영증권,삼성SDI,소형전지,소형,2025,FY,매출,3721,십억원,excl,2
2026-03-25_신영증권_삼성SDI,2026-03-25,신영증권,삼성SDI,중대형전지,중대형,2025,FY,매출,8663,십억원,excl,2
2026-03-25_신영증권_삼성SDI,2026-03-25,신영증권,삼성SDI,전자재료,전자재료,2025,FY,매출,883,십억원,excl,2
2026-03-25_신영증권_삼성SDI,2026-03-25,신영증권,삼성SDI,전사,전사,2026,FY,매출,14955,십억원,excl,2
2026-03-25_신영증권_삼성SDI,2026-03-25,신영증권,삼성SDI,전사,전사,2026,FY,영업이익,-470,십억원,incl_unknown,2
2026-03-25_신영증권_삼성SDI,2026-03-25,신영증권,삼성SDI,전사,전사,2026,FY,AMPC,461,십억원,na,2
2026-03-25_신영증권_삼성SDI,2026-03-25,신영증권,삼성SDI,배터리,배터리합계,2026,FY,매출,14023,십억원,excl,2
2026-03-25_신영증권_삼성SDI,2026-03-25,신영증권,삼성SDI,소형전지,소형,2026,FY,매출,4285,십억원,excl,2
2026-03-25_신영증권_삼성SDI,2026-03-25,신영증권,삼성SDI,중대형전지,중대형,2026,FY,매출,9739,십억원,excl,2
2026-03-25_신영증권_삼성SDI,2026-03-25,신영증권,삼성SDI,전자재료,전자재료,2026,FY,매출,931,십억원,excl,2
2026-03-25_신영증권_삼성SDI,2026-03-25,신영증권,삼성SDI,전사,전사,2027,FY,매출,18693,십억원,excl,2
2026-03-25_신영증권_삼성SDI,2026-03-25,신영증권,삼성SDI,전사,전사,2027,FY,영업이익,1181,십억원,incl_unknown,2
2026-03-25_신영증권_삼성SDI,2026-03-25,신영증권,삼성SDI,전사,전사,2027,FY,AMPC,1396,십억원,na,2
2026-03-25_신영증권_삼성SDI,2026-03-25,신영증권,삼성SDI,배터리,배터리합계,2027,FY,매출,17686,십억원,excl,2
2026-03-25_신영증권_삼성SDI,2026-03-25,신영증권,삼성SDI,소형전지,소형,2027,FY,매출,4178,십억원,excl,2
2026-03-25_신영증권_삼성SDI,2026-03-25,신영증권,삼성SDI,중대형전지,중대형,2027,FY,매출,13509,십억원,excl,2
2026-03-25_신영증권_삼성SDI,2026-03-25,신영증권,삼성SDI,전자재료,전자재료,2027,FY,매출,1006,십억원,excl,2
2026-03-25_신영증권_삼성SDI,2026-03-25,신영증권,삼성SDI,전사,전사,2028,FY,매출,21653.2,십억원,excl,3
2026-03-25_신영증권_삼성SDI,2026-03-25,신영증권,삼성SDI,전사,전사,2028,FY,영업이익,2063.5,십억원,incl_unknown,3
2026-03-25_신영증권_삼성SDI,2026-03-25,신영증권,삼성SDI,전사,전사,2025,1Q,매출,3177,십억원,excl,2
2026-03-25_신영증권_삼성SDI,2026-03-25,신영증권,삼성SDI,전사,전사,2025,2Q,매출,3179,십억원,excl,2
2026-03-25_신영증권_삼성SDI,2026-03-25,신영증권,삼성SDI,전사,전사,2025,3Q,매출,3052,십억원,excl,2
2026-03-25_신영증권_삼성SDI,2026-03-25,신영증권,삼성SDI,전사,전사,2025,4Q,매출,3859,십억원,excl,2
2026-03-25_신영증권_삼성SDI,2026-03-25,신영증권,삼성SDI,전사,전사,2026,1Q,매출,3457,십억원,excl,2
2026-03-25_신영증권_삼성SDI,2026-03-25,신영증권,삼성SDI,전사,전사,2026,2Q,매출,3670,십억원,excl,2
2026-03-25_신영증권_삼성SDI,2026-03-25,신영증권,삼성SDI,전사,전사,2026,3Q,매출,3562,십억원,excl,2
2026-03-25_신영증권_삼성SDI,2026-03-25,신영증권,삼성SDI,전사,전사,2026,4Q,매출,4266,십억원,excl,2
2026-03-25_신영증권_삼성SDI,2026-03-25,신영증권,삼성SDI,배터리,배터리합계,2025,1Q,매출,2981,십억원,excl,2
2026-03-25_신영증권_삼성SDI,2026-03-25,신영증권,삼성SDI,배터리,배터리합계,2025,2Q,매출,2961,십억원,excl,2
2026-03-25_신영증권_삼성SDI,2026-03-25,신영증권,삼성SDI,배터리,배터리합계,2025,3Q,매출,2820,십억원,excl,2
2026-03-25_신영증권_삼성SDI,2026-03-25,신영증권,삼성SDI,배터리,배터리합계,2025,4Q,매출,3622,십억원,excl,2
2026-03-25_신영증권_삼성SDI,2026-03-25,신영증권,삼성SDI,배터리,배터리합계,2026,1Q,매출,3252,십억원,excl,2
2026-03-25_신영증권_삼성SDI,2026-03-25,신영증권,삼성SDI,배터리,배터리합계,2026,2Q,매출,3431,십억원,excl,2
2026-03-25_신영증권_삼성SDI,2026-03-25,신영증권,삼성SDI,배터리,배터리합계,2026,3Q,매출,3323,십억원,excl,2
2026-03-25_신영증권_삼성SDI,2026-03-25,신영증권,삼성SDI,배터리,배터리합계,2026,4Q,매출,4017,십억원,excl,2
2026-03-25_신영증권_삼성SDI,2026-03-25,신영증권,삼성SDI,소형전지,소형,2025,1Q,매출,730,십억원,excl,2
2026-03-25_신영증권_삼성SDI,2026-03-25,신영증권,삼성SDI,소형전지,소형,2025,2Q,매출,948,십억원,excl,2
2026-03-25_신영증권_삼성SDI,2026-03-25,신영증권,삼성SDI,소형전지,소형,2025,3Q,매출,1029,십억원,excl,2
2026-03-25_신영증권_삼성SDI,2026-03-25,신영증권,삼성SDI,소형전지,소형,2025,4Q,매출,1014,십억원,excl,2
2026-03-25_신영증권_삼성SDI,2026-03-25,신영증권,삼성SDI,소형전지,소형,2026,1Q,매출,1055,십억원,excl,2
2026-03-25_신영증권_삼성SDI,2026-03-25,신영증권,삼성SDI,소형전지,소형,2026,2Q,매출,1132,십억원,excl,2
2026-03-25_신영증권_삼성SDI,2026-03-25,신영증권,삼성SDI,소형전지,소형,2026,3Q,매출,1008,십억원,excl,2
2026-03-25_신영증권_삼성SDI,2026-03-25,신영증권,삼성SDI,소형전지,소형,2026,4Q,매출,1089,십억원,excl,2
2026-03-25_신영증권_삼성SDI,2026-03-25,신영증권,삼성SDI,중대형전지,중대형,2025,1Q,매출,2251,십억원,excl,2
2026-03-25_신영증권_삼성SDI,2026-03-25,신영증권,삼성SDI,중대형전지,중대형,2025,2Q,매출,2014,십억원,excl,2
2026-03-25_신영증권_삼성SDI,2026-03-25,신영증권,삼성SDI,중대형전지,중대형,2025,3Q,매출,1791,십억원,excl,2
2026-03-25_신영증권_삼성SDI,2026-03-25,신영증권,삼성SDI,중대형전지,중대형,2025,4Q,매출,2608,십억원,excl,2
2026-03-25_신영증권_삼성SDI,2026-03-25,신영증권,삼성SDI,중대형전지,중대형,2026,1Q,매출,2197,십억원,excl,2
2026-03-25_신영증권_삼성SDI,2026-03-25,신영증권,삼성SDI,중대형전지,중대형,2026,2Q,매출,2299,십억원,excl,2
2026-03-25_신영증권_삼성SDI,2026-03-25,신영증권,삼성SDI,중대형전지,중대형,2026,3Q,매출,2315,십억원,excl,2
2026-03-25_신영증권_삼성SDI,2026-03-25,신영증권,삼성SDI,중대형전지,중대형,2026,4Q,매출,2927,십억원,excl,2
2026-03-25_신영증권_삼성SDI,2026-03-25,신영증권,삼성SDI,전자재료,전자재료,2025,1Q,매출,196,십억원,excl,2
2026-03-25_신영증권_삼성SDI,2026-03-25,신영증권,삼성SDI,전자재료,전자재료,2025,2Q,매출,218,십억원,excl,2
2026-03-25_신영증권_삼성SDI,2026-03-25,신영증권,삼성SDI,전자재료,전자재료,2025,3Q,매출,232,십억원,excl,2
2026-03-25_신영증권_삼성SDI,2026-03-25,신영증권,삼성SDI,전자재료,전자재료,2025,4Q,매출,237,십억원,excl,2
2026-03-25_신영증권_삼성SDI,2026-03-25,신영증권,삼성SDI,전자재료,전자재료,2026,1Q,매출,205,십억원,excl,2
2026-03-25_신영증권_삼성SDI,2026-03-25,신영증권,삼성SDI,전자재료,전자재료,2026,2Q,매출,238,십억원,excl,2
2026-03-25_신영증권_삼성SDI,2026-03-25,신영증권,삼성SDI,전자재료,전자재료,2026,3Q,매출,239,십억원,excl,2
2026-03-25_신영증권_삼성SDI,2026-03-25,신영증권,삼성SDI,전자재료,전자재료,2026,4Q,매출,249,십억원,excl,2
2026-03-25_신영증권_삼성SDI,2026-03-25,신영증권,삼성SDI,전사,전사,2025,1Q,영업이익,-434,십억원,incl_unknown,2
2026-03-25_신영증권_삼성SDI,2026-03-25,신영증권,삼성SDI,전사,전사,2025,2Q,영업이익,-398,십억원,incl_unknown,2
2026-03-25_신영증권_삼성SDI,2026-03-25,신영증권,삼성SDI,전사,전사,2025,3Q,영업이익,-591,십억원,incl_unknown,2
2026-03-25_신영증권_삼성SDI,2026-03-25,신영증권,삼성SDI,전사,전사,2025,4Q,영업이익,-299,십억원,incl_unknown,2
2026-03-25_신영증권_삼성SDI,2026-03-25,신영증권,삼성SDI,전사,전사,2026,1Q,영업이익,-284,십억원,incl_unknown,2
2026-03-25_신영증권_삼성SDI,2026-03-25,신영증권,삼성SDI,전사,전사,2026,2Q,영업이익,-212,십억원,incl_unknown,2
2026-03-25_신영증권_삼성SDI,2026-03-25,신영증권,삼성SDI,전사,전사,2026,3Q,영업이익,-123,십억원,incl_unknown,2
2026-03-25_신영증권_삼성SDI,2026-03-25,신영증권,삼성SDI,전사,전사,2026,4Q,영업이익,148,십억원,incl_unknown,2
2026-03-25_신영증권_삼성SDI,2026-03-25,신영증권,삼성SDI,전사,전사,2025,1Q,AMPC,109,십억원,na,2
2026-03-25_신영증권_삼성SDI,2026-03-25,신영증권,삼성SDI,전사,전사,2025,2Q,AMPC,66,십억원,na,2
2026-03-25_신영증권_삼성SDI,2026-03-25,신영증권,삼성SDI,전사,전사,2025,3Q,AMPC,20,십억원,na,2
2026-03-25_신영증권_삼성SDI,2026-03-25,신영증권,삼성SDI,전사,전사,2025,4Q,AMPC,80,십억원,na,2
2026-03-25_신영증권_삼성SDI,2026-03-25,신영증권,삼성SDI,전사,전사,2026,1Q,AMPC,76,십억원,na,2
2026-03-25_신영증권_삼성SDI,2026-03-25,신영증권,삼성SDI,전사,전사,2026,2Q,AMPC,76,십억원,na,2
2026-03-25_신영증권_삼성SDI,2026-03-25,신영증권,삼성SDI,전사,전사,2026,3Q,AMPC,80,십억원,na,2
2026-03-25_신영증권_삼성SDI,2026-03-25,신영증권,삼성SDI,전사,전사,2026,4Q,AMPC,229,십억원,na,2
2026-03-30_교보증권_LGES,2026-03-30,교보증권,LGES,매출액,전사,2025,1Q,매출,6265,십억원,incl_unknown,2
2026-03-30_교보증권_LGES,2026-03-30,교보증권,LGES,매출액,전사,2025,2Q,매출,5565,십억원,incl_unknown,2
2026-03-30_교보증권_LGES,2026-03-30,교보증권,LGES,매출액,전사,2025,3Q,매출,5700,십억원,incl_unknown,2
2026-03-30_교보증권_LGES,2026-03-30,교보증권,LGES,매출액,전사,2025,4Q,매출,6141,십억원,incl_unknown,2
2026-03-30_교보증권_LGES,2026-03-30,교보증권,LGES,매출액,전사,2026,1Q,매출,5890,십억원,incl_unknown,2
2026-03-30_교보증권_LGES,2026-03-30,교보증권,LGES,매출액,전사,2026,2Q,매출,6479,십억원,incl_unknown,2
2026-03-30_교보증권_LGES,2026-03-30,교보증권,LGES,매출액,전사,2026,3Q,매출,7198,십억원,incl_unknown,2
2026-03-30_교보증권_LGES,2026-03-30,교보증권,LGES,매출액,전사,2026,4Q,매출,7788,십억원,incl_unknown,2
2026-03-30_교보증권_LGES,2026-03-30,교보증권,LGES,매출액,전사,2025,FY,매출,23672,십억원,incl_unknown,2
2026-03-30_교보증권_LGES,2026-03-30,교보증권,LGES,매출액,전사,2026,FY,매출,27354,십억원,incl_unknown,2
2026-03-30_교보증권_LGES,2026-03-30,교보증권,LGES,ESS,ESS,2025,1Q,매출,564,십억원,incl_unknown,2
2026-03-30_교보증권_LGES,2026-03-30,교보증권,LGES,ESS,ESS,2025,2Q,매출,390,십억원,incl_unknown,2
2026-03-30_교보증권_LGES,2026-03-30,교보증권,LGES,ESS,ESS,2025,3Q,매출,570,십억원,incl_unknown,2
2026-03-30_교보증권_LGES,2026-03-30,교보증권,LGES,ESS,ESS,2025,4Q,매출,1351,십억원,incl_unknown,2
2026-03-30_교보증권_LGES,2026-03-30,교보증권,LGES,ESS,ESS,2026,1Q,매출,1737,십억원,incl_unknown,2
2026-03-30_교보증권_LGES,2026-03-30,교보증권,LGES,ESS,ESS,2026,2Q,매출,2138,십억원,incl_unknown,2
2026-03-30_교보증권_LGES,2026-03-30,교보증권,LGES,ESS,ESS,2026,3Q,매출,2447,십억원,incl_unknown,2
2026-03-30_교보증권_LGES,2026-03-30,교보증권,LGES,ESS,ESS,2026,4Q,매출,2726,십억원,incl_unknown,2
2026-03-30_교보증권_LGES,2026-03-30,교보증권,LGES,ESS,ESS,2025,FY,매출,2875,십억원,incl_unknown,2
2026-03-30_교보증권_LGES,2026-03-30,교보증권,LGES,ESS,ESS,2026,FY,매출,9048,십억원,incl_unknown,2
2026-03-30_교보증권_LGES,2026-03-30,교보증권,LGES,중대형전지,EV,2025,1Q,매출,4010,십억원,incl_unknown,2
2026-03-30_교보증권_LGES,2026-03-30,교보증권,LGES,중대형전지,EV,2025,2Q,매출,3618,십억원,incl_unknown,2
2026-03-30_교보증권_LGES,2026-03-30,교보증권,LGES,중대형전지,EV,2025,3Q,매출,3420,십억원,incl_unknown,2
2026-03-30_교보증권_LGES,2026-03-30,교보증권,LGES,중대형전지,EV,2025,4Q,매출,2886,십억원,incl_unknown,2
2026-03-30_교보증권_LGES,2026-03-30,교보증권,LGES,중대형전지,EV,2026,1Q,매출,2356,십억원,incl_unknown,2
2026-03-30_교보증권_LGES,2026-03-30,교보증권,LGES,중대형전지,EV,2026,2Q,매출,2591,십억원,incl_unknown,2
2026-03-30_교보증권_LGES,2026-03-30,교보증권,LGES,중대형전지,EV,2026,3Q,매출,2807,십억원,incl_unknown,2
2026-03-30_교보증권_LGES,2026-03-30,교보증권,LGES,중대형전지,EV,2026,4Q,매출,2959,십억원,incl_unknown,2
2026-03-30_교보증권_LGES,2026-03-30,교보증권,LGES,중대형전지,EV,2025,FY,매출,13934,십억원,incl_unknown,2
2026-03-30_교보증권_LGES,2026-03-30,교보증권,LGES,중대형전지,EV,2026,FY,매출,10714,십억원,incl_unknown,2
2026-03-30_교보증권_LGES,2026-03-30,교보증권,LGES,소형전지,소형,2025,1Q,매출,1692,십억원,incl_unknown,2
2026-03-30_교보증권_LGES,2026-03-30,교보증권,LGES,소형전지,소형,2025,2Q,매출,1558,십억원,incl_unknown,2
2026-03-30_교보증권_LGES,2026-03-30,교보증권,LGES,소형전지,소형,2025,3Q,매출,1710,십억원,incl_unknown,2
2026-03-30_교보증권_LGES,2026-03-30,교보증권,LGES,소형전지,소형,2025,4Q,매출,1904,십억원,incl_unknown,2
2026-03-30_교보증권_LGES,2026-03-30,교보증권,LGES,소형전지,소형,2026,1Q,매출,1796,십억원,incl_unknown,2
2026-03-30_교보증권_LGES,2026-03-30,교보증권,LGES,소형전지,소형,2026,2Q,매출,1749,십억원,incl_unknown,2
2026-03-30_교보증권_LGES,2026-03-30,교보증권,LGES,소형전지,소형,2026,3Q,매출,1943,십억원,incl_unknown,2
2026-03-30_교보증권_LGES,2026-03-30,교보증권,LGES,소형전지,소형,2026,4Q,매출,2103,십억원,incl_unknown,2
2026-03-30_교보증권_LGES,2026-03-30,교보증권,LGES,소형전지,소형,2025,FY,매출,6864,십억원,incl_unknown,2
2026-03-30_교보증권_LGES,2026-03-30,교보증권,LGES,소형전지,소형,2026,FY,매출,7592,십억원,incl_unknown,2
2026-03-30_교보증권_LGES,2026-03-30,교보증권,LGES,원통형,소형,2025,1Q,매출,1590,십억원,incl_unknown,2
2026-03-30_교보증권_LGES,2026-03-30,교보증권,LGES,원통형,소형,2025,2Q,매출,1340,십억원,incl_unknown,2
2026-03-30_교보증권_LGES,2026-03-30,교보증권,LGES,원통형,소형,2025,3Q,매출,1471,십억원,incl_unknown,2
2026-03-30_교보증권_LGES,2026-03-30,교보증권,LGES,원통형,소형,2025,4Q,매출,1637,십억원,incl_unknown,2
2026-03-30_교보증권_LGES,2026-03-30,교보증권,LGES,원통형,소형,2026,1Q,매출,1545,십억원,incl_unknown,2
2026-03-30_교보증권_LGES,2026-03-30,교보증권,LGES,원통형,소형,2026,2Q,매출,1504,십억원,incl_unknown,2
2026-03-30_교보증권_LGES,2026-03-30,교보증권,LGES,원통형,소형,2026,3Q,매출,1671,십억원,incl_unknown,2
2026-03-30_교보증권_LGES,2026-03-30,교보증권,LGES,원통형,소형,2026,4Q,매출,1808,십억원,incl_unknown,2
2026-03-30_교보증권_LGES,2026-03-30,교보증권,LGES,원통형,소형,2025,FY,매출,6038,십억원,incl_unknown,2
2026-03-30_교보증권_LGES,2026-03-30,교보증권,LGES,원통형,소형,2026,FY,매출,6529,십억원,incl_unknown,2
2026-03-30_교보증권_LGES,2026-03-30,교보증권,LGES,파우치,소형,2025,1Q,매출,101,십억원,incl_unknown,2
2026-03-30_교보증권_LGES,2026-03-30,교보증권,LGES,파우치,소형,2025,2Q,매출,218,십억원,incl_unknown,2
2026-03-30_교보증권_LGES,2026-03-30,교보증권,LGES,파우치,소형,2025,3Q,매출,239,십억원,incl_unknown,2
2026-03-30_교보증권_LGES,2026-03-30,교보증권,LGES,파우치,소형,2025,4Q,매출,267,십억원,incl_unknown,2
2026-03-30_교보증권_LGES,2026-03-30,교보증권,LGES,파우치,소형,2026,1Q,매출,251,십억원,incl_unknown,2
2026-03-30_교보증권_LGES,2026-03-30,교보증권,LGES,파우치,소형,2026,2Q,매출,245,십억원,incl_unknown,2
2026-03-30_교보증권_LGES,2026-03-30,교보증권,LGES,파우치,소형,2026,3Q,매출,272,십억원,incl_unknown,2
2026-03-30_교보증권_LGES,2026-03-30,교보증권,LGES,파우치,소형,2026,4Q,매출,294,십억원,incl_unknown,2
2026-03-30_교보증권_LGES,2026-03-30,교보증권,LGES,파우치,소형,2025,FY,매출,826,십억원,incl_unknown,2
2026-03-30_교보증권_LGES,2026-03-30,교보증권,LGES,파우치,소형,2026,FY,매출,1063,십억원,incl_unknown,2
2026-03-30_교보증권_LGES,2026-03-30,교보증권,LGES,영업이익,전사,2025,1Q,영업이익,375,십억원,incl_unknown,2
2026-03-30_교보증권_LGES,2026-03-30,교보증권,LGES,영업이익,전사,2025,2Q,영업이익,492,십억원,incl_unknown,2
2026-03-30_교보증권_LGES,2026-03-30,교보증권,LGES,영업이익,전사,2025,3Q,영업이익,601,십억원,incl_unknown,2
2026-03-30_교보증권_LGES,2026-03-30,교보증권,LGES,영업이익,전사,2025,4Q,영업이익,-122,십억원,incl_unknown,2
2026-03-30_교보증권_LGES,2026-03-30,교보증권,LGES,영업이익,전사,2026,1Q,영업이익,-149,십억원,incl_unknown,2
2026-03-30_교보증권_LGES,2026-03-30,교보증권,LGES,영업이익,전사,2026,2Q,영업이익,182,십억원,incl_unknown,2
2026-03-30_교보증권_LGES,2026-03-30,교보증권,LGES,영업이익,전사,2026,3Q,영업이익,540,십억원,incl_unknown,2
2026-03-30_교보증권_LGES,2026-03-30,교보증권,LGES,영업이익,전사,2026,4Q,영업이익,828,십억원,incl_unknown,2
2026-03-30_교보증권_LGES,2026-03-30,교보증권,LGES,영업이익,전사,2026,FY,영업이익,1401,십억원,incl_unknown,2
2026-03-30_교보증권_LGES,2026-03-30,교보증권,LGES,영업이익,전사,2025,FY,영업이익,1346,십억원,incl_unknown,2
2026-03-30_교보증권_LGES,2026-03-30,교보증권,LGES,영업이익,전사,2025,FY,영업이익,-301,십억원,incl_unknown,1
2026-03-30_교보증권_LGES,2026-03-30,교보증권,LGES,중대형전지,EV,2025,1Q,영업이익,-107,십억원,incl_unknown,2
2026-03-30_교보증권_LGES,2026-03-30,교보증권,LGES,중대형전지,EV,2025,2Q,영업이익,-91,십억원,incl_unknown,2
2026-03-30_교보증권_LGES,2026-03-30,교보증권,LGES,중대형전지,EV,2025,3Q,영업이익,87,십억원,incl_unknown,2
2026-03-30_교보증권_LGES,2026-03-30,교보증권,LGES,중대형전지,EV,2025,4Q,영업이익,-488,십억원,incl_unknown,2
2026-03-30_교보증권_LGES,2026-03-30,교보증권,LGES,중대형전지,EV,2026,1Q,영업이익,-507,십억원,incl_unknown,2
2026-03-30_교보증권_LGES,2026-03-30,교보증권,LGES,중대형전지,EV,2026,2Q,영업이익,-285,십억원,incl_unknown,2
2026-03-30_교보증권_LGES,2026-03-30,교보증권,LGES,중대형전지,EV,2026,3Q,영업이익,-149,십억원,incl_unknown,2
2026-03-30_교보증권_LGES,2026-03-30,교보증권,LGES,중대형전지,EV,2026,4Q,영업이익,-6,십억원,incl_unknown,2
2026-03-30_교보증권_LGES,2026-03-30,교보증권,LGES,중대형전지,EV,2025,FY,영업이익,-599,십억원,incl_unknown,2
2026-03-30_교보증권_LGES,2026-03-30,교보증권,LGES,중대형전지,EV,2026,FY,영업이익,-946,십억원,incl_unknown,2
2026-03-30_교보증권_LGES,2026-03-30,교보증권,LGES,소형전지,소형,2025,1Q,영업이익,117,십억원,incl_unknown,2
2026-03-30_교보증권_LGES,2026-03-30,교보증권,LGES,소형전지,소형,2025,2Q,영업이익,92,십억원,incl_unknown,2
2026-03-30_교보증권_LGES,2026-03-30,교보증권,LGES,소형전지,소형,2025,3Q,영업이익,115,십억원,incl_unknown,2
2026-03-30_교보증권_LGES,2026-03-30,교보증권,LGES,소형전지,소형,2025,4Q,영업이익,129,십억원,incl_unknown,2
2026-03-30_교보증권_LGES,2026-03-30,교보증권,LGES,소형전지,소형,2026,1Q,영업이익,95,십억원,incl_unknown,2
2026-03-30_교보증권_LGES,2026-03-30,교보증권,LGES,소형전지,소형,2026,2Q,영업이익,107,십억원,incl_unknown,2
2026-03-30_교보증권_LGES,2026-03-30,교보증권,LGES,소형전지,소형,2026,3Q,영업이익,173,십억원,incl_unknown,2
2026-03-30_교보증권_LGES,2026-03-30,교보증권,LGES,소형전지,소형,2026,4Q,영업이익,105,십억원,incl_unknown,2
2026-03-30_교보증권_LGES,2026-03-30,교보증권,LGES,소형전지,소형,2025,FY,영업이익,453,십억원,incl_unknown,2
2026-03-30_교보증권_LGES,2026-03-30,교보증권,LGES,소형전지,소형,2026,FY,영업이익,480,십억원,incl_unknown,2
2026-03-30_교보증권_LGES,2026-03-30,교보증권,LGES,매출액,전사,2024,FY,매출,25620,십억원,incl_unknown,1
2026-03-30_교보증권_LGES,2026-03-30,교보증권,LGES,매출액,전사,2027,FY,매출,34427,십억원,incl_unknown,1
2026-03-30_교보증권_LGES,2026-03-30,교보증권,LGES,영업이익,전사,2024,FY,영업이익,575,십억원,incl_unknown,1
2026-03-30_교보증권_LGES,2026-03-30,교보증권,LGES,영업이익,전사,2027,FY,영업이익,2658,십억원,incl_unknown,1
2026-03-30_교보증권_삼성SDI,2026-03-30,교보증권,삼성SDI,매출액,전사,2025,1Q,매출,3177,십억원,na,2
2026-03-30_교보증권_삼성SDI,2026-03-30,교보증권,삼성SDI,매출액,전사,2025,2Q,매출,3179,십억원,na,2
2026-03-30_교보증권_삼성SDI,2026-03-30,교보증권,삼성SDI,매출액,전사,2025,3Q,매출,3052,십억원,na,2
2026-03-30_교보증권_삼성SDI,2026-03-30,교보증권,삼성SDI,매출액,전사,2025,4Q,매출,3859,십억원,na,2
2026-03-30_교보증권_삼성SDI,2026-03-30,교보증권,삼성SDI,매출액,전사,2026,1Q,매출,3494,십억원,na,2
2026-03-30_교보증권_삼성SDI,2026-03-30,교보증권,삼성SDI,매출액,전사,2026,2Q,매출,3547,십억원,na,2
2026-03-30_교보증권_삼성SDI,2026-03-30,교보증권,삼성SDI,매출액,전사,2026,3Q,매출,3582,십억원,na,2
2026-03-30_교보증권_삼성SDI,2026-03-30,교보증권,삼성SDI,매출액,전사,2026,4Q,매출,3877,십억원,na,2
2026-03-30_교보증권_삼성SDI,2026-03-30,교보증권,삼성SDI,매출액,전사,2025,FY,매출,13267,십억원,na,2
2026-03-30_교보증권_삼성SDI,2026-03-30,교보증권,삼성SDI,매출액,전사,2026,FY,매출,14500,십억원,na,2
2026-03-30_교보증권_삼성SDI,2026-03-30,교보증권,삼성SDI,에너지,배터리합계,2025,1Q,매출,2981,십억원,na,2
2026-03-30_교보증권_삼성SDI,2026-03-30,교보증권,삼성SDI,에너지,배터리합계,2025,2Q,매출,2961,십억원,na,2
2026-03-30_교보증권_삼성SDI,2026-03-30,교보증권,삼성SDI,에너지,배터리합계,2025,3Q,매출,2820,십억원,na,2
2026-03-30_교보증권_삼성SDI,2026-03-30,교보증권,삼성SDI,에너지,배터리합계,2025,4Q,매출,3622,십억원,na,2
2026-03-30_교보증권_삼성SDI,2026-03-30,교보증권,삼성SDI,에너지,배터리합계,2026,1Q,매출,3291,십억원,na,2
2026-03-30_교보증권_삼성SDI,2026-03-30,교보증권,삼성SDI,에너지,배터리합계,2026,2Q,매출,3318,십억원,na,2
2026-03-30_교보증권_삼성SDI,2026-03-30,교보증권,삼성SDI,에너지,배터리합계,2026,3Q,매출,3350,십억원,na,2
2026-03-30_교보증권_삼성SDI,2026-03-30,교보증권,삼성SDI,에너지,배터리합계,2026,4Q,매출,3638,십억원,na,2
2026-03-30_교보증권_삼성SDI,2026-03-30,교보증권,삼성SDI,에너지,배터리합계,2025,FY,매출,12384,십억원,na,2
2026-03-30_교보증권_삼성SDI,2026-03-30,교보증권,삼성SDI,에너지,배터리합계,2026,FY,매출,13597,십억원,na,2
2026-03-30_교보증권_삼성SDI,2026-03-30,교보증권,삼성SDI,소형전지,소형,2025,1Q,매출,770,십억원,na,2
2026-03-30_교보증권_삼성SDI,2026-03-30,교보증권,삼성SDI,소형전지,소형,2025,2Q,매출,1001,십억원,na,2
2026-03-30_교보증권_삼성SDI,2026-03-30,교보증권,삼성SDI,소형전지,소형,2025,3Q,매출,1051,십억원,na,2
2026-03-30_교보증권_삼성SDI,2026-03-30,교보증권,삼성SDI,소형전지,소형,2025,4Q,매출,1123,십억원,na,2
2026-03-30_교보증권_삼성SDI,2026-03-30,교보증권,삼성SDI,소형전지,소형,2026,1Q,매출,1027,십억원,na,2
2026-03-30_교보증권_삼성SDI,2026-03-30,교보증권,삼성SDI,소형전지,소형,2026,2Q,매출,1038,십억원,na,2
2026-03-30_교보증권_삼성SDI,2026-03-30,교보증권,삼성SDI,소형전지,소형,2026,3Q,매출,1058,십억원,na,2
2026-03-30_교보증권_삼성SDI,2026-03-30,교보증권,삼성SDI,소형전지,소형,2026,4Q,매출,1048,십억원,na,2
2026-03-30_교보증권_삼성SDI,2026-03-30,교보증권,삼성SDI,소형전지,소형,2025,FY,매출,3944,십억원,na,2
2026-03-30_교보증권_삼성SDI,2026-03-30,교보증권,삼성SDI,소형전지,소형,2026,FY,매출,4171,십억원,na,2
2026-03-30_교보증권_삼성SDI,2026-03-30,교보증권,삼성SDI,중대형(EV),EV,2025,1Q,매출,1589,십억원,na,2
2026-03-30_교보증권_삼성SDI,2026-03-30,교보증권,삼성SDI,중대형(EV),EV,2025,2Q,매출,1309,십억원,na,2
2026-03-30_교보증권_삼성SDI,2026-03-30,교보증권,삼성SDI,중대형(EV),EV,2025,3Q,매출,1128,십억원,na,2
2026-03-30_교보증권_삼성SDI,2026-03-30,교보증권,삼성SDI,중대형(EV),EV,2025,4Q,매출,1630,십억원,na,2
2026-03-30_교보증권_삼성SDI,2026-03-30,교보증권,삼성SDI,중대형(EV),EV,2026,1Q,매출,1385,십억원,na,2
2026-03-30_교보증권_삼성SDI,2026-03-30,교보증권,삼성SDI,중대형(EV),EV,2026,2Q,매출,1341,십억원,na,2
2026-03-30_교보증권_삼성SDI,2026-03-30,교보증권,삼성SDI,중대형(EV),EV,2026,3Q,매출,1342,십억원,na,2
2026-03-30_교보증권_삼성SDI,2026-03-30,교보증권,삼성SDI,중대형(EV),EV,2026,4Q,매출,1262,십억원,na,2
2026-03-30_교보증권_삼성SDI,2026-03-30,교보증권,삼성SDI,중대형(EV),EV,2025,FY,매출,5655,십억원,na,2
2026-03-30_교보증권_삼성SDI,2026-03-30,교보증권,삼성SDI,중대형(EV),EV,2026,FY,매출,5331,십억원,na,2
2026-03-30_교보증권_삼성SDI,2026-03-30,교보증권,삼성SDI,중대형(ESS),ESS,2025,1Q,매출,623,십억원,na,2
2026-03-30_교보증권_삼성SDI,2026-03-30,교보증권,삼성SDI,중대형(ESS),ESS,2025,2Q,매출,652,십억원,na,2
2026-03-30_교보증권_삼성SDI,2026-03-30,교보증권,삼성SDI,중대형(ESS),ESS,2025,3Q,매출,641,십억원,na,2
2026-03-30_교보증권_삼성SDI,2026-03-30,교보증권,삼성SDI,중대형(ESS),ESS,2025,4Q,매출,869,십억원,na,2
2026-03-30_교보증권_삼성SDI,2026-03-30,교보증권,삼성SDI,중대형(ESS),ESS,2026,1Q,매출,878,십억원,na,2
2026-03-30_교보증권_삼성SDI,2026-03-30,교보증권,삼성SDI,중대형(ESS),ESS,2026,2Q,매출,939,십억원,na,2
2026-03-30_교보증권_삼성SDI,2026-03-30,교보증권,삼성SDI,중대형(ESS),ESS,2026,3Q,매출,949,십억원,na,2
2026-03-30_교보증권_삼성SDI,2026-03-30,교보증권,삼성SDI,중대형(ESS),ESS,2026,4Q,매출,1328,십억원,na,2
2026-03-30_교보증권_삼성SDI,2026-03-30,교보증권,삼성SDI,중대형(ESS),ESS,2025,FY,매출,2785,십억원,na,2
2026-03-30_교보증권_삼성SDI,2026-03-30,교보증권,삼성SDI,중대형(ESS),ESS,2026,FY,매출,4095,십억원,na,2
2026-03-30_교보증권_삼성SDI,2026-03-30,교보증권,삼성SDI,전자재료,전자재료,2025,1Q,매출,196,십억원,na,2
2026-03-30_교보증권_삼성SDI,2026-03-30,교보증권,삼성SDI,전자재료,전자재료,2025,2Q,매출,218,십억원,na,2
2026-03-30_교보증권_삼성SDI,2026-03-30,교보증권,삼성SDI,전자재료,전자재료,2025,3Q,매출,232,십억원,na,2
2026-03-30_교보증권_삼성SDI,2026-03-30,교보증권,삼성SDI,전자재료,전자재료,2025,4Q,매출,237,십억원,na,2
2026-03-30_교보증권_삼성SDI,2026-03-30,교보증권,삼성SDI,전자재료,전자재료,2026,1Q,매출,204,십억원,na,2
2026-03-30_교보증권_삼성SDI,2026-03-30,교보증권,삼성SDI,전자재료,전자재료,2026,2Q,매출,229,십억원,na,2
2026-03-30_교보증권_삼성SDI,2026-03-30,교보증권,삼성SDI,전자재료,전자재료,2026,3Q,매출,232,십억원,na,2
2026-03-30_교보증권_삼성SDI,2026-03-30,교보증권,삼성SDI,전자재료,전자재료,2026,4Q,매출,239,십억원,na,2
2026-03-30_교보증권_삼성SDI,2026-03-30,교보증권,삼성SDI,전자재료,전자재료,2025,FY,매출,882,십억원,na,2
2026-03-30_교보증권_삼성SDI,2026-03-30,교보증권,삼성SDI,전자재료,전자재료,2026,FY,매출,904,십억원,na,2
2026-03-30_교보증권_삼성SDI,2026-03-30,교보증권,삼성SDI,영업이익,전사,2025,1Q,영업이익,-543,십억원,na,2
2026-03-30_교보증권_삼성SDI,2026-03-30,교보증권,삼성SDI,영업이익,전사,2025,2Q,영업이익,-464,십억원,na,2
2026-03-30_교보증권_삼성SDI,2026-03-30,교보증권,삼성SDI,영업이익,전사,2025,3Q,영업이익,-611,십억원,na,2
2026-03-30_교보증권_삼성SDI,2026-03-30,교보증권,삼성SDI,영업이익,전사,2025,4Q,영업이익,-379,십억원,na,2
2026-03-30_교보증권_삼성SDI,2026-03-30,교보증권,삼성SDI,영업이익,전사,2026,1Q,영업이익,-269,십억원,na,2
2026-03-30_교보증권_삼성SDI,2026-03-30,교보증권,삼성SDI,영업이익,전사,2026,2Q,영업이익,-60,십억원,na,2
2026-03-30_교보증권_삼성SDI,2026-03-30,교보증권,삼성SDI,영업이익,전사,2026,3Q,영업이익,228,십억원,na,2
2026-03-30_교보증권_삼성SDI,2026-03-30,교보증권,삼성SDI,영업이익,전사,2026,4Q,영업이익,619,십억원,na,2
2026-03-30_교보증권_삼성SDI,2026-03-30,교보증권,삼성SDI,영업이익,전사,2025,FY,영업이익,-1998,십억원,na,2
2026-03-30_교보증권_삼성SDI,2026-03-30,교보증권,삼성SDI,영업이익,전사,2026,FY,영업이익,519,십억원,na,2
2026-03-30_교보증권_삼성SDI,2026-03-30,교보증권,삼성SDI,전지,배터리합계,2025,1Q,영업이익,-452,십억원,na,2
2026-03-30_교보증권_삼성SDI,2026-03-30,교보증권,삼성SDI,전지,배터리합계,2025,2Q,영업이익,-431,십억원,na,2
2026-03-30_교보증권_삼성SDI,2026-03-30,교보증권,삼성SDI,전지,배터리합계,2025,3Q,영업이익,-630,십억원,na,2
2026-03-30_교보증권_삼성SDI,2026-03-30,교보증권,삼성SDI,전지,배터리합계,2025,4Q,영업이익,-339,십억원,na,2
2026-03-30_교보증권_삼성SDI,2026-03-30,교보증권,삼성SDI,전지,배터리합계,2026,1Q,영업이익,-295,십억원,na,2
2026-03-30_교보증권_삼성SDI,2026-03-30,교보증권,삼성SDI,전지,배터리합계,2026,2Q,영업이익,-92,십억원,na,2
2026-03-30_교보증권_삼성SDI,2026-03-30,교보증권,삼성SDI,전지,배터리합계,2026,3Q,영업이익,189,십억원,na,2
2026-03-30_교보증권_삼성SDI,2026-03-30,교보증권,삼성SDI,전지,배터리합계,2026,4Q,영업이익,579,십억원,na,2
2026-03-30_교보증권_삼성SDI,2026-03-30,교보증권,삼성SDI,전지,배터리합계,2025,FY,영업이익,-1852,십억원,na,2
2026-03-30_교보증권_삼성SDI,2026-03-30,교보증권,삼성SDI,전지,배터리합계,2026,FY,영업이익,380,십억원,na,2
2026-03-30_교보증권_삼성SDI,2026-03-30,교보증권,삼성SDI,소형전지,소형,2025,1Q,영업이익,-161,십억원,na,2
2026-03-30_교보증권_삼성SDI,2026-03-30,교보증권,삼성SDI,소형전지,소형,2025,2Q,영업이익,-22,십억원,na,2
2026-03-30_교보증권_삼성SDI,2026-03-30,교보증권,삼성SDI,소형전지,소형,2025,3Q,영업이익,42,십억원,na,2
2026-03-30_교보증권_삼성SDI,2026-03-30,교보증권,삼성SDI,소형전지,소형,2025,4Q,영업이익,-113,십억원,na,2
2026-03-30_교보증권_삼성SDI,2026-03-30,교보증권,삼성SDI,소형전지,소형,2026,1Q,영업이익,-92,십억원,na,2
2026-03-30_교보증권_삼성SDI,2026-03-30,교보증권,삼성SDI,소형전지,소형,2026,2Q,영업이익,-56,십억원,na,2
2026-03-30_교보증권_삼성SDI,2026-03-30,교보증권,삼성SDI,소형전지,소형,2026,3Q,영업이익,11,십억원,na,2
2026-03-30_교보증권_삼성SDI,2026-03-30,교보증권,삼성SDI,소형전지,소형,2026,4Q,영업이익,31,십억원,na,2
2026-03-30_교보증권_삼성SDI,2026-03-30,교보증권,삼성SDI,소형전지,소형,2025,FY,영업이익,-255,십억원,na,2
2026-03-30_교보증권_삼성SDI,2026-03-30,교보증권,삼성SDI,소형전지,소형,2026,FY,영업이익,-106,십억원,na,2
2026-03-30_교보증권_삼성SDI,2026-03-30,교보증권,삼성SDI,중대형(EV),EV,2025,1Q,영업이익,-334,십억원,na,2
2026-03-30_교보증권_삼성SDI,2026-03-30,교보증권,삼성SDI,중대형(EV),EV,2025,2Q,영업이익,-467,십억원,na,2
2026-03-30_교보증권_삼성SDI,2026-03-30,교보증권,삼성SDI,중대형(EV),EV,2025,3Q,영업이익,-711,십억원,na,2
2026-03-30_교보증권_삼성SDI,2026-03-30,교보증권,삼성SDI,중대형(EV),EV,2025,4Q,영업이익,-299,십억원,na,2
2026-03-30_교보증권_삼성SDI,2026-03-30,교보증권,삼성SDI,중대형(EV),EV,2026,1Q,영업이익,-308,십억원,na,2
2026-03-30_교보증권_삼성SDI,2026-03-30,교보증권,삼성SDI,중대형(EV),EV,2026,2Q,영업이익,-158,십억원,na,2
2026-03-30_교보증권_삼성SDI,2026-03-30,교보증권,삼성SDI,중대형(EV),EV,2026,3Q,영업이익,36,십억원,na,2
2026-03-30_교보증권_삼성SDI,2026-03-30,교보증권,삼성SDI,중대형(EV),EV,2026,4Q,영업이익,348,십억원,na,2
2026-03-30_교보증권_삼성SDI,2026-03-30,교보증권,삼성SDI,중대형(EV),EV,2025,FY,영업이익,-1811,십억원,na,2
2026-03-30_교보증권_삼성SDI,2026-03-30,교보증권,삼성SDI,중대형(EV),EV,2026,FY,영업이익,-82,십억원,na,2
2026-03-30_교보증권_삼성SDI,2026-03-30,교보증권,삼성SDI,중대형(ESS),ESS,2025,1Q,영업이익,42,십억원,na,2
2026-03-30_교보증권_삼성SDI,2026-03-30,교보증권,삼성SDI,중대형(ESS),ESS,2025,2Q,영업이익,59,십억원,na,2
2026-03-30_교보증권_삼성SDI,2026-03-30,교보증권,삼성SDI,중대형(ESS),ESS,2025,3Q,영업이익,38,십억원,na,2
2026-03-30_교보증권_삼성SDI,2026-03-30,교보증권,삼성SDI,중대형(ESS),ESS,2025,4Q,영업이익,74,십억원,na,2
2026-03-30_교보증권_삼성SDI,2026-03-30,교보증권,삼성SDI,중대형(ESS),ESS,2026,1Q,영업이익,105,십억원,na,2
2026-03-30_교보증권_삼성SDI,2026-03-30,교보증권,삼성SDI,중대형(ESS),ESS,2026,2Q,영업이익,122,십억원,na,2
2026-03-30_교보증권_삼성SDI,2026-03-30,교보증권,삼성SDI,중대형(ESS),ESS,2026,3Q,영업이익,142,십억원,na,2
2026-03-30_교보증권_삼성SDI,2026-03-30,교보증권,삼성SDI,중대형(ESS),ESS,2026,4Q,영업이익,199,십억원,na,2
2026-03-30_교보증권_삼성SDI,2026-03-30,교보증권,삼성SDI,중대형(ESS),ESS,2025,FY,영업이익,214,십억원,na,2
2026-03-30_교보증권_삼성SDI,2026-03-30,교보증권,삼성SDI,중대형(ESS),ESS,2026,FY,영업이익,569,십억원,na,2
2026-03-30_교보증권_삼성SDI,2026-03-30,교보증권,삼성SDI,전자재료,전자재료,2025,1Q,영업이익,18,십억원,na,2
2026-03-30_교보증권_삼성SDI,2026-03-30,교보증권,삼성SDI,전자재료,전자재료,2025,2Q,영업이익,33,십억원,na,2
2026-03-30_교보증권_삼성SDI,2026-03-30,교보증권,삼성SDI,전자재료,전자재료,2025,3Q,영업이익,39,십억원,na,2
2026-03-30_교보증권_삼성SDI,2026-03-30,교보증권,삼성SDI,전자재료,전자재료,2025,4Q,영업이익,39,십억원,na,2
2026-03-30_교보증권_삼성SDI,2026-03-30,교보증권,삼성SDI,전자재료,전자재료,2026,1Q,영업이익,26,십억원,na,2
2026-03-30_교보증권_삼성SDI,2026-03-30,교보증권,삼성SDI,전자재료,전자재료,2026,2Q,영업이익,32,십억원,na,2
2026-03-30_교보증권_삼성SDI,2026-03-30,교보증권,삼성SDI,전자재료,전자재료,2026,3Q,영업이익,39,십억원,na,2
2026-03-30_교보증권_삼성SDI,2026-03-30,교보증권,삼성SDI,전자재료,전자재료,2026,4Q,영업이익,41,십억원,na,2
2026-03-30_교보증권_삼성SDI,2026-03-30,교보증권,삼성SDI,전자재료,전자재료,2025,FY,영업이익,129,십억원,na,2
2026-03-30_교보증권_삼성SDI,2026-03-30,교보증권,삼성SDI,전자재료,전자재료,2026,FY,영업이익,139,십억원,na,2
2026-03-30_교보증권_삼성SDI,2026-03-30,교보증권,삼성SDI,매출액,전사,2024,FY,매출,16592,십억원,na,1
2026-03-30_교보증권_삼성SDI,2026-03-30,교보증권,삼성SDI,영업이익,전사,2024,FY,영업이익,363,십억원,na,1
2026-03-30_교보증권_삼성SDI,2026-03-30,교보증권,삼성SDI,매출액,전사,2027,FY,매출,17545,십억원,na,1
2026-03-30_교보증권_삼성SDI,2026-03-30,교보증권,삼성SDI,영업이익,전사,2027,FY,영업이익,1517,십억원,na,1
2026-03-31_신영증권_LGES,2026-03-31,신영증권,LGES,매출액,전사,2025,1Q,매출,6265,십억원,excl,2
2026-03-31_신영증권_LGES,2026-03-31,신영증권,LGES,소형,소형,2025,1Q,매출,1666,십억원,excl,2
2026-03-31_신영증권_LGES,2026-03-31,신영증권,LGES,중대형,중대형,2025,1Q,매출,4599,십억원,excl,2
2026-03-31_신영증권_LGES,2026-03-31,신영증권,LGES,EV,EV,2025,1Q,매출,4166,십억원,excl,2
2026-03-31_신영증권_LGES,2026-03-31,신영증권,LGES,ESS,ESS,2025,1Q,매출,432,십억원,excl,2
2026-03-31_신영증권_LGES,2026-03-31,신영증권,LGES,전사,전사,2025,1Q,영업이익,375,십억원,incl,2
2026-03-31_신영증권_LGES,2026-03-31,신영증권,LGES,전사,전사,2025,1Q,AMPC,458,십억원,na,2
2026-03-31_신영증권_LGES,2026-03-31,신영증권,LGES,매출액,전사,2025,2Q,매출,5565,십억원,excl,2
2026-03-31_신영증권_LGES,2026-03-31,신영증권,LGES,소형,소형,2025,2Q,매출,1558,십억원,excl,2
2026-03-31_신영증권_LGES,2026-03-31,신영증권,LGES,중대형,중대형,2025,2Q,매출,4007,십억원,excl,2
2026-03-31_신영증권_LGES,2026-03-31,신영증권,LGES,EV,EV,2025,2Q,매출,3618,십억원,excl,2
2026-03-31_신영증권_LGES,2026-03-31,신영증권,LGES,ESS,ESS,2025,2Q,매출,390,십억원,excl,2
2026-03-31_신영증권_LGES,2026-03-31,신영증권,LGES,전사,전사,2025,2Q,영업이익,492,십억원,incl,2
2026-03-31_신영증권_LGES,2026-03-31,신영증권,LGES,전사,전사,2025,2Q,AMPC,491,십억원,na,2
2026-03-31_신영증권_LGES,2026-03-31,신영증권,LGES,매출액,전사,2025,3Q,매출,5700,십억원,excl,2
2026-03-31_신영증권_LGES,2026-03-31,신영증권,LGES,소형,소형,2025,3Q,매출,1681,십억원,excl,2
2026-03-31_신영증권_LGES,2026-03-31,신영증권,LGES,중대형,중대형,2025,3Q,매출,4018,십억원,excl,2
2026-03-31_신영증권_LGES,2026-03-31,신영증권,LGES,EV,EV,2025,3Q,매출,3437,십억원,excl,2
2026-03-31_신영증권_LGES,2026-03-31,신영증권,LGES,ESS,ESS,2025,3Q,매출,581,십억원,excl,2
2026-03-31_신영증권_LGES,2026-03-31,신영증권,LGES,전사,전사,2025,3Q,영업이익,601,십억원,incl,2
2026-03-31_신영증권_LGES,2026-03-31,신영증권,LGES,전사,전사,2025,3Q,AMPC,366,십억원,na,2
2026-03-31_신영증권_LGES,2026-03-31,신영증권,LGES,매출액,전사,2025,4Q,매출,6141,십억원,excl,2
2026-03-31_신영증권_LGES,2026-03-31,신영증권,LGES,소형,소형,2025,4Q,매출,1990,십억원,excl,2
2026-03-31_신영증권_LGES,2026-03-31,신영증권,LGES,중대형,중대형,2025,4Q,매출,4152,십억원,excl,2
2026-03-31_신영증권_LGES,2026-03-31,신영증권,LGES,EV,EV,2025,4Q,매출,2794,십억원,excl,2
2026-03-31_신영증권_LGES,2026-03-31,신영증권,LGES,ESS,ESS,2025,4Q,매출,1357,십억원,excl,2
2026-03-31_신영증권_LGES,2026-03-31,신영증권,LGES,전사,전사,2025,4Q,영업이익,-122,십억원,incl,2
2026-03-31_신영증권_LGES,2026-03-31,신영증권,LGES,전사,전사,2025,4Q,AMPC,333,십억원,na,2
2026-03-31_신영증권_LGES,2026-03-31,신영증권,LGES,매출액,전사,2026,1Q,매출,5845,십억원,excl,2
2026-03-31_신영증권_LGES,2026-03-31,신영증권,LGES,소형,소형,2026,1Q,매출,1935,십억원,excl,2
2026-03-31_신영증권_LGES,2026-03-31,신영증권,LGES,중대형,중대형,2026,1Q,매출,3910,십억원,excl,2
2026-03-31_신영증권_LGES,2026-03-31,신영증권,LGES,EV,EV,2026,1Q,매출,2113,십억원,excl,2
2026-03-31_신영증권_LGES,2026-03-31,신영증권,LGES,ESS,ESS,2026,1Q,매출,1798,십억원,excl,2
2026-03-31_신영증권_LGES,2026-03-31,신영증권,LGES,전사,전사,2026,1Q,영업이익,-181,십억원,incl,2
2026-03-31_신영증권_LGES,2026-03-31,신영증권,LGES,전사,전사,2026,1Q,AMPC,166,십억원,na,2
2026-03-31_신영증권_LGES,2026-03-31,신영증권,LGES,매출액,전사,2026,2Q,매출,6828,십억원,excl,2
2026-03-31_신영증권_LGES,2026-03-31,신영증권,LGES,소형,소형,2026,2Q,매출,2008,십억원,excl,2
2026-03-31_신영증권_LGES,2026-03-31,신영증권,LGES,중대형,중대형,2026,2Q,매출,4820,십억원,excl,2
2026-03-31_신영증권_LGES,2026-03-31,신영증권,LGES,EV,EV,2026,2Q,매출,2571,십억원,excl,2
2026-03-31_신영증권_LGES,2026-03-31,신영증권,LGES,ESS,ESS,2026,2Q,매출,2249,십억원,excl,2
2026-03-31_신영증권_LGES,2026-03-31,신영증권,LGES,전사,전사,2026,2Q,영업이익,172,십억원,incl,2
2026-03-31_신영증권_LGES,2026-03-31,신영증권,LGES,전사,전사,2026,2Q,AMPC,253,십억원,na,2
2026-03-31_신영증권_LGES,2026-03-31,신영증권,LGES,매출액,전사,2026,3Q,매출,7290,십억원,excl,2
2026-03-31_신영증권_LGES,2026-03-31,신영증권,LGES,소형,소형,2026,3Q,매출,1924,십억원,excl,2
2026-03-31_신영증권_LGES,2026-03-31,신영증권,LGES,중대형,중대형,2026,3Q,매출,5366,십억원,excl,2
2026-03-31_신영증권_LGES,2026-03-31,신영증권,LGES,EV,EV,2026,3Q,매출,2689,십억원,excl,2
2026-03-31_신영증권_LGES,2026-03-31,신영증권,LGES,ESS,ESS,2026,3Q,매출,2677,십억원,excl,2
2026-03-31_신영증권_LGES,2026-03-31,신영증권,LGES,전사,전사,2026,3Q,영업이익,532,십억원,incl,2
2026-03-31_신영증권_LGES,2026-03-31,신영증권,LGES,전사,전사,2026,3Q,AMPC,346,십억원,na,2
2026-03-31_신영증권_LGES,2026-03-31,신영증권,LGES,매출액,전사,2026,4Q,매출,7886,십억원,excl,2
2026-03-31_신영증권_LGES,2026-03-31,신영증권,LGES,소형,소형,2026,4Q,매출,1859,십억원,excl,2
2026-03-31_신영증권_LGES,2026-03-31,신영증권,LGES,중대형,중대형,2026,4Q,매출,6027,십억원,excl,2
2026-03-31_신영증권_LGES,2026-03-31,신영증권,LGES,EV,EV,2026,4Q,매출,3129,십억원,excl,2
2026-03-31_신영증권_LGES,2026-03-31,신영증권,LGES,ESS,ESS,2026,4Q,매출,2898,십억원,excl,2
2026-03-31_신영증권_LGES,2026-03-31,신영증권,LGES,전사,전사,2026,4Q,영업이익,758,십억원,incl,2
2026-03-31_신영증권_LGES,2026-03-31,신영증권,LGES,전사,전사,2026,4Q,AMPC,511,십억원,na,2
2026-03-31_신영증권_LGES,2026-03-31,신영증권,LGES,매출액,전사,2024,FY,매출,25619.6,십억원,excl,4
2026-03-31_신영증권_LGES,2026-03-31,신영증권,LGES,전사,전사,2024,FY,영업이익,575.4,십억원,incl,4
2026-03-31_신영증권_LGES,2026-03-31,신영증권,LGES,전사,전사,2024,FY,AMPC,1480,십억원,na,3
2026-03-31_신영증권_LGES,2026-03-31,신영증권,LGES,매출액,전사,2025,FY,매출,23672,십억원,excl,2
2026-03-31_신영증권_LGES,2026-03-31,신영증권,LGES,소형,소형,2025,FY,매출,6896,십억원,excl,2
2026-03-31_신영증권_LGES,2026-03-31,신영증권,LGES,중대형,중대형,2025,FY,매출,16776,십억원,excl,2
2026-03-31_신영증권_LGES,2026-03-31,신영증권,LGES,EV,EV,2025,FY,매출,14015,십억원,excl,2
2026-03-31_신영증권_LGES,2026-03-31,신영증권,LGES,ESS,ESS,2025,FY,매출,2761,십억원,excl,2
2026-03-31_신영증권_LGES,2026-03-31,신영증권,LGES,전사,전사,2025,FY,영업이익,1346,십억원,incl,2
2026-03-31_신영증권_LGES,2026-03-31,신영증권,LGES,전사,전사,2025,FY,AMPC,1647,십억원,na,2
2026-03-31_신영증권_LGES,2026-03-31,신영증권,LGES,매출액,전사,2026,FY,매출,27849,십억원,excl,2
2026-03-31_신영증권_LGES,2026-03-31,신영증권,LGES,소형,소형,2026,FY,매출,7726,십억원,excl,2
2026-03-31_신영증권_LGES,2026-03-31,신영증권,LGES,중대형,중대형,2026,FY,매출,20123,십억원,excl,2
2026-03-31_신영증권_LGES,2026-03-31,신영증권,LGES,EV,EV,2026,FY,매출,10501,십억원,excl,2
2026-03-31_신영증권_LGES,2026-03-31,신영증권,LGES,ESS,ESS,2026,FY,매출,9622,십억원,excl,2
2026-03-31_신영증권_LGES,2026-03-31,신영증권,LGES,전사,전사,2026,FY,영업이익,1281,십억원,incl,2
2026-03-31_신영증권_LGES,2026-03-31,신영증권,LGES,전사,전사,2026,FY,AMPC,1276,십억원,na,2
2026-03-31_신영증권_LGES,2026-03-31,신영증권,LGES,매출액,전사,2027,FY,매출,37155,십억원,excl,2
2026-03-31_신영증권_LGES,2026-03-31,신영증권,LGES,소형,소형,2027,FY,매출,9971,십억원,excl,2
2026-03-31_신영증권_LGES,2026-03-31,신영증권,LGES,중대형,중대형,2027,FY,매출,27184,십억원,excl,2
2026-03-31_신영증권_LGES,2026-03-31,신영증권,LGES,EV,EV,2027,FY,매출,13154,십억원,excl,2
2026-03-31_신영증권_LGES,2026-03-31,신영증권,LGES,ESS,ESS,2027,FY,매출,14029,십억원,excl,2
2026-03-31_신영증권_LGES,2026-03-31,신영증권,LGES,전사,전사,2027,FY,영업이익,4192,십억원,incl,2
2026-03-31_신영증권_LGES,2026-03-31,신영증권,LGES,전사,전사,2027,FY,AMPC,3267,십억원,na,2
2026-03-31_신영증권_LGES,2026-03-31,신영증권,LGES,매출액,전사,2028,FY,매출,45885.9,십억원,excl,4
2026-03-31_신영증권_LGES,2026-03-31,신영증권,LGES,전사,전사,2028,FY,영업이익,7281.8,십억원,incl,4
2026-04-01_DB증권_삼성SDI,2026-04-01,DB증권,삼성SDI,연결,전사,2024,FY,매출,16592,십억원,na,1
2026-04-01_DB증권_삼성SDI,2026-04-01,DB증권,삼성SDI,연결,전사,2025,FY,매출,13267,십억원,na,1
2026-04-01_DB증권_삼성SDI,2026-04-01,DB증권,삼성SDI,연결,전사,2026,FY,매출,15598,십억원,na,1
2026-04-01_DB증권_삼성SDI,2026-04-01,DB증권,삼성SDI,연결,전사,2027,FY,매출,19649,십억원,na,1
2026-04-01_DB증권_삼성SDI,2026-04-01,DB증권,삼성SDI,연결,전사,2028,FY,매출,22660,십억원,na,1
2026-04-01_DB증권_삼성SDI,2026-04-01,DB증권,삼성SDI,영업이익,전사,2024,FY,영업이익,363,십억원,incl,1
2026-04-01_DB증권_삼성SDI,2026-04-01,DB증권,삼성SDI,영업이익,전사,2025,FY,영업이익,-1722,십억원,incl,1
2026-04-01_DB증권_삼성SDI,2026-04-01,DB증권,삼성SDI,영업이익,전사,2026,FY,영업이익,-348,십억원,incl,1
2026-04-01_DB증권_삼성SDI,2026-04-01,DB증권,삼성SDI,영업이익,전사,2027,FY,영업이익,616,십억원,incl,1
2026-04-01_DB증권_삼성SDI,2026-04-01,DB증권,삼성SDI,영업이익,전사,2028,FY,영업이익,1334,십억원,incl,1
2026-04-01_DB증권_삼성SDI,2026-04-01,DB증권,삼성SDI,연결,전사,2025,1Q,매출,3177,십억원,na,2
2026-04-01_DB증권_삼성SDI,2026-04-01,DB증권,삼성SDI,연결,전사,2025,2Q,매출,3179,십억원,na,2
2026-04-01_DB증권_삼성SDI,2026-04-01,DB증권,삼성SDI,연결,전사,2025,3Q,매출,3052,십억원,na,2
2026-04-01_DB증권_삼성SDI,2026-04-01,DB증권,삼성SDI,연결,전사,2025,4Q,매출,3859,십억원,na,2
2026-04-01_DB증권_삼성SDI,2026-04-01,DB증권,삼성SDI,연결,전사,2026,1Q,매출,3553,십억원,na,2
2026-04-01_DB증권_삼성SDI,2026-04-01,DB증권,삼성SDI,연결,전사,2026,2Q,매출,3899,십억원,na,2
2026-04-01_DB증권_삼성SDI,2026-04-01,DB증권,삼성SDI,연결,전사,2026,3Q,매출,4020,십억원,na,2
2026-04-01_DB증권_삼성SDI,2026-04-01,DB증권,삼성SDI,연결,전사,2026,4Q,매출,4126,십억원,na,2
2026-04-01_DB증권_삼성SDI,2026-04-01,DB증권,삼성SDI,영업이익,전사,2025,1Q,영업이익,-434,십억원,incl,2
2026-04-01_DB증권_삼성SDI,2026-04-01,DB증권,삼성SDI,영업이익,전사,2025,2Q,영업이익,-398,십억원,incl,2
2026-04-01_DB증권_삼성SDI,2026-04-01,DB증권,삼성SDI,영업이익,전사,2025,3Q,영업이익,-591,십억원,incl,2
2026-04-01_DB증권_삼성SDI,2026-04-01,DB증권,삼성SDI,영업이익,전사,2025,4Q,영업이익,-299,십억원,incl,2
2026-04-01_DB증권_삼성SDI,2026-04-01,DB증권,삼성SDI,영업이익,전사,2026,1Q,영업이익,-223,십억원,incl,2
2026-04-01_DB증권_삼성SDI,2026-04-01,DB증권,삼성SDI,영업이익,전사,2026,2Q,영업이익,-101,십억원,incl,2
2026-04-01_DB증권_삼성SDI,2026-04-01,DB증권,삼성SDI,영업이익,전사,2026,3Q,영업이익,-60,십억원,incl,2
2026-04-01_DB증권_삼성SDI,2026-04-01,DB증권,삼성SDI,영업이익,전사,2026,4Q,영업이익,36,십억원,incl,2
2026-04-01_DB증권_삼성SDI,2026-04-01,DB증권,삼성SDI,영업이익(AMPC제외),전사,2025,1Q,영업이익,-543,십억원,excl,2
2026-04-01_DB증권_삼성SDI,2026-04-01,DB증권,삼성SDI,영업이익(AMPC제외),전사,2025,2Q,영업이익,-464,십억원,excl,2
2026-04-01_DB증권_삼성SDI,2026-04-01,DB증권,삼성SDI,영업이익(AMPC제외),전사,2025,3Q,영업이익,-611,십억원,excl,2
2026-04-01_DB증권_삼성SDI,2026-04-01,DB증권,삼성SDI,영업이익(AMPC제외),전사,2025,4Q,영업이익,-379,십억원,excl,2
2026-04-01_DB증권_삼성SDI,2026-04-01,DB증권,삼성SDI,영업이익(AMPC제외),전사,2026,1Q,영업이익,-303,십억원,excl,2
2026-04-01_DB증권_삼성SDI,2026-04-01,DB증권,삼성SDI,영업이익(AMPC제외),전사,2026,2Q,영업이익,-198,십억원,excl,2
2026-04-01_DB증권_삼성SDI,2026-04-01,DB증권,삼성SDI,영업이익(AMPC제외),전사,2026,3Q,영업이익,-161,십억원,excl,2
2026-04-01_DB증권_삼성SDI,2026-04-01,DB증권,삼성SDI,영업이익(AMPC제외),전사,2026,4Q,영업이익,-111,십억원,excl,2
2026-04-01_DB증권_삼성SDI,2026-04-01,DB증권,삼성SDI,영업이익(AMPC제외),전사,2025,FY,영업이익,-1997,십억원,excl,2
2026-04-01_DB증권_삼성SDI,2026-04-01,DB증권,삼성SDI,영업이익(AMPC제외),전사,2026,FY,영업이익,-773,십억원,excl,2
2026-04-01_DB증권_삼성SDI,2026-04-01,DB증권,삼성SDI,영업이익(AMPC제외),전사,2027,FY,영업이익,-472,십억원,excl,2
2026-04-01_DB증권_삼성SDI,2026-04-01,DB증권,삼성SDI,AMPC,전사,2025,1Q,AMPC,109,십억원,na,2
2026-04-01_DB증권_삼성SDI,2026-04-01,DB증권,삼성SDI,AMPC,전사,2025,2Q,AMPC,66,십억원,na,2
2026-04-01_DB증권_삼성SDI,2026-04-01,DB증권,삼성SDI,AMPC,전사,2025,3Q,AMPC,20,십억원,na,2
2026-04-01_DB증권_삼성SDI,2026-04-01,DB증권,삼성SDI,AMPC,전사,2025,4Q,AMPC,80,십억원,na,2
2026-04-01_DB증권_삼성SDI,2026-04-01,DB증권,삼성SDI,AMPC,전사,2026,1Q,AMPC,79,십억원,na,2
2026-04-01_DB증권_삼성SDI,2026-04-01,DB증권,삼성SDI,AMPC,전사,2026,2Q,AMPC,97,십억원,na,2
2026-04-01_DB증권_삼성SDI,2026-04-01,DB증권,삼성SDI,AMPC,전사,2026,3Q,AMPC,101,십억원,na,2
2026-04-01_DB증권_삼성SDI,2026-04-01,DB증권,삼성SDI,AMPC,전사,2026,4Q,AMPC,147,십억원,na,2
2026-04-01_DB증권_삼성SDI,2026-04-01,DB증권,삼성SDI,AMPC,전사,2025,FY,AMPC,275,십억원,na,2
2026-04-01_DB증권_삼성SDI,2026-04-01,DB증권,삼성SDI,AMPC,전사,2026,FY,AMPC,425,십억원,na,2
2026-04-01_DB증권_삼성SDI,2026-04-01,DB증권,삼성SDI,AMPC,전사,2027,FY,AMPC,1088,십억원,na,2
2026-04-01_DB증권_삼성SDI,2026-04-01,DB증권,삼성SDI,소형,소형,2025,1Q,매출,971,십억원,na,2
2026-04-01_DB증권_삼성SDI,2026-04-01,DB증권,삼성SDI,소형,소형,2025,2Q,매출,1220,십억원,na,2
2026-04-01_DB증권_삼성SDI,2026-04-01,DB증권,삼성SDI,소형,소형,2025,3Q,매출,1078,십억원,na,2
2026-04-01_DB증권_삼성SDI,2026-04-01,DB증권,삼성SDI,소형,소형,2025,4Q,매출,1093,십억원,na,2
2026-04-01_DB증권_삼성SDI,2026-04-01,DB증권,삼성SDI,소형,소형,2026,1Q,매출,1126,십억원,na,2
2026-04-01_DB증권_삼성SDI,2026-04-01,DB증권,삼성SDI,소형,소형,2026,2Q,매출,1412,십억원,na,2
2026-04-01_DB증권_삼성SDI,2026-04-01,DB증권,삼성SDI,소형,소형,2026,3Q,매출,1500,십억원,na,2
2026-04-01_DB증권_삼성SDI,2026-04-01,DB증권,삼성SDI,소형,소형,2026,4Q,매출,1500,십억원,na,2
2026-04-01_DB증권_삼성SDI,2026-04-01,DB증권,삼성SDI,소형,소형,2025,FY,매출,4362,십억원,na,2
2026-04-01_DB증권_삼성SDI,2026-04-01,DB증권,삼성SDI,소형,소형,2026,FY,매출,5537,십억원,na,2
2026-04-01_DB증권_삼성SDI,2026-04-01,DB증권,삼성SDI,소형,소형,2027,FY,매출,6880,십억원,na,2
2026-04-01_DB증권_삼성SDI,2026-04-01,DB증권,삼성SDI,중대형EV,중대형,2025,1Q,매출,1500,십억원,na,2
2026-04-01_DB증권_삼성SDI,2026-04-01,DB증권,삼성SDI,중대형EV,중대형,2025,2Q,매출,1174,십억원,na,2
2026-04-01_DB증권_삼성SDI,2026-04-01,DB증권,삼성SDI,중대형EV,중대형,2025,3Q,매출,1055,십억원,na,2
2026-04-01_DB증권_삼성SDI,2026-04-01,DB증권,삼성SDI,중대형EV,중대형,2025,4Q,매출,1625,십억원,na,2
2026-04-01_DB증권_삼성SDI,2026-04-01,DB증권,삼성SDI,중대형EV,중대형,2026,1Q,매출,1270,십억원,na,2
2026-04-01_DB증권_삼성SDI,2026-04-01,DB증권,삼성SDI,중대형EV,중대형,2026,2Q,매출,1242,십억원,na,2
2026-04-01_DB증권_삼성SDI,2026-04-01,DB증권,삼성SDI,중대형EV,중대형,2026,3Q,매출,1242,십억원,na,2
2026-04-01_DB증권_삼성SDI,2026-04-01,DB증권,삼성SDI,중대형EV,중대형,2026,4Q,매출,1172,십억원,na,2
2026-04-01_DB증권_삼성SDI,2026-04-01,DB증권,삼성SDI,중대형EV,중대형,2025,FY,매출,5354,십억원,na,2
2026-04-01_DB증권_삼성SDI,2026-04-01,DB증권,삼성SDI,중대형EV,중대형,2026,FY,매출,4926,십억원,na,2
2026-04-01_DB증권_삼성SDI,2026-04-01,DB증권,삼성SDI,중대형EV,중대형,2027,FY,매출,5124,십억원,na,2
2026-04-01_DB증권_삼성SDI,2026-04-01,DB증권,삼성SDI,중대형ESS,중대형,2025,1Q,매출,510,십억원,na,2
2026-04-01_DB증권_삼성SDI,2026-04-01,DB증권,삼성SDI,중대형ESS,중대형,2025,2Q,매출,568,십억원,na,2
2026-04-01_DB증권_삼성SDI,2026-04-01,DB증권,삼성SDI,중대형ESS,중대형,2025,3Q,매출,687,십억원,na,2
2026-04-01_DB증권_삼성SDI,2026-04-01,DB증권,삼성SDI,중대형ESS,중대형,2025,4Q,매출,904,십억원,na,2
2026-04-01_DB증권_삼성SDI,2026-04-01,DB증권,삼성SDI,중대형ESS,중대형,2026,1Q,매출,894,십억원,na,2
2026-04-01_DB증권_삼성SDI,2026-04-01,DB증권,삼성SDI,중대형ESS,중대형,2026,2Q,매출,975,십억원,na,2
2026-04-01_DB증권_삼성SDI,2026-04-01,DB증권,삼성SDI,중대형ESS,중대형,2026,3Q,매출,994,십억원,na,2
2026-04-01_DB증권_삼성SDI,2026-04-01,DB증권,삼성SDI,중대형ESS,중대형,2026,4Q,매출,1160,십억원,na,2
2026-04-01_DB증권_삼성SDI,2026-04-01,DB증권,삼성SDI,중대형ESS,중대형,2025,FY,매출,2668,십억원,na,2
2026-04-01_DB증권_삼성SDI,2026-04-01,DB증권,삼성SDI,중대형ESS,중대형,2026,FY,매출,4023,십억원,na,2
2026-04-01_DB증권_삼성SDI,2026-04-01,DB증권,삼성SDI,중대형ESS,중대형,2027,FY,매출,6477,십억원,na,2
2026-04-01_DB증권_삼성SDI,2026-04-01,DB증권,삼성SDI,전자재료,전자재료,2025,1Q,매출,196,십억원,na,2
2026-04-01_DB증권_삼성SDI,2026-04-01,DB증권,삼성SDI,전자재료,전자재료,2025,2Q,매출,218,십억원,na,2
2026-04-01_DB증권_삼성SDI,2026-04-01,DB증권,삼성SDI,전자재료,전자재료,2025,3Q,매출,232,십억원,na,2
2026-04-01_DB증권_삼성SDI,2026-04-01,DB증권,삼성SDI,전자재료,전자재료,2025,4Q,매출,237,십억원,na,2
2026-04-01_DB증권_삼성SDI,2026-04-01,DB증권,삼성SDI,전자재료,전자재료,2026,1Q,매출,262,십억원,na,2
2026-04-01_DB증권_삼성SDI,2026-04-01,DB증권,삼성SDI,전자재료,전자재료,2026,2Q,매출,271,십억원,na,2
2026-04-01_DB증권_삼성SDI,2026-04-01,DB증권,삼성SDI,전자재료,전자재료,2026,3Q,매출,284,십억원,na,2
2026-04-01_DB증권_삼성SDI,2026-04-01,DB증권,삼성SDI,전자재료,전자재료,2026,4Q,매출,295,십억원,na,2
2026-04-01_DB증권_삼성SDI,2026-04-01,DB증권,삼성SDI,전자재료,전자재료,2025,FY,매출,883,십억원,na,2
2026-04-01_DB증권_삼성SDI,2026-04-01,DB증권,삼성SDI,전자재료,전자재료,2026,FY,매출,1112,십억원,na,2
2026-04-01_DB증권_삼성SDI,2026-04-01,DB증권,삼성SDI,전자재료,전자재료,2027,FY,매출,1168,십억원,na,2
2026-04-01_DB증권_삼성SDI,2026-04-01,DB증권,삼성SDI,소형,소형,2025,1Q,영업이익,-355,십억원,excl,2
2026-04-01_DB증권_삼성SDI,2026-04-01,DB증권,삼성SDI,소형,소형,2025,2Q,영업이익,-88,십억원,excl,2
2026-04-01_DB증권_삼성SDI,2026-04-01,DB증권,삼성SDI,소형,소형,2025,3Q,영업이익,-52,십억원,excl,2
2026-04-01_DB증권_삼성SDI,2026-04-01,DB증권,삼성SDI,소형,소형,2025,4Q,영업이익,-137,십억원,excl,2
2026-04-01_DB증권_삼성SDI,2026-04-01,DB증권,삼성SDI,소형,소형,2026,1Q,영업이익,-114,십억원,excl,2
2026-04-01_DB증권_삼성SDI,2026-04-01,DB증권,삼성SDI,소형,소형,2026,2Q,영업이익,-34,십억원,excl,2
2026-04-01_DB증권_삼성SDI,2026-04-01,DB증권,삼성SDI,소형,소형,2026,3Q,영업이익,-20,십억원,excl,2
2026-04-01_DB증권_삼성SDI,2026-04-01,DB증권,삼성SDI,소형,소형,2026,4Q,영업이익,28,십억원,excl,2
2026-04-01_DB증권_삼성SDI,2026-04-01,DB증권,삼성SDI,소형,소형,2025,FY,영업이익,-632,십억원,excl,2
2026-04-01_DB증권_삼성SDI,2026-04-01,DB증권,삼성SDI,소형,소형,2026,FY,영업이익,-141,십억원,excl,2
2026-04-01_DB증권_삼성SDI,2026-04-01,DB증권,삼성SDI,소형,소형,2027,FY,영업이익,128,십억원,excl,2
2026-04-01_DB증권_삼성SDI,2026-04-01,DB증권,삼성SDI,중대형EV,중대형,2025,1Q,영업이익,-244,십억원,excl,2
2026-04-01_DB증권_삼성SDI,2026-04-01,DB증권,삼성SDI,중대형EV,중대형,2025,2Q,영업이익,-420,십억원,excl,2
2026-04-01_DB증권_삼성SDI,2026-04-01,DB증권,삼성SDI,중대형EV,중대형,2025,3Q,영업이익,-554,십억원,excl,2
2026-04-01_DB증권_삼성SDI,2026-04-01,DB증권,삼성SDI,중대형EV,중대형,2025,4Q,영업이익,-203,십억원,excl,2
2026-04-01_DB증권_삼성SDI,2026-04-01,DB증권,삼성SDI,중대형EV,중대형,2026,1Q,영업이익,-208,십억원,excl,2
2026-04-01_DB증권_삼성SDI,2026-04-01,DB증권,삼성SDI,중대형EV,중대형,2026,2Q,영업이익,-207,십억원,excl,2
2026-04-01_DB증권_삼성SDI,2026-04-01,DB증권,삼성SDI,중대형EV,중대형,2026,3Q,영업이익,-206,십억원,excl,2
2026-04-01_DB증권_삼성SDI,2026-04-01,DB증권,삼성SDI,중대형EV,중대형,2026,4Q,영업이익,-158,십억원,excl,2
2026-04-01_DB증권_삼성SDI,2026-04-01,DB증권,삼성SDI,중대형EV,중대형,2025,FY,영업이익,-1421,십억원,excl,2
2026-04-01_DB증권_삼성SDI,2026-04-01,DB증권,삼성SDI,중대형EV,중대형,2026,FY,영업이익,-779,십억원,excl,2
2026-04-01_DB증권_삼성SDI,2026-04-01,DB증권,삼성SDI,중대형EV,중대형,2027,FY,영업이익,-630,십억원,excl,2
2026-04-01_DB증권_삼성SDI,2026-04-01,DB증권,삼성SDI,중대형ESS,중대형,2025,1Q,영업이익,37,십억원,excl,2
2026-04-01_DB증권_삼성SDI,2026-04-01,DB증권,삼성SDI,중대형ESS,중대형,2025,2Q,영업이익,10,십억원,excl,2
2026-04-01_DB증권_삼성SDI,2026-04-01,DB증권,삼성SDI,중대형ESS,중대형,2025,3Q,영업이익,-43,십억원,excl,2
2026-04-01_DB증권_삼성SDI,2026-04-01,DB증권,삼성SDI,중대형ESS,중대형,2025,4Q,영업이익,-78,십억원,excl,2
2026-04-01_DB증권_삼성SDI,2026-04-01,DB증권,삼성SDI,중대형ESS,중대형,2026,1Q,영업이익,-27,십억원,excl,2
2026-04-01_DB증권_삼성SDI,2026-04-01,DB증권,삼성SDI,중대형ESS,중대형,2026,2Q,영업이익,-9,십억원,excl,2
2026-04-01_DB증권_삼성SDI,2026-04-01,DB증권,삼성SDI,중대형ESS,중대형,2026,3Q,영업이익,2,십억원,excl,2
2026-04-01_DB증권_삼성SDI,2026-04-01,DB증권,삼성SDI,중대형ESS,중대형,2026,4Q,영업이익,-26,십억원,excl,2
2026-04-01_DB증권_삼성SDI,2026-04-01,DB증권,삼성SDI,중대형ESS,중대형,2025,FY,영업이익,-73,십억원,excl,2
2026-04-01_DB증권_삼성SDI,2026-04-01,DB증권,삼성SDI,중대형ESS,중대형,2026,FY,영업이익,-60,십억원,excl,2
2026-04-01_DB증권_삼성SDI,2026-04-01,DB증권,삼성SDI,중대형ESS,중대형,2027,FY,영업이익,-170,십억원,excl,2
2026-04-01_DB증권_삼성SDI,2026-04-01,DB증권,삼성SDI,전자재료,전자재료,2025,1Q,영업이익,18,십억원,excl,2
2026-04-01_DB증권_삼성SDI,2026-04-01,DB증권,삼성SDI,전자재료,전자재료,2025,2Q,영업이익,33,십억원,excl,2
2026-04-01_DB증권_삼성SDI,2026-04-01,DB증권,삼성SDI,전자재료,전자재료,2025,3Q,영업이익,39,십억원,excl,2
2026-04-01_DB증권_삼성SDI,2026-04-01,DB증권,삼성SDI,전자재료,전자재료,2025,4Q,영업이익,39,십억원,excl,2
2026-04-01_DB증권_삼성SDI,2026-04-01,DB증권,삼성SDI,전자재료,전자재료,2026,1Q,영업이익,46,십억원,excl,2
2026-04-01_DB증권_삼성SDI,2026-04-01,DB증권,삼성SDI,전자재료,전자재료,2026,2Q,영업이익,53,십억원,excl,2
2026-04-01_DB증권_삼성SDI,2026-04-01,DB증권,삼성SDI,전자재료,전자재료,2026,3Q,영업이익,63,십억원,excl,2
2026-04-01_DB증권_삼성SDI,2026-04-01,DB증권,삼성SDI,전자재료,전자재료,2026,4Q,영업이익,44,십억원,excl,2
2026-04-01_DB증권_삼성SDI,2026-04-01,DB증권,삼성SDI,전자재료,전자재료,2025,FY,영업이익,129,십억원,excl,2
2026-04-01_DB증권_삼성SDI,2026-04-01,DB증권,삼성SDI,전자재료,전자재료,2026,FY,영업이익,206,십억원,excl,2
2026-04-01_DB증권_삼성SDI,2026-04-01,DB증권,삼성SDI,전자재료,전자재료,2027,FY,영업이익,200,십억원,excl,2
2026-04-01_상상인증권_삼성SDI,2026-04-01,상상인증권,삼성SDI,매출액,전사,2024,FY,매출,16592,십억원,excl,1
2026-04-01_상상인증권_삼성SDI,2026-04-01,상상인증권,삼성SDI,매출액,전사,2025,FY,매출,13267,십억원,excl,11
2026-04-01_상상인증권_삼성SDI,2026-04-01,상상인증권,삼성SDI,매출액,전사,2026,FY,매출,14592,십억원,excl,11
2026-04-01_상상인증권_삼성SDI,2026-04-01,상상인증권,삼성SDI,매출액,전사,2027,FY,매출,17083,십억원,excl,11
2026-04-01_상상인증권_삼성SDI,2026-04-01,상상인증권,삼성SDI,매출액,전사,2025,1Q,매출,3177,십억원,excl,11
2026-04-01_상상인증권_삼성SDI,2026-04-01,상상인증권,삼성SDI,매출액,전사,2025,2Q,매출,3179,십억원,excl,11
2026-04-01_상상인증권_삼성SDI,2026-04-01,상상인증권,삼성SDI,매출액,전사,2025,3Q,매출,3052,십억원,excl,11
2026-04-01_상상인증권_삼성SDI,2026-04-01,상상인증권,삼성SDI,매출액,전사,2025,4Q,매출,3859,십억원,excl,11
2026-04-01_상상인증권_삼성SDI,2026-04-01,상상인증권,삼성SDI,매출액,전사,2026,1Q,매출,3494,십억원,excl,11
2026-04-01_상상인증권_삼성SDI,2026-04-01,상상인증권,삼성SDI,매출액,전사,2026,2Q,매출,3501,십억원,excl,11
2026-04-01_상상인증권_삼성SDI,2026-04-01,상상인증권,삼성SDI,매출액,전사,2026,3Q,매출,3525,십억원,excl,11
2026-04-01_상상인증권_삼성SDI,2026-04-01,상상인증권,삼성SDI,매출액,전사,2026,4Q,매출,4072,십억원,excl,11
2026-04-01_상상인증권_삼성SDI,2026-04-01,상상인증권,삼성SDI,소형전지,소형,2025,FY,매출,3679,십억원,excl,11
2026-04-01_상상인증권_삼성SDI,2026-04-01,상상인증권,삼성SDI,소형전지,소형,2026,FY,매출,4047,십억원,excl,11
2026-04-01_상상인증권_삼성SDI,2026-04-01,상상인증권,삼성SDI,소형전지,소형,2027,FY,매출,4452,십억원,excl,11
2026-04-01_상상인증권_삼성SDI,2026-04-01,상상인증권,삼성SDI,소형전지,소형,2025,1Q,매출,747,십억원,excl,11
2026-04-01_상상인증권_삼성SDI,2026-04-01,상상인증권,삼성SDI,소형전지,소형,2025,2Q,매출,966,십억원,excl,11
2026-04-01_상상인증권_삼성SDI,2026-04-01,상상인증권,삼성SDI,소형전지,소형,2025,3Q,매출,996,십억원,excl,11
2026-04-01_상상인증권_삼성SDI,2026-04-01,상상인증권,삼성SDI,소형전지,소형,2025,4Q,매출,970,십억원,excl,11
2026-04-01_상상인증권_삼성SDI,2026-04-01,상상인증권,삼성SDI,소형전지,소형,2026,1Q,매출,970,십억원,excl,11
2026-04-01_상상인증권_삼성SDI,2026-04-01,상상인증권,삼성SDI,소형전지,소형,2026,2Q,매출,995,십억원,excl,11
2026-04-01_상상인증권_삼성SDI,2026-04-01,상상인증권,삼성SDI,소형전지,소형,2026,3Q,매출,1036,십억원,excl,11
2026-04-01_상상인증권_삼성SDI,2026-04-01,상상인증권,삼성SDI,소형전지,소형,2026,4Q,매출,1019,십억원,excl,11
2026-04-01_상상인증권_삼성SDI,2026-04-01,상상인증권,삼성SDI,중대형전지,중대형,2025,FY,매출,8705,십억원,excl,11
2026-04-01_상상인증권_삼성SDI,2026-04-01,상상인증권,삼성SDI,중대형전지,중대형,2026,FY,매출,9621,십억원,excl,11
2026-04-01_상상인증권_삼성SDI,2026-04-01,상상인증권,삼성SDI,중대형전지,중대형,2027,FY,매출,11663,십억원,excl,11
2026-04-01_상상인증권_삼성SDI,2026-04-01,상상인증권,삼성SDI,중대형전지,중대형,2025,1Q,매출,2235,십억원,excl,11
2026-04-01_상상인증권_삼성SDI,2026-04-01,상상인증권,삼성SDI,중대형전지,중대형,2025,2Q,매출,1995,십억원,excl,11
2026-04-01_상상인증권_삼성SDI,2026-04-01,상상인증권,삼성SDI,중대형전지,중대형,2025,3Q,매출,2079,십억원,excl,11
2026-04-01_상상인증권_삼성SDI,2026-04-01,상상인증권,삼성SDI,중대형전지,중대형,2025,4Q,매출,2652,십억원,excl,11
2026-04-01_상상인증권_삼성SDI,2026-04-01,상상인증권,삼성SDI,중대형전지,중대형,2026,1Q,매출,2351,십억원,excl,11
2026-04-01_상상인증권_삼성SDI,2026-04-01,상상인증권,삼성SDI,중대형전지,중대형,2026,2Q,매출,2341,십억원,excl,11
2026-04-01_상상인증권_삼성SDI,2026-04-01,상상인증권,삼성SDI,중대형전지,중대형,2026,3Q,매출,2391,십억원,excl,11
2026-04-01_상상인증권_삼성SDI,2026-04-01,상상인증권,삼성SDI,중대형전지,중대형,2026,4Q,매출,2654,십억원,excl,11
2026-04-01_상상인증권_삼성SDI,2026-04-01,상상인증권,삼성SDI,전자재료,전자재료,2025,FY,매출,882,십억원,excl,11
2026-04-01_상상인증권_삼성SDI,2026-04-01,상상인증권,삼성SDI,전자재료,전자재료,2026,FY,매출,924,십억원,excl,11
2026-04-01_상상인증권_삼성SDI,2026-04-01,상상인증권,삼성SDI,전자재료,전자재료,2027,FY,매출,968,십억원,excl,11
2026-04-01_상상인증권_삼성SDI,2026-04-01,상상인증권,삼성SDI,전자재료,전자재료,2025,1Q,매출,196,십억원,excl,11
2026-04-01_상상인증권_삼성SDI,2026-04-01,상상인증권,삼성SDI,전자재료,전자재료,2025,2Q,매출,218,십억원,excl,11
2026-04-01_상상인증권_삼성SDI,2026-04-01,상상인증권,삼성SDI,전자재료,전자재료,2025,3Q,매출,232,십억원,excl,11
2026-04-01_상상인증권_삼성SDI,2026-04-01,상상인증권,삼성SDI,전자재료,전자재료,2025,4Q,매출,237,십억원,excl,11
2026-04-01_상상인증권_삼성SDI,2026-04-01,상상인증권,삼성SDI,전자재료,전자재료,2026,1Q,매출,237,십억원,excl,11
2026-04-01_상상인증권_삼성SDI,2026-04-01,상상인증권,삼성SDI,전자재료,전자재료,2026,2Q,매출,225,십억원,excl,11
2026-04-01_상상인증권_삼성SDI,2026-04-01,상상인증권,삼성SDI,전자재료,전자재료,2026,3Q,매출,241,십억원,excl,11
2026-04-01_상상인증권_삼성SDI,2026-04-01,상상인증권,삼성SDI,전자재료,전자재료,2026,4Q,매출,249,십억원,excl,11
2026-04-01_상상인증권_삼성SDI,2026-04-01,상상인증권,삼성SDI,영업이익,전사,2024,FY,영업이익,363,십억원,excl,1
2026-04-01_상상인증권_삼성SDI,2026-04-01,상상인증권,삼성SDI,영업이익,전사,2025,FY,영업이익,-1722,십억원,excl,11
2026-04-01_상상인증권_삼성SDI,2026-04-01,상상인증권,삼성SDI,영업이익,전사,2026,FY,영업이익,-565,십억원,excl,11
2026-04-01_상상인증권_삼성SDI,2026-04-01,상상인증권,삼성SDI,영업이익,전사,2027,FY,영업이익,1279,십억원,excl,11
2026-04-01_상상인증권_삼성SDI,2026-04-01,상상인증권,삼성SDI,영업이익,전사,2025,1Q,영업이익,-434,십억원,excl,11
2026-04-01_상상인증권_삼성SDI,2026-04-01,상상인증권,삼성SDI,영업이익,전사,2025,2Q,영업이익,-398,십억원,excl,11
2026-04-01_상상인증권_삼성SDI,2026-04-01,상상인증권,삼성SDI,영업이익,전사,2025,3Q,영업이익,-591,십억원,excl,11
2026-04-01_상상인증권_삼성SDI,2026-04-01,상상인증권,삼성SDI,영업이익,전사,2025,4Q,영업이익,-299,십억원,excl,11
2026-04-01_상상인증권_삼성SDI,2026-04-01,상상인증권,삼성SDI,영업이익,전사,2026,1Q,영업이익,-228,십억원,excl,11
2026-04-01_상상인증권_삼성SDI,2026-04-01,상상인증권,삼성SDI,영업이익,전사,2026,2Q,영업이익,-263,십억원,excl,11
2026-04-01_상상인증권_삼성SDI,2026-04-01,상상인증권,삼성SDI,영업이익,전사,2026,3Q,영업이익,-130,십억원,excl,11
2026-04-01_상상인증권_삼성SDI,2026-04-01,상상인증권,삼성SDI,영업이익,전사,2026,4Q,영업이익,57,십억원,excl,11
2026-04-01_상상인증권_삼성SDI,2026-04-01,상상인증권,삼성SDI,AMPC,전사,2025,4Q,AMPC,79.8,십억원,na,1
2026-04-02_IBK투자증권_삼성SDI,2026-04-02,IBK투자증권,삼성SDI,연결,전사,2025,1Q,매출,3177,십억원,excl,2
2026-04-02_IBK투자증권_삼성SDI,2026-04-02,IBK투자증권,삼성SDI,연결,전사,2025,2Q,매출,3179,십억원,excl,2
2026-04-02_IBK투자증권_삼성SDI,2026-04-02,IBK투자증권,삼성SDI,연결,전사,2025,3Q,매출,3052,십억원,excl,2
2026-04-02_IBK투자증권_삼성SDI,2026-04-02,IBK투자증권,삼성SDI,연결,전사,2025,4Q,매출,3859,십억원,excl,2
2026-04-02_IBK투자증권_삼성SDI,2026-04-02,IBK투자증권,삼성SDI,연결,전사,2026,1Q,매출,3584,십억원,excl,2
2026-04-02_IBK투자증권_삼성SDI,2026-04-02,IBK투자증권,삼성SDI,연결,전사,2026,2Q,매출,3793,십억원,excl,2
2026-04-02_IBK투자증권_삼성SDI,2026-04-02,IBK투자증권,삼성SDI,연결,전사,2026,3Q,매출,4026,십억원,excl,2
2026-04-02_IBK투자증권_삼성SDI,2026-04-02,IBK투자증권,삼성SDI,연결,전사,2026,4Q,매출,4164,십억원,excl,2
2026-04-02_IBK투자증권_삼성SDI,2026-04-02,IBK투자증권,삼성SDI,전지,배터리합계,2025,1Q,매출,2981,십억원,excl,2
2026-04-02_IBK투자증권_삼성SDI,2026-04-02,IBK투자증권,삼성SDI,전지,배터리합계,2025,2Q,매출,2961,십억원,excl,2
2026-04-02_IBK투자증권_삼성SDI,2026-04-02,IBK투자증권,삼성SDI,전지,배터리합계,2025,3Q,매출,2820,십억원,excl,2
2026-04-02_IBK투자증권_삼성SDI,2026-04-02,IBK투자증권,삼성SDI,전지,배터리합계,2025,4Q,매출,3622,십억원,excl,2
2026-04-02_IBK투자증권_삼성SDI,2026-04-02,IBK투자증권,삼성SDI,전지,배터리합계,2026,1Q,매출,3375,십억원,excl,2
2026-04-02_IBK투자증권_삼성SDI,2026-04-02,IBK투자증권,삼성SDI,전지,배터리합계,2026,2Q,매출,3561,십억원,excl,2
2026-04-02_IBK투자증권_삼성SDI,2026-04-02,IBK투자증권,삼성SDI,전지,배터리합계,2026,3Q,매출,3797,십억원,excl,2
2026-04-02_IBK투자증권_삼성SDI,2026-04-02,IBK투자증권,삼성SDI,전지,배터리합계,2026,4Q,매출,3924,십억원,excl,2
2026-04-02_IBK투자증권_삼성SDI,2026-04-02,IBK투자증권,삼성SDI,소형전지,소형,2025,1Q,매출,738,십억원,excl,2
2026-04-02_IBK투자증권_삼성SDI,2026-04-02,IBK투자증권,삼성SDI,소형전지,소형,2025,2Q,매출,948,십억원,excl,2
2026-04-02_IBK투자증권_삼성SDI,2026-04-02,IBK투자증권,삼성SDI,소형전지,소형,2025,3Q,매출,990,십억원,excl,2
2026-04-02_IBK투자증권_삼성SDI,2026-04-02,IBK투자증권,삼성SDI,소형전지,소형,2025,4Q,매출,1089,십억원,excl,2
2026-04-02_IBK투자증권_삼성SDI,2026-04-02,IBK투자증권,삼성SDI,소형전지,소형,2026,1Q,매출,1123,십억원,excl,2
2026-04-02_IBK투자증권_삼성SDI,2026-04-02,IBK투자증권,삼성SDI,소형전지,소형,2026,2Q,매출,1088,십억원,excl,2
2026-04-02_IBK투자증권_삼성SDI,2026-04-02,IBK투자증권,삼성SDI,소형전지,소형,2026,3Q,매출,1122,십억원,excl,2
2026-04-02_IBK투자증권_삼성SDI,2026-04-02,IBK투자증권,삼성SDI,소형전지,소형,2026,4Q,매출,1133,십억원,excl,2
2026-04-02_IBK투자증권_삼성SDI,2026-04-02,IBK투자증권,삼성SDI,EV,EV,2025,1Q,매출,1564,십억원,excl,2
2026-04-02_IBK투자증권_삼성SDI,2026-04-02,IBK투자증권,삼성SDI,EV,EV,2025,2Q,매출,1244,십억원,excl,2
2026-04-02_IBK투자증권_삼성SDI,2026-04-02,IBK투자증권,삼성SDI,EV,EV,2025,3Q,매출,1094,십억원,excl,2
2026-04-02_IBK투자증권_삼성SDI,2026-04-02,IBK투자증권,삼성SDI,EV,EV,2025,4Q,매출,1576,십억원,excl,2
2026-04-02_IBK투자증권_삼성SDI,2026-04-02,IBK투자증권,삼성SDI,EV,EV,2026,1Q,매출,1277,십억원,excl,2
2026-04-02_IBK투자증권_삼성SDI,2026-04-02,IBK투자증권,삼성SDI,EV,EV,2026,2Q,매출,1355,십억원,excl,2
2026-04-02_IBK투자증권_삼성SDI,2026-04-02,IBK투자증권,삼성SDI,EV,EV,2026,3Q,매출,1445,십억원,excl,2
2026-04-02_IBK투자증권_삼성SDI,2026-04-02,IBK투자증권,삼성SDI,EV,EV,2026,4Q,매출,1400,십억원,excl,2
2026-04-02_IBK투자증권_삼성SDI,2026-04-02,IBK투자증권,삼성SDI,ESS,ESS,2025,1Q,매출,678,십억원,excl,2
2026-04-02_IBK투자증권_삼성SDI,2026-04-02,IBK투자증권,삼성SDI,ESS,ESS,2025,2Q,매출,770,십억원,excl,2
2026-04-02_IBK투자증권_삼성SDI,2026-04-02,IBK투자증권,삼성SDI,ESS,ESS,2025,3Q,매출,736,십억원,excl,2
2026-04-02_IBK투자증권_삼성SDI,2026-04-02,IBK투자증권,삼성SDI,ESS,ESS,2025,4Q,매출,957,십억원,excl,2
2026-04-02_IBK투자증권_삼성SDI,2026-04-02,IBK투자증권,삼성SDI,ESS,ESS,2026,1Q,매출,976,십억원,excl,2
2026-04-02_IBK투자증권_삼성SDI,2026-04-02,IBK투자증권,삼성SDI,ESS,ESS,2026,2Q,매출,1118,십억원,excl,2
2026-04-02_IBK투자증권_삼성SDI,2026-04-02,IBK투자증권,삼성SDI,ESS,ESS,2026,3Q,매출,1231,십억원,excl,2
2026-04-02_IBK투자증권_삼성SDI,2026-04-02,IBK투자증권,삼성SDI,ESS,ESS,2026,4Q,매출,1391,십억원,excl,2
2026-04-02_IBK투자증권_삼성SDI,2026-04-02,IBK투자증권,삼성SDI,전자재료,전자재료,2025,1Q,매출,196,십억원,excl,2
2026-04-02_IBK투자증권_삼성SDI,2026-04-02,IBK투자증권,삼성SDI,전자재료,전자재료,2025,2Q,매출,218,십억원,excl,2
2026-04-02_IBK투자증권_삼성SDI,2026-04-02,IBK투자증권,삼성SDI,전자재료,전자재료,2025,3Q,매출,232,십억원,excl,2
2026-04-02_IBK투자증권_삼성SDI,2026-04-02,IBK투자증권,삼성SDI,전자재료,전자재료,2025,4Q,매출,237,십억원,excl,2
2026-04-02_IBK투자증권_삼성SDI,2026-04-02,IBK투자증권,삼성SDI,전자재료,전자재료,2026,1Q,매출,208,십억원,excl,2
2026-04-02_IBK투자증권_삼성SDI,2026-04-02,IBK투자증권,삼성SDI,전자재료,전자재료,2026,2Q,매출,231,십억원,excl,2
2026-04-02_IBK투자증권_삼성SDI,2026-04-02,IBK투자증권,삼성SDI,전자재료,전자재료,2026,3Q,매출,229,십억원,excl,2
2026-04-02_IBK투자증권_삼성SDI,2026-04-02,IBK투자증권,삼성SDI,전자재료,전자재료,2026,4Q,매출,239,십억원,excl,2
2026-04-02_IBK투자증권_삼성SDI,2026-04-02,IBK투자증권,삼성SDI,연결,전사,2024,FY,매출,16592,십억원,excl,1
2026-04-02_IBK투자증권_삼성SDI,2026-04-02,IBK투자증권,삼성SDI,연결,전사,2025,FY,매출,13267,십억원,excl,1
2026-04-02_IBK투자증권_삼성SDI,2026-04-02,IBK투자증권,삼성SDI,연결,전사,2026,FY,매출,15566,십억원,excl,1
2026-04-02_IBK투자증권_삼성SDI,2026-04-02,IBK투자증권,삼성SDI,연결,전사,2027,FY,매출,19270,십억원,excl,1
2026-04-02_IBK투자증권_삼성SDI,2026-04-02,IBK투자증권,삼성SDI,연결,전사,2028,FY,매출,24389,십억원,excl,1
2026-04-02_IBK투자증권_삼성SDI,2026-04-02,IBK투자증권,삼성SDI,전지,배터리합계,2025,FY,매출,12384,십억원,excl,2
2026-04-02_IBK투자증권_삼성SDI,2026-04-02,IBK투자증권,삼성SDI,전지,배터리합계,2026,FY,매출,14658,십억원,excl,2
2026-04-02_IBK투자증권_삼성SDI,2026-04-02,IBK투자증권,삼성SDI,전지,배터리합계,2027,FY,매출,18292,십억원,excl,2
2026-04-02_IBK투자증권_삼성SDI,2026-04-02,IBK투자증권,삼성SDI,소형전지,소형,2025,FY,매출,3765,십억원,excl,2
2026-04-02_IBK투자증권_삼성SDI,2026-04-02,IBK투자증권,삼성SDI,소형전지,소형,2026,FY,매출,4466,십억원,excl,2
2026-04-02_IBK투자증권_삼성SDI,2026-04-02,IBK투자증권,삼성SDI,소형전지,소형,2027,FY,매출,5006,십억원,excl,2
2026-04-02_IBK투자증권_삼성SDI,2026-04-02,IBK투자증권,삼성SDI,EV,EV,2025,FY,매출,5478,십억원,excl,2
2026-04-02_IBK투자증권_삼성SDI,2026-04-02,IBK투자증권,삼성SDI,EV,EV,2026,FY,매출,5477,십억원,excl,2
2026-04-02_IBK투자증권_삼성SDI,2026-04-02,IBK투자증권,삼성SDI,EV,EV,2027,FY,매출,7624,십억원,excl,2
2026-04-02_IBK투자증권_삼성SDI,2026-04-02,IBK투자증권,삼성SDI,ESS,ESS,2025,FY,매출,3141,십억원,excl,2
2026-04-02_IBK투자증권_삼성SDI,2026-04-02,IBK투자증권,삼성SDI,ESS,ESS,2026,FY,매출,4715,십억원,excl,2
2026-04-02_IBK투자증권_삼성SDI,2026-04-02,IBK투자증권,삼성SDI,ESS,ESS,2027,FY,매출,5661,십억원,excl,2
2026-04-02_IBK투자증권_삼성SDI,2026-04-02,IBK투자증권,삼성SDI,전자재료,전자재료,2025,FY,매출,883,십억원,excl,2
2026-04-02_IBK투자증권_삼성SDI,2026-04-02,IBK투자증권,삼성SDI,전자재료,전자재료,2026,FY,매출,908,십억원,excl,2
2026-04-02_IBK투자증권_삼성SDI,2026-04-02,IBK투자증권,삼성SDI,전자재료,전자재료,2027,FY,매출,979,십억원,excl,2
2026-04-02_IBK투자증권_삼성SDI,2026-04-02,IBK투자증권,삼성SDI,연결,전사,2025,1Q,영업이익,-434,십억원,incl,2
2026-04-02_IBK투자증권_삼성SDI,2026-04-02,IBK투자증권,삼성SDI,연결,전사,2025,2Q,영업이익,-398,십억원,incl,2
2026-04-02_IBK투자증권_삼성SDI,2026-04-02,IBK투자증권,삼성SDI,연결,전사,2025,3Q,영업이익,-591,십억원,incl,2
2026-04-02_IBK투자증권_삼성SDI,2026-04-02,IBK투자증권,삼성SDI,연결,전사,2025,4Q,영업이익,-299,십억원,incl,2
2026-04-02_IBK투자증권_삼성SDI,2026-04-02,IBK투자증권,삼성SDI,연결,전사,2026,1Q,영업이익,-212,십억원,incl,2
2026-04-02_IBK투자증권_삼성SDI,2026-04-02,IBK투자증권,삼성SDI,연결,전사,2026,2Q,영업이익,-112,십억원,incl,2
2026-04-02_IBK투자증권_삼성SDI,2026-04-02,IBK투자증권,삼성SDI,연결,전사,2026,3Q,영업이익,-19,십억원,incl,2
2026-04-02_IBK투자증권_삼성SDI,2026-04-02,IBK투자증권,삼성SDI,연결,전사,2026,4Q,영업이익,157,십억원,incl,2
2026-04-02_IBK투자증권_삼성SDI,2026-04-02,IBK투자증권,삼성SDI,전지(+AMPC),배터리합계,2025,1Q,영업이익,-452,십억원,incl,2
2026-04-02_IBK투자증권_삼성SDI,2026-04-02,IBK투자증권,삼성SDI,전지(+AMPC),배터리합계,2025,2Q,영업이익,-431,십억원,incl,2
2026-04-02_IBK투자증권_삼성SDI,2026-04-02,IBK투자증권,삼성SDI,전지(+AMPC),배터리합계,2025,3Q,영업이익,-630,십억원,incl,2
2026-04-02_IBK투자증권_삼성SDI,2026-04-02,IBK투자증권,삼성SDI,전지(+AMPC),배터리합계,2025,4Q,영업이익,-338,십억원,incl,2
2026-04-02_IBK투자증권_삼성SDI,2026-04-02,IBK투자증권,삼성SDI,전지(+AMPC),배터리합계,2026,1Q,영업이익,-248,십억원,incl,2
2026-04-02_IBK투자증권_삼성SDI,2026-04-02,IBK투자증권,삼성SDI,전지(+AMPC),배터리합계,2026,2Q,영업이익,-150,십억원,incl,2
2026-04-02_IBK투자증권_삼성SDI,2026-04-02,IBK투자증권,삼성SDI,전지(+AMPC),배터리합계,2026,3Q,영업이익,-57,십억원,incl,2
2026-04-02_IBK투자증권_삼성SDI,2026-04-02,IBK투자증권,삼성SDI,전지(+AMPC),배터리합계,2026,4Q,영업이익,117,십억원,incl,2
2026-04-02_IBK투자증권_삼성SDI,2026-04-02,IBK투자증권,삼성SDI,전지,배터리합계,2025,1Q,영업이익,-562,십억원,excl,2
2026-04-02_IBK투자증권_삼성SDI,2026-04-02,IBK투자증권,삼성SDI,전지,배터리합계,2025,2Q,영업이익,-497,십억원,excl,2
2026-04-02_IBK투자증권_삼성SDI,2026-04-02,IBK투자증권,삼성SDI,전지,배터리합계,2025,3Q,영업이익,-650,십억원,excl,2
2026-04-02_IBK투자증권_삼성SDI,2026-04-02,IBK투자증권,삼성SDI,전지,배터리합계,2025,4Q,영업이익,-418,십억원,excl,2
2026-04-02_IBK투자증권_삼성SDI,2026-04-02,IBK투자증권,삼성SDI,전지,배터리합계,2026,1Q,영업이익,-328,십억원,excl,2
2026-04-02_IBK투자증권_삼성SDI,2026-04-02,IBK투자증권,삼성SDI,전지,배터리합계,2026,2Q,영업이익,-233,십억원,excl,2
2026-04-02_IBK투자증권_삼성SDI,2026-04-02,IBK투자증권,삼성SDI,전지,배터리합계,2026,3Q,영업이익,-147,십억원,excl,2
2026-04-02_IBK투자증권_삼성SDI,2026-04-02,IBK투자증권,삼성SDI,전지,배터리합계,2026,4Q,영업이익,10,십억원,excl,2
2026-04-02_IBK투자증권_삼성SDI,2026-04-02,IBK투자증권,삼성SDI,소형전지,소형,2025,1Q,영업이익,-250,십억원,excl,2
2026-04-02_IBK투자증권_삼성SDI,2026-04-02,IBK투자증권,삼성SDI,소형전지,소형,2025,2Q,영업이익,-93,십억원,excl,2
2026-04-02_IBK투자증권_삼성SDI,2026-04-02,IBK투자증권,삼성SDI,소형전지,소형,2025,3Q,영업이익,-88,십억원,excl,2
2026-04-02_IBK투자증권_삼성SDI,2026-04-02,IBK투자증권,삼성SDI,소형전지,소형,2025,4Q,영업이익,-143,십억원,excl,2
2026-04-02_IBK투자증권_삼성SDI,2026-04-02,IBK투자증권,삼성SDI,소형전지,소형,2026,1Q,영업이익,-90,십억원,excl,2
2026-04-02_IBK투자증권_삼성SDI,2026-04-02,IBK투자증권,삼성SDI,소형전지,소형,2026,2Q,영업이익,-53,십억원,excl,2
2026-04-02_IBK투자증권_삼성SDI,2026-04-02,IBK투자증권,삼성SDI,소형전지,소형,2026,3Q,영업이익,-54,십억원,excl,2
2026-04-02_IBK투자증권_삼성SDI,2026-04-02,IBK투자증권,삼성SDI,소형전지,소형,2026,4Q,영업이익,9,십억원,excl,2
2026-04-02_IBK투자증권_삼성SDI,2026-04-02,IBK투자증권,삼성SDI,EV,EV,2025,1Q,영업이익,-357,십억원,excl,2
2026-04-02_IBK투자증권_삼성SDI,2026-04-02,IBK투자증권,삼성SDI,EV,EV,2025,2Q,영업이익,-425,십억원,excl,2
2026-04-02_IBK투자증권_삼성SDI,2026-04-02,IBK투자증권,삼성SDI,EV,EV,2025,3Q,영업이익,-506,십억원,excl,2
2026-04-02_IBK투자증권_삼성SDI,2026-04-02,IBK투자증권,삼성SDI,EV,EV,2025,4Q,영업이익,-285,십억원,excl,2
2026-04-02_IBK투자증권_삼성SDI,2026-04-02,IBK투자증권,삼성SDI,EV,EV,2026,1Q,영업이익,-275,십억원,excl,2
2026-04-02_IBK투자증권_삼성SDI,2026-04-02,IBK투자증권,삼성SDI,EV,EV,2026,2Q,영업이익,-191,십억원,excl,2
2026-04-02_IBK투자증권_삼성SDI,2026-04-02,IBK투자증권,삼성SDI,EV,EV,2026,3Q,영업이익,-142,십억원,excl,2
2026-04-02_IBK투자증권_삼성SDI,2026-04-02,IBK투자증권,삼성SDI,EV,EV,2026,4Q,영업이익,-67,십억원,excl,2
2026-04-02_IBK투자증권_삼성SDI,2026-04-02,IBK투자증권,삼성SDI,ESS,ESS,2025,1Q,영업이익,44,십억원,excl,2
2026-04-02_IBK투자증권_삼성SDI,2026-04-02,IBK투자증권,삼성SDI,ESS,ESS,2025,2Q,영업이익,21,십억원,excl,2
2026-04-02_IBK투자증권_삼성SDI,2026-04-02,IBK투자증권,삼성SDI,ESS,ESS,2025,3Q,영업이익,-56,십억원,excl,2
2026-04-02_IBK투자증권_삼성SDI,2026-04-02,IBK투자증권,삼성SDI,ESS,ESS,2025,4Q,영업이익,10,십억원,excl,2
2026-04-02_IBK투자증권_삼성SDI,2026-04-02,IBK투자증권,삼성SDI,ESS,ESS,2026,1Q,영업이익,36,십억원,excl,2
2026-04-02_IBK투자증권_삼성SDI,2026-04-02,IBK투자증권,삼성SDI,ESS,ESS,2026,2Q,영업이익,12,십억원,excl,2
2026-04-02_IBK투자증권_삼성SDI,2026-04-02,IBK투자증권,삼성SDI,ESS,ESS,2026,3Q,영업이익,48,십억원,excl,2
2026-04-02_IBK투자증권_삼성SDI,2026-04-02,IBK투자증권,삼성SDI,ESS,ESS,2026,4Q,영업이익,68,십억원,excl,2
2026-04-02_IBK투자증권_삼성SDI,2026-04-02,IBK투자증권,삼성SDI,AMPC,배터리합계,2025,1Q,AMPC,109,십억원,na,2
2026-04-02_IBK투자증권_삼성SDI,2026-04-02,IBK투자증권,삼성SDI,AMPC,배터리합계,2025,2Q,AMPC,66,십억원,na,2
2026-04-02_IBK투자증권_삼성SDI,2026-04-02,IBK투자증권,삼성SDI,AMPC,배터리합계,2025,3Q,AMPC,20,십억원,na,2
2026-04-02_IBK투자증권_삼성SDI,2026-04-02,IBK투자증권,삼성SDI,AMPC,배터리합계,2025,4Q,AMPC,80,십억원,na,2
2026-04-02_IBK투자증권_삼성SDI,2026-04-02,IBK투자증권,삼성SDI,AMPC,배터리합계,2026,1Q,AMPC,80,십억원,na,2
2026-04-02_IBK투자증권_삼성SDI,2026-04-02,IBK투자증권,삼성SDI,AMPC,배터리합계,2026,2Q,AMPC,82,십억원,na,2
2026-04-02_IBK투자증권_삼성SDI,2026-04-02,IBK투자증권,삼성SDI,AMPC,배터리합계,2026,3Q,AMPC,90,십억원,na,2
2026-04-02_IBK투자증권_삼성SDI,2026-04-02,IBK투자증권,삼성SDI,AMPC,배터리합계,2026,4Q,AMPC,107,십억원,na,2
2026-04-02_IBK투자증권_삼성SDI,2026-04-02,IBK투자증권,삼성SDI,전자재료,전자재료,2025,1Q,영업이익,18,십억원,excl,2
2026-04-02_IBK투자증권_삼성SDI,2026-04-02,IBK투자증권,삼성SDI,전자재료,전자재료,2025,2Q,영업이익,33,십억원,excl,2
2026-04-02_IBK투자증권_삼성SDI,2026-04-02,IBK투자증권,삼성SDI,전자재료,전자재료,2025,3Q,영업이익,39,십억원,excl,2
2026-04-02_IBK투자증권_삼성SDI,2026-04-02,IBK투자증권,삼성SDI,전자재료,전자재료,2025,4Q,영업이익,39,십억원,excl,2
2026-04-02_IBK투자증권_삼성SDI,2026-04-02,IBK투자증권,삼성SDI,전자재료,전자재료,2026,1Q,영업이익,36,십억원,excl,2
2026-04-02_IBK투자증권_삼성SDI,2026-04-02,IBK투자증권,삼성SDI,전자재료,전자재료,2026,2Q,영업이익,38,십억원,excl,2
2026-04-02_IBK투자증권_삼성SDI,2026-04-02,IBK투자증권,삼성SDI,전자재료,전자재료,2026,3Q,영업이익,38,십억원,excl,2
2026-04-02_IBK투자증권_삼성SDI,2026-04-02,IBK투자증권,삼성SDI,전자재료,전자재료,2026,4Q,영업이익,40,십억원,excl,2
2026-04-02_IBK투자증권_삼성SDI,2026-04-02,IBK투자증권,삼성SDI,연결,전사,2024,FY,영업이익,363,십억원,incl,1
2026-04-02_IBK투자증권_삼성SDI,2026-04-02,IBK투자증권,삼성SDI,연결,전사,2025,FY,영업이익,-1722,십억원,incl,1
2026-04-02_IBK투자증권_삼성SDI,2026-04-02,IBK투자증권,삼성SDI,연결,전사,2026,FY,영업이익,-186,십억원,incl,1
2026-04-02_IBK투자증권_삼성SDI,2026-04-02,IBK투자증권,삼성SDI,연결,전사,2027,FY,영업이익,1795,십억원,incl,1
2026-04-02_IBK투자증권_삼성SDI,2026-04-02,IBK투자증권,삼성SDI,연결,전사,2028,FY,영업이익,2688,십억원,incl,1
2026-04-02_IBK투자증권_삼성SDI,2026-04-02,IBK투자증권,삼성SDI,전지(+AMPC),배터리합계,2025,FY,영업이익,-1852,십억원,incl,2
2026-04-02_IBK투자증권_삼성SDI,2026-04-02,IBK투자증권,삼성SDI,전지(+AMPC),배터리합계,2026,FY,영업이익,-339,십억원,incl,2
2026-04-02_IBK투자증권_삼성SDI,2026-04-02,IBK투자증권,삼성SDI,전지(+AMPC),배터리합계,2027,FY,영업이익,1625,십억원,incl,2
2026-04-02_IBK투자증권_삼성SDI,2026-04-02,IBK투자증권,삼성SDI,전지,배터리합계,2025,FY,영업이익,-2127,십억원,excl,2
2026-04-02_IBK투자증권_삼성SDI,2026-04-02,IBK투자증권,삼성SDI,전지,배터리합계,2026,FY,영업이익,-698,십억원,excl,2
2026-04-02_IBK투자증권_삼성SDI,2026-04-02,IBK투자증권,삼성SDI,전지,배터리합계,2027,FY,영업이익,1001,십억원,excl,2
2026-04-02_IBK투자증권_삼성SDI,2026-04-02,IBK투자증권,삼성SDI,소형전지,소형,2025,FY,영업이익,-574,십억원,excl,2
2026-04-02_IBK투자증권_삼성SDI,2026-04-02,IBK투자증권,삼성SDI,소형전지,소형,2026,FY,영업이익,-188,십억원,excl,2
2026-04-02_IBK투자증권_삼성SDI,2026-04-02,IBK투자증권,삼성SDI,소형전지,소형,2027,FY,영업이익,255,십억원,excl,2
2026-04-02_IBK투자증권_삼성SDI,2026-04-02,IBK투자증권,삼성SDI,EV,EV,2025,FY,영업이익,-1573,십억원,excl,2
2026-04-02_IBK투자증권_삼성SDI,2026-04-02,IBK투자증권,삼성SDI,EV,EV,2026,FY,영업이익,-674,십억원,excl,2
2026-04-02_IBK투자증권_삼성SDI,2026-04-02,IBK투자증권,삼성SDI,EV,EV,2027,FY,영업이익,343,십억원,excl,2
2026-04-02_IBK투자증권_삼성SDI,2026-04-02,IBK투자증권,삼성SDI,ESS,ESS,2025,FY,영업이익,20,십억원,excl,2
2026-04-02_IBK투자증권_삼성SDI,2026-04-02,IBK투자증권,삼성SDI,ESS,ESS,2026,FY,영업이익,165,십억원,excl,2
2026-04-02_IBK투자증권_삼성SDI,2026-04-02,IBK투자증권,삼성SDI,ESS,ESS,2027,FY,영업이익,403,십억원,excl,2
2026-04-02_IBK투자증권_삼성SDI,2026-04-02,IBK투자증권,삼성SDI,AMPC,배터리합계,2025,FY,AMPC,275,십억원,na,2
2026-04-02_IBK투자증권_삼성SDI,2026-04-02,IBK투자증권,삼성SDI,AMPC,배터리합계,2026,FY,AMPC,359,십억원,na,2
2026-04-02_IBK투자증권_삼성SDI,2026-04-02,IBK투자증권,삼성SDI,AMPC,배터리합계,2027,FY,AMPC,624,십억원,na,2
2026-04-02_IBK투자증권_삼성SDI,2026-04-02,IBK투자증권,삼성SDI,전자재료,전자재료,2025,FY,영업이익,129,십억원,excl,2
2026-04-02_IBK투자증권_삼성SDI,2026-04-02,IBK투자증권,삼성SDI,전자재료,전자재료,2026,FY,영업이익,153,십억원,excl,2
2026-04-02_IBK투자증권_삼성SDI,2026-04-02,IBK투자증권,삼성SDI,전자재료,전자재료,2027,FY,영업이익,170,십억원,excl,2
2026-04-02_신한투자증권_LGES,2026-04-02,신한투자증권,LGES,매출액,전사,2024,FY,매출,25619.6,십억원,excl,5
2026-04-02_신한투자증권_LGES,2026-04-02,신한투자증권,LGES,매출액,전사,2025,FY,매출,23671.8,십억원,excl,5
2026-04-02_신한투자증권_LGES,2026-04-02,신한투자증권,LGES,매출액,전사,2026,FY,매출,26859.0,십억원,excl,5
2026-04-02_신한투자증권_LGES,2026-04-02,신한투자증권,LGES,매출액,전사,2027,FY,매출,33950.2,십억원,excl,5
2026-04-02_신한투자증권_LGES,2026-04-02,신한투자증권,LGES,매출액,전사,2028,FY,매출,37449.3,십억원,excl,5
2026-04-02_신한투자증권_LGES,2026-04-02,신한투자증권,LGES,전사,전사,2024,FY,영업이익,575.4,십억원,incl,5
2026-04-02_신한투자증권_LGES,2026-04-02,신한투자증권,LGES,전사,전사,2025,FY,영업이익,1346.1,십억원,incl,5
2026-04-02_신한투자증권_LGES,2026-04-02,신한투자증권,LGES,전사,전사,2026,FY,영업이익,1225.4,십억원,incl,5
2026-04-02_신한투자증권_LGES,2026-04-02,신한투자증권,LGES,전사,전사,2027,FY,영업이익,4667.7,십억원,incl,5
2026-04-02_신한투자증권_LGES,2026-04-02,신한투자증권,LGES,전사,전사,2028,FY,영업이익,5892.1,십억원,incl,5
2026-04-02_신한투자증권_LGES,2026-04-02,신한투자증권,LGES,전사,전사,2024,FY,AMPC,1480,십억원,na,2
2026-04-02_신한투자증권_LGES,2026-04-02,신한투자증권,LGES,전사,전사,2025,FY,AMPC,1647,십억원,na,2
2026-04-02_신한투자증권_LGES,2026-04-02,신한투자증권,LGES,전사,전사,2026,FY,AMPC,1547,십억원,na,2
2026-04-02_신한투자증권_LGES,2026-04-02,신한투자증권,LGES,전사,전사,2027,FY,AMPC,3289,십억원,na,2
2026-04-02_신한투자증권_LGES,2026-04-02,신한투자증권,LGES,소형,소형,2024,FY,매출,7257,십억원,excl,2
2026-04-02_신한투자증권_LGES,2026-04-02,신한투자증권,LGES,소형,소형,2025,FY,매출,6893,십억원,excl,2
2026-04-02_신한투자증권_LGES,2026-04-02,신한투자증권,LGES,소형,소형,2026,FY,매출,7839,십억원,excl,2
2026-04-02_신한투자증권_LGES,2026-04-02,신한투자증권,LGES,소형,소형,2027,FY,매출,8152,십억원,excl,2
2026-04-02_신한투자증권_LGES,2026-04-02,신한투자증권,LGES,원통,소형,2024,FY,매출,6374,십억원,excl,2
2026-04-02_신한투자증권_LGES,2026-04-02,신한투자증권,LGES,원통,소형,2025,FY,매출,6255,십억원,excl,2
2026-04-02_신한투자증권_LGES,2026-04-02,신한투자증권,LGES,원통,소형,2026,FY,매출,7277,십억원,excl,2
2026-04-02_신한투자증권_LGES,2026-04-02,신한투자증권,LGES,원통,소형,2027,FY,매출,7582,십억원,excl,2
2026-04-02_신한투자증권_LGES,2026-04-02,신한투자증권,LGES,파우치,소형,2024,FY,매출,883,십억원,excl,2
2026-04-02_신한투자증권_LGES,2026-04-02,신한투자증권,LGES,파우치,소형,2025,FY,매출,638,십억원,excl,2
2026-04-02_신한투자증권_LGES,2026-04-02,신한투자증권,LGES,파우치,소형,2026,FY,매출,563,십억원,excl,2
2026-04-02_신한투자증권_LGES,2026-04-02,신한투자증권,LGES,파우치,소형,2027,FY,매출,570,십억원,excl,2
2026-04-02_신한투자증권_LGES,2026-04-02,신한투자증권,LGES,중대형,중대형,2024,FY,매출,18363,십억원,excl,2
2026-04-02_신한투자증권_LGES,2026-04-02,신한투자증권,LGES,중대형,중대형,2025,FY,매출,16778,십억원,excl,2
2026-04-02_신한투자증권_LGES,2026-04-02,신한투자증권,LGES,중대형,중대형,2026,FY,매출,19020,십억원,excl,2
2026-04-02_신한투자증권_LGES,2026-04-02,신한투자증권,LGES,중대형,중대형,2027,FY,매출,25798,십억원,excl,2
2026-04-02_신한투자증권_LGES,2026-04-02,신한투자증권,LGES,EV,EV,2024,FY,매출,16678,십억원,excl,2
2026-04-02_신한투자증권_LGES,2026-04-02,신한투자증권,LGES,EV,EV,2025,FY,매출,14270,십억원,excl,2
2026-04-02_신한투자증권_LGES,2026-04-02,신한투자증권,LGES,EV,EV,2026,FY,매출,9847,십억원,excl,2
2026-04-02_신한투자증권_LGES,2026-04-02,신한투자증권,LGES,EV,EV,2027,FY,매출,12271,십억원,excl,2
2026-04-02_신한투자증권_LGES,2026-04-02,신한투자증권,LGES,ESS,ESS,2024,FY,매출,1685,십억원,excl,2
2026-04-02_신한투자증권_LGES,2026-04-02,신한투자증권,LGES,ESS,ESS,2025,FY,매출,2508,십억원,excl,2
2026-04-02_신한투자증권_LGES,2026-04-02,신한투자증권,LGES,ESS,ESS,2026,FY,매출,9172,십억원,excl,2
2026-04-02_신한투자증권_LGES,2026-04-02,신한투자증권,LGES,ESS,ESS,2027,FY,매출,13528,십억원,excl,2
2026-04-02_신한투자증권_LGES,2026-04-02,신한투자증권,LGES,소형,소형,2024,FY,영업이익,194,십억원,incl,2
2026-04-02_신한투자증권_LGES,2026-04-02,신한투자증권,LGES,소형,소형,2025,FY,영업이익,371,십억원,incl,2
2026-04-02_신한투자증권_LGES,2026-04-02,신한투자증권,LGES,소형,소형,2026,FY,영업이익,476,십억원,incl,2
2026-04-02_신한투자증권_LGES,2026-04-02,신한투자증권,LGES,소형,소형,2027,FY,영업이익,510,십억원,incl,2
2026-04-02_신한투자증권_LGES,2026-04-02,신한투자증권,LGES,중대형,중대형,2024,FY,영업이익,381,십억원,incl,2
2026-04-02_신한투자증권_LGES,2026-04-02,신한투자증권,LGES,중대형,중대형,2025,FY,영업이익,976,십억원,incl,2
2026-04-02_신한투자증권_LGES,2026-04-02,신한투자증권,LGES,중대형,중대형,2026,FY,영업이익,749,십억원,incl,2
2026-04-02_신한투자증권_LGES,2026-04-02,신한투자증권,LGES,중대형,중대형,2027,FY,영업이익,4157,십억원,incl,2
2026-04-02_신한투자증권_LGES,2026-04-02,신한투자증권,LGES,매출액,전사,2025,1Q,매출,6265.0,십억원,excl,2
2026-04-02_신한투자증권_LGES,2026-04-02,신한투자증권,LGES,매출액,전사,2025,2Q,매출,5565,십억원,excl,2
2026-04-02_신한투자증권_LGES,2026-04-02,신한투자증권,LGES,매출액,전사,2025,3Q,매출,5700,십억원,excl,2
2026-04-02_신한투자증권_LGES,2026-04-02,신한투자증권,LGES,매출액,전사,2025,4Q,매출,6141.5,십억원,excl,2
2026-04-02_신한투자증권_LGES,2026-04-02,신한투자증권,LGES,매출액,전사,2026,1Q,매출,5857.0,십억원,excl,2
2026-04-02_신한투자증권_LGES,2026-04-02,신한투자증권,LGES,매출액,전사,2026,2Q,매출,6318,십억원,excl,2
2026-04-02_신한투자증권_LGES,2026-04-02,신한투자증권,LGES,매출액,전사,2026,3Q,매출,6875,십억원,excl,2
2026-04-02_신한투자증권_LGES,2026-04-02,신한투자증권,LGES,매출액,전사,2026,4Q,매출,7809,십억원,excl,2
2026-04-02_신한투자증권_LGES,2026-04-02,신한투자증권,LGES,전사,전사,2025,1Q,영업이익,374.7,십억원,incl,2
2026-04-02_신한투자증권_LGES,2026-04-02,신한투자증권,LGES,전사,전사,2025,2Q,영업이익,492,십억원,incl,2
2026-04-02_신한투자증권_LGES,2026-04-02,신한투자증권,LGES,전사,전사,2025,3Q,영업이익,601,십억원,incl,2
2026-04-02_신한투자증권_LGES,2026-04-02,신한투자증권,LGES,전사,전사,2025,4Q,영업이익,-122.0,십억원,incl,2
2026-04-02_신한투자증권_LGES,2026-04-02,신한투자증권,LGES,전사,전사,2026,1Q,영업이익,-160.9,십억원,incl,2
2026-04-02_신한투자증권_LGES,2026-04-02,신한투자증권,LGES,전사,전사,2026,2Q,영업이익,59,십억원,incl,2
2026-04-02_신한투자증권_LGES,2026-04-02,신한투자증권,LGES,전사,전사,2026,3Q,영업이익,480,십억원,incl,2
2026-04-02_신한투자증권_LGES,2026-04-02,신한투자증권,LGES,전사,전사,2026,4Q,영업이익,848,십억원,incl,2
2026-04-02_신한투자증권_LGES,2026-04-02,신한투자증권,LGES,전사,전사,2025,1Q,AMPC,458,십억원,na,2
2026-04-02_신한투자증권_LGES,2026-04-02,신한투자증권,LGES,전사,전사,2025,2Q,AMPC,491,십억원,na,2
2026-04-02_신한투자증권_LGES,2026-04-02,신한투자증권,LGES,전사,전사,2025,3Q,AMPC,366,십억원,na,2
2026-04-02_신한투자증권_LGES,2026-04-02,신한투자증권,LGES,전사,전사,2025,4Q,AMPC,333,십억원,na,2
2026-04-02_신한투자증권_LGES,2026-04-02,신한투자증권,LGES,전사,전사,2026,1Q,AMPC,170,십억원,na,2
2026-04-02_신한투자증권_LGES,2026-04-02,신한투자증권,LGES,전사,전사,2026,2Q,AMPC,263,십억원,na,2
2026-04-02_신한투자증권_LGES,2026-04-02,신한투자증권,LGES,전사,전사,2026,3Q,AMPC,472,십억원,na,2
2026-04-02_신한투자증권_LGES,2026-04-02,신한투자증권,LGES,전사,전사,2026,4Q,AMPC,642,십억원,na,2
2026-04-02_신한투자증권_LGES,2026-04-02,신한투자증권,LGES,소형,소형,2025,1Q,매출,1660,십억원,excl,2
2026-04-02_신한투자증권_LGES,2026-04-02,신한투자증권,LGES,소형,소형,2025,2Q,매출,1575,십억원,excl,2
2026-04-02_신한투자증권_LGES,2026-04-02,신한투자증권,LGES,소형,소형,2025,3Q,매출,1693,십억원,excl,2
2026-04-02_신한투자증권_LGES,2026-04-02,신한투자증권,LGES,소형,소형,2025,4Q,매출,1965,십억원,excl,2
2026-04-02_신한투자증권_LGES,2026-04-02,신한투자증권,LGES,소형,소형,2026,1Q,매출,1962,십억원,excl,2
2026-04-02_신한투자증권_LGES,2026-04-02,신한투자증권,LGES,소형,소형,2026,2Q,매출,1982,십억원,excl,2
2026-04-02_신한투자증권_LGES,2026-04-02,신한투자증권,LGES,소형,소형,2026,3Q,매출,1997,십억원,excl,2
2026-04-02_신한투자증권_LGES,2026-04-02,신한투자증권,LGES,소형,소형,2026,4Q,매출,1897,십억원,excl,2
2026-04-02_신한투자증권_LGES,2026-04-02,신한투자증권,LGES,원통,소형,2025,1Q,매출,1494,십억원,excl,2
2026-04-02_신한투자증권_LGES,2026-04-02,신한투자증권,LGES,원통,소형,2025,2Q,매출,1449,십억원,excl,2
2026-04-02_신한투자증권_LGES,2026-04-02,신한투자증권,LGES,원통,소형,2025,3Q,매출,1524,십억원,excl,2
2026-04-02_신한투자증권_LGES,2026-04-02,신한투자증권,LGES,원통,소형,2025,4Q,매출,1788,십억원,excl,2
2026-04-02_신한투자증권_LGES,2026-04-02,신한투자증권,LGES,원통,소형,2026,1Q,매출,1830,십억원,excl,2
2026-04-02_신한투자증권_LGES,2026-04-02,신한투자증권,LGES,원통,소형,2026,2Q,매출,1882,십억원,excl,2
2026-04-02_신한투자증권_LGES,2026-04-02,신한투자증권,LGES,원통,소형,2026,3Q,매출,1845,십억원,excl,2
2026-04-02_신한투자증권_LGES,2026-04-02,신한투자증권,LGES,원통,소형,2026,4Q,매출,1720,십억원,excl,2
2026-04-02_신한투자증권_LGES,2026-04-02,신한투자증권,LGES,파우치,소형,2025,1Q,매출,166,십억원,excl,2
2026-04-02_신한투자증권_LGES,2026-04-02,신한투자증권,LGES,파우치,소형,2025,2Q,매출,126,십억원,excl,2
2026-04-02_신한투자증권_LGES,2026-04-02,신한투자증권,LGES,파우치,소형,2025,3Q,매출,169,십억원,excl,2
2026-04-02_신한투자증권_LGES,2026-04-02,신한투자증권,LGES,파우치,소형,2025,4Q,매출,177,십억원,excl,2
2026-04-02_신한투자증권_LGES,2026-04-02,신한투자증권,LGES,파우치,소형,2026,1Q,매출,133,십억원,excl,2
2026-04-02_신한투자증권_LGES,2026-04-02,신한투자증권,LGES,파우치,소형,2026,2Q,매출,101,십억원,excl,2
2026-04-02_신한투자증권_LGES,2026-04-02,신한투자증권,LGES,파우치,소형,2026,3Q,매출,152,십억원,excl,2
2026-04-02_신한투자증권_LGES,2026-04-02,신한투자증권,LGES,파우치,소형,2026,4Q,매출,177,십억원,excl,2
2026-04-02_신한투자증권_LGES,2026-04-02,신한투자증권,LGES,중대형,중대형,2025,1Q,매출,4605,십억원,excl,2
2026-04-02_신한투자증권_LGES,2026-04-02,신한투자증권,LGES,중대형,중대형,2025,2Q,매출,3990,십억원,excl,2
2026-04-02_신한투자증권_LGES,2026-04-02,신한투자증권,LGES,중대형,중대형,2025,3Q,매출,4007,십억원,excl,2
2026-04-02_신한투자증권_LGES,2026-04-02,신한투자증권,LGES,중대형,중대형,2025,4Q,매출,4176,십억원,excl,2
2026-04-02_신한투자증권_LGES,2026-04-02,신한투자증권,LGES,중대형,중대형,2026,1Q,매출,3895,십억원,excl,2
2026-04-02_신한투자증권_LGES,2026-04-02,신한투자증권,LGES,중대형,중대형,2026,2Q,매출,4336,십억원,excl,2
2026-04-02_신한투자증권_LGES,2026-04-02,신한투자증권,LGES,중대형,중대형,2026,3Q,매출,4877,십억원,excl,2
2026-04-02_신한투자증권_LGES,2026-04-02,신한투자증권,LGES,중대형,중대형,2026,4Q,매출,5912,십억원,excl,2
2026-04-02_신한투자증권_LGES,2026-04-02,신한투자증권,LGES,EV,EV,2025,1Q,매출,4213,십억원,excl,2
2026-04-02_신한투자증권_LGES,2026-04-02,신한투자증권,LGES,EV,EV,2025,2Q,매출,3655,십억원,excl,2
2026-04-02_신한투자증권_LGES,2026-04-02,신한투자증권,LGES,EV,EV,2025,3Q,매출,3478,십억원,excl,2
2026-04-02_신한투자증권_LGES,2026-04-02,신한투자증권,LGES,EV,EV,2025,4Q,매출,2923,십억원,excl,2
2026-04-02_신한투자증권_LGES,2026-04-02,신한투자증권,LGES,EV,EV,2026,1Q,매출,2209,십억원,excl,2
2026-04-02_신한투자증권_LGES,2026-04-02,신한투자증권,LGES,EV,EV,2026,2Q,매출,2258,십억원,excl,2
2026-04-02_신한투자증권_LGES,2026-04-02,신한투자증권,LGES,EV,EV,2026,3Q,매출,2560,십억원,excl,2
2026-04-02_신한투자증권_LGES,2026-04-02,신한투자증권,LGES,EV,EV,2026,4Q,매출,2820,십억원,excl,2
2026-04-02_신한투자증권_LGES,2026-04-02,신한투자증권,LGES,ESS,ESS,2025,1Q,매출,391,십억원,excl,2
2026-04-02_신한투자증권_LGES,2026-04-02,신한투자증권,LGES,ESS,ESS,2025,2Q,매출,335,십억원,excl,2
2026-04-02_신한투자증권_LGES,2026-04-02,신한투자증권,LGES,ESS,ESS,2025,3Q,매출,529,십억원,excl,2
2026-04-02_신한투자증권_LGES,2026-04-02,신한투자증권,LGES,ESS,ESS,2025,4Q,매출,1253,십억원,excl,2
2026-04-02_신한투자증권_LGES,2026-04-02,신한투자증권,LGES,ESS,ESS,2026,1Q,매출,1686,십억원,excl,2
2026-04-02_신한투자증권_LGES,2026-04-02,신한투자증권,LGES,ESS,ESS,2026,2Q,매출,2078,십억원,excl,2
2026-04-02_신한투자증권_LGES,2026-04-02,신한투자증권,LGES,ESS,ESS,2026,3Q,매출,2317,십억원,excl,2
2026-04-02_신한투자증권_LGES,2026-04-02,신한투자증권,LGES,ESS,ESS,2026,4Q,매출,3091,십억원,excl,2
2026-04-02_신한투자증권_LGES,2026-04-02,신한투자증권,LGES,소형,소형,2025,1Q,영업이익,72,십억원,incl,2
2026-04-02_신한투자증권_LGES,2026-04-02,신한투자증권,LGES,소형,소형,2025,2Q,영업이익,68,십억원,incl,2
2026-04-02_신한투자증권_LGES,2026-04-02,신한투자증권,LGES,소형,소형,2025,3Q,영업이익,91,십억원,incl,2
2026-04-02_신한투자증권_LGES,2026-04-02,신한투자증권,LGES,소형,소형,2025,4Q,영업이익,139,십억원,incl,2
2026-04-02_신한투자증권_LGES,2026-04-02,신한투자증권,LGES,소형,소형,2026,1Q,영업이익,130,십억원,incl,2
2026-04-02_신한투자증권_LGES,2026-04-02,신한투자증권,LGES,소형,소형,2026,2Q,영업이익,117,십억원,incl,2
2026-04-02_신한투자증권_LGES,2026-04-02,신한투자증권,LGES,소형,소형,2026,3Q,영업이익,125,십억원,incl,2
2026-04-02_신한투자증권_LGES,2026-04-02,신한투자증권,LGES,소형,소형,2026,4Q,영업이익,105,십억원,incl,2
2026-04-02_신한투자증권_LGES,2026-04-02,신한투자증권,LGES,중대형,중대형,2025,1Q,영업이익,302,십억원,incl,2
2026-04-02_신한투자증권_LGES,2026-04-02,신한투자증권,LGES,중대형,중대형,2025,2Q,영업이익,424,십억원,incl,2
2026-04-02_신한투자증권_LGES,2026-04-02,신한투자증권,LGES,중대형,중대형,2025,3Q,영업이익,510,십억원,incl,2
2026-04-02_신한투자증권_LGES,2026-04-02,신한투자증권,LGES,중대형,중대형,2025,4Q,영업이익,-261,십억원,incl,2
2026-04-02_신한투자증권_LGES,2026-04-02,신한투자증권,LGES,중대형,중대형,2026,1Q,영업이익,-291,십억원,incl,2
2026-04-02_신한투자증권_LGES,2026-04-02,신한투자증권,LGES,중대형,중대형,2026,2Q,영업이익,-59,십억원,incl,2
2026-04-02_신한투자증권_LGES,2026-04-02,신한투자증권,LGES,중대형,중대형,2026,3Q,영업이익,355,십억원,incl,2
2026-04-02_신한투자증권_LGES,2026-04-02,신한투자증권,LGES,중대형,중대형,2026,4Q,영업이익,743,십억원,incl,2
2026-04-02_유안타증권_삼성SDI,2026-04-02,유안타증권,삼성SDI,매출액,전사,2024,FY,매출,16592,십억원,excl,1
2026-04-02_유안타증권_삼성SDI,2026-04-02,유안타증권,삼성SDI,영업이익,전사,2024,FY,영업이익,363,십억원,incl,1
2026-04-02_유안타증권_삼성SDI,2026-04-02,유안타증권,삼성SDI,매출액,전사,2025,FY,매출,13267,십억원,excl,1
2026-04-02_유안타증권_삼성SDI,2026-04-02,유안타증권,삼성SDI,영업이익,전사,2025,FY,영업이익,-1722,십억원,incl,1
2026-04-02_유안타증권_삼성SDI,2026-04-02,유안타증권,삼성SDI,매출액,전사,2026,FY,매출,14021,십억원,excl,1
2026-04-02_유안타증권_삼성SDI,2026-04-02,유안타증권,삼성SDI,영업이익,전사,2026,FY,영업이익,-502,십억원,incl,1
2026-04-02_유안타증권_삼성SDI,2026-04-02,유안타증권,삼성SDI,매출액,전사,2027,FY,매출,16131,십억원,excl,1
2026-04-02_유안타증권_삼성SDI,2026-04-02,유안타증권,삼성SDI,영업이익,전사,2027,FY,영업이익,1067,십억원,incl,1
2026-04-02_유안타증권_삼성SDI,2026-04-02,유안타증권,삼성SDI,매출액,전사,2028,FY,매출,17642,십억원,excl,1
2026-04-02_유안타증권_삼성SDI,2026-04-02,유안타증권,삼성SDI,영업이익,전사,2028,FY,영업이익,1718,십억원,incl,1
2026-04-02_유안타증권_삼성SDI,2026-04-02,유안타증권,삼성SDI,소형,소형,2025,FY,매출,4044,십억원,excl,2
2026-04-02_유안타증권_삼성SDI,2026-04-02,유안타증권,삼성SDI,ESS,ESS,2025,FY,매출,2667,십억원,excl,2
2026-04-02_유안타증권_삼성SDI,2026-04-02,유안타증권,삼성SDI,EV,EV,2025,FY,매출,5673,십억원,excl,2
2026-04-02_유안타증권_삼성SDI,2026-04-02,유안타증권,삼성SDI,전자재료,전자재료,2025,FY,매출,883,십억원,excl,2
2026-04-02_유안타증권_삼성SDI,2026-04-02,유안타증권,삼성SDI,소형,소형,2025,FY,영업이익,-560,십억원,excl,2
2026-04-02_유안타증권_삼성SDI,2026-04-02,유안타증권,삼성SDI,중대형전지,중대형,2025,FY,영업이익,-1567,십억원,excl,2
2026-04-02_유안타증권_삼성SDI,2026-04-02,유안타증권,삼성SDI,AMPC,전사,2025,FY,AMPC,275,십억원,na,2
2026-04-02_유안타증권_삼성SDI,2026-04-02,유안타증권,삼성SDI,전자재료,전자재료,2025,FY,영업이익,129,십억원,excl,2
2026-04-02_유안타증권_삼성SDI,2026-04-02,유안타증권,삼성SDI,소형,소형,2026,FY,매출,4448,십억원,excl,2
2026-04-02_유안타증권_삼성SDI,2026-04-02,유안타증권,삼성SDI,ESS,ESS,2026,FY,매출,4134,십억원,excl,2
2026-04-02_유안타증권_삼성SDI,2026-04-02,유안타증권,삼성SDI,EV,EV,2026,FY,매출,4539,십억원,excl,2
2026-04-02_유안타증권_삼성SDI,2026-04-02,유안타증권,삼성SDI,전자재료,전자재료,2026,FY,매출,900,십억원,excl,2
2026-04-02_유안타증권_삼성SDI,2026-04-02,유안타증권,삼성SDI,소형,소형,2026,FY,영업이익,-178,십억원,excl,2
2026-04-02_유안타증권_삼성SDI,2026-04-02,유안타증권,삼성SDI,중대형전지,중대형,2026,FY,영업이익,-899,십억원,excl,2
2026-04-02_유안타증권_삼성SDI,2026-04-02,유안타증권,삼성SDI,AMPC,전사,2026,FY,AMPC,440,십억원,na,2
2026-04-02_유안타증권_삼성SDI,2026-04-02,유안타증권,삼성SDI,전자재료,전자재료,2026,FY,영업이익,135,십억원,excl,2
2026-04-02_유안타증권_삼성SDI,2026-04-02,유안타증권,삼성SDI,소형,소형,2027,FY,매출,4759,십억원,excl,2
2026-04-02_유안타증권_삼성SDI,2026-04-02,유안타증권,삼성SDI,ESS,ESS,2027,FY,매출,5960,십억원,excl,2
2026-04-02_유안타증권_삼성SDI,2026-04-02,유안타증권,삼성SDI,EV,EV,2027,FY,매출,4493,십억원,excl,2
2026-04-02_유안타증권_삼성SDI,2026-04-02,유안타증권,삼성SDI,전자재료,전자재료,2027,FY,매출,918,십억원,excl,2
2026-04-02_유안타증권_삼성SDI,2026-04-02,유안타증권,삼성SDI,소형,소형,2027,FY,영업이익,71,십억원,excl,2
2026-04-02_유안타증권_삼성SDI,2026-04-02,유안타증권,삼성SDI,중대형전지,중대형,2027,FY,영업이익,-181,십억원,excl,2
2026-04-02_유안타증권_삼성SDI,2026-04-02,유안타증권,삼성SDI,AMPC,전사,2027,FY,AMPC,1039,십억원,na,2
2026-04-02_유안타증권_삼성SDI,2026-04-02,유안타증권,삼성SDI,전자재료,전자재료,2027,FY,영업이익,138,십억원,excl,2
2026-04-02_유안타증권_삼성SDI,2026-04-02,유안타증권,삼성SDI,소형,소형,2028,FY,매출,5092,십억원,excl,2
2026-04-02_유안타증권_삼성SDI,2026-04-02,유안타증권,삼성SDI,ESS,ESS,2028,FY,매출,7030,십억원,excl,2
2026-04-02_유안타증권_삼성SDI,2026-04-02,유안타증권,삼성SDI,EV,EV,2028,FY,매출,4583,십억원,excl,2
2026-04-02_유안타증권_삼성SDI,2026-04-02,유안타증권,삼성SDI,전자재료,전자재료,2028,FY,매출,937,십억원,excl,2
2026-04-02_유안타증권_삼성SDI,2026-04-02,유안타증권,삼성SDI,소형,소형,2028,FY,영업이익,102,십억원,excl,2
2026-04-02_유안타증권_삼성SDI,2026-04-02,유안타증권,삼성SDI,중대형전지,중대형,2028,FY,영업이익,-37,십억원,excl,2
2026-04-02_유안타증권_삼성SDI,2026-04-02,유안타증권,삼성SDI,AMPC,전사,2028,FY,AMPC,1512,십억원,na,2
2026-04-02_유안타증권_삼성SDI,2026-04-02,유안타증권,삼성SDI,전자재료,전자재료,2028,FY,영업이익,140,십억원,excl,2
2026-04-02_유안타증권_삼성SDI,2026-04-02,유안타증권,삼성SDI,매출액,전사,2025,1Q,매출,3177,십억원,excl,2
2026-04-02_유안타증권_삼성SDI,2026-04-02,유안타증권,삼성SDI,소형,소형,2025,1Q,매출,908,십억원,excl,2
2026-04-02_유안타증권_삼성SDI,2026-04-02,유안타증권,삼성SDI,ESS,ESS,2025,1Q,매출,465,십억원,excl,2
2026-04-02_유안타증권_삼성SDI,2026-04-02,유안타증권,삼성SDI,EV,EV,2025,1Q,매출,1608,십억원,excl,2
2026-04-02_유안타증권_삼성SDI,2026-04-02,유안타증권,삼성SDI,전자재료,전자재료,2025,1Q,매출,196,십억원,excl,2
2026-04-02_유안타증권_삼성SDI,2026-04-02,유안타증권,삼성SDI,영업이익,전사,2025,1Q,영업이익,-434,십억원,incl,2
2026-04-02_유안타증권_삼성SDI,2026-04-02,유안타증권,삼성SDI,소형,소형,2025,1Q,영업이익,-281,십억원,excl,2
2026-04-02_유안타증권_삼성SDI,2026-04-02,유안타증권,삼성SDI,중대형전지,중대형,2025,1Q,영업이익,-280,십억원,excl,2
2026-04-02_유안타증권_삼성SDI,2026-04-02,유안타증권,삼성SDI,전자재료,전자재료,2025,1Q,영업이익,18,십억원,excl,2
2026-04-02_유안타증권_삼성SDI,2026-04-02,유안타증권,삼성SDI,AMPC,전사,2025,1Q,AMPC,109,십억원,na,2
2026-04-02_유안타증권_삼성SDI,2026-04-02,유안타증권,삼성SDI,매출액,전사,2025,2Q,매출,3179,십억원,excl,2
2026-04-02_유안타증권_삼성SDI,2026-04-02,유안타증권,삼성SDI,소형,소형,2025,2Q,매출,1171,십억원,excl,2
2026-04-02_유안타증권_삼성SDI,2026-04-02,유안타증권,삼성SDI,ESS,ESS,2025,2Q,매출,439,십억원,excl,2
2026-04-02_유안타증권_삼성SDI,2026-04-02,유안타증권,삼성SDI,EV,EV,2025,2Q,매출,1350,십억원,excl,2
2026-04-02_유안타증권_삼성SDI,2026-04-02,유안타증권,삼성SDI,전자재료,전자재료,2025,2Q,매출,218,십억원,excl,2
2026-04-02_유안타증권_삼성SDI,2026-04-02,유안타증권,삼성SDI,영업이익,전사,2025,2Q,영업이익,-398,십억원,incl,2
2026-04-02_유안타증권_삼성SDI,2026-04-02,유안타증권,삼성SDI,소형,소형,2025,2Q,영업이익,-73,십억원,excl,2
2026-04-02_유안타증권_삼성SDI,2026-04-02,유안타증권,삼성SDI,중대형전지,중대형,2025,2Q,영업이익,-424,십억원,excl,2
2026-04-02_유안타증권_삼성SDI,2026-04-02,유안타증권,삼성SDI,전자재료,전자재료,2025,2Q,영업이익,33,십억원,excl,2
2026-04-02_유안타증권_삼성SDI,2026-04-02,유안타증권,삼성SDI,AMPC,전사,2025,2Q,AMPC,66,십억원,na,2
2026-04-02_유안타증권_삼성SDI,2026-04-02,유안타증권,삼성SDI,매출액,전사,2025,3Q,매출,3052,십억원,excl,2
2026-04-02_유안타증권_삼성SDI,2026-04-02,유안타증권,삼성SDI,소형,소형,2025,3Q,매출,987,십억원,excl,2
2026-04-02_유안타증권_삼성SDI,2026-04-02,유안타증권,삼성SDI,ESS,ESS,2025,3Q,매출,705,십억원,excl,2
2026-04-02_유안타증권_삼성SDI,2026-04-02,유안타증권,삼성SDI,EV,EV,2025,3Q,매출,1128,십억원,excl,2
2026-04-02_유안타증권_삼성SDI,2026-04-02,유안타증권,삼성SDI,전자재료,전자재료,2025,3Q,매출,232,십억원,excl,2
2026-04-02_유안타증권_삼성SDI,2026-04-02,유안타증권,삼성SDI,영업이익,전사,2025,3Q,영업이익,-591,십억원,incl,2
2026-04-02_유안타증권_삼성SDI,2026-04-02,유안타증권,삼성SDI,소형,소형,2025,3Q,영업이익,-69,십억원,excl,2
2026-04-02_유안타증권_삼성SDI,2026-04-02,유안타증권,삼성SDI,중대형전지,중대형,2025,3Q,영업이익,-581,십억원,excl,2
2026-04-02_유안타증권_삼성SDI,2026-04-02,유안타증권,삼성SDI,전자재료,전자재료,2025,3Q,영업이익,39,십억원,excl,2
2026-04-02_유안타증권_삼성SDI,2026-04-02,유안타증권,삼성SDI,AMPC,전사,2025,3Q,AMPC,20,십억원,na,2
2026-04-02_유안타증권_삼성SDI,2026-04-02,유안타증권,삼성SDI,매출액,전사,2025,4Q,매출,3859,십억원,excl,2
2026-04-02_유안타증권_삼성SDI,2026-04-02,유안타증권,삼성SDI,소형,소형,2025,4Q,매출,977,십억원,excl,2
2026-04-02_유안타증권_삼성SDI,2026-04-02,유안타증권,삼성SDI,ESS,ESS,2025,4Q,매출,1058,십억원,excl,2
2026-04-02_유안타증권_삼성SDI,2026-04-02,유안타증권,삼성SDI,EV,EV,2025,4Q,매출,1587,십억원,excl,2
2026-04-02_유안타증권_삼성SDI,2026-04-02,유안타증권,삼성SDI,전자재료,전자재료,2025,4Q,매출,237,십억원,excl,2
2026-04-02_유안타증권_삼성SDI,2026-04-02,유안타증권,삼성SDI,영업이익,전사,2025,4Q,영업이익,-299,십억원,incl,2
2026-04-02_유안타증권_삼성SDI,2026-04-02,유안타증권,삼성SDI,소형,소형,2025,4Q,영업이익,-137,십억원,excl,2
2026-04-02_유안타증권_삼성SDI,2026-04-02,유안타증권,삼성SDI,중대형전지,중대형,2025,4Q,영업이익,-282,십억원,excl,2
2026-04-02_유안타증권_삼성SDI,2026-04-02,유안타증권,삼성SDI,전자재료,전자재료,2025,4Q,영업이익,39,십억원,excl,2
2026-04-02_유안타증권_삼성SDI,2026-04-02,유안타증권,삼성SDI,AMPC,전사,2025,4Q,AMPC,80,십억원,na,2
2026-04-02_유안타증권_삼성SDI,2026-04-02,유안타증권,삼성SDI,매출액,전사,2026,1Q,매출,3365,십억원,excl,2
2026-04-02_유안타증권_삼성SDI,2026-04-02,유안타증권,삼성SDI,소형,소형,2026,1Q,매출,1110,십억원,excl,2
2026-04-02_유안타증권_삼성SDI,2026-04-02,유안타증권,삼성SDI,ESS,ESS,2026,1Q,매출,1013,십억원,excl,2
2026-04-02_유안타증권_삼성SDI,2026-04-02,유안타증권,삼성SDI,EV,EV,2026,1Q,매출,1044,십억원,excl,2
2026-04-02_유안타증권_삼성SDI,2026-04-02,유안타증권,삼성SDI,전자재료,전자재료,2026,1Q,매출,198,십억원,excl,2
2026-04-02_유안타증권_삼성SDI,2026-04-02,유안타증권,삼성SDI,영업이익,전사,2026,1Q,영업이익,-232,십억원,incl,2
2026-04-02_유안타증권_삼성SDI,2026-04-02,유안타증권,삼성SDI,소형,소형,2026,1Q,영업이익,-11,십억원,excl,2
2026-04-02_유안타증권_삼성SDI,2026-04-02,유안타증권,삼성SDI,중대형전지,중대형,2026,1Q,영업이익,-330,십억원,excl,2
2026-04-02_유안타증권_삼성SDI,2026-04-02,유안타증권,삼성SDI,전자재료,전자재료,2026,1Q,영업이익,34,십억원,excl,2
2026-04-02_유안타증권_삼성SDI,2026-04-02,유안타증권,삼성SDI,AMPC,전사,2026,1Q,AMPC,75,십억원,na,2
2026-04-02_유안타증권_삼성SDI,2026-04-02,유안타증권,삼성SDI,매출액,전사,2026,2Q,매출,3477,십억원,excl,2
2026-04-02_유안타증권_삼성SDI,2026-04-02,유안타증권,삼성SDI,소형,소형,2026,2Q,매출,1107,십억원,excl,2
2026-04-02_유안타증권_삼성SDI,2026-04-02,유안타증권,삼성SDI,ESS,ESS,2026,2Q,매출,1034,십억원,excl,2
2026-04-02_유안타증권_삼성SDI,2026-04-02,유안타증권,삼성SDI,EV,EV,2026,2Q,매출,1112,십억원,excl,2
2026-04-02_유안타증권_삼성SDI,2026-04-02,유안타증권,삼성SDI,전자재료,전자재료,2026,2Q,매출,225,십억원,excl,2
2026-04-02_유안타증권_삼성SDI,2026-04-02,유안타증권,삼성SDI,영업이익,전사,2026,2Q,영업이익,-174,십억원,incl,2
2026-04-02_유안타증권_삼성SDI,2026-04-02,유안타증권,삼성SDI,소형,소형,2026,2Q,영업이익,-66,십억원,excl,2
2026-04-02_유안타증권_삼성SDI,2026-04-02,유안타증권,삼성SDI,중대형전지,중대형,2026,2Q,영업이익,-243,십억원,excl,2
2026-04-02_유안타증권_삼성SDI,2026-04-02,유안타증권,삼성SDI,전자재료,전자재료,2026,2Q,영업이익,38,십억원,excl,2
2026-04-02_유안타증권_삼성SDI,2026-04-02,유안타증권,삼성SDI,AMPC,전사,2026,2Q,AMPC,97,십억원,na,2
2026-04-02_유안타증권_삼성SDI,2026-04-02,유안타증권,삼성SDI,매출액,전사,2026,3Q,매출,3561,십억원,excl,2
2026-04-02_유안타증권_삼성SDI,2026-04-02,유안타증권,삼성SDI,소형,소형,2026,3Q,매출,1110,십억원,excl,2
2026-04-02_유안타증권_삼성SDI,2026-04-02,유안타증권,삼성SDI,ESS,ESS,2026,3Q,매출,1038,십억원,excl,2
2026-04-02_유안타증권_삼성SDI,2026-04-02,유안타증권,삼성SDI,EV,EV,2026,3Q,매출,1180,십억원,excl,2
2026-04-02_유안타증권_삼성SDI,2026-04-02,유안타증권,삼성SDI,전자재료,전자재료,2026,3Q,매출,234,십억원,excl,2
2026-04-02_유안타증권_삼성SDI,2026-04-02,유안타증권,삼성SDI,영업이익,전사,2026,3Q,영업이익,-178,십억원,incl,2
2026-04-02_유안타증권_삼성SDI,2026-04-02,유안타증권,삼성SDI,소형,소형,2026,3Q,영업이익,-139,십억원,excl,2
2026-04-02_유안타증권_삼성SDI,2026-04-02,유안타증권,삼성SDI,중대형전지,중대형,2026,3Q,영업이익,-193,십억원,excl,2
2026-04-02_유안타증권_삼성SDI,2026-04-02,유안타증권,삼성SDI,전자재료,전자재료,2026,3Q,영업이익,44,십억원,excl,2
2026-04-02_유안타증권_삼성SDI,2026-04-02,유안타증권,삼성SDI,AMPC,전사,2026,3Q,AMPC,110,십억원,na,2
2026-04-02_유안타증권_삼성SDI,2026-04-02,유안타증권,삼성SDI,매출액,전사,2026,4Q,매출,3617,십억원,excl,2
2026-04-02_유안타증권_삼성SDI,2026-04-02,유안타증권,삼성SDI,소형,소형,2026,4Q,매출,1122,십억원,excl,2
2026-04-02_유안타증권_삼성SDI,2026-04-02,유안타증권,삼성SDI,ESS,ESS,2026,4Q,매출,1050,십억원,excl,2
2026-04-02_유안타증권_삼성SDI,2026-04-02,유안타증권,삼성SDI,EV,EV,2026,4Q,매출,1203,십억원,excl,2
2026-04-02_유안타증권_삼성SDI,2026-04-02,유안타증권,삼성SDI,전자재료,전자재료,2026,4Q,매출,243,십억원,excl,2
2026-04-02_유안타증권_삼성SDI,2026-04-02,유안타증권,삼성SDI,영업이익,전사,2026,4Q,영업이익,82,십억원,incl,2
2026-04-02_유안타증권_삼성SDI,2026-04-02,유안타증권,삼성SDI,소형,소형,2026,4Q,영업이익,38,십억원,excl,2
2026-04-02_유안타증권_삼성SDI,2026-04-02,유안타증권,삼성SDI,중대형전지,중대형,2026,4Q,영업이익,-133,십억원,excl,2
2026-04-02_유안타증권_삼성SDI,2026-04-02,유안타증권,삼성SDI,전자재료,전자재료,2026,4Q,영업이익,19,십억원,excl,2
2026-04-02_유안타증권_삼성SDI,2026-04-02,유안타증권,삼성SDI,AMPC,전사,2026,4Q,AMPC,158,십억원,na,2
2026-04-07_상상인증권_삼성SDI,2026-04-07,상상인증권,삼성SDI,매출액,전사,2024,FY,매출,16592,십억원,excl,1
2026-04-07_상상인증권_삼성SDI,2026-04-07,상상인증권,삼성SDI,매출액,전사,2025,FY,매출,13267,십억원,excl,4
2026-04-07_상상인증권_삼성SDI,2026-04-07,상상인증권,삼성SDI,매출액,전사,2026,FY,매출,14592,십억원,excl,4
2026-04-07_상상인증권_삼성SDI,2026-04-07,상상인증권,삼성SDI,매출액,전사,2027,FY,매출,17083,십억원,excl,4
2026-04-07_상상인증권_삼성SDI,2026-04-07,상상인증권,삼성SDI,매출액,전사,2025,1Q,매출,3177,십억원,excl,4
2026-04-07_상상인증권_삼성SDI,2026-04-07,상상인증권,삼성SDI,매출액,전사,2025,2Q,매출,3179,십억원,excl,4
2026-04-07_상상인증권_삼성SDI,2026-04-07,상상인증권,삼성SDI,매출액,전사,2025,3Q,매출,3052,십억원,excl,4
2026-04-07_상상인증권_삼성SDI,2026-04-07,상상인증권,삼성SDI,매출액,전사,2025,4Q,매출,3859,십억원,excl,4
2026-04-07_상상인증권_삼성SDI,2026-04-07,상상인증권,삼성SDI,매출액,전사,2026,1Q,매출,3494,십억원,excl,4
2026-04-07_상상인증권_삼성SDI,2026-04-07,상상인증권,삼성SDI,매출액,전사,2026,2Q,매출,3501,십억원,excl,4
2026-04-07_상상인증권_삼성SDI,2026-04-07,상상인증권,삼성SDI,매출액,전사,2026,3Q,매출,3525,십억원,excl,4
2026-04-07_상상인증권_삼성SDI,2026-04-07,상상인증권,삼성SDI,매출액,전사,2026,4Q,매출,4072,십억원,excl,4
2026-04-07_상상인증권_삼성SDI,2026-04-07,상상인증권,삼성SDI,소형전지,소형,2025,FY,매출,3679,십억원,excl,4
2026-04-07_상상인증권_삼성SDI,2026-04-07,상상인증권,삼성SDI,소형전지,소형,2026,FY,매출,4047,십억원,excl,4
2026-04-07_상상인증권_삼성SDI,2026-04-07,상상인증권,삼성SDI,소형전지,소형,2027,FY,매출,4452,십억원,excl,4
2026-04-07_상상인증권_삼성SDI,2026-04-07,상상인증권,삼성SDI,소형전지,소형,2025,1Q,매출,747,십억원,excl,4
2026-04-07_상상인증권_삼성SDI,2026-04-07,상상인증권,삼성SDI,소형전지,소형,2025,2Q,매출,966,십억원,excl,4
2026-04-07_상상인증권_삼성SDI,2026-04-07,상상인증권,삼성SDI,소형전지,소형,2025,3Q,매출,996,십억원,excl,4
2026-04-07_상상인증권_삼성SDI,2026-04-07,상상인증권,삼성SDI,소형전지,소형,2025,4Q,매출,970,십억원,excl,4
2026-04-07_상상인증권_삼성SDI,2026-04-07,상상인증권,삼성SDI,소형전지,소형,2026,1Q,매출,970,십억원,excl,4
2026-04-07_상상인증권_삼성SDI,2026-04-07,상상인증권,삼성SDI,소형전지,소형,2026,2Q,매출,995,십억원,excl,4
2026-04-07_상상인증권_삼성SDI,2026-04-07,상상인증권,삼성SDI,소형전지,소형,2026,3Q,매출,1036,십억원,excl,4
2026-04-07_상상인증권_삼성SDI,2026-04-07,상상인증권,삼성SDI,소형전지,소형,2026,4Q,매출,1019,십억원,excl,4
2026-04-07_상상인증권_삼성SDI,2026-04-07,상상인증권,삼성SDI,중대형전지,중대형,2025,FY,매출,8705,십억원,excl,4
2026-04-07_상상인증권_삼성SDI,2026-04-07,상상인증권,삼성SDI,중대형전지,중대형,2026,FY,매출,9621,십억원,excl,4
2026-04-07_상상인증권_삼성SDI,2026-04-07,상상인증권,삼성SDI,중대형전지,중대형,2027,FY,매출,11663,십억원,excl,4
2026-04-07_상상인증권_삼성SDI,2026-04-07,상상인증권,삼성SDI,중대형전지,중대형,2025,1Q,매출,2235,십억원,excl,4
2026-04-07_상상인증권_삼성SDI,2026-04-07,상상인증권,삼성SDI,중대형전지,중대형,2025,2Q,매출,1995,십억원,excl,4
2026-04-07_상상인증권_삼성SDI,2026-04-07,상상인증권,삼성SDI,중대형전지,중대형,2025,3Q,매출,2079,십억원,excl,4
2026-04-07_상상인증권_삼성SDI,2026-04-07,상상인증권,삼성SDI,중대형전지,중대형,2025,4Q,매출,2652,십억원,excl,4
2026-04-07_상상인증권_삼성SDI,2026-04-07,상상인증권,삼성SDI,중대형전지,중대형,2026,1Q,매출,2351,십억원,excl,4
2026-04-07_상상인증권_삼성SDI,2026-04-07,상상인증권,삼성SDI,중대형전지,중대형,2026,2Q,매출,2341,십억원,excl,4
2026-04-07_상상인증권_삼성SDI,2026-04-07,상상인증권,삼성SDI,중대형전지,중대형,2026,3Q,매출,2391,십억원,excl,4
2026-04-07_상상인증권_삼성SDI,2026-04-07,상상인증권,삼성SDI,중대형전지,중대형,2026,4Q,매출,2654,십억원,excl,4
2026-04-07_상상인증권_삼성SDI,2026-04-07,상상인증권,삼성SDI,전자재료,전자재료,2025,FY,매출,882,십억원,excl,4
2026-04-07_상상인증권_삼성SDI,2026-04-07,상상인증권,삼성SDI,전자재료,전자재료,2026,FY,매출,924,십억원,excl,4
2026-04-07_상상인증권_삼성SDI,2026-04-07,상상인증권,삼성SDI,전자재료,전자재료,2027,FY,매출,968,십억원,excl,4
2026-04-07_상상인증권_삼성SDI,2026-04-07,상상인증권,삼성SDI,전자재료,전자재료,2025,1Q,매출,196,십억원,excl,4
2026-04-07_상상인증권_삼성SDI,2026-04-07,상상인증권,삼성SDI,전자재료,전자재료,2025,2Q,매출,218,십억원,excl,4
2026-04-07_상상인증권_삼성SDI,2026-04-07,상상인증권,삼성SDI,전자재료,전자재료,2025,3Q,매출,232,십억원,excl,4
2026-04-07_상상인증권_삼성SDI,2026-04-07,상상인증권,삼성SDI,전자재료,전자재료,2025,4Q,매출,237,십억원,excl,4
2026-04-07_상상인증권_삼성SDI,2026-04-07,상상인증권,삼성SDI,전자재료,전자재료,2026,1Q,매출,237,십억원,excl,4
2026-04-07_상상인증권_삼성SDI,2026-04-07,상상인증권,삼성SDI,전자재료,전자재료,2026,2Q,매출,225,십억원,excl,4
2026-04-07_상상인증권_삼성SDI,2026-04-07,상상인증권,삼성SDI,전자재료,전자재료,2026,3Q,매출,241,십억원,excl,4
2026-04-07_상상인증권_삼성SDI,2026-04-07,상상인증권,삼성SDI,전자재료,전자재료,2026,4Q,매출,249,십억원,excl,4
2026-04-07_상상인증권_삼성SDI,2026-04-07,상상인증권,삼성SDI,영업이익,전사,2024,FY,영업이익,363,십억원,excl,1
2026-04-07_상상인증권_삼성SDI,2026-04-07,상상인증권,삼성SDI,영업이익,전사,2025,FY,영업이익,-1722,십억원,excl,4
2026-04-07_상상인증권_삼성SDI,2026-04-07,상상인증권,삼성SDI,영업이익,전사,2026,FY,영업이익,-564,십억원,excl,4
2026-04-07_상상인증권_삼성SDI,2026-04-07,상상인증권,삼성SDI,영업이익,전사,2027,FY,영업이익,1279,십억원,excl,4
2026-04-07_상상인증권_삼성SDI,2026-04-07,상상인증권,삼성SDI,영업이익,전사,2025,1Q,영업이익,-434,십억원,excl,4
2026-04-07_상상인증권_삼성SDI,2026-04-07,상상인증권,삼성SDI,영업이익,전사,2025,2Q,영업이익,-398,십억원,excl,4
2026-04-07_상상인증권_삼성SDI,2026-04-07,상상인증권,삼성SDI,영업이익,전사,2025,3Q,영업이익,-591,십억원,excl,4
2026-04-07_상상인증권_삼성SDI,2026-04-07,상상인증권,삼성SDI,영업이익,전사,2025,4Q,영업이익,-299,십억원,excl,4
2026-04-07_상상인증권_삼성SDI,2026-04-07,상상인증권,삼성SDI,영업이익,전사,2026,1Q,영업이익,-228,십억원,excl,4
2026-04-07_상상인증권_삼성SDI,2026-04-07,상상인증권,삼성SDI,영업이익,전사,2026,2Q,영업이익,-263,십억원,excl,4
2026-04-07_상상인증권_삼성SDI,2026-04-07,상상인증권,삼성SDI,영업이익,전사,2026,3Q,영업이익,-130,십억원,excl,4
2026-04-07_상상인증권_삼성SDI,2026-04-07,상상인증권,삼성SDI,영업이익,전사,2026,4Q,영업이익,57,십억원,excl,4
2026-04-08_DB증권_LGES,2026-04-08,DB증권,LGES,연결,전사,2025,1Q,매출,6265,십억원,excl,2
2026-04-08_DB증권_LGES,2026-04-08,DB증권,LGES,연결,전사,2025,2Q,매출,5565,십억원,excl,2
2026-04-08_DB증권_LGES,2026-04-08,DB증권,LGES,연결,전사,2025,3Q,매출,5700,십억원,excl,2
2026-04-08_DB증권_LGES,2026-04-08,DB증권,LGES,연결,전사,2025,4Q,매출,6141,십억원,excl,2
2026-04-08_DB증권_LGES,2026-04-08,DB증권,LGES,연결,전사,2026,1Q,매출,6555,십억원,incl,2
2026-04-08_DB증권_LGES,2026-04-08,DB증권,LGES,연결,전사,2026,2Q,매출,6823,십억원,incl,2
2026-04-08_DB증권_LGES,2026-04-08,DB증권,LGES,연결,전사,2026,3Q,매출,8798,십억원,incl,2
2026-04-08_DB증권_LGES,2026-04-08,DB증권,LGES,연결,전사,2026,4Q,매출,9637,십억원,incl,2
2026-04-08_DB증권_LGES,2026-04-08,DB증권,LGES,연결,전사,2025,FY,매출,23672,십억원,excl,2
2026-04-08_DB증권_LGES,2026-04-08,DB증권,LGES,연결,전사,2026,FY,매출,31813,십억원,incl,2
2026-04-08_DB증권_LGES,2026-04-08,DB증권,LGES,연결,전사,2027,FY,매출,50561,십억원,incl_unknown,2
2026-04-08_DB증권_LGES,2026-04-08,DB증권,LGES,소형,소형,2025,1Q,매출,1611,십억원,excl,2
2026-04-08_DB증권_LGES,2026-04-08,DB증권,LGES,소형,소형,2025,2Q,매출,1548,십억원,excl,2
2026-04-08_DB증권_LGES,2026-04-08,DB증권,LGES,소형,소형,2025,3Q,매출,1728,십억원,excl,2
2026-04-08_DB증권_LGES,2026-04-08,DB증권,LGES,소형,소형,2025,4Q,매출,2003,십억원,excl,2
2026-04-08_DB증권_LGES,2026-04-08,DB증권,LGES,소형,소형,2026,1Q,매출,1941,십억원,incl,2
2026-04-08_DB증권_LGES,2026-04-08,DB증권,LGES,소형,소형,2026,2Q,매출,1923,십억원,incl,2
2026-04-08_DB증권_LGES,2026-04-08,DB증권,LGES,소형,소형,2026,3Q,매출,2191,십억원,incl,2
2026-04-08_DB증권_LGES,2026-04-08,DB증권,LGES,소형,소형,2026,4Q,매출,2201,십억원,incl,2
2026-04-08_DB증권_LGES,2026-04-08,DB증권,LGES,소형,소형,2025,FY,매출,6945,십억원,excl,2
2026-04-08_DB증권_LGES,2026-04-08,DB증권,LGES,소형,소형,2026,FY,매출,8258,십억원,incl,2
2026-04-08_DB증권_LGES,2026-04-08,DB증권,LGES,소형,소형,2027,FY,매출,11202,십억원,incl_unknown,2
2026-04-08_DB증권_LGES,2026-04-08,DB증권,LGES,중대형,중대형,2025,1Q,매출,4654,십억원,excl,2
2026-04-08_DB증권_LGES,2026-04-08,DB증권,LGES,중대형,중대형,2025,2Q,매출,4017,십억원,excl,2
2026-04-08_DB증권_LGES,2026-04-08,DB증권,LGES,중대형,중대형,2025,3Q,매출,3972,십억원,excl,2
2026-04-08_DB증권_LGES,2026-04-08,DB증권,LGES,중대형,중대형,2025,4Q,매출,4138,십억원,excl,2
2026-04-08_DB증권_LGES,2026-04-08,DB증권,LGES,중대형,중대형,2026,1Q,매출,4614,십억원,incl,2
2026-04-08_DB증권_LGES,2026-04-08,DB증권,LGES,중대형,중대형,2026,2Q,매출,4899,십억원,incl,2
2026-04-08_DB증권_LGES,2026-04-08,DB증권,LGES,중대형,중대형,2026,3Q,매출,6607,십억원,incl,2
2026-04-08_DB증권_LGES,2026-04-08,DB증권,LGES,중대형,중대형,2026,4Q,매출,7435,십억원,incl,2
2026-04-08_DB증권_LGES,2026-04-08,DB증권,LGES,중대형,중대형,2025,FY,매출,16727,십억원,excl,2
2026-04-08_DB증권_LGES,2026-04-08,DB증권,LGES,중대형,중대형,2026,FY,매출,23555,십억원,incl,2
2026-04-08_DB증권_LGES,2026-04-08,DB증권,LGES,중대형,중대형,2027,FY,매출,39360,십억원,incl_unknown,2
2026-04-08_DB증권_LGES,2026-04-08,DB증권,LGES,EV,EV,2025,1Q,매출,4253,십억원,excl,2
2026-04-08_DB증권_LGES,2026-04-08,DB증권,LGES,EV,EV,2025,2Q,매출,3677,십억원,excl,2
2026-04-08_DB증권_LGES,2026-04-08,DB증권,LGES,EV,EV,2025,3Q,매출,3641,십억원,excl,2
2026-04-08_DB증권_LGES,2026-04-08,DB증권,LGES,EV,EV,2025,4Q,매출,2865,십억원,excl,2
2026-04-08_DB증권_LGES,2026-04-08,DB증권,LGES,EV,EV,2026,1Q,매출,2378,십억원,incl,2
2026-04-08_DB증권_LGES,2026-04-08,DB증권,LGES,EV,EV,2026,2Q,매출,2787,십억원,incl,2
2026-04-08_DB증권_LGES,2026-04-08,DB증권,LGES,EV,EV,2026,3Q,매출,3863,십억원,incl,2
2026-04-08_DB증권_LGES,2026-04-08,DB증권,LGES,EV,EV,2026,4Q,매출,4364,십억원,incl,2
2026-04-08_DB증권_LGES,2026-04-08,DB증권,LGES,EV,EV,2025,FY,매출,13987,십억원,excl,2
2026-04-08_DB증권_LGES,2026-04-08,DB증권,LGES,EV,EV,2026,FY,매출,13392,십억원,incl,2
2026-04-08_DB증권_LGES,2026-04-08,DB증권,LGES,EV,EV,2027,FY,매출,21191,십억원,incl_unknown,2
2026-04-08_DB증권_LGES,2026-04-08,DB증권,LGES,ESS,ESS,2025,1Q,매출,402,십억원,excl,2
2026-04-08_DB증권_LGES,2026-04-08,DB증권,LGES,ESS,ESS,2025,2Q,매출,341,십억원,excl,2
2026-04-08_DB증권_LGES,2026-04-08,DB증권,LGES,ESS,ESS,2025,3Q,매출,331,십억원,excl,2
2026-04-08_DB증권_LGES,2026-04-08,DB증권,LGES,ESS,ESS,2025,4Q,매출,1273,십억원,excl,2
2026-04-08_DB증권_LGES,2026-04-08,DB증권,LGES,ESS,ESS,2026,1Q,매출,2235,십억원,incl,2
2026-04-08_DB증권_LGES,2026-04-08,DB증권,LGES,ESS,ESS,2026,2Q,매출,2113,십억원,incl,2
2026-04-08_DB증권_LGES,2026-04-08,DB증권,LGES,ESS,ESS,2026,3Q,매출,2744,십억원,incl,2
2026-04-08_DB증권_LGES,2026-04-08,DB증권,LGES,ESS,ESS,2026,4Q,매출,3071,십억원,incl,2
2026-04-08_DB증권_LGES,2026-04-08,DB증권,LGES,ESS,ESS,2025,FY,매출,2740,십억원,excl,2
2026-04-08_DB증권_LGES,2026-04-08,DB증권,LGES,ESS,ESS,2026,FY,매출,10163,십억원,incl,2
2026-04-08_DB증권_LGES,2026-04-08,DB증권,LGES,ESS,ESS,2027,FY,매출,18169,십억원,incl_unknown,2
2026-04-08_DB증권_LGES,2026-04-08,DB증권,LGES,연결,전사,2025,1Q,영업이익,375,십억원,incl,2
2026-04-08_DB증권_LGES,2026-04-08,DB증권,LGES,연결,전사,2025,2Q,영업이익,492,십억원,incl,2
2026-04-08_DB증권_LGES,2026-04-08,DB증권,LGES,연결,전사,2025,3Q,영업이익,601,십억원,incl,2
2026-04-08_DB증권_LGES,2026-04-08,DB증권,LGES,연결,전사,2025,4Q,영업이익,-122,십억원,incl,2
2026-04-08_DB증권_LGES,2026-04-08,DB증권,LGES,연결,전사,2026,1Q,영업이익,-208,십억원,incl,2
2026-04-08_DB증권_LGES,2026-04-08,DB증권,LGES,연결,전사,2026,2Q,영업이익,39,십억원,incl,2
2026-04-08_DB증권_LGES,2026-04-08,DB증권,LGES,연결,전사,2026,3Q,영업이익,441,십억원,incl,2
2026-04-08_DB증권_LGES,2026-04-08,DB증권,LGES,연결,전사,2026,4Q,영업이익,595,십억원,incl,2
2026-04-08_DB증권_LGES,2026-04-08,DB증권,LGES,연결,전사,2025,FY,영업이익,1346,십억원,incl,2
2026-04-08_DB증권_LGES,2026-04-08,DB증권,LGES,연결,전사,2026,FY,영업이익,868,십억원,incl,2
2026-04-08_DB증권_LGES,2026-04-08,DB증권,LGES,연결,전사,2027,FY,영업이익,6065,십억원,incl,2
2026-04-08_DB증권_LGES,2026-04-08,DB증권,LGES,연결(AMPC제외),전사,2025,1Q,영업이익,-83,십억원,excl,2
2026-04-08_DB증권_LGES,2026-04-08,DB증권,LGES,연결(AMPC제외),전사,2025,2Q,영업이익,1,십억원,excl,2
2026-04-08_DB증권_LGES,2026-04-08,DB증권,LGES,연결(AMPC제외),전사,2025,3Q,영업이익,236,십억원,excl,2
2026-04-08_DB증권_LGES,2026-04-08,DB증권,LGES,연결(AMPC제외),전사,2025,4Q,영업이익,-455,십억원,excl,2
2026-04-08_DB증권_LGES,2026-04-08,DB증권,LGES,연결(AMPC제외),전사,2026,1Q,영업이익,-398,십억원,excl,2
2026-04-08_DB증권_LGES,2026-04-08,DB증권,LGES,연결(AMPC제외),전사,2026,2Q,영업이익,-151,십억원,excl,2
2026-04-08_DB증권_LGES,2026-04-08,DB증권,LGES,연결(AMPC제외),전사,2026,3Q,영업이익,138,십억원,excl,2
2026-04-08_DB증권_LGES,2026-04-08,DB증권,LGES,연결(AMPC제외),전사,2026,4Q,영업이익,236,십억원,excl,2
2026-04-08_DB증권_LGES,2026-04-08,DB증권,LGES,연결(AMPC제외),전사,2025,FY,영업이익,-301,십억원,excl,2
2026-04-08_DB증권_LGES,2026-04-08,DB증권,LGES,연결(AMPC제외),전사,2026,FY,영업이익,-174,십억원,excl,2
2026-04-08_DB증권_LGES,2026-04-08,DB증권,LGES,연결(AMPC제외),전사,2027,FY,영업이익,3618,십억원,excl,2
2026-04-08_DB증권_LGES,2026-04-08,DB증권,LGES,소형,소형,2025,1Q,영업이익,96,십억원,excl,2
2026-04-08_DB증권_LGES,2026-04-08,DB증권,LGES,소형,소형,2025,2Q,영업이익,74,십억원,excl,2
2026-04-08_DB증권_LGES,2026-04-08,DB증권,LGES,소형,소형,2025,3Q,영업이익,101,십억원,excl,2
2026-04-08_DB증권_LGES,2026-04-08,DB증권,LGES,소형,소형,2025,4Q,영업이익,136,십억원,excl,2
2026-04-08_DB증권_LGES,2026-04-08,DB증권,LGES,소형,소형,2026,1Q,영업이익,129,십억원,excl,2
2026-04-08_DB증권_LGES,2026-04-08,DB증권,LGES,소형,소형,2026,2Q,영업이익,118,십억원,excl,2
2026-04-08_DB증권_LGES,2026-04-08,DB증권,LGES,소형,소형,2026,3Q,영업이익,175,십억원,excl,2
2026-04-08_DB증권_LGES,2026-04-08,DB증권,LGES,소형,소형,2026,4Q,영업이익,161,십억원,excl,2
2026-04-08_DB증권_LGES,2026-04-08,DB증권,LGES,소형,소형,2025,FY,영업이익,407,십억원,excl,2
2026-04-08_DB증권_LGES,2026-04-08,DB증권,LGES,소형,소형,2026,FY,영업이익,583,십억원,excl,2
2026-04-08_DB증권_LGES,2026-04-08,DB증권,LGES,소형,소형,2027,FY,영업이익,721,십억원,excl,2
2026-04-08_DB증권_LGES,2026-04-08,DB증권,LGES,중대형,중대형,2025,1Q,영업이익,-179,십억원,excl,2
2026-04-08_DB증권_LGES,2026-04-08,DB증권,LGES,중대형,중대형,2025,2Q,영업이익,-73,십억원,excl,2
2026-04-08_DB증권_LGES,2026-04-08,DB증권,LGES,중대형,중대형,2025,3Q,영업이익,135,십억원,excl,2
2026-04-08_DB증권_LGES,2026-04-08,DB증권,LGES,중대형,중대형,2025,4Q,영업이익,-591,십억원,excl,2
2026-04-08_DB증권_LGES,2026-04-08,DB증권,LGES,중대형,중대형,2026,1Q,영업이익,-527,십억원,excl,2
2026-04-08_DB증권_LGES,2026-04-08,DB증권,LGES,중대형,중대형,2026,2Q,영업이익,-269,십억원,excl,2
2026-04-08_DB증권_LGES,2026-04-08,DB증권,LGES,중대형,중대형,2026,3Q,영업이익,-37,십억원,excl,2
2026-04-08_DB증권_LGES,2026-04-08,DB증권,LGES,중대형,중대형,2026,4Q,영업이익,76,십억원,excl,2
2026-04-08_DB증권_LGES,2026-04-08,DB증권,LGES,중대형,중대형,2025,FY,영업이익,-708,십억원,excl,2
2026-04-08_DB증권_LGES,2026-04-08,DB증권,LGES,중대형,중대형,2026,FY,영업이익,-757,십억원,excl,2
2026-04-08_DB증권_LGES,2026-04-08,DB증권,LGES,중대형,중대형,2027,FY,영업이익,2897,십억원,excl,2
2026-04-08_DB증권_LGES,2026-04-08,DB증권,LGES,EV,EV,2025,1Q,영업이익,-144,십억원,excl,2
2026-04-08_DB증권_LGES,2026-04-08,DB증권,LGES,EV,EV,2025,2Q,영업이익,-75,십억원,excl,2
2026-04-08_DB증권_LGES,2026-04-08,DB증권,LGES,EV,EV,2025,3Q,영업이익,82,십억원,excl,2
2026-04-08_DB증권_LGES,2026-04-08,DB증권,LGES,EV,EV,2025,4Q,영업이익,-481,십억원,excl,2
2026-04-08_DB증권_LGES,2026-04-08,DB증권,LGES,EV,EV,2026,1Q,영업이익,-699,십억원,excl,2
2026-04-08_DB증권_LGES,2026-04-08,DB증권,LGES,EV,EV,2026,2Q,영업이익,-441,십억원,excl,2
2026-04-08_DB증권_LGES,2026-04-08,DB증권,LGES,EV,EV,2026,3Q,영업이익,-275,십억원,excl,2
2026-04-08_DB증권_LGES,2026-04-08,DB증권,LGES,EV,EV,2026,4Q,영업이익,-234,십억원,excl,2
2026-04-08_DB증권_LGES,2026-04-08,DB증권,LGES,EV,EV,2025,FY,영업이익,-617,십억원,excl,2
2026-04-08_DB증권_LGES,2026-04-08,DB증권,LGES,EV,EV,2026,FY,영업이익,-1650,십억원,excl,2
2026-04-08_DB증권_LGES,2026-04-08,DB증권,LGES,EV,EV,2027,FY,영업이익,890,십억원,excl,2
2026-04-08_DB증권_LGES,2026-04-08,DB증권,LGES,ESS,ESS,2025,1Q,영업이익,-36,십억원,excl,2
2026-04-08_DB증권_LGES,2026-04-08,DB증권,LGES,ESS,ESS,2025,2Q,영업이익,2,십억원,excl,2
2026-04-08_DB증권_LGES,2026-04-08,DB증권,LGES,ESS,ESS,2025,3Q,영업이익,53,십억원,excl,2
2026-04-08_DB증권_LGES,2026-04-08,DB증권,LGES,ESS,ESS,2025,4Q,영업이익,-110,십억원,excl,2
2026-04-08_DB증권_LGES,2026-04-08,DB증권,LGES,ESS,ESS,2026,1Q,영업이익,172,십억원,excl,2
2026-04-08_DB증권_LGES,2026-04-08,DB증권,LGES,ESS,ESS,2026,2Q,영업이익,172,십억원,excl,2
2026-04-08_DB증권_LGES,2026-04-08,DB증권,LGES,ESS,ESS,2026,3Q,영업이익,238,십억원,excl,2
2026-04-08_DB증권_LGES,2026-04-08,DB증권,LGES,ESS,ESS,2026,4Q,영업이익,310,십억원,excl,2
2026-04-08_DB증권_LGES,2026-04-08,DB증권,LGES,ESS,ESS,2025,FY,영업이익,-91,십억원,excl,2
2026-04-08_DB증권_LGES,2026-04-08,DB증권,LGES,ESS,ESS,2026,FY,영업이익,892,십억원,excl,2
2026-04-08_DB증권_LGES,2026-04-08,DB증권,LGES,ESS,ESS,2027,FY,영업이익,2007,십억원,excl,2
2026-04-08_DB증권_LGES,2026-04-08,DB증권,LGES,연결,전사,2025,1Q,AMPC,458,십억원,na,2
2026-04-08_DB증권_LGES,2026-04-08,DB증권,LGES,연결,전사,2025,2Q,AMPC,491,십억원,na,2
2026-04-08_DB증권_LGES,2026-04-08,DB증권,LGES,연결,전사,2025,3Q,AMPC,366,십억원,na,2
2026-04-08_DB증권_LGES,2026-04-08,DB증권,LGES,연결,전사,2025,4Q,AMPC,333,십억원,na,2
2026-04-08_DB증권_LGES,2026-04-08,DB증권,LGES,연결,전사,2026,1Q,AMPC,190,십억원,na,2
2026-04-08_DB증권_LGES,2026-04-08,DB증권,LGES,연결,전사,2026,2Q,AMPC,190,십억원,na,2
2026-04-08_DB증권_LGES,2026-04-08,DB증권,LGES,연결,전사,2026,3Q,AMPC,304,십억원,na,2
2026-04-08_DB증권_LGES,2026-04-08,DB증권,LGES,연결,전사,2026,4Q,AMPC,359,십억원,na,2
2026-04-08_DB증권_LGES,2026-04-08,DB증권,LGES,연결,전사,2025,FY,AMPC,1647,십억원,na,2
2026-04-08_DB증권_LGES,2026-04-08,DB증권,LGES,연결,전사,2026,FY,AMPC,1042,십억원,na,2
2026-04-08_DB증권_LGES,2026-04-08,DB증권,LGES,연결,전사,2027,FY,AMPC,2447,십억원,na,2
2026-04-08_DB증권_LGES,2026-04-08,DB증권,LGES,EV,EV,2025,1Q,AMPC,458,십억원,na,2
2026-04-08_DB증권_LGES,2026-04-08,DB증권,LGES,EV,EV,2025,2Q,AMPC,410,십억원,na,2
2026-04-08_DB증권_LGES,2026-04-08,DB증권,LGES,EV,EV,2025,3Q,AMPC,228,십억원,na,2
2026-04-08_DB증권_LGES,2026-04-08,DB증권,LGES,EV,EV,2025,4Q,AMPC,34,십억원,na,2
2026-04-08_DB증권_LGES,2026-04-08,DB증권,LGES,EV,EV,2026,1Q,AMPC,13,십억원,na,2
2026-04-08_DB증권_LGES,2026-04-08,DB증권,LGES,EV,EV,2026,2Q,AMPC,13,십억원,na,2
2026-04-08_DB증권_LGES,2026-04-08,DB증권,LGES,EV,EV,2026,3Q,AMPC,80,십억원,na,2
2026-04-08_DB증권_LGES,2026-04-08,DB증권,LGES,EV,EV,2026,4Q,AMPC,115,십억원,na,2
2026-04-08_DB증권_LGES,2026-04-08,DB증권,LGES,EV,EV,2025,FY,AMPC,1130,십억원,na,2
2026-04-08_DB증권_LGES,2026-04-08,DB증권,LGES,EV,EV,2026,FY,AMPC,221,십억원,na,2
2026-04-08_DB증권_LGES,2026-04-08,DB증권,LGES,EV,EV,2027,FY,AMPC,1043,십억원,na,2
2026-04-08_DB증권_LGES,2026-04-08,DB증권,LGES,ESS,ESS,2025,1Q,AMPC,0,십억원,na,2
2026-04-08_DB증권_LGES,2026-04-08,DB증권,LGES,ESS,ESS,2025,2Q,AMPC,81,십억원,na,2
2026-04-08_DB증권_LGES,2026-04-08,DB증권,LGES,ESS,ESS,2025,3Q,AMPC,138,십억원,na,2
2026-04-08_DB증권_LGES,2026-04-08,DB증권,LGES,ESS,ESS,2025,4Q,AMPC,298,십억원,na,2
2026-04-08_DB증권_LGES,2026-04-08,DB증권,LGES,ESS,ESS,2026,1Q,AMPC,179,십억원,na,2
2026-04-08_DB증권_LGES,2026-04-08,DB증권,LGES,ESS,ESS,2026,2Q,AMPC,177,십억원,na,2
2026-04-08_DB증권_LGES,2026-04-08,DB증권,LGES,ESS,ESS,2026,3Q,AMPC,224,십억원,na,2
2026-04-08_DB증권_LGES,2026-04-08,DB증권,LGES,ESS,ESS,2026,4Q,AMPC,244,십억원,na,2
2026-04-08_DB증권_LGES,2026-04-08,DB증권,LGES,ESS,ESS,2025,FY,AMPC,517,십억원,na,2
2026-04-08_DB증권_LGES,2026-04-08,DB증권,LGES,ESS,ESS,2026,FY,AMPC,825,십억원,na,2
2026-04-08_DB증권_LGES,2026-04-08,DB증권,LGES,ESS,ESS,2027,FY,AMPC,1404,십억원,na,2
2026-04-08_DB증권_LGES,2026-04-08,DB증권,LGES,연결,전사,2024,FY,매출,25620,십억원,excl,1
2026-04-08_DB증권_LGES,2026-04-08,DB증권,LGES,연결,전사,2024,FY,영업이익,575,십억원,incl,1
2026-04-08_DB증권_LGES,2026-04-08,DB증권,LGES,연결,전사,2028,FY,매출,58606,십억원,incl_unknown,1
2026-04-08_DB증권_LGES,2026-04-08,DB증권,LGES,연결,전사,2028,FY,영업이익,9723,십억원,incl,1
2026-04-08_IBK투자증권_LGES,2026-04-08,IBK투자증권,LGES,연결,전사,2025,1Q,매출,6723,십억원,incl,2
2026-04-08_IBK투자증권_LGES,2026-04-08,IBK투자증권,LGES,연결,전사,2025,2Q,매출,6056,십억원,incl,2
2026-04-08_IBK투자증권_LGES,2026-04-08,IBK투자증권,LGES,연결,전사,2025,3Q,매출,6065,십억원,incl,2
2026-04-08_IBK투자증권_LGES,2026-04-08,IBK투자증권,LGES,연결,전사,2025,4Q,매출,6474,십억원,incl,2
2026-04-08_IBK투자증권_LGES,2026-04-08,IBK투자증권,LGES,연결,전사,2025,FY,매출,25319,십억원,incl,2
2026-04-08_IBK투자증권_LGES,2026-04-08,IBK투자증권,LGES,연결,전사,2026,1Q,매출,6555,십억원,incl,2
2026-04-08_IBK투자증권_LGES,2026-04-08,IBK투자증권,LGES,연결,전사,2025,1Q,영업이익,375,십억원,incl,2
2026-04-08_IBK투자증권_LGES,2026-04-08,IBK투자증권,LGES,연결,전사,2025,2Q,영업이익,492,십억원,incl,2
2026-04-08_IBK투자증권_LGES,2026-04-08,IBK투자증권,LGES,연결,전사,2025,3Q,영업이익,601,십억원,incl,2
2026-04-08_IBK투자증권_LGES,2026-04-08,IBK투자증권,LGES,연결,전사,2025,4Q,영업이익,-122,십억원,incl,2
2026-04-08_IBK투자증권_LGES,2026-04-08,IBK투자증권,LGES,연결,전사,2025,FY,영업이익,1346,십억원,incl,2
2026-04-08_IBK투자증권_LGES,2026-04-08,IBK투자증권,LGES,연결,전사,2026,1Q,영업이익,-208,십억원,incl,2
2026-04-08_IBK투자증권_LGES,2026-04-08,IBK투자증권,LGES,연결(AMPC제외),전사,2026,1Q,영업이익,-398,십억원,excl,1
2026-04-08_IBK투자증권_LGES,2026-04-08,IBK투자증권,LGES,연결,전사,2025,1Q,AMPC,458,십억원,na,2
2026-04-08_IBK투자증권_LGES,2026-04-08,IBK투자증권,LGES,연결,전사,2025,2Q,AMPC,491,십억원,na,2
2026-04-08_IBK투자증권_LGES,2026-04-08,IBK투자증권,LGES,연결,전사,2025,3Q,AMPC,366,십억원,na,2
2026-04-08_IBK투자증권_LGES,2026-04-08,IBK투자증권,LGES,연결,전사,2025,4Q,AMPC,333,십억원,na,2
2026-04-08_IBK투자증권_LGES,2026-04-08,IBK투자증권,LGES,연결,전사,2025,FY,AMPC,1647,십억원,na,2
2026-04-08_IBK투자증권_LGES,2026-04-08,IBK투자증권,LGES,연결,전사,2026,1Q,AMPC,190,십억원,na,1
2026-04-08_IBK투자증권_LGES,2026-04-08,IBK투자증권,LGES,ESS,ESS,2026,1Q,AMPC,180,십억원,na,1
2026-04-08_IBK투자증권_LGES,2026-04-08,IBK투자증권,LGES,EV,EV,2026,1Q,AMPC,9.5,십억원,na,1
2026-04-08_NH투자증권_LGES,2026-04-08,NH투자증권,LGES,연결,전사,2024,FY,매출,25620,십억원,excl,2
2026-04-08_NH투자증권_LGES,2026-04-08,NH투자증권,LGES,연결,전사,2024,FY,영업이익,575,십억원,incl,2
2026-04-08_NH투자증권_LGES,2026-04-08,NH투자증권,LGES,연결,전사,2025,FY,매출,23672,십억원,excl,1
2026-04-08_NH투자증권_LGES,2026-04-08,NH투자증권,LGES,연결,전사,2025,FY,영업이익,1346,십억원,incl,1
2026-04-08_NH투자증권_LGES,2026-04-08,NH투자증권,LGES,연결,전사,2025,FY,AMPC,1647,십억원,na,5
2026-04-08_NH투자증권_LGES,2026-04-08,NH투자증권,LGES,연결,전사,2026,FY,매출,30078,십억원,incl,1
2026-04-08_NH투자증권_LGES,2026-04-08,NH투자증권,LGES,연결,전사,2026,FY,영업이익,1128,십억원,incl,1
2026-04-08_NH투자증권_LGES,2026-04-08,NH투자증권,LGES,연결,전사,2026,FY,AMPC,1413,십억원,na,5
2026-04-08_NH투자증권_LGES,2026-04-08,NH투자증권,LGES,연결,전사,2027,FY,매출,37589,십억원,incl,1
2026-04-08_NH투자증권_LGES,2026-04-08,NH투자증권,LGES,연결,전사,2027,FY,영업이익,3636,십억원,incl,1
2026-04-08_NH투자증권_LGES,2026-04-08,NH투자증권,LGES,연결,전사,2027,FY,AMPC,3143,십억원,na,5
2026-04-08_NH투자증권_LGES,2026-04-08,NH투자증권,LGES,연결,전사,2028,FY,매출,47141,십억원,incl,1
2026-04-08_NH투자증권_LGES,2026-04-08,NH투자증권,LGES,연결,전사,2028,FY,영업이익,6568,십억원,incl,1
2026-04-08_NH투자증권_LGES,2026-04-08,NH투자증권,LGES,연결,전사,2025,1Q,매출,6723,십억원,excl,5
2026-04-08_NH투자증권_LGES,2026-04-08,NH투자증권,LGES,연결,전사,2025,1Q,영업이익,375,십억원,incl,5
2026-04-08_NH투자증권_LGES,2026-04-08,NH투자증권,LGES,연결,전사,2025,1Q,AMPC,458,십억원,na,5
2026-04-08_NH투자증권_LGES,2026-04-08,NH투자증권,LGES,연결,전사,2025,2Q,매출,6056,십억원,excl,5
2026-04-08_NH투자증권_LGES,2026-04-08,NH투자증권,LGES,연결,전사,2025,2Q,영업이익,492,십억원,incl,5
2026-04-08_NH투자증권_LGES,2026-04-08,NH투자증권,LGES,연결,전사,2025,2Q,AMPC,491,십억원,na,5
2026-04-08_NH투자증권_LGES,2026-04-08,NH투자증권,LGES,연결,전사,2025,3Q,매출,6065,십억원,excl,5
2026-04-08_NH투자증권_LGES,2026-04-08,NH투자증권,LGES,연결,전사,2025,3Q,영업이익,601,십억원,incl,5
2026-04-08_NH투자증권_LGES,2026-04-08,NH투자증권,LGES,연결,전사,2025,3Q,AMPC,366,십억원,na,5
2026-04-08_NH투자증권_LGES,2026-04-08,NH투자증권,LGES,연결,전사,2025,4Q,매출,6474,십억원,excl,5
2026-04-08_NH투자증권_LGES,2026-04-08,NH투자증권,LGES,연결,전사,2025,4Q,영업이익,-122,십억원,incl,5
2026-04-08_NH투자증권_LGES,2026-04-08,NH투자증권,LGES,연결,전사,2025,4Q,AMPC,333,십억원,na,5
2026-04-08_NH투자증권_LGES,2026-04-08,NH투자증권,LGES,연결,전사,2026,1Q,매출,6555,십억원,incl,1
2026-04-08_NH투자증권_LGES,2026-04-08,NH투자증권,LGES,연결,전사,2026,1Q,영업이익,-208,십억원,incl,1
2026-04-08_NH투자증권_LGES,2026-04-08,NH투자증권,LGES,연결,전사,2026,1Q,AMPC,190,십억원,na,1
2026-04-08_NH투자증권_LGES,2026-04-08,NH투자증권,LGES,연결,전사,2026,2Q,매출,6969,십억원,incl,5
2026-04-08_NH투자증권_LGES,2026-04-08,NH투자증권,LGES,연결,전사,2026,2Q,영업이익,3,십억원,incl,5
2026-04-08_NH투자증권_LGES,2026-04-08,NH투자증권,LGES,연결,전사,2026,2Q,AMPC,233,십억원,na,5
2026-04-08_NH투자증권_LGES,2026-04-08,NH투자증권,LGES,연결,전사,2026,3Q,매출,7691,십억원,incl,5
2026-04-08_NH투자증권_LGES,2026-04-08,NH투자증권,LGES,연결,전사,2026,3Q,영업이익,458,십억원,incl,5
2026-04-08_NH투자증권_LGES,2026-04-08,NH투자증권,LGES,연결,전사,2026,3Q,AMPC,382,십억원,na,5
2026-04-08_NH투자증권_LGES,2026-04-08,NH투자증권,LGES,연결,전사,2026,4Q,매출,8863,십억원,incl,5
2026-04-08_NH투자증권_LGES,2026-04-08,NH투자증권,LGES,연결,전사,2026,4Q,영업이익,875,십억원,incl,5
2026-04-08_NH투자증권_LGES,2026-04-08,NH투자증권,LGES,연결,전사,2026,4Q,AMPC,609,십억원,na,5
2026-04-08_NH투자증권_LGES,2026-04-08,NH투자증권,LGES,ESS,ESS,2025,FY,매출,2680,십억원,excl,5
2026-04-08_NH투자증권_LGES,2026-04-08,NH투자증권,LGES,ESS,ESS,2025,FY,영업이익,56,십억원,incl,5
2026-04-08_NH투자증권_LGES,2026-04-08,NH투자증권,LGES,ESS외,기타,2025,FY,매출,22638,십억원,excl,5
2026-04-08_NH투자증권_LGES,2026-04-08,NH투자증권,LGES,ESS외,기타,2025,FY,영업이익,1290,십억원,incl,5
2026-04-08_NH투자증권_LGES,2026-04-08,NH투자증권,LGES,ESS,ESS,2026,FY,매출,8337,십억원,incl_unknown,5
2026-04-08_NH투자증권_LGES,2026-04-08,NH투자증권,LGES,ESS,ESS,2026,FY,영업이익,1198,십억원,incl,5
2026-04-08_NH투자증권_LGES,2026-04-08,NH투자증권,LGES,ESS외,기타,2026,FY,매출,20328,십억원,incl_unknown,5
2026-04-08_NH투자증권_LGES,2026-04-08,NH투자증권,LGES,ESS외,기타,2026,FY,영업이익,-75,십억원,incl,5
2026-04-08_NH투자증권_LGES,2026-04-08,NH투자증권,LGES,ESS,ESS,2027,FY,매출,12675,십억원,incl_unknown,5
2026-04-08_NH투자증권_LGES,2026-04-08,NH투자증권,LGES,ESS,ESS,2027,FY,영업이익,2227,십억원,incl,5
2026-04-08_NH투자증권_LGES,2026-04-08,NH투자증권,LGES,ESS외,기타,2027,FY,매출,21772,십억원,incl_unknown,5
2026-04-08_NH투자증권_LGES,2026-04-08,NH투자증권,LGES,ESS외,기타,2027,FY,영업이익,1405,십억원,incl,5
2026-04-08_iM증권_LGES,2026-04-08,iM증권,LGES,연결,전사,2025,1Q,매출,6723,십억원,incl,2
2026-04-08_iM증권_LGES,2026-04-08,iM증권,LGES,연결,전사,2025,2Q,매출,6056,십억원,incl,2
2026-04-08_iM증권_LGES,2026-04-08,iM증권,LGES,연결,전사,2025,3Q,매출,6065,십억원,incl,2
2026-04-08_iM증권_LGES,2026-04-08,iM증권,LGES,연결,전사,2025,4Q,매출,6474,십억원,incl,2
2026-04-08_iM증권_LGES,2026-04-08,iM증권,LGES,연결,전사,2025,FY,매출,25319,십억원,incl,2
2026-04-08_iM증권_LGES,2026-04-08,iM증권,LGES,연결,전사,2026,1Q,매출,6555,십억원,incl,2
2026-04-08_iM증권_LGES,2026-04-08,iM증권,LGES,연결,전사,2026,2Q,매출,6961,십억원,incl,2
2026-04-08_iM증권_LGES,2026-04-08,iM증권,LGES,연결,전사,2026,3Q,매출,7903,십억원,incl,2
2026-04-08_iM증권_LGES,2026-04-08,iM증권,LGES,연결,전사,2026,4Q,매출,8328,십억원,incl,2
2026-04-08_iM증권_LGES,2026-04-08,iM증권,LGES,연결,전사,2026,FY,매출,29746,십억원,incl,2
2026-04-08_iM증권_LGES,2026-04-08,iM증권,LGES,연결,전사,2027,FY,매출,36866,십억원,incl,2
2026-04-08_iM증권_LGES,2026-04-08,iM증권,LGES,연결,전사,2028,FY,매출,43928,십억원,incl,2
2026-04-08_iM증권_LGES,2026-04-08,iM증권,LGES,xEV(중대형),EV,2025,1Q,매출,4631,십억원,incl,2
2026-04-08_iM증권_LGES,2026-04-08,iM증권,LGES,xEV(중대형),EV,2025,2Q,매출,4056,십억원,incl,2
2026-04-08_iM증권_LGES,2026-04-08,iM증권,LGES,xEV(중대형),EV,2025,3Q,매출,3658,십억원,incl,2
2026-04-08_iM증권_LGES,2026-04-08,iM증권,LGES,xEV(중대형),EV,2025,4Q,매출,2947,십억원,incl,2
2026-04-08_iM증권_LGES,2026-04-08,iM증권,LGES,xEV(중대형),EV,2025,FY,매출,13918,십억원,incl,2
2026-04-08_iM증권_LGES,2026-04-08,iM증권,LGES,xEV(중대형),EV,2026,1Q,매출,2591,십억원,incl,2
2026-04-08_iM증권_LGES,2026-04-08,iM증권,LGES,xEV(중대형),EV,2026,2Q,매출,2433,십억원,incl,2
2026-04-08_iM증권_LGES,2026-04-08,iM증권,LGES,xEV(중대형),EV,2026,3Q,매출,2930,십억원,incl,2
2026-04-08_iM증권_LGES,2026-04-08,iM증권,LGES,xEV(중대형),EV,2026,4Q,매출,3212,십억원,incl,2
2026-04-08_iM증권_LGES,2026-04-08,iM증권,LGES,xEV(중대형),EV,2026,FY,매출,11166,십억원,incl,2
2026-04-08_iM증권_LGES,2026-04-08,iM증권,LGES,xEV(중대형),EV,2027,FY,매출,13857,십억원,incl,2
2026-04-08_iM증권_LGES,2026-04-08,iM증권,LGES,xEV(중대형),EV,2028,FY,매출,16783,십억원,incl,2
2026-04-08_iM증권_LGES,2026-04-08,iM증권,LGES,ESS,ESS,2025,1Q,매출,492,십억원,incl,2
2026-04-08_iM증권_LGES,2026-04-08,iM증권,LGES,ESS,ESS,2025,2Q,매출,502,십억원,incl,2
2026-04-08_iM증권_LGES,2026-04-08,iM증권,LGES,ESS,ESS,2025,3Q,매출,774,십억원,incl,2
2026-04-08_iM증권_LGES,2026-04-08,iM증권,LGES,ESS,ESS,2025,4Q,매출,1645,십억원,incl,2
2026-04-08_iM증권_LGES,2026-04-08,iM증권,LGES,ESS,ESS,2025,FY,매출,3139,십억원,incl,2
2026-04-08_iM증권_LGES,2026-04-08,iM증권,LGES,ESS,ESS,2026,1Q,매출,2147,십억원,incl,2
2026-04-08_iM증권_LGES,2026-04-08,iM증권,LGES,ESS,ESS,2026,2Q,매출,2613,십억원,incl,2
2026-04-08_iM증권_LGES,2026-04-08,iM증권,LGES,ESS,ESS,2026,3Q,매출,2950,십억원,incl,2
2026-04-08_iM증권_LGES,2026-04-08,iM증권,LGES,ESS,ESS,2026,4Q,매출,3017,십억원,incl,2
2026-04-08_iM증권_LGES,2026-04-08,iM증권,LGES,ESS,ESS,2026,FY,매출,10727,십억원,incl,2
2026-04-08_iM증권_LGES,2026-04-08,iM증권,LGES,ESS,ESS,2027,FY,매출,14583,십억원,incl,2
2026-04-08_iM증권_LGES,2026-04-08,iM증권,LGES,ESS,ESS,2028,FY,매출,18126,십억원,incl,2
2026-04-08_iM증권_LGES,2026-04-08,iM증권,LGES,소형,소형,2025,1Q,매출,1600,십억원,incl,2
2026-04-08_iM증권_LGES,2026-04-08,iM증권,LGES,소형,소형,2025,2Q,매출,1498,십억원,incl,2
2026-04-08_iM증권_LGES,2026-04-08,iM증권,LGES,소형,소형,2025,3Q,매출,1633,십억원,incl,2
2026-04-08_iM증권_LGES,2026-04-08,iM증권,LGES,소형,소형,2025,4Q,매출,1883,십억원,incl,2
2026-04-08_iM증권_LGES,2026-04-08,iM증권,LGES,소형,소형,2025,FY,매출,6615,십억원,incl,2
2026-04-08_iM증권_LGES,2026-04-08,iM증권,LGES,소형,소형,2026,1Q,매출,1817,십억원,incl,2
2026-04-08_iM증권_LGES,2026-04-08,iM증권,LGES,소형,소형,2026,2Q,매출,1914,십억원,incl,2
2026-04-08_iM증권_LGES,2026-04-08,iM증권,LGES,소형,소형,2026,3Q,매출,2023,십억원,incl,2
2026-04-08_iM증권_LGES,2026-04-08,iM증권,LGES,소형,소형,2026,4Q,매출,2099,십억원,incl,2
2026-04-08_iM증권_LGES,2026-04-08,iM증권,LGES,소형,소형,2026,FY,매출,7853,십억원,incl,2
2026-04-08_iM증권_LGES,2026-04-08,iM증권,LGES,소형,소형,2027,FY,매출,8426,십억원,incl,2
2026-04-08_iM증권_LGES,2026-04-08,iM증권,LGES,소형,소형,2028,FY,매출,9019,십억원,incl,2
2026-04-08_iM증권_LGES,2026-04-08,iM증권,LGES,연결,전사,2025,1Q,영업이익,375,십억원,incl,2
2026-04-08_iM증권_LGES,2026-04-08,iM증권,LGES,연결,전사,2025,2Q,영업이익,492,십억원,incl,2
2026-04-08_iM증권_LGES,2026-04-08,iM증권,LGES,연결,전사,2025,3Q,영업이익,601,십억원,incl,2
2026-04-08_iM증권_LGES,2026-04-08,iM증권,LGES,연결,전사,2025,4Q,영업이익,-122,십억원,incl,2
2026-04-08_iM증권_LGES,2026-04-08,iM증권,LGES,연결,전사,2025,FY,영업이익,1346,십억원,incl,2
2026-04-08_iM증권_LGES,2026-04-08,iM증권,LGES,연결,전사,2026,1Q,영업이익,-208,십억원,incl,2
2026-04-08_iM증권_LGES,2026-04-08,iM증권,LGES,연결,전사,2026,2Q,영업이익,87,십억원,incl,2
2026-04-08_iM증권_LGES,2026-04-08,iM증권,LGES,연결,전사,2026,3Q,영업이익,260,십억원,incl,2
2026-04-08_iM증권_LGES,2026-04-08,iM증권,LGES,연결,전사,2026,4Q,영업이익,454,십억원,incl,2
2026-04-08_iM증권_LGES,2026-04-08,iM증권,LGES,연결,전사,2026,FY,영업이익,593,십억원,incl,2
2026-04-08_iM증권_LGES,2026-04-08,iM증권,LGES,연결,전사,2027,FY,영업이익,3540,십억원,incl,2
2026-04-08_iM증권_LGES,2026-04-08,iM증권,LGES,연결,전사,2028,FY,영업이익,5479,십억원,incl,2
2026-04-08_iM증권_LGES,2026-04-08,iM증권,LGES,연결,전사,2025,1Q,AMPC,458,십억원,na,2
2026-04-08_iM증권_LGES,2026-04-08,iM증권,LGES,연결,전사,2025,2Q,AMPC,491,십억원,na,2
2026-04-08_iM증권_LGES,2026-04-08,iM증권,LGES,연결,전사,2025,3Q,AMPC,365,십억원,na,2
2026-04-08_iM증권_LGES,2026-04-08,iM증권,LGES,연결,전사,2025,4Q,AMPC,333,십억원,na,2
2026-04-08_iM증권_LGES,2026-04-08,iM증권,LGES,연결,전사,2025,FY,AMPC,1647,십억원,na,2
2026-04-08_iM증권_LGES,2026-04-08,iM증권,LGES,연결,전사,2026,1Q,AMPC,190,십억원,na,2
2026-04-08_iM증권_LGES,2026-04-08,iM증권,LGES,연결,전사,2026,2Q,AMPC,239,십억원,na,2
2026-04-08_iM증권_LGES,2026-04-08,iM증권,LGES,연결,전사,2026,3Q,AMPC,333,십억원,na,2
2026-04-08_iM증권_LGES,2026-04-08,iM증권,LGES,연결,전사,2026,4Q,AMPC,361,십억원,na,2
2026-04-08_iM증권_LGES,2026-04-08,iM증권,LGES,연결,전사,2026,FY,AMPC,1123,십억원,na,2
2026-04-08_iM증권_LGES,2026-04-08,iM증권,LGES,연결,전사,2027,FY,AMPC,1985,십억원,na,2
2026-04-08_iM증권_LGES,2026-04-08,iM증권,LGES,연결,전사,2028,FY,AMPC,3061,십억원,na,2
2026-04-08_교보증권_LGES,2026-04-08,교보증권,LGES,전사,전사,2026,1Q,매출,6555,십억원,incl,1
2026-04-08_교보증권_LGES,2026-04-08,교보증권,LGES,전사,전사,2026,1Q,영업이익,-207.8,십억원,incl,1
2026-04-08_교보증권_LGES,2026-04-08,교보증권,LGES,전사,전사,2026,1Q,영업이익,-397.5,십억원,excl,1
2026-04-08_교보증권_LGES,2026-04-08,교보증권,LGES,전사,전사,2024,FY,매출,25620,십억원,incl_unknown,1
2026-04-08_교보증권_LGES,2026-04-08,교보증권,LGES,전사,전사,2024,FY,영업이익,575,십억원,incl_unknown,1
2026-04-08_교보증권_LGES,2026-04-08,교보증권,LGES,전사,전사,2025,FY,매출,23672,십억원,incl_unknown,1
2026-04-08_교보증권_LGES,2026-04-08,교보증권,LGES,전사,전사,2025,FY,영업이익,-301,십억원,incl_unknown,1
2026-04-08_교보증권_LGES,2026-04-08,교보증권,LGES,전사,전사,2026,FY,매출,27354,십억원,incl_unknown,1
2026-04-08_교보증권_LGES,2026-04-08,교보증권,LGES,전사,전사,2026,FY,영업이익,1401,십억원,incl_unknown,1
2026-04-08_교보증권_LGES,2026-04-08,교보증권,LGES,전사,전사,2027,FY,매출,34427,십억원,incl_unknown,1
2026-04-08_교보증권_LGES,2026-04-08,교보증권,LGES,전사,전사,2027,FY,영업이익,2658,십억원,incl_unknown,1
2026-04-08_교보증권_삼성SDI,2026-04-08,교보증권,삼성SDI,매출액,전사,2025,1Q,매출,3177,십억원,na,2
2026-04-08_교보증권_삼성SDI,2026-04-08,교보증권,삼성SDI,매출액,전사,2025,2Q,매출,3179,십억원,na,2
2026-04-08_교보증권_삼성SDI,2026-04-08,교보증권,삼성SDI,매출액,전사,2025,3Q,매출,3052,십억원,na,2
2026-04-08_교보증권_삼성SDI,2026-04-08,교보증권,삼성SDI,매출액,전사,2025,4Q,매출,3859,십억원,na,2
2026-04-08_교보증권_삼성SDI,2026-04-08,교보증권,삼성SDI,매출액,전사,2026,1Q,매출,3494,십억원,na,2
2026-04-08_교보증권_삼성SDI,2026-04-08,교보증권,삼성SDI,매출액,전사,2026,2Q,매출,3547,십억원,na,2
2026-04-08_교보증권_삼성SDI,2026-04-08,교보증권,삼성SDI,매출액,전사,2026,3Q,매출,3582,십억원,na,2
2026-04-08_교보증권_삼성SDI,2026-04-08,교보증권,삼성SDI,매출액,전사,2026,4Q,매출,3877,십억원,na,2
2026-04-08_교보증권_삼성SDI,2026-04-08,교보증권,삼성SDI,매출액,전사,2024,FY,매출,16592,십억원,na,1
2026-04-08_교보증권_삼성SDI,2026-04-08,교보증권,삼성SDI,매출액,전사,2025,FY,매출,13267,십억원,na,2
2026-04-08_교보증권_삼성SDI,2026-04-08,교보증권,삼성SDI,매출액,전사,2026,FY,매출,14500,십억원,na,2
2026-04-08_교보증권_삼성SDI,2026-04-08,교보증권,삼성SDI,매출액,전사,2027,FY,매출,17545,십억원,na,1
2026-04-08_교보증권_삼성SDI,2026-04-08,교보증권,삼성SDI,에너지,배터리합계,2025,1Q,매출,2981,십억원,na,2
2026-04-08_교보증권_삼성SDI,2026-04-08,교보증권,삼성SDI,에너지,배터리합계,2025,2Q,매출,2961,십억원,na,2
2026-04-08_교보증권_삼성SDI,2026-04-08,교보증권,삼성SDI,에너지,배터리합계,2025,3Q,매출,2820,십억원,na,2
2026-04-08_교보증권_삼성SDI,2026-04-08,교보증권,삼성SDI,에너지,배터리합계,2025,4Q,매출,3622,십억원,na,2
2026-04-08_교보증권_삼성SDI,2026-04-08,교보증권,삼성SDI,에너지,배터리합계,2026,1Q,매출,3291,십억원,na,2
2026-04-08_교보증권_삼성SDI,2026-04-08,교보증권,삼성SDI,에너지,배터리합계,2026,2Q,매출,3318,십억원,na,2
2026-04-08_교보증권_삼성SDI,2026-04-08,교보증권,삼성SDI,에너지,배터리합계,2026,3Q,매출,3350,십억원,na,2
2026-04-08_교보증권_삼성SDI,2026-04-08,교보증권,삼성SDI,에너지,배터리합계,2026,4Q,매출,3638,십억원,na,2
2026-04-08_교보증권_삼성SDI,2026-04-08,교보증권,삼성SDI,에너지,배터리합계,2025,FY,매출,12384,십억원,na,2
2026-04-08_교보증권_삼성SDI,2026-04-08,교보증권,삼성SDI,에너지,배터리합계,2026,FY,매출,13597,십억원,na,2
2026-04-08_교보증권_삼성SDI,2026-04-08,교보증권,삼성SDI,소형전지,소형,2025,1Q,매출,770,십억원,na,2
2026-04-08_교보증권_삼성SDI,2026-04-08,교보증권,삼성SDI,소형전지,소형,2025,2Q,매출,1001,십억원,na,2
2026-04-08_교보증권_삼성SDI,2026-04-08,교보증권,삼성SDI,소형전지,소형,2025,3Q,매출,1051,십억원,na,2
2026-04-08_교보증권_삼성SDI,2026-04-08,교보증권,삼성SDI,소형전지,소형,2025,4Q,매출,1123,십억원,na,2
2026-04-08_교보증권_삼성SDI,2026-04-08,교보증권,삼성SDI,소형전지,소형,2026,1Q,매출,1027,십억원,na,2
2026-04-08_교보증권_삼성SDI,2026-04-08,교보증권,삼성SDI,소형전지,소형,2026,2Q,매출,1038,십억원,na,2
2026-04-08_교보증권_삼성SDI,2026-04-08,교보증권,삼성SDI,소형전지,소형,2026,3Q,매출,1058,십억원,na,2
2026-04-08_교보증권_삼성SDI,2026-04-08,교보증권,삼성SDI,소형전지,소형,2026,4Q,매출,1048,십억원,na,2
2026-04-08_교보증권_삼성SDI,2026-04-08,교보증권,삼성SDI,소형전지,소형,2025,FY,매출,3944,십억원,na,2
2026-04-08_교보증권_삼성SDI,2026-04-08,교보증권,삼성SDI,소형전지,소형,2026,FY,매출,4171,십억원,na,2
2026-04-08_교보증권_삼성SDI,2026-04-08,교보증권,삼성SDI,중대형(EV),EV,2025,1Q,매출,1589,십억원,na,2
2026-04-08_교보증권_삼성SDI,2026-04-08,교보증권,삼성SDI,중대형(EV),EV,2025,2Q,매출,1309,십억원,na,2
2026-04-08_교보증권_삼성SDI,2026-04-08,교보증권,삼성SDI,중대형(EV),EV,2025,3Q,매출,1128,십억원,na,2
2026-04-08_교보증권_삼성SDI,2026-04-08,교보증권,삼성SDI,중대형(EV),EV,2025,4Q,매출,1630,십억원,na,2
2026-04-08_교보증권_삼성SDI,2026-04-08,교보증권,삼성SDI,중대형(EV),EV,2026,1Q,매출,1385,십억원,na,2
2026-04-08_교보증권_삼성SDI,2026-04-08,교보증권,삼성SDI,중대형(EV),EV,2026,2Q,매출,1341,십억원,na,2
2026-04-08_교보증권_삼성SDI,2026-04-08,교보증권,삼성SDI,중대형(EV),EV,2026,3Q,매출,1342,십억원,na,2
2026-04-08_교보증권_삼성SDI,2026-04-08,교보증권,삼성SDI,중대형(EV),EV,2026,4Q,매출,1262,십억원,na,2
2026-04-08_교보증권_삼성SDI,2026-04-08,교보증권,삼성SDI,중대형(EV),EV,2025,FY,매출,5655,십억원,na,2
2026-04-08_교보증권_삼성SDI,2026-04-08,교보증권,삼성SDI,중대형(EV),EV,2026,FY,매출,5331,십억원,na,2
2026-04-08_교보증권_삼성SDI,2026-04-08,교보증권,삼성SDI,중대형(ESS),ESS,2025,1Q,매출,623,십억원,na,2
2026-04-08_교보증권_삼성SDI,2026-04-08,교보증권,삼성SDI,중대형(ESS),ESS,2025,2Q,매출,652,십억원,na,2
2026-04-08_교보증권_삼성SDI,2026-04-08,교보증권,삼성SDI,중대형(ESS),ESS,2025,3Q,매출,641,십억원,na,2
2026-04-08_교보증권_삼성SDI,2026-04-08,교보증권,삼성SDI,중대형(ESS),ESS,2025,4Q,매출,869,십억원,na,2
2026-04-08_교보증권_삼성SDI,2026-04-08,교보증권,삼성SDI,중대형(ESS),ESS,2026,1Q,매출,878,십억원,na,2
2026-04-08_교보증권_삼성SDI,2026-04-08,교보증권,삼성SDI,중대형(ESS),ESS,2026,2Q,매출,939,십억원,na,2
2026-04-08_교보증권_삼성SDI,2026-04-08,교보증권,삼성SDI,중대형(ESS),ESS,2026,3Q,매출,949,십억원,na,2
2026-04-08_교보증권_삼성SDI,2026-04-08,교보증권,삼성SDI,중대형(ESS),ESS,2026,4Q,매출,1328,십억원,na,2
2026-04-08_교보증권_삼성SDI,2026-04-08,교보증권,삼성SDI,중대형(ESS),ESS,2025,FY,매출,2785,십억원,na,2
2026-04-08_교보증권_삼성SDI,2026-04-08,교보증권,삼성SDI,중대형(ESS),ESS,2026,FY,매출,4095,십억원,na,2
2026-04-08_교보증권_삼성SDI,2026-04-08,교보증권,삼성SDI,전자재료,전자재료,2025,1Q,매출,196,십억원,na,2
2026-04-08_교보증권_삼성SDI,2026-04-08,교보증권,삼성SDI,전자재료,전자재료,2025,2Q,매출,218,십억원,na,2
2026-04-08_교보증권_삼성SDI,2026-04-08,교보증권,삼성SDI,전자재료,전자재료,2025,3Q,매출,232,십억원,na,2
2026-04-08_교보증권_삼성SDI,2026-04-08,교보증권,삼성SDI,전자재료,전자재료,2025,4Q,매출,237,십억원,na,2
2026-04-08_교보증권_삼성SDI,2026-04-08,교보증권,삼성SDI,전자재료,전자재료,2026,1Q,매출,204,십억원,na,2
2026-04-08_교보증권_삼성SDI,2026-04-08,교보증권,삼성SDI,전자재료,전자재료,2026,2Q,매출,229,십억원,na,2
2026-04-08_교보증권_삼성SDI,2026-04-08,교보증권,삼성SDI,전자재료,전자재료,2026,3Q,매출,232,십억원,na,2
2026-04-08_교보증권_삼성SDI,2026-04-08,교보증권,삼성SDI,전자재료,전자재료,2026,4Q,매출,239,십억원,na,2
2026-04-08_교보증권_삼성SDI,2026-04-08,교보증권,삼성SDI,전자재료,전자재료,2025,FY,매출,882,십억원,na,2
2026-04-08_교보증권_삼성SDI,2026-04-08,교보증권,삼성SDI,전자재료,전자재료,2026,FY,매출,904,십억원,na,2
2026-04-08_교보증권_삼성SDI,2026-04-08,교보증권,삼성SDI,영업이익,전사,2025,1Q,영업이익,-543,십억원,na,2
2026-04-08_교보증권_삼성SDI,2026-04-08,교보증권,삼성SDI,영업이익,전사,2025,2Q,영업이익,-464,십억원,na,2
2026-04-08_교보증권_삼성SDI,2026-04-08,교보증권,삼성SDI,영업이익,전사,2025,3Q,영업이익,-611,십억원,na,2
2026-04-08_교보증권_삼성SDI,2026-04-08,교보증권,삼성SDI,영업이익,전사,2025,4Q,영업이익,-379,십억원,na,2
2026-04-08_교보증권_삼성SDI,2026-04-08,교보증권,삼성SDI,영업이익,전사,2026,1Q,영업이익,-269,십억원,na,2
2026-04-08_교보증권_삼성SDI,2026-04-08,교보증권,삼성SDI,영업이익,전사,2026,2Q,영업이익,-60,십억원,na,2
2026-04-08_교보증권_삼성SDI,2026-04-08,교보증권,삼성SDI,영업이익,전사,2026,3Q,영업이익,228,십억원,na,2
2026-04-08_교보증권_삼성SDI,2026-04-08,교보증권,삼성SDI,영업이익,전사,2026,4Q,영업이익,619,십억원,na,2
2026-04-08_교보증권_삼성SDI,2026-04-08,교보증권,삼성SDI,영업이익,전사,2024,FY,영업이익,363,십억원,na,1
2026-04-08_교보증권_삼성SDI,2026-04-08,교보증권,삼성SDI,영업이익,전사,2025,FY,영업이익,-1998,십억원,na,2
2026-04-08_교보증권_삼성SDI,2026-04-08,교보증권,삼성SDI,영업이익,전사,2026,FY,영업이익,519,십억원,na,2
2026-04-08_교보증권_삼성SDI,2026-04-08,교보증권,삼성SDI,영업이익,전사,2027,FY,영업이익,1517,십억원,na,1
2026-04-08_교보증권_삼성SDI,2026-04-08,교보증권,삼성SDI,전지,배터리합계,2025,1Q,영업이익,-452,십억원,na,2
2026-04-08_교보증권_삼성SDI,2026-04-08,교보증권,삼성SDI,전지,배터리합계,2025,2Q,영업이익,-431,십억원,na,2
2026-04-08_교보증권_삼성SDI,2026-04-08,교보증권,삼성SDI,전지,배터리합계,2025,3Q,영업이익,-630,십억원,na,2
2026-04-08_교보증권_삼성SDI,2026-04-08,교보증권,삼성SDI,전지,배터리합계,2025,4Q,영업이익,-339,십억원,na,2
2026-04-08_교보증권_삼성SDI,2026-04-08,교보증권,삼성SDI,전지,배터리합계,2026,1Q,영업이익,-295,십억원,na,2
2026-04-08_교보증권_삼성SDI,2026-04-08,교보증권,삼성SDI,전지,배터리합계,2026,2Q,영업이익,-92,십억원,na,2
2026-04-08_교보증권_삼성SDI,2026-04-08,교보증권,삼성SDI,전지,배터리합계,2026,3Q,영업이익,189,십억원,na,2
2026-04-08_교보증권_삼성SDI,2026-04-08,교보증권,삼성SDI,전지,배터리합계,2026,4Q,영업이익,579,십억원,na,2
2026-04-08_교보증권_삼성SDI,2026-04-08,교보증권,삼성SDI,전지,배터리합계,2025,FY,영업이익,-1852,십억원,na,2
2026-04-08_교보증권_삼성SDI,2026-04-08,교보증권,삼성SDI,전지,배터리합계,2026,FY,영업이익,380,십억원,na,2
2026-04-08_교보증권_삼성SDI,2026-04-08,교보증권,삼성SDI,소형전지,소형,2025,1Q,영업이익,-161,십억원,na,2
2026-04-08_교보증권_삼성SDI,2026-04-08,교보증권,삼성SDI,소형전지,소형,2025,2Q,영업이익,-22,십억원,na,2
2026-04-08_교보증권_삼성SDI,2026-04-08,교보증권,삼성SDI,소형전지,소형,2025,3Q,영업이익,42,십억원,na,2
2026-04-08_교보증권_삼성SDI,2026-04-08,교보증권,삼성SDI,소형전지,소형,2025,4Q,영업이익,-113,십억원,na,2
2026-04-08_교보증권_삼성SDI,2026-04-08,교보증권,삼성SDI,소형전지,소형,2026,1Q,영업이익,-92,십억원,na,2
2026-04-08_교보증권_삼성SDI,2026-04-08,교보증권,삼성SDI,소형전지,소형,2026,2Q,영업이익,-56,십억원,na,2
2026-04-08_교보증권_삼성SDI,2026-04-08,교보증권,삼성SDI,소형전지,소형,2026,3Q,영업이익,11,십억원,na,2
2026-04-08_교보증권_삼성SDI,2026-04-08,교보증권,삼성SDI,소형전지,소형,2026,4Q,영업이익,31,십억원,na,2
2026-04-08_교보증권_삼성SDI,2026-04-08,교보증권,삼성SDI,소형전지,소형,2025,FY,영업이익,-255,십억원,na,2
2026-04-08_교보증권_삼성SDI,2026-04-08,교보증권,삼성SDI,소형전지,소형,2026,FY,영업이익,-106,십억원,na,2
2026-04-08_교보증권_삼성SDI,2026-04-08,교보증권,삼성SDI,중대형(EV),EV,2025,1Q,영업이익,-334,십억원,na,2
2026-04-08_교보증권_삼성SDI,2026-04-08,교보증권,삼성SDI,중대형(EV),EV,2025,2Q,영업이익,-467,십억원,na,2
2026-04-08_교보증권_삼성SDI,2026-04-08,교보증권,삼성SDI,중대형(EV),EV,2025,3Q,영업이익,-711,십억원,na,2
2026-04-08_교보증권_삼성SDI,2026-04-08,교보증권,삼성SDI,중대형(EV),EV,2025,4Q,영업이익,-299,십억원,na,2
2026-04-08_교보증권_삼성SDI,2026-04-08,교보증권,삼성SDI,중대형(EV),EV,2026,1Q,영업이익,-308,십억원,na,2
2026-04-08_교보증권_삼성SDI,2026-04-08,교보증권,삼성SDI,중대형(EV),EV,2026,2Q,영업이익,-158,십억원,na,2
2026-04-08_교보증권_삼성SDI,2026-04-08,교보증권,삼성SDI,중대형(EV),EV,2026,3Q,영업이익,36,십억원,na,2
2026-04-08_교보증권_삼성SDI,2026-04-08,교보증권,삼성SDI,중대형(EV),EV,2026,4Q,영업이익,348,십억원,na,2
2026-04-08_교보증권_삼성SDI,2026-04-08,교보증권,삼성SDI,중대형(EV),EV,2025,FY,영업이익,-1811,십억원,na,2
2026-04-08_교보증권_삼성SDI,2026-04-08,교보증권,삼성SDI,중대형(EV),EV,2026,FY,영업이익,-82,십억원,na,2
2026-04-08_교보증권_삼성SDI,2026-04-08,교보증권,삼성SDI,중대형(ESS),ESS,2025,1Q,영업이익,42,십억원,na,2
2026-04-08_교보증권_삼성SDI,2026-04-08,교보증권,삼성SDI,중대형(ESS),ESS,2025,2Q,영업이익,59,십억원,na,2
2026-04-08_교보증권_삼성SDI,2026-04-08,교보증권,삼성SDI,중대형(ESS),ESS,2025,3Q,영업이익,38,십억원,na,2
2026-04-08_교보증권_삼성SDI,2026-04-08,교보증권,삼성SDI,중대형(ESS),ESS,2025,4Q,영업이익,74,십억원,na,2
2026-04-08_교보증권_삼성SDI,2026-04-08,교보증권,삼성SDI,중대형(ESS),ESS,2026,1Q,영업이익,105,십억원,na,2
2026-04-08_교보증권_삼성SDI,2026-04-08,교보증권,삼성SDI,중대형(ESS),ESS,2026,2Q,영업이익,122,십억원,na,2
2026-04-08_교보증권_삼성SDI,2026-04-08,교보증권,삼성SDI,중대형(ESS),ESS,2026,3Q,영업이익,142,십억원,na,2
2026-04-08_교보증권_삼성SDI,2026-04-08,교보증권,삼성SDI,중대형(ESS),ESS,2026,4Q,영업이익,199,십억원,na,2
2026-04-08_교보증권_삼성SDI,2026-04-08,교보증권,삼성SDI,중대형(ESS),ESS,2025,FY,영업이익,214,십억원,na,2
2026-04-08_교보증권_삼성SDI,2026-04-08,교보증권,삼성SDI,중대형(ESS),ESS,2026,FY,영업이익,569,십억원,na,2
2026-04-08_교보증권_삼성SDI,2026-04-08,교보증권,삼성SDI,전자재료,전자재료,2025,1Q,영업이익,18,십억원,na,2
2026-04-08_교보증권_삼성SDI,2026-04-08,교보증권,삼성SDI,전자재료,전자재료,2025,2Q,영업이익,33,십억원,na,2
2026-04-08_교보증권_삼성SDI,2026-04-08,교보증권,삼성SDI,전자재료,전자재료,2025,3Q,영업이익,39,십억원,na,2
2026-04-08_교보증권_삼성SDI,2026-04-08,교보증권,삼성SDI,전자재료,전자재료,2025,4Q,영업이익,39,십억원,na,2
2026-04-08_교보증권_삼성SDI,2026-04-08,교보증권,삼성SDI,전자재료,전자재료,2026,1Q,영업이익,26,십억원,na,2
2026-04-08_교보증권_삼성SDI,2026-04-08,교보증권,삼성SDI,전자재료,전자재료,2026,2Q,영업이익,32,십억원,na,2
2026-04-08_교보증권_삼성SDI,2026-04-08,교보증권,삼성SDI,전자재료,전자재료,2026,3Q,영업이익,39,십억원,na,2
2026-04-08_교보증권_삼성SDI,2026-04-08,교보증권,삼성SDI,전자재료,전자재료,2026,4Q,영업이익,41,십억원,na,2
2026-04-08_교보증권_삼성SDI,2026-04-08,교보증권,삼성SDI,전자재료,전자재료,2025,FY,영업이익,129,십억원,na,2
2026-04-08_교보증권_삼성SDI,2026-04-08,교보증권,삼성SDI,전자재료,전자재료,2026,FY,영업이익,139,십억원,na,2
2026-04-08_다올투자증권_LGES,2026-04-08,다올투자증권,LGES,전사,전사,2026,1Q,매출,6600,십억원,incl_unknown,1
2026-04-08_다올투자증권_LGES,2026-04-08,다올투자증권,LGES,전사,전사,2026,1Q,영업이익,-207.8,십억원,incl,1
2026-04-08_다올투자증권_LGES,2026-04-08,다올투자증권,LGES,전사,전사,2026,1Q,영업이익,-397.5,십억원,excl,1
2026-04-08_다올투자증권_LGES,2026-04-08,다올투자증권,LGES,전사,전사,2026,1Q,AMPC,189.7,십억원,na,1
2026-04-08_다올투자증권_LGES,2026-04-08,다올투자증권,LGES,ESS,ESS,2026,1Q,매출,1600,십억원,incl_unknown,1
2026-04-08_메리츠증권_LGES,2026-04-08,메리츠증권,LGES,연결,전사,2025,1Q,매출,6723,십억원,incl,2
2026-04-08_메리츠증권_LGES,2026-04-08,메리츠증권,LGES,연결,전사,2025,1Q,매출,6265,십억원,excl,2
2026-04-08_메리츠증권_LGES,2026-04-08,메리츠증권,LGES,연결,전사,2025,1Q,영업이익,375,십억원,incl,2
2026-04-08_메리츠증권_LGES,2026-04-08,메리츠증권,LGES,연결,전사,2025,1Q,AMPC,458,십억원,na,2
2026-04-08_메리츠증권_LGES,2026-04-08,메리츠증권,LGES,연결,전사,2025,2Q,매출,5565,십억원,excl,2
2026-04-08_메리츠증권_LGES,2026-04-08,메리츠증권,LGES,연결,전사,2025,2Q,AMPC,491,십억원,na,2
2026-04-08_메리츠증권_LGES,2026-04-08,메리츠증권,LGES,연결,전사,2025,3Q,매출,5700,십억원,excl,2
2026-04-08_메리츠증권_LGES,2026-04-08,메리츠증권,LGES,연결,전사,2025,3Q,AMPC,366,십억원,na,2
2026-04-08_메리츠증권_LGES,2026-04-08,메리츠증권,LGES,연결,전사,2025,4Q,매출,6474,십억원,incl,2
2026-04-08_메리츠증권_LGES,2026-04-08,메리츠증권,LGES,연결,전사,2025,4Q,매출,6142,십억원,excl,2
2026-04-08_메리츠증권_LGES,2026-04-08,메리츠증권,LGES,연결,전사,2025,4Q,영업이익,-122,십억원,incl,2
2026-04-08_메리츠증권_LGES,2026-04-08,메리츠증권,LGES,연결,전사,2025,4Q,AMPC,333,십억원,na,2
2026-04-08_메리츠증권_LGES,2026-04-08,메리츠증권,LGES,연결,전사,2025,FY,매출,23672,십억원,excl,2
2026-04-08_메리츠증권_LGES,2026-04-08,메리츠증권,LGES,연결,전사,2025,FY,AMPC,1647,십억원,na,2
2026-04-08_메리츠증권_LGES,2026-04-08,메리츠증권,LGES,연결,전사,2026,1Q,매출,6555,십억원,incl,2
2026-04-08_메리츠증권_LGES,2026-04-08,메리츠증권,LGES,연결,전사,2026,1Q,영업이익,-208,십억원,incl,2
2026-04-08_메리츠증권_LGES,2026-04-08,메리츠증권,LGES,연결,전사,2026,1Q,AMPC,190,십억원,na,2
2026-04-08_메리츠증권_LGES,2026-04-08,메리츠증권,LGES,연결,전사,2026,2Q,매출,6555,십억원,incl,2
2026-04-08_메리츠증권_LGES,2026-04-08,메리츠증권,LGES,연결,전사,2026,2Q,AMPC,228,십억원,na,2
2026-04-08_메리츠증권_LGES,2026-04-08,메리츠증권,LGES,연결,전사,2026,3Q,매출,6854,십억원,incl,2
2026-04-08_메리츠증권_LGES,2026-04-08,메리츠증권,LGES,연결,전사,2026,3Q,AMPC,269,십억원,na,2
2026-04-08_메리츠증권_LGES,2026-04-08,메리츠증권,LGES,연결,전사,2026,4Q,매출,7001,십억원,incl,2
2026-04-08_메리츠증권_LGES,2026-04-08,메리츠증권,LGES,연결,전사,2026,4Q,AMPC,310,십억원,na,2
2026-04-08_메리츠증권_LGES,2026-04-08,메리츠증권,LGES,연결,전사,2026,FY,매출,26965,십억원,incl,2
2026-04-08_메리츠증권_LGES,2026-04-08,메리츠증권,LGES,연결,전사,2026,FY,AMPC,998,십억원,na,2
2026-04-08_메리츠증권_LGES,2026-04-08,메리츠증권,LGES,연결,전사,2027,FY,매출,30079,십억원,incl,2
2026-04-08_메리츠증권_LGES,2026-04-08,메리츠증권,LGES,연결,전사,2027,FY,AMPC,2708,십억원,na,2
2026-04-08_메리츠증권_LGES,2026-04-08,메리츠증권,LGES,중대형 전지,중대형,2026,1Q,매출,4200,십억원,incl_unknown,1
2026-04-08_메리츠증권_LGES,2026-04-08,메리츠증권,LGES,EV,EV,2026,1Q,매출,2300,십억원,incl_unknown,1
2026-04-08_메리츠증권_LGES,2026-04-08,메리츠증권,LGES,ESS,ESS,2026,1Q,매출,1800,십억원,incl_unknown,1
2026-04-08_메리츠증권_LGES,2026-04-08,메리츠증권,LGES,원통형,소형,2026,1Q,매출,1600,십억원,incl_unknown,1
2026-04-08_메리츠증권_LGES,2026-04-08,메리츠증권,LGES,기타,기타,2026,1Q,매출,487,십억원,incl_unknown,1
2026-04-08_삼성증권_LGES,2026-04-08,삼성증권,LGES,연결,전사,2025,1Q,매출,6723,십억원,incl,4
2026-04-08_삼성증권_LGES,2026-04-08,삼성증권,LGES,연결,전사,2025,2Q,매출,6056,십억원,incl,4
2026-04-08_삼성증권_LGES,2026-04-08,삼성증권,LGES,연결,전사,2025,3Q,매출,6065,십억원,incl,4
2026-04-08_삼성증권_LGES,2026-04-08,삼성증권,LGES,연결,전사,2025,4Q,매출,6474,십억원,incl,4
2026-04-08_삼성증권_LGES,2026-04-08,삼성증권,LGES,연결,전사,2026,1Q,매출,6555,십억원,incl,4
2026-04-08_삼성증권_LGES,2026-04-08,삼성증권,LGES,연결,전사,2026,2Q,매출,6532,십억원,incl,4
2026-04-08_삼성증권_LGES,2026-04-08,삼성증권,LGES,연결,전사,2026,3Q,매출,7192,십억원,incl,4
2026-04-08_삼성증권_LGES,2026-04-08,삼성증권,LGES,연결,전사,2026,4Q,매출,7628,십억원,incl,4
2026-04-08_삼성증권_LGES,2026-04-08,삼성증권,LGES,연결,전사,2024,FY,매출,25620,십억원,excl,5
2026-04-08_삼성증권_LGES,2026-04-08,삼성증권,LGES,연결,전사,2025,FY,매출,25319,십억원,incl,4
2026-04-08_삼성증권_LGES,2026-04-08,삼성증권,LGES,연결,전사,2025,FY,매출,23672,십억원,excl,5
2026-04-08_삼성증권_LGES,2026-04-08,삼성증권,LGES,연결,전사,2026,FY,매출,27907,십억원,incl,5
2026-04-08_삼성증권_LGES,2026-04-08,삼성증권,LGES,연결,전사,2027,FY,매출,36515,십억원,incl,5
2026-04-08_삼성증권_LGES,2026-04-08,삼성증권,LGES,연결,전사,2028,FY,매출,44273,십억원,incl,5
2026-04-08_삼성증권_LGES,2026-04-08,삼성증권,LGES,연결,전사,2025,1Q,영업이익,375,십억원,incl,4
2026-04-08_삼성증권_LGES,2026-04-08,삼성증권,LGES,연결,전사,2025,2Q,영업이익,492,십억원,incl,4
2026-04-08_삼성증권_LGES,2026-04-08,삼성증권,LGES,연결,전사,2025,3Q,영업이익,601,십억원,incl,4
2026-04-08_삼성증권_LGES,2026-04-08,삼성증권,LGES,연결,전사,2025,4Q,영업이익,-122,십억원,incl,4
2026-04-08_삼성증권_LGES,2026-04-08,삼성증권,LGES,연결,전사,2026,1Q,영업이익,-208,십억원,incl,4
2026-04-08_삼성증권_LGES,2026-04-08,삼성증권,LGES,연결,전사,2026,2Q,영업이익,69,십억원,incl,4
2026-04-08_삼성증권_LGES,2026-04-08,삼성증권,LGES,연결,전사,2026,3Q,영업이익,670,십억원,incl,4
2026-04-08_삼성증권_LGES,2026-04-08,삼성증권,LGES,연결,전사,2026,4Q,영업이익,765,십억원,incl,4
2026-04-08_삼성증권_LGES,2026-04-08,삼성증권,LGES,연결,전사,2024,FY,영업이익,575,십억원,incl,5
2026-04-08_삼성증권_LGES,2026-04-08,삼성증권,LGES,연결,전사,2025,FY,영업이익,1346,십억원,incl,5
2026-04-08_삼성증권_LGES,2026-04-08,삼성증권,LGES,연결,전사,2026,FY,영업이익,1296,십억원,incl,5
2026-04-08_삼성증권_LGES,2026-04-08,삼성증권,LGES,연결,전사,2027,FY,영업이익,5137,십억원,incl,5
2026-04-08_삼성증권_LGES,2026-04-08,삼성증권,LGES,연결,전사,2028,FY,영업이익,7799,십억원,incl,5
2026-04-08_삼성증권_LGES,2026-04-08,삼성증권,LGES,소형 전지,소형,2025,1Q,매출,1678,십억원,incl_unknown,4
2026-04-08_삼성증권_LGES,2026-04-08,삼성증권,LGES,소형 전지,소형,2025,2Q,매출,1552,십억원,incl_unknown,4
2026-04-08_삼성증권_LGES,2026-04-08,삼성증권,LGES,소형 전지,소형,2025,3Q,매출,1653,십억원,incl_unknown,4
2026-04-08_삼성증권_LGES,2026-04-08,삼성증권,LGES,소형 전지,소형,2025,4Q,매출,1935,십억원,incl_unknown,4
2026-04-08_삼성증권_LGES,2026-04-08,삼성증권,LGES,소형 전지,소형,2026,1Q,매출,1928,십억원,incl_unknown,4
2026-04-08_삼성증권_LGES,2026-04-08,삼성증권,LGES,소형 전지,소형,2026,2Q,매출,2034,십억원,incl_unknown,4
2026-04-08_삼성증권_LGES,2026-04-08,삼성증권,LGES,소형 전지,소형,2026,3Q,매출,2130,십억원,incl_unknown,4
2026-04-08_삼성증권_LGES,2026-04-08,삼성증권,LGES,소형 전지,소형,2026,4Q,매출,2101,십억원,incl_unknown,4
2026-04-08_삼성증권_LGES,2026-04-08,삼성증권,LGES,소형 전지,소형,2024,FY,매출,7363,십억원,incl_unknown,4
2026-04-08_삼성증권_LGES,2026-04-08,삼성증권,LGES,소형 전지,소형,2025,FY,매출,6817,십억원,incl_unknown,4
2026-04-08_삼성증권_LGES,2026-04-08,삼성증권,LGES,소형 전지,소형,2026,FY,매출,8192,십억원,incl_unknown,4
2026-04-08_삼성증권_LGES,2026-04-08,삼성증권,LGES,소형 전지,소형,2027,FY,매출,8763,십억원,incl_unknown,4
2026-04-08_삼성증권_LGES,2026-04-08,삼성증권,LGES,자동차 전지,EV,2025,1Q,매출,4568,십억원,incl_unknown,4
2026-04-08_삼성증권_LGES,2026-04-08,삼성증권,LGES,자동차 전지,EV,2025,2Q,매출,4087,십억원,incl_unknown,4
2026-04-08_삼성증권_LGES,2026-04-08,삼성증권,LGES,자동차 전지,EV,2025,3Q,매출,3784,십억원,incl_unknown,4
2026-04-08_삼성증권_LGES,2026-04-08,삼성증권,LGES,자동차 전지,EV,2025,4Q,매출,3068,십억원,incl_unknown,4
2026-04-08_삼성증권_LGES,2026-04-08,삼성증권,LGES,자동차 전지,EV,2026,1Q,매출,2663,십억원,incl_unknown,4
2026-04-08_삼성증권_LGES,2026-04-08,삼성증권,LGES,자동차 전지,EV,2026,2Q,매출,2302,십억원,incl_unknown,4
2026-04-08_삼성증권_LGES,2026-04-08,삼성증권,LGES,자동차 전지,EV,2026,3Q,매출,2458,십억원,incl_unknown,4
2026-04-08_삼성증권_LGES,2026-04-08,삼성증권,LGES,자동차 전지,EV,2026,4Q,매출,2470,십억원,incl_unknown,4
2026-04-08_삼성증권_LGES,2026-04-08,삼성증권,LGES,자동차 전지,EV,2024,FY,매출,16408,십억원,incl_unknown,4
2026-04-08_삼성증권_LGES,2026-04-08,삼성증권,LGES,자동차 전지,EV,2025,FY,매출,15508,십억원,incl_unknown,4
2026-04-08_삼성증권_LGES,2026-04-08,삼성증권,LGES,자동차 전지,EV,2026,FY,매출,9893,십억원,incl_unknown,4
2026-04-08_삼성증권_LGES,2026-04-08,삼성증권,LGES,자동차 전지,EV,2027,FY,매출,11536,십억원,incl_unknown,4
2026-04-08_삼성증권_LGES,2026-04-08,삼성증권,LGES,ESS 전지,ESS,2025,1Q,매출,477,십억원,incl_unknown,4
2026-04-08_삼성증권_LGES,2026-04-08,삼성증권,LGES,ESS 전지,ESS,2025,2Q,매출,417,십억원,incl_unknown,4
2026-04-08_삼성증권_LGES,2026-04-08,삼성증권,LGES,ESS 전지,ESS,2025,3Q,매출,628,십억원,incl_unknown,4
2026-04-08_삼성증권_LGES,2026-04-08,삼성증권,LGES,ESS 전지,ESS,2025,4Q,매출,1472,십억원,incl_unknown,4
2026-04-08_삼성증권_LGES,2026-04-08,삼성증권,LGES,ESS 전지,ESS,2026,1Q,매출,1964,십억원,incl_unknown,4
2026-04-08_삼성증권_LGES,2026-04-08,삼성증권,LGES,ESS 전지,ESS,2026,2Q,매출,2196,십억원,incl_unknown,4
2026-04-08_삼성증권_LGES,2026-04-08,삼성증권,LGES,ESS 전지,ESS,2026,3Q,매출,2604,십억원,incl_unknown,4
2026-04-08_삼성증권_LGES,2026-04-08,삼성증권,LGES,ESS 전지,ESS,2026,4Q,매출,3057,십억원,incl_unknown,4
2026-04-08_삼성증권_LGES,2026-04-08,삼성증권,LGES,ESS 전지,ESS,2024,FY,매출,1849,십억원,incl_unknown,4
2026-04-08_삼성증권_LGES,2026-04-08,삼성증권,LGES,ESS 전지,ESS,2025,FY,매출,2994,십억원,incl_unknown,4
2026-04-08_삼성증권_LGES,2026-04-08,삼성증권,LGES,ESS 전지,ESS,2026,FY,매출,9821,십억원,incl_unknown,4
2026-04-08_삼성증권_LGES,2026-04-08,삼성증권,LGES,ESS 전지,ESS,2027,FY,매출,16217,십억원,incl_unknown,4
2026-04-08_삼성증권_LGES,2026-04-08,삼성증권,LGES,소형 전지,소형,2025,1Q,영업이익,117,십억원,excl,4
2026-04-08_삼성증권_LGES,2026-04-08,삼성증권,LGES,소형 전지,소형,2025,2Q,영업이익,92,십억원,excl,4
2026-04-08_삼성증권_LGES,2026-04-08,삼성증권,LGES,소형 전지,소형,2025,3Q,영업이익,115,십억원,excl,4
2026-04-08_삼성증권_LGES,2026-04-08,삼성증권,LGES,소형 전지,소형,2025,4Q,영업이익,129,십억원,excl,4
2026-04-08_삼성증권_LGES,2026-04-08,삼성증권,LGES,소형 전지,소형,2026,1Q,영업이익,96,십억원,excl,4
2026-04-08_삼성증권_LGES,2026-04-08,삼성증권,LGES,소형 전지,소형,2026,2Q,영업이익,121,십억원,excl,4
2026-04-08_삼성증권_LGES,2026-04-08,삼성증권,LGES,소형 전지,소형,2026,3Q,영업이익,191,십억원,excl,4
2026-04-08_삼성증권_LGES,2026-04-08,삼성증권,LGES,소형 전지,소형,2026,4Q,영업이익,104,십억원,excl,4
2026-04-08_삼성증권_LGES,2026-04-08,삼성증권,LGES,소형 전지,소형,2024,FY,영업이익,195,십억원,excl,4
2026-04-08_삼성증권_LGES,2026-04-08,삼성증권,LGES,소형 전지,소형,2025,FY,영업이익,453,십억원,excl,4
2026-04-08_삼성증권_LGES,2026-04-08,삼성증권,LGES,소형 전지,소형,2026,FY,영업이익,513,십억원,excl,4
2026-04-08_삼성증권_LGES,2026-04-08,삼성증권,LGES,소형 전지,소형,2027,FY,영업이익,551,십억원,excl,4
2026-04-08_삼성증권_LGES,2026-04-08,삼성증권,LGES,자동차 전지,EV,2025,1Q,영업이익,-107,십억원,excl,4
2026-04-08_삼성증권_LGES,2026-04-08,삼성증권,LGES,자동차 전지,EV,2025,2Q,영업이익,-91,십억원,excl,4
2026-04-08_삼성증권_LGES,2026-04-08,삼성증권,LGES,자동차 전지,EV,2025,3Q,영업이익,87,십억원,excl,4
2026-04-08_삼성증권_LGES,2026-04-08,삼성증권,LGES,자동차 전지,EV,2025,4Q,영업이익,-488,십억원,excl,4
2026-04-08_삼성증권_LGES,2026-04-08,삼성증권,LGES,자동차 전지,EV,2026,1Q,영업이익,-495,십억원,excl,4
2026-04-08_삼성증권_LGES,2026-04-08,삼성증권,LGES,자동차 전지,EV,2026,2Q,영업이익,-359,십억원,excl,4
2026-04-08_삼성증권_LGES,2026-04-08,삼성증권,LGES,자동차 전지,EV,2026,3Q,영업이익,-39,십억원,excl,4
2026-04-08_삼성증권_LGES,2026-04-08,삼성증권,LGES,자동차 전지,EV,2026,4Q,영업이익,59,십억원,excl,4
2026-04-08_삼성증권_LGES,2026-04-08,삼성증권,LGES,자동차 전지,EV,2024,FY,영업이익,-880,십억원,excl,4
2026-04-08_삼성증권_LGES,2026-04-08,삼성증권,LGES,자동차 전지,EV,2025,FY,영업이익,-599,십억원,excl,4
2026-04-08_삼성증권_LGES,2026-04-08,삼성증권,LGES,자동차 전지,EV,2026,FY,영업이익,-834,십억원,excl,4
2026-04-08_삼성증권_LGES,2026-04-08,삼성증권,LGES,자동차 전지,EV,2027,FY,영업이익,174,십억원,excl,4
2026-04-08_삼성증권_LGES,2026-04-08,삼성증권,LGES,ESS 전지,ESS,2025,1Q,영업이익,-93,십억원,excl,4
2026-04-08_삼성증권_LGES,2026-04-08,삼성증권,LGES,ESS 전지,ESS,2025,2Q,영업이익,0,십억원,excl,4
2026-04-08_삼성증권_LGES,2026-04-08,삼성증권,LGES,ESS 전지,ESS,2025,3Q,영업이익,34,십억원,excl,4
2026-04-08_삼성증권_LGES,2026-04-08,삼성증권,LGES,ESS 전지,ESS,2025,4Q,영업이익,-96,십억원,excl,4
2026-04-08_삼성증권_LGES,2026-04-08,삼성증권,LGES,ESS 전지,ESS,2026,1Q,영업이익,2,십억원,excl,4
2026-04-08_삼성증권_LGES,2026-04-08,삼성증권,LGES,ESS 전지,ESS,2026,2Q,영업이익,57,십억원,excl,4
2026-04-08_삼성증권_LGES,2026-04-08,삼성증권,LGES,ESS 전지,ESS,2026,3Q,영업이익,76,십억원,excl,4
2026-04-08_삼성증권_LGES,2026-04-08,삼성증권,LGES,ESS 전지,ESS,2026,4Q,영업이익,83,십억원,excl,4
2026-04-08_삼성증권_LGES,2026-04-08,삼성증권,LGES,ESS 전지,ESS,2024,FY,영업이익,-219,십억원,excl,4
2026-04-08_삼성증권_LGES,2026-04-08,삼성증권,LGES,ESS 전지,ESS,2025,FY,영업이익,-155,십억원,excl,4
2026-04-08_삼성증권_LGES,2026-04-08,삼성증권,LGES,ESS 전지,ESS,2026,FY,영업이익,217,십억원,excl,4
2026-04-08_삼성증권_LGES,2026-04-08,삼성증권,LGES,ESS 전지,ESS,2027,FY,영업이익,454,십억원,excl,4
2026-04-08_삼성증권_LGES,2026-04-08,삼성증권,LGES,IRA AMPC,전사,2025,1Q,AMPC,458,십억원,na,4
2026-04-08_삼성증권_LGES,2026-04-08,삼성증권,LGES,IRA AMPC,전사,2025,2Q,AMPC,491,십억원,na,4
2026-04-08_삼성증권_LGES,2026-04-08,삼성증권,LGES,IRA AMPC,전사,2025,3Q,AMPC,365,십억원,na,4
2026-04-08_삼성증권_LGES,2026-04-08,삼성증권,LGES,IRA AMPC,전사,2025,4Q,AMPC,333,십억원,na,4
2026-04-08_삼성증권_LGES,2026-04-08,삼성증권,LGES,IRA AMPC,전사,2026,1Q,AMPC,190,십억원,na,4
2026-04-08_삼성증권_LGES,2026-04-08,삼성증권,LGES,IRA AMPC,전사,2026,2Q,AMPC,249,십억원,na,4
2026-04-08_삼성증권_LGES,2026-04-08,삼성증권,LGES,IRA AMPC,전사,2026,3Q,AMPC,443,십억원,na,4
2026-04-08_삼성증권_LGES,2026-04-08,삼성증권,LGES,IRA AMPC,전사,2026,4Q,AMPC,519,십억원,na,4
2026-04-08_삼성증권_LGES,2026-04-08,삼성증권,LGES,IRA AMPC,전사,2024,FY,AMPC,1480,십억원,na,4
2026-04-08_삼성증권_LGES,2026-04-08,삼성증권,LGES,IRA AMPC,전사,2025,FY,AMPC,1647,십억원,na,4
2026-04-08_삼성증권_LGES,2026-04-08,삼성증권,LGES,IRA AMPC,전사,2026,FY,AMPC,1401,십억원,na,4
2026-04-08_삼성증권_LGES,2026-04-08,삼성증권,LGES,IRA AMPC,전사,2027,FY,AMPC,3958,십억원,na,4
2026-04-08_신영증권_LGES,2026-04-08,신영증권,LGES,매출액,전사,2026,1Q,매출,6500,십억원,incl,1
2026-04-08_신영증권_LGES,2026-04-08,신영증권,LGES,전사,전사,2026,1Q,영업이익,-207.8,십억원,incl,1
2026-04-08_신영증권_LGES,2026-04-08,신영증권,LGES,전사(AMPC 제외),전사,2026,1Q,영업이익,-397.5,십억원,excl,1
2026-04-08_신영증권_LGES,2026-04-08,신영증권,LGES,전사(AMPC 제외),전사,2025,4Q,영업이익,-454.8,십억원,excl,1
2026-04-08_신영증권_LGES,2026-04-08,신영증권,LGES,전사,전사,2026,1Q,AMPC,189.7,십억원,na,1
2026-04-08_신한투자증권_LGES,2026-04-08,신한투자증권,LGES,전사,전사,2026,1Q,매출,6555,십억원,incl,1
2026-04-08_신한투자증권_LGES,2026-04-08,신한투자증권,LGES,전사,전사,2025,4Q,매출,6474,십억원,incl_unknown,1
2026-04-08_신한투자증권_LGES,2026-04-08,신한투자증권,LGES,전사,전사,2025,1Q,매출,6723,십억원,incl_unknown,1
2026-04-08_신한투자증권_LGES,2026-04-08,신한투자증권,LGES,전사,전사,2026,1Q,영업이익,-208,십억원,incl,1
2026-04-08_신한투자증권_LGES,2026-04-08,신한투자증권,LGES,전사,전사,2026,1Q,영업이익,-397.5,십억원,excl,1
2026-04-08_신한투자증권_LGES,2026-04-08,신한투자증권,LGES,전사,전사,2025,4Q,영업이익,-122,십억원,incl_unknown,1
2026-04-08_신한투자증권_LGES,2026-04-08,신한투자증권,LGES,전사,전사,2025,1Q,영업이익,375,십억원,incl_unknown,1
2026-04-08_신한투자증권_LGES,2026-04-08,신한투자증권,LGES,전사,전사,2026,1Q,AMPC,189.7,십억원,na,1
2026-04-08_키움증권_LGES,2026-04-08,키움증권,LGES,연결,전사,2026,1Q,매출,6600,십억원,incl,1
2026-04-08_키움증권_LGES,2026-04-08,키움증권,LGES,연결,전사,2026,1Q,영업이익,-207.8,십억원,incl,1
2026-04-08_키움증권_LGES,2026-04-08,키움증권,LGES,연결,전사,2026,1Q,AMPC,189.7,십억원,na,1
2026-04-08_키움증권_LGES,2026-04-08,키움증권,LGES,연결(AMPC 제외),전사,2026,1Q,매출,6400,십억원,excl,1
2026-04-08_키움증권_LGES,2026-04-08,키움증권,LGES,연결(AMPC 제외),전사,2026,1Q,영업이익,-397.5,십억원,excl,1
2026-04-08_키움증권_LGES,2026-04-08,키움증권,LGES,연결,전사,2025,4Q,AMPC,332.8,십억원,na,1
2026-04-08_하나증권_LGES,2026-04-08,하나증권,LGES,연결,전사,2025,1Q,매출,6722.7,십억원,incl_unknown,2
2026-04-08_하나증권_LGES,2026-04-08,하나증권,LGES,연결,전사,2025,4Q,매출,6474.3,십억원,incl_unknown,2
2026-04-08_하나증권_LGES,2026-04-08,하나증권,LGES,연결,전사,2026,1Q,매출,6555.0,십억원,incl_unknown,2
2026-04-08_하나증권_LGES,2026-04-08,하나증권,LGES,연결,전사,2025,1Q,영업이익,374.7,십억원,incl,2
2026-04-08_하나증권_LGES,2026-04-08,하나증권,LGES,연결,전사,2025,4Q,영업이익,-122.0,십억원,incl,2
2026-04-08_하나증권_LGES,2026-04-08,하나증권,LGES,연결,전사,2026,1Q,영업이익,-207.8,십억원,incl,2
2026-04-08_하나증권_LGES,2026-04-08,하나증권,LGES,연결,전사,2024,FY,매출,25619.6,십억원,incl_unknown,3
2026-04-08_하나증권_LGES,2026-04-08,하나증권,LGES,연결,전사,2025,FY,매출,23671.8,십억원,incl_unknown,3
2026-04-08_하나증권_LGES,2026-04-08,하나증권,LGES,연결,전사,2026,FY,매출,27023.8,십억원,incl_unknown,3
2026-04-08_하나증권_LGES,2026-04-08,하나증권,LGES,연결,전사,2027,FY,매출,31011.9,십억원,incl_unknown,3
2026-04-08_하나증권_LGES,2026-04-08,하나증권,LGES,연결,전사,2024,FY,영업이익,575.4,십억원,incl,3
2026-04-08_하나증권_LGES,2026-04-08,하나증권,LGES,연결,전사,2025,FY,영업이익,1346.1,십억원,incl,3
2026-04-08_하나증권_LGES,2026-04-08,하나증권,LGES,연결,전사,2026,FY,영업이익,1681.2,십억원,incl,3
2026-04-08_하나증권_LGES,2026-04-08,하나증권,LGES,연결,전사,2027,FY,영업이익,3936.4,십억원,incl,3
2026-04-08_하나증권_LGES,2026-04-08,하나증권,LGES,AMPC,전사,2026,1Q,AMPC,189.7,십억원,na,1
2026-04-08_한화투자증권_LGES,2026-04-08,한화투자증권,LGES,매출액,전사,2024,FY,매출,25620,십억원,excl,2
2026-04-08_한화투자증권_LGES,2026-04-08,한화투자증권,LGES,매출액,전사,2025,FY,매출,23672,십억원,excl,2
2026-04-08_한화투자증권_LGES,2026-04-08,한화투자증권,LGES,매출액,전사,2026,FY,매출,27853,십억원,excl,2
2026-04-08_한화투자증권_LGES,2026-04-08,한화투자증권,LGES,매출액,전사,2027,FY,매출,37098,십억원,excl,2
2026-04-08_한화투자증권_LGES,2026-04-08,한화투자증권,LGES,매출액,전사,2025,1Q,매출,6265,십억원,excl,2
2026-04-08_한화투자증권_LGES,2026-04-08,한화투자증권,LGES,매출액,전사,2025,2Q,매출,5565,십억원,excl,2
2026-04-08_한화투자증권_LGES,2026-04-08,한화투자증권,LGES,매출액,전사,2025,3Q,매출,5700,십억원,excl,2
2026-04-08_한화투자증권_LGES,2026-04-08,한화투자증권,LGES,매출액,전사,2025,4Q,매출,6142,십억원,excl,2
2026-04-08_한화투자증권_LGES,2026-04-08,한화투자증권,LGES,매출액,전사,2026,1Q,매출,5935,십억원,excl,2
2026-04-08_한화투자증권_LGES,2026-04-08,한화투자증권,LGES,매출액,전사,2026,2Q,매출,6164,십억원,excl,2
2026-04-08_한화투자증권_LGES,2026-04-08,한화투자증권,LGES,매출액,전사,2026,3Q,매출,7286,십억원,excl,2
2026-04-08_한화투자증권_LGES,2026-04-08,한화투자증권,LGES,매출액,전사,2026,4Q,매출,8196,십억원,excl,2
2026-04-08_한화투자증권_LGES,2026-04-08,한화투자증권,LGES,자동차전지,EV,2024,FY,매출,16572,십억원,excl,2
2026-04-08_한화투자증권_LGES,2026-04-08,한화투자증권,LGES,자동차전지,EV,2025,FY,매출,14129,십억원,excl,2
2026-04-08_한화투자증권_LGES,2026-04-08,한화투자증권,LGES,자동차전지,EV,2026,FY,매출,10527,십억원,excl,2
2026-04-08_한화투자증권_LGES,2026-04-08,한화투자증권,LGES,자동차전지,EV,2027,FY,매출,13939,십억원,excl,2
2026-04-08_한화투자증권_LGES,2026-04-08,한화투자증권,LGES,자동차전지,EV,2025,1Q,매출,4160,십억원,excl,2
2026-04-08_한화투자증권_LGES,2026-04-08,한화투자증권,LGES,자동차전지,EV,2025,2Q,매출,3634,십억원,excl,2
2026-04-08_한화투자증권_LGES,2026-04-08,한화투자증권,LGES,자동차전지,EV,2025,3Q,매출,3448,십억원,excl,2
2026-04-08_한화투자증권_LGES,2026-04-08,한화투자증권,LGES,자동차전지,EV,2025,4Q,매출,2887,십억원,excl,2
2026-04-08_한화투자증권_LGES,2026-04-08,한화투자증권,LGES,자동차전지,EV,2026,1Q,매출,2212,십억원,excl,2
2026-04-08_한화투자증권_LGES,2026-04-08,한화투자증권,LGES,자동차전지,EV,2026,2Q,매출,2242,십억원,excl,2
2026-04-08_한화투자증권_LGES,2026-04-08,한화투자증권,LGES,자동차전지,EV,2026,3Q,매출,2926,십억원,excl,2
2026-04-08_한화투자증권_LGES,2026-04-08,한화투자증권,LGES,자동차전지,EV,2026,4Q,매출,3147,십억원,excl,2
2026-04-08_한화투자증권_LGES,2026-04-08,한화투자증권,LGES,ESS,ESS,2024,FY,매출,1838,십억원,excl,2
2026-04-08_한화투자증권_LGES,2026-04-08,한화투자증권,LGES,ESS,ESS,2025,FY,매출,2764,십억원,excl,2
2026-04-08_한화투자증권_LGES,2026-04-08,한화투자증권,LGES,ESS,ESS,2026,FY,매출,9727,십억원,excl,2
2026-04-08_한화투자증권_LGES,2026-04-08,한화투자증권,LGES,ESS,ESS,2027,FY,매출,15254,십억원,excl,2
2026-04-08_한화투자증권_LGES,2026-04-08,한화투자증권,LGES,ESS,ESS,2025,1Q,매출,445,십억원,excl,2
2026-04-08_한화투자증권_LGES,2026-04-08,한화투자증권,LGES,ESS,ESS,2025,2Q,매출,401,십억원,excl,2
2026-04-08_한화투자증권_LGES,2026-04-08,한화투자증권,LGES,ESS,ESS,2025,3Q,매출,598,십억원,excl,2
2026-04-08_한화투자증권_LGES,2026-04-08,한화투자증권,LGES,ESS,ESS,2025,4Q,매출,1320,십억원,excl,2
2026-04-08_한화투자증권_LGES,2026-04-08,한화투자증권,LGES,ESS,ESS,2026,1Q,매출,1768,십억원,excl,2
2026-04-08_한화투자증권_LGES,2026-04-08,한화투자증권,LGES,ESS,ESS,2026,2Q,매출,2144,십억원,excl,2
2026-04-08_한화투자증권_LGES,2026-04-08,한화투자증권,LGES,ESS,ESS,2026,3Q,매출,2515,십억원,excl,2
2026-04-08_한화투자증권_LGES,2026-04-08,한화투자증권,LGES,ESS,ESS,2026,4Q,매출,3149,십억원,excl,2
2026-04-08_한화투자증권_LGES,2026-04-08,한화투자증권,LGES,소형전지,소형,2024,FY,매출,7210,십억원,excl,2
2026-04-08_한화투자증권_LGES,2026-04-08,한화투자증권,LGES,소형전지,소형,2025,FY,매출,6778,십억원,excl,2
2026-04-08_한화투자증권_LGES,2026-04-08,한화투자증권,LGES,소형전지,소형,2026,FY,매출,7599,십억원,excl,2
2026-04-08_한화투자증권_LGES,2026-04-08,한화투자증권,LGES,소형전지,소형,2027,FY,매출,7905,십억원,excl,2
2026-04-08_한화투자증권_LGES,2026-04-08,한화투자증권,LGES,소형전지,소형,2025,1Q,매출,1660,십억원,excl,2
2026-04-08_한화투자증권_LGES,2026-04-08,한화투자증권,LGES,소형전지,소형,2025,2Q,매출,1530,십억원,excl,2
2026-04-08_한화투자증권_LGES,2026-04-08,한화투자증권,LGES,소형전지,소형,2025,3Q,매출,1653,십억원,excl,2
2026-04-08_한화투자증권_LGES,2026-04-08,한화투자증권,LGES,소형전지,소형,2025,4Q,매출,1935,십억원,excl,2
2026-04-08_한화투자증권_LGES,2026-04-08,한화투자증권,LGES,소형전지,소형,2026,1Q,매출,1955,십억원,excl,2
2026-04-08_한화투자증권_LGES,2026-04-08,한화투자증권,LGES,소형전지,소형,2026,2Q,매출,1778,십억원,excl,2
2026-04-08_한화투자증권_LGES,2026-04-08,한화투자증권,LGES,소형전지,소형,2026,3Q,매출,1845,십억원,excl,2
2026-04-08_한화투자증권_LGES,2026-04-08,한화투자증권,LGES,소형전지,소형,2026,4Q,매출,1900,십억원,excl,2
2026-04-08_한화투자증권_LGES,2026-04-08,한화투자증권,LGES,영업이익,전사,2024,FY,영업이익,575,십억원,incl,2
2026-04-08_한화투자증권_LGES,2026-04-08,한화투자증권,LGES,영업이익,전사,2025,FY,영업이익,1346,십억원,incl,2
2026-04-08_한화투자증권_LGES,2026-04-08,한화투자증권,LGES,영업이익,전사,2026,FY,영업이익,1035,십억원,incl,2
2026-04-08_한화투자증권_LGES,2026-04-08,한화투자증권,LGES,영업이익,전사,2027,FY,영업이익,4715,십억원,incl,2
2026-04-08_한화투자증권_LGES,2026-04-08,한화투자증권,LGES,영업이익,전사,2025,1Q,영업이익,375,십억원,incl,2
2026-04-08_한화투자증권_LGES,2026-04-08,한화투자증권,LGES,영업이익,전사,2025,2Q,영업이익,492,십억원,incl,2
2026-04-08_한화투자증권_LGES,2026-04-08,한화투자증권,LGES,영업이익,전사,2025,3Q,영업이익,601,십억원,incl,2
2026-04-08_한화투자증권_LGES,2026-04-08,한화투자증권,LGES,영업이익,전사,2025,4Q,영업이익,-122,십억원,incl,2
2026-04-08_한화투자증권_LGES,2026-04-08,한화투자증권,LGES,영업이익,전사,2026,1Q,영업이익,-138,십억원,incl,2
2026-04-08_한화투자증권_LGES,2026-04-08,한화투자증권,LGES,영업이익,전사,2026,2Q,영업이익,8,십억원,incl,2
2026-04-08_한화투자증권_LGES,2026-04-08,한화투자증권,LGES,영업이익,전사,2026,3Q,영업이익,413,십억원,incl,2
2026-04-08_한화투자증권_LGES,2026-04-08,한화투자증권,LGES,영업이익,전사,2026,4Q,영업이익,760,십억원,incl,2
2026-04-08_한화투자증권_LGES,2026-04-08,한화투자증권,LGES,영업이익(AMPC 제외),전사,2024,FY,영업이익,-905,십억원,excl,2
2026-04-08_한화투자증권_LGES,2026-04-08,한화투자증권,LGES,영업이익(AMPC 제외),전사,2025,FY,영업이익,-301,십억원,excl,2
2026-04-08_한화투자증권_LGES,2026-04-08,한화투자증권,LGES,영업이익(AMPC 제외),전사,2026,FY,영업이익,-356,십억원,excl,2
2026-04-08_한화투자증권_LGES,2026-04-08,한화투자증권,LGES,영업이익(AMPC 제외),전사,2027,FY,영업이익,1636,십억원,excl,2
2026-04-08_한화투자증권_LGES,2026-04-08,한화투자증권,LGES,영업이익(AMPC 제외),전사,2025,1Q,영업이익,-83,십억원,excl,2
2026-04-08_한화투자증권_LGES,2026-04-08,한화투자증권,LGES,영업이익(AMPC 제외),전사,2025,2Q,영업이익,1,십억원,excl,2
2026-04-08_한화투자증권_LGES,2026-04-08,한화투자증권,LGES,영업이익(AMPC 제외),전사,2025,3Q,영업이익,236,십억원,excl,2
2026-04-08_한화투자증권_LGES,2026-04-08,한화투자증권,LGES,영업이익(AMPC 제외),전사,2025,4Q,영업이익,-455,십억원,excl,2
2026-04-08_한화투자증권_LGES,2026-04-08,한화투자증권,LGES,영업이익(AMPC 제외),전사,2026,1Q,영업이익,-304,십억원,excl,2
2026-04-08_한화투자증권_LGES,2026-04-08,한화투자증권,LGES,영업이익(AMPC 제외),전사,2026,2Q,영업이익,-196,십억원,excl,2
2026-04-08_한화투자증권_LGES,2026-04-08,한화투자증권,LGES,영업이익(AMPC 제외),전사,2026,3Q,영업이익,-13,십억원,excl,2
2026-04-08_한화투자증권_LGES,2026-04-08,한화투자증권,LGES,영업이익(AMPC 제외),전사,2026,4Q,영업이익,186,십억원,excl,2
2026-04-08_한화투자증권_LGES,2026-04-08,한화투자증권,LGES,AMPC,전사,2024,FY,AMPC,1480,십억원,na,2
2026-04-08_한화투자증권_LGES,2026-04-08,한화투자증권,LGES,AMPC,전사,2025,FY,AMPC,1647,십억원,na,2
2026-04-08_한화투자증권_LGES,2026-04-08,한화투자증권,LGES,AMPC,전사,2026,FY,AMPC,1390,십억원,na,2
2026-04-08_한화투자증권_LGES,2026-04-08,한화투자증권,LGES,AMPC,전사,2027,FY,AMPC,3079,십억원,na,2
2026-04-08_한화투자증권_LGES,2026-04-08,한화투자증권,LGES,AMPC,전사,2025,1Q,AMPC,458,십억원,na,2
2026-04-08_한화투자증권_LGES,2026-04-08,한화투자증권,LGES,AMPC,전사,2025,2Q,AMPC,491,십억원,na,2
2026-04-08_한화투자증권_LGES,2026-04-08,한화투자증권,LGES,AMPC,전사,2025,3Q,AMPC,366,십억원,na,2
2026-04-08_한화투자증권_LGES,2026-04-08,한화투자증권,LGES,AMPC,전사,2025,4Q,AMPC,333,십억원,na,2
2026-04-08_한화투자증권_LGES,2026-04-08,한화투자증권,LGES,AMPC,전사,2026,1Q,AMPC,166,십억원,na,2
2026-04-08_한화투자증권_LGES,2026-04-08,한화투자증권,LGES,AMPC,전사,2026,2Q,AMPC,204,십억원,na,2
2026-04-08_한화투자증권_LGES,2026-04-08,한화투자증권,LGES,AMPC,전사,2026,3Q,AMPC,426,십억원,na,2
2026-04-08_한화투자증권_LGES,2026-04-08,한화투자증권,LGES,AMPC,전사,2026,4Q,AMPC,574,십억원,na,2
2026-04-08_한화투자증권_LGES,2026-04-08,한화투자증권,LGES,자동차전지 영업이익(AMPC 제외),EV,2024,FY,영업이익,-955,십억원,excl,2
2026-04-08_한화투자증권_LGES,2026-04-08,한화투자증권,LGES,자동차전지 영업이익(AMPC 제외),EV,2025,FY,영업이익,-543,십억원,excl,2
2026-04-08_한화투자증권_LGES,2026-04-08,한화투자증권,LGES,자동차전지 영업이익(AMPC 제외),EV,2026,FY,영업이익,-1218,십억원,excl,2
2026-04-08_한화투자증권_LGES,2026-04-08,한화투자증권,LGES,자동차전지 영업이익(AMPC 제외),EV,2027,FY,영업이익,348,십억원,excl,2
2026-04-08_한화투자증권_LGES,2026-04-08,한화투자증권,LGES,자동차전지 영업이익(AMPC 제외),EV,2025,1Q,영업이익,-83,십억원,excl,2
2026-04-08_한화투자증권_LGES,2026-04-08,한화투자증권,LGES,자동차전지 영업이익(AMPC 제외),EV,2025,2Q,영업이익,-73,십억원,excl,2
2026-04-08_한화투자증권_LGES,2026-04-08,한화투자증권,LGES,자동차전지 영업이익(AMPC 제외),EV,2025,3Q,영업이익,103,십억원,excl,2
2026-04-08_한화투자증권_LGES,2026-04-08,한화투자증권,LGES,자동차전지 영업이익(AMPC 제외),EV,2025,4Q,영업이익,-491,십억원,excl,2
2026-04-08_한화투자증권_LGES,2026-04-08,한화투자증권,LGES,자동차전지 영업이익(AMPC 제외),EV,2026,1Q,영업이익,-464,십억원,excl,2
2026-04-08_한화투자증권_LGES,2026-04-08,한화투자증권,LGES,자동차전지 영업이익(AMPC 제외),EV,2026,2Q,영업이익,-381,십억원,excl,2
2026-04-08_한화투자증권_LGES,2026-04-08,한화투자증권,LGES,자동차전지 영업이익(AMPC 제외),EV,2026,3Q,영업이익,-234,십억원,excl,2
2026-04-08_한화투자증권_LGES,2026-04-08,한화투자증권,LGES,자동차전지 영업이익(AMPC 제외),EV,2026,4Q,영업이익,-94,십억원,excl,2
2026-04-08_한화투자증권_LGES,2026-04-08,한화투자증권,LGES,ESS 영업이익(AMPC 제외),ESS,2024,FY,영업이익,-183,십억원,excl,2
2026-04-08_한화투자증권_LGES,2026-04-08,한화투자증권,LGES,ESS 영업이익(AMPC 제외),ESS,2025,FY,영업이익,-156,십억원,excl,2
2026-04-08_한화투자증권_LGES,2026-04-08,한화투자증권,LGES,ESS 영업이익(AMPC 제외),ESS,2026,FY,영업이익,332,십억원,excl,2
2026-04-08_한화투자증권_LGES,2026-04-08,한화투자증권,LGES,ESS 영업이익(AMPC 제외),ESS,2027,FY,영업이익,763,십억원,excl,2
2026-04-08_한화투자증권_LGES,2026-04-08,한화투자증권,LGES,ESS 영업이익(AMPC 제외),ESS,2025,1Q,영업이익,-80,십억원,excl,2
2026-04-08_한화투자증권_LGES,2026-04-08,한화투자증권,LGES,ESS 영업이익(AMPC 제외),ESS,2025,2Q,영업이익,0,십억원,excl,2
2026-04-08_한화투자증권_LGES,2026-04-08,한화투자증권,LGES,ESS 영업이익(AMPC 제외),ESS,2025,3Q,영업이익,30,십억원,excl,2
2026-04-08_한화투자증권_LGES,2026-04-08,한화투자증권,LGES,ESS 영업이익(AMPC 제외),ESS,2025,4Q,영업이익,-106,십억원,excl,2
2026-04-08_한화투자증권_LGES,2026-04-08,한화투자증권,LGES,ESS 영업이익(AMPC 제외),ESS,2026,1Q,영업이익,18,십억원,excl,2
2026-04-08_한화투자증권_LGES,2026-04-08,한화투자증권,LGES,ESS 영업이익(AMPC 제외),ESS,2026,2Q,영업이익,64,십억원,excl,2
2026-04-08_한화투자증권_LGES,2026-04-08,한화투자증권,LGES,ESS 영업이익(AMPC 제외),ESS,2026,3Q,영업이익,101,십억원,excl,2
2026-04-08_한화투자증권_LGES,2026-04-08,한화투자증권,LGES,ESS 영업이익(AMPC 제외),ESS,2026,4Q,영업이익,157,십억원,excl,2
2026-04-08_한화투자증권_LGES,2026-04-08,한화투자증권,LGES,소형전지 영업이익(AMPC 제외),소형,2024,FY,영업이익,234,십억원,excl,2
2026-04-08_한화투자증권_LGES,2026-04-08,한화투자증권,LGES,소형전지 영업이익(AMPC 제외),소형,2025,FY,영업이익,398,십억원,excl,2
2026-04-08_한화투자증권_LGES,2026-04-08,한화투자증권,LGES,소형전지 영업이익(AMPC 제외),소형,2026,FY,영업이익,531,십억원,excl,2
2026-04-08_한화투자증권_LGES,2026-04-08,한화투자증권,LGES,소형전지 영업이익(AMPC 제외),소형,2027,FY,영업이익,525,십억원,excl,2
2026-04-08_한화투자증권_LGES,2026-04-08,한화투자증권,LGES,소형전지 영업이익(AMPC 제외),소형,2025,1Q,영업이익,80,십억원,excl,2
2026-04-08_한화투자증권_LGES,2026-04-08,한화투자증권,LGES,소형전지 영업이익(AMPC 제외),소형,2025,2Q,영업이익,74,십억원,excl,2
2026-04-08_한화투자증권_LGES,2026-04-08,한화투자증권,LGES,소형전지 영업이익(AMPC 제외),소형,2025,3Q,영업이익,102,십억원,excl,2
2026-04-08_한화투자증권_LGES,2026-04-08,한화투자증권,LGES,소형전지 영업이익(AMPC 제외),소형,2025,4Q,영업이익,142,십억원,excl,2
2026-04-08_한화투자증권_LGES,2026-04-08,한화투자증권,LGES,소형전지 영업이익(AMPC 제외),소형,2026,1Q,영업이익,143,십억원,excl,2
2026-04-08_한화투자증권_LGES,2026-04-08,한화투자증권,LGES,소형전지 영업이익(AMPC 제외),소형,2026,2Q,영업이익,121,십억원,excl,2
2026-04-08_한화투자증권_LGES,2026-04-08,한화투자증권,LGES,소형전지 영업이익(AMPC 제외),소형,2026,3Q,영업이익,120,십억원,excl,2
2026-04-08_한화투자증권_LGES,2026-04-08,한화투자증권,LGES,소형전지 영업이익(AMPC 제외),소형,2026,4Q,영업이익,123,십억원,excl,2
2026-04-08_한화투자증권_LGES,2026-04-08,한화투자증권,LGES,매출액(1Q26 잠정실적),전사,2026,1Q,매출,6600,십억원,incl,1
2026-04-08_한화투자증권_LGES,2026-04-08,한화투자증권,LGES,"영업이익(1Q26 잠정실적, AMPC포함)",전사,2026,1Q,영업이익,-207.8,십억원,incl,1
2026-04-08_한화투자증권_LGES,2026-04-08,한화투자증권,LGES,"영업이익(1Q26 잠정실적, AMPC제외)",전사,2026,1Q,영업이익,-397.5,십억원,excl,1
2026-04-08_한화투자증권_LGES,2026-04-08,한화투자증권,LGES,AMPC(1Q26 잠정실적),전사,2026,1Q,AMPC,189.7,십억원,na,1
2026-04-08_흥국증권_삼성SDI,2026-04-08,흥국증권,삼성SDI,매출액(전사),전사,2025,1Q,매출,3177,십억원,excl,2
2026-04-08_흥국증권_삼성SDI,2026-04-08,흥국증권,삼성SDI,전지사업부,배터리합계,2025,1Q,매출,2981,십억원,excl,2
2026-04-08_흥국증권_삼성SDI,2026-04-08,흥국증권,삼성SDI,소형전지,소형,2025,1Q,매출,638,십억원,excl,2
2026-04-08_흥국증권_삼성SDI,2026-04-08,흥국증권,삼성SDI,xEV,EV,2025,1Q,매출,1675,십억원,excl,2
2026-04-08_흥국증권_삼성SDI,2026-04-08,흥국증권,삼성SDI,ESS,ESS,2025,1Q,매출,668,십억원,excl,2
2026-04-08_흥국증권_삼성SDI,2026-04-08,흥국증권,삼성SDI,전자재료,전자재료,2025,1Q,매출,196,십억원,na,2
2026-04-08_흥국증권_삼성SDI,2026-04-08,흥국증권,삼성SDI,"영업이익(AMPC포함, 전사)",전사,2025,1Q,영업이익,-434,십억원,incl,2
2026-04-08_흥국증권_삼성SDI,2026-04-08,흥국증권,삼성SDI,전지사업부,배터리합계,2025,1Q,영업이익,-452,십억원,incl,2
2026-04-08_흥국증권_삼성SDI,2026-04-08,흥국증권,삼성SDI,전지사업부(IRA AMPC),배터리합계,2025,1Q,AMPC,109,십억원,na,2
2026-04-08_흥국증권_삼성SDI,2026-04-08,흥국증권,삼성SDI,전자재료,전자재료,2025,1Q,영업이익,18,십억원,na,2
2026-04-08_흥국증권_삼성SDI,2026-04-08,흥국증권,삼성SDI,"본영업이익(전사, AMPC제외)",전사,2025,1Q,영업이익,-543,십억원,excl,2
2026-04-08_흥국증권_삼성SDI,2026-04-08,흥국증권,삼성SDI,매출액(전사),전사,2025,2Q,매출,3179,십억원,excl,2
2026-04-08_흥국증권_삼성SDI,2026-04-08,흥국증권,삼성SDI,전지사업부,배터리합계,2025,2Q,매출,2961,십억원,excl,2
2026-04-08_흥국증권_삼성SDI,2026-04-08,흥국증권,삼성SDI,소형전지,소형,2025,2Q,매출,923,십억원,excl,2
2026-04-08_흥국증권_삼성SDI,2026-04-08,흥국증권,삼성SDI,xEV,EV,2025,2Q,매출,1326,십억원,excl,2
2026-04-08_흥국증권_삼성SDI,2026-04-08,흥국증권,삼성SDI,ESS,ESS,2025,2Q,매출,712,십억원,excl,2
2026-04-08_흥국증권_삼성SDI,2026-04-08,흥국증권,삼성SDI,전자재료,전자재료,2025,2Q,매출,218,십억원,na,2
2026-04-08_흥국증권_삼성SDI,2026-04-08,흥국증권,삼성SDI,"영업이익(AMPC포함, 전사)",전사,2025,2Q,영업이익,-398,십억원,incl,2
2026-04-08_흥국증권_삼성SDI,2026-04-08,흥국증권,삼성SDI,전지사업부,배터리합계,2025,2Q,영업이익,-431,십억원,incl,2
2026-04-08_흥국증권_삼성SDI,2026-04-08,흥국증권,삼성SDI,전지사업부(IRA AMPC),배터리합계,2025,2Q,AMPC,66,십억원,na,2
2026-04-08_흥국증권_삼성SDI,2026-04-08,흥국증권,삼성SDI,전자재료,전자재료,2025,2Q,영업이익,33,십억원,na,2
2026-04-08_흥국증권_삼성SDI,2026-04-08,흥국증권,삼성SDI,"본영업이익(전사, AMPC제외)",전사,2025,2Q,영업이익,-464,십억원,excl,2
2026-04-08_흥국증권_삼성SDI,2026-04-08,흥국증권,삼성SDI,매출액(전사),전사,2025,3Q,매출,3052,십억원,excl,2
2026-04-08_흥국증권_삼성SDI,2026-04-08,흥국증권,삼성SDI,전지사업부,배터리합계,2025,3Q,매출,2820,십억원,excl,2
2026-04-08_흥국증권_삼성SDI,2026-04-08,흥국증권,삼성SDI,소형전지,소형,2025,3Q,매출,982,십억원,excl,2
2026-04-08_흥국증권_삼성SDI,2026-04-08,흥국증권,삼성SDI,xEV,EV,2025,3Q,매출,1131,십억원,excl,2
2026-04-08_흥국증권_삼성SDI,2026-04-08,흥국증권,삼성SDI,ESS,ESS,2025,3Q,매출,707,십억원,excl,2
2026-04-08_흥국증권_삼성SDI,2026-04-08,흥국증권,삼성SDI,전자재료,전자재료,2025,3Q,매출,232,십억원,na,2
2026-04-08_흥국증권_삼성SDI,2026-04-08,흥국증권,삼성SDI,"영업이익(AMPC포함, 전사)",전사,2025,3Q,영업이익,-591,십억원,incl,2
2026-04-08_흥국증권_삼성SDI,2026-04-08,흥국증권,삼성SDI,전지사업부,배터리합계,2025,3Q,영업이익,-630,십억원,incl,2
2026-04-08_흥국증권_삼성SDI,2026-04-08,흥국증권,삼성SDI,전지사업부(IRA AMPC),배터리합계,2025,3Q,AMPC,20,십억원,na,2
2026-04-08_흥국증권_삼성SDI,2026-04-08,흥국증권,삼성SDI,전자재료,전자재료,2025,3Q,영업이익,39,십억원,na,2
2026-04-08_흥국증권_삼성SDI,2026-04-08,흥국증권,삼성SDI,"본영업이익(전사, AMPC제외)",전사,2025,3Q,영업이익,-611,십억원,excl,2
2026-04-08_흥국증권_삼성SDI,2026-04-08,흥국증권,삼성SDI,매출액(전사),전사,2025,4Q,매출,3859,십억원,excl,2
2026-04-08_흥국증권_삼성SDI,2026-04-08,흥국증권,삼성SDI,전지사업부,배터리합계,2025,4Q,매출,3622,십억원,excl,2
2026-04-08_흥국증권_삼성SDI,2026-04-08,흥국증권,삼성SDI,소형전지,소형,2025,4Q,매출,987,십억원,excl,2
2026-04-08_흥국증권_삼성SDI,2026-04-08,흥국증권,삼성SDI,xEV,EV,2025,4Q,매출,1538,십억원,excl,2
2026-04-08_흥국증권_삼성SDI,2026-04-08,흥국증권,삼성SDI,ESS,ESS,2025,4Q,매출,1097,십억원,excl,2
2026-04-08_흥국증권_삼성SDI,2026-04-08,흥국증권,삼성SDI,전자재료,전자재료,2025,4Q,매출,237,십억원,na,2
2026-04-08_흥국증권_삼성SDI,2026-04-08,흥국증권,삼성SDI,"영업이익(AMPC포함, 전사)",전사,2025,4Q,영업이익,-299,십억원,incl,2
2026-04-08_흥국증권_삼성SDI,2026-04-08,흥국증권,삼성SDI,전지사업부,배터리합계,2025,4Q,영업이익,-384,십억원,incl,2
2026-04-08_흥국증권_삼성SDI,2026-04-08,흥국증권,삼성SDI,전지사업부(IRA AMPC),배터리합계,2025,4Q,AMPC,80,십억원,na,2
2026-04-08_흥국증권_삼성SDI,2026-04-08,흥국증권,삼성SDI,전자재료,전자재료,2025,4Q,영업이익,39,십억원,na,2
2026-04-08_흥국증권_삼성SDI,2026-04-08,흥국증권,삼성SDI,"본영업이익(전사, AMPC제외)",전사,2025,4Q,영업이익,-379,십억원,excl,2
2026-04-08_흥국증권_삼성SDI,2026-04-08,흥국증권,삼성SDI,매출액(전사),전사,2026,1Q,매출,3435,십억원,excl,2
2026-04-08_흥국증권_삼성SDI,2026-04-08,흥국증권,삼성SDI,전지사업부,배터리합계,2026,1Q,매출,3233,십억원,excl,2
2026-04-08_흥국증권_삼성SDI,2026-04-08,흥국증권,삼성SDI,소형전지,소형,2026,1Q,매출,994,십억원,excl,2
2026-04-08_흥국증권_삼성SDI,2026-04-08,흥국증권,삼성SDI,xEV,EV,2026,1Q,매출,1158,십억원,excl,2
2026-04-08_흥국증권_삼성SDI,2026-04-08,흥국증권,삼성SDI,ESS,ESS,2026,1Q,매출,1081,십억원,excl,2
2026-04-08_흥국증권_삼성SDI,2026-04-08,흥국증권,삼성SDI,전자재료,전자재료,2026,1Q,매출,202,십억원,na,2
2026-04-08_흥국증권_삼성SDI,2026-04-08,흥국증권,삼성SDI,"영업이익(AMPC포함, 전사)",전사,2026,1Q,영업이익,-263,십억원,incl,2
2026-04-08_흥국증권_삼성SDI,2026-04-08,흥국증권,삼성SDI,전지사업부,배터리합계,2026,1Q,영업이익,-287,십억원,incl,2
2026-04-08_흥국증권_삼성SDI,2026-04-08,흥국증권,삼성SDI,전지사업부(IRA AMPC),배터리합계,2026,1Q,AMPC,93,십억원,na,2
2026-04-08_흥국증권_삼성SDI,2026-04-08,흥국증권,삼성SDI,전자재료,전자재료,2026,1Q,영업이익,25,십억원,na,2
2026-04-08_흥국증권_삼성SDI,2026-04-08,흥국증권,삼성SDI,"본영업이익(전사, AMPC제외)",전사,2026,1Q,영업이익,-356,십억원,excl,2
2026-04-08_흥국증권_삼성SDI,2026-04-08,흥국증권,삼성SDI,매출액(전사),전사,2026,2Q,매출,3717,십억원,excl,2
2026-04-08_흥국증권_삼성SDI,2026-04-08,흥국증권,삼성SDI,전지사업부,배터리합계,2026,2Q,매출,3474,십억원,excl,2
2026-04-08_흥국증권_삼성SDI,2026-04-08,흥국증권,삼성SDI,소형전지,소형,2026,2Q,매출,1073,십억원,excl,2
2026-04-08_흥국증권_삼성SDI,2026-04-08,흥국증권,삼성SDI,xEV,EV,2026,2Q,매출,1190,십억원,excl,2
2026-04-08_흥국증권_삼성SDI,2026-04-08,흥국증권,삼성SDI,ESS,ESS,2026,2Q,매출,1211,십억원,excl,2
2026-04-08_흥국증권_삼성SDI,2026-04-08,흥국증권,삼성SDI,전자재료,전자재료,2026,2Q,매출,244,십억원,na,2
2026-04-08_흥국증권_삼성SDI,2026-04-08,흥국증권,삼성SDI,"영업이익(AMPC포함, 전사)",전사,2026,2Q,영업이익,-104,십억원,incl,2
2026-04-08_흥국증권_삼성SDI,2026-04-08,흥국증권,삼성SDI,전지사업부,배터리합계,2026,2Q,영업이익,-142,십억원,incl,2
2026-04-08_흥국증권_삼성SDI,2026-04-08,흥국증권,삼성SDI,전지사업부(IRA AMPC),배터리합계,2026,2Q,AMPC,99,십억원,na,2
2026-04-08_흥국증권_삼성SDI,2026-04-08,흥국증권,삼성SDI,전자재료,전자재료,2026,2Q,영업이익,38,십억원,na,2
2026-04-08_흥국증권_삼성SDI,2026-04-08,흥국증권,삼성SDI,"본영업이익(전사, AMPC제외)",전사,2026,2Q,영업이익,-203,십억원,excl,2
2026-04-08_흥국증권_삼성SDI,2026-04-08,흥국증권,삼성SDI,매출액(전사),전사,2026,3Q,매출,3821,십억원,excl,2
2026-04-08_흥국증권_삼성SDI,2026-04-08,흥국증권,삼성SDI,전지사업부,배터리합계,2026,3Q,매출,3575,십억원,excl,2
2026-04-08_흥국증권_삼성SDI,2026-04-08,흥국증권,삼성SDI,소형전지,소형,2026,3Q,매출,1087,십억원,excl,2
2026-04-08_흥국증권_삼성SDI,2026-04-08,흥국증권,삼성SDI,xEV,EV,2026,3Q,매출,1217,십억원,excl,2
2026-04-08_흥국증권_삼성SDI,2026-04-08,흥국증권,삼성SDI,ESS,ESS,2026,3Q,매출,1271,십억원,excl,2
2026-04-08_흥국증권_삼성SDI,2026-04-08,흥국증권,삼성SDI,전자재료,전자재료,2026,3Q,매출,246,십억원,na,2
2026-04-08_흥국증권_삼성SDI,2026-04-08,흥국증권,삼성SDI,"영업이익(AMPC포함, 전사)",전사,2026,3Q,영업이익,-34,십억원,incl,2
2026-04-08_흥국증권_삼성SDI,2026-04-08,흥국증권,삼성SDI,전지사업부,배터리합계,2026,3Q,영업이익,-72,십억원,incl,2
2026-04-08_흥국증권_삼성SDI,2026-04-08,흥국증권,삼성SDI,전지사업부(IRA AMPC),배터리합계,2026,3Q,AMPC,110,십억원,na,2
2026-04-08_흥국증권_삼성SDI,2026-04-08,흥국증권,삼성SDI,전자재료,전자재료,2026,3Q,영업이익,39,십억원,na,2
2026-04-08_흥국증권_삼성SDI,2026-04-08,흥국증권,삼성SDI,"본영업이익(전사, AMPC제외)",전사,2026,3Q,영업이익,-144,십억원,excl,2
2026-04-08_흥국증권_삼성SDI,2026-04-08,흥국증권,삼성SDI,매출액(전사),전사,2026,4Q,매출,4055,십억원,excl,2
2026-04-08_흥국증권_삼성SDI,2026-04-08,흥국증권,삼성SDI,전지사업부,배터리합계,2026,4Q,매출,3809,십억원,excl,2
2026-04-08_흥국증권_삼성SDI,2026-04-08,흥국증권,삼성SDI,소형전지,소형,2026,4Q,매출,1032,십억원,excl,2
2026-04-08_흥국증권_삼성SDI,2026-04-08,흥국증권,삼성SDI,xEV,EV,2026,4Q,매출,1238,십억원,excl,2
2026-04-08_흥국증권_삼성SDI,2026-04-08,흥국증권,삼성SDI,ESS,ESS,2026,4Q,매출,1539,십억원,excl,2
2026-04-08_흥국증권_삼성SDI,2026-04-08,흥국증권,삼성SDI,전자재료,전자재료,2026,4Q,매출,246,십억원,na,2
2026-04-08_흥국증권_삼성SDI,2026-04-08,흥국증권,삼성SDI,"영업이익(AMPC포함, 전사)",전사,2026,4Q,영업이익,68,십억원,incl,2
2026-04-08_흥국증권_삼성SDI,2026-04-08,흥국증권,삼성SDI,전지사업부,배터리합계,2026,4Q,영업이익,29,십억원,incl,2
2026-04-08_흥국증권_삼성SDI,2026-04-08,흥국증권,삼성SDI,전지사업부(IRA AMPC),배터리합계,2026,4Q,AMPC,154,십억원,na,2
2026-04-08_흥국증권_삼성SDI,2026-04-08,흥국증권,삼성SDI,전자재료,전자재료,2026,4Q,영업이익,39,십억원,na,2
2026-04-08_흥국증권_삼성SDI,2026-04-08,흥국증권,삼성SDI,"본영업이익(전사, AMPC제외)",전사,2026,4Q,영업이익,-86,십억원,excl,2
2026-04-08_흥국증권_삼성SDI,2026-04-08,흥국증권,삼성SDI,매출액(전사),전사,2025,FY,매출,13267,십억원,excl,2
2026-04-08_흥국증권_삼성SDI,2026-04-08,흥국증권,삼성SDI,전지사업부,배터리합계,2025,FY,매출,12384,십억원,excl,2
2026-04-08_흥국증권_삼성SDI,2026-04-08,흥국증권,삼성SDI,소형전지,소형,2025,FY,매출,3530,십억원,excl,2
2026-04-08_흥국증권_삼성SDI,2026-04-08,흥국증권,삼성SDI,xEV,EV,2025,FY,매출,5670,십억원,excl,2
2026-04-08_흥국증권_삼성SDI,2026-04-08,흥국증권,삼성SDI,ESS,ESS,2025,FY,매출,3184,십억원,excl,2
2026-04-08_흥국증권_삼성SDI,2026-04-08,흥국증권,삼성SDI,전자재료,전자재료,2025,FY,매출,883,십억원,na,2
2026-04-08_흥국증권_삼성SDI,2026-04-08,흥국증권,삼성SDI,"영업이익(AMPC포함, 전사)",전사,2025,FY,영업이익,-1722,십억원,incl,2
2026-04-08_흥국증권_삼성SDI,2026-04-08,흥국증권,삼성SDI,전지사업부,배터리합계,2025,FY,영업이익,-1898,십억원,incl,2
2026-04-08_흥국증권_삼성SDI,2026-04-08,흥국증권,삼성SDI,전지사업부(IRA AMPC),배터리합계,2025,FY,AMPC,275,십억원,na,2
2026-04-08_흥국증권_삼성SDI,2026-04-08,흥국증권,삼성SDI,전자재료,전자재료,2025,FY,영업이익,129,십억원,na,2
2026-04-08_흥국증권_삼성SDI,2026-04-08,흥국증권,삼성SDI,"본영업이익(전사, AMPC제외)",전사,2025,FY,영업이익,-1998,십억원,excl,2
2026-04-08_흥국증권_삼성SDI,2026-04-08,흥국증권,삼성SDI,매출액(전사),전사,2026,FY,매출,15028,십억원,excl,2
2026-04-08_흥국증권_삼성SDI,2026-04-08,흥국증권,삼성SDI,전지사업부,배터리합계,2026,FY,매출,14090,십억원,excl,2
2026-04-08_흥국증권_삼성SDI,2026-04-08,흥국증권,삼성SDI,소형전지,소형,2026,FY,매출,4187,십억원,excl,2
2026-04-08_흥국증권_삼성SDI,2026-04-08,흥국증권,삼성SDI,xEV,EV,2026,FY,매출,4803,십억원,excl,2
2026-04-08_흥국증권_삼성SDI,2026-04-08,흥국증권,삼성SDI,ESS,ESS,2026,FY,매출,5101,십억원,excl,2
2026-04-08_흥국증권_삼성SDI,2026-04-08,흥국증권,삼성SDI,전자재료,전자재료,2026,FY,매출,938,십억원,na,2
2026-04-08_흥국증권_삼성SDI,2026-04-08,흥국증권,삼성SDI,"영업이익(AMPC포함, 전사)",전사,2026,FY,영업이익,-332,십억원,incl,2
2026-04-08_흥국증권_삼성SDI,2026-04-08,흥국증권,삼성SDI,전지사업부,배터리합계,2026,FY,영업이익,-472,십억원,incl,2
2026-04-08_흥국증권_삼성SDI,2026-04-08,흥국증권,삼성SDI,전지사업부(IRA AMPC),배터리합계,2026,FY,AMPC,457,십억원,na,2
2026-04-08_흥국증권_삼성SDI,2026-04-08,흥국증권,삼성SDI,전자재료,전자재료,2026,FY,영업이익,140,십억원,na,2
2026-04-08_흥국증권_삼성SDI,2026-04-08,흥국증권,삼성SDI,"본영업이익(전사, AMPC제외)",전사,2026,FY,영업이익,-789,십억원,excl,2
2026-04-08_흥국증권_삼성SDI,2026-04-08,흥국증권,삼성SDI,매출액(전사),전사,2024,FY,매출,16592,십억원,excl,3
2026-04-08_흥국증권_삼성SDI,2026-04-08,흥국증권,삼성SDI,영업이익(전사),전사,2024,FY,영업이익,363,십억원,incl_unknown,3
2026-04-08_흥국증권_삼성SDI,2026-04-08,흥국증권,삼성SDI,매출액(전사),전사,2027,FY,매출,17584,십억원,excl,3
2026-04-08_흥국증권_삼성SDI,2026-04-08,흥국증권,삼성SDI,영업이익(전사),전사,2027,FY,영업이익,870,십억원,incl_unknown,3
2026-04-09_LS증권_LGES,2026-04-09,LS증권,LGES,매출액,전사,2024,FY,매출,25620,십억원,excl,2
2026-04-09_LS증권_LGES,2026-04-09,LS증권,LGES,매출액,전사,2025,FY,매출,23672,십억원,excl,2
2026-04-09_LS증권_LGES,2026-04-09,LS증권,LGES,매출액,전사,2026,FY,매출,23797,십억원,excl,2
2026-04-09_LS증권_LGES,2026-04-09,LS증권,LGES,자동차향,EV,2024,FY,매출,16653,십억원,excl,2
2026-04-09_LS증권_LGES,2026-04-09,LS증권,LGES,자동차향,EV,2025,FY,매출,13966,십억원,excl,2
2026-04-09_LS증권_LGES,2026-04-09,LS증권,LGES,자동차향,EV,2026,FY,매출,10858,십억원,excl,2
2026-04-09_LS증권_LGES,2026-04-09,LS증권,LGES,소형,소형,2024,FY,매출,6917,십억원,excl,2
2026-04-09_LS증권_LGES,2026-04-09,LS증권,LGES,소형,소형,2025,FY,매출,6865,십억원,excl,2
2026-04-09_LS증권_LGES,2026-04-09,LS증권,LGES,소형,소형,2026,FY,매출,7284,십억원,excl,2
2026-04-09_LS증권_LGES,2026-04-09,LS증권,LGES,ESS,ESS,2024,FY,매출,2050,십억원,excl,2
2026-04-09_LS증권_LGES,2026-04-09,LS증권,LGES,ESS,ESS,2025,FY,매출,2841,십억원,excl,2
2026-04-09_LS증권_LGES,2026-04-09,LS증권,LGES,ESS,ESS,2026,FY,매출,5656,십억원,excl,2
2026-04-09_LS증권_LGES,2026-04-09,LS증권,LGES,영업이익,전사,2024,FY,영업이익,575,십억원,incl,2
2026-04-09_LS증권_LGES,2026-04-09,LS증권,LGES,영업이익,전사,2025,FY,영업이익,1346,십억원,incl,2
2026-04-09_LS증권_LGES,2026-04-09,LS증권,LGES,영업이익,전사,2026,FY,영업이익,157,십억원,incl,2
2026-04-09_LS증권_LGES,2026-04-09,LS증권,LGES,AMPC,전사,2024,FY,AMPC,413,십억원,na,2
2026-04-09_LS증권_LGES,2026-04-09,LS증권,LGES,AMPC,전사,2025,FY,AMPC,1647,십억원,na,2
2026-04-09_LS증권_LGES,2026-04-09,LS증권,LGES,AMPC,전사,2026,FY,AMPC,1925,십억원,na,2
2026-04-09_LS증권_LGES,2026-04-09,LS증권,LGES,AMPC 제외 영업이익,전사,2024,FY,영업이익,163,십억원,excl,2
2026-04-09_LS증권_LGES,2026-04-09,LS증권,LGES,AMPC 제외 영업이익,전사,2025,FY,영업이익,-300,십억원,excl,2
2026-04-09_LS증권_LGES,2026-04-09,LS증권,LGES,AMPC 제외 영업이익,전사,2026,FY,영업이익,-1768,십억원,excl,2
2026-04-09_LS증권_LGES,2026-04-09,LS증권,LGES,매출(회계변경전),전사,2025,1Q,매출,6265.0,십억원,excl,3
2026-04-09_LS증권_LGES,2026-04-09,LS증권,LGES,매출(회계변경전),전사,2025,2Q,매출,5565.4,십억원,excl,3
2026-04-09_LS증권_LGES,2026-04-09,LS증권,LGES,매출(회계변경전),전사,2025,3Q,매출,5699.9,십억원,excl,3
2026-04-09_LS증권_LGES,2026-04-09,LS증권,LGES,매출(회계변경전),전사,2025,4Q,매출,6141.5,십억원,excl,3
2026-04-09_LS증권_LGES,2026-04-09,LS증권,LGES,매출 및 기타수익(회계변경후),전사,2025,1Q,매출,6722.7,십억원,incl,3
2026-04-09_LS증권_LGES,2026-04-09,LS증권,LGES,매출 및 기타수익(회계변경후),전사,2025,2Q,매출,6056.2,십억원,incl,3
2026-04-09_LS증권_LGES,2026-04-09,LS증권,LGES,매출 및 기타수익(회계변경후),전사,2025,3Q,매출,6065.4,십억원,incl,3
2026-04-09_LS증권_LGES,2026-04-09,LS증권,LGES,매출 및 기타수익(회계변경후),전사,2025,4Q,매출,6474.3,십억원,incl,3
2026-04-09_LS증권_LGES,2026-04-09,LS증권,LGES,영업이익,전사,2025,1Q,영업이익,374.7,십억원,incl,3
2026-04-09_LS증권_LGES,2026-04-09,LS증권,LGES,영업이익,전사,2025,2Q,영업이익,492.2,십억원,incl,3
2026-04-09_LS증권_LGES,2026-04-09,LS증권,LGES,영업이익,전사,2025,3Q,영업이익,601.3,십억원,incl,3
2026-04-09_LS증권_LGES,2026-04-09,LS증권,LGES,영업이익,전사,2025,4Q,영업이익,-122.0,십억원,incl,3
2026-04-09_LS증권_LGES,2026-04-09,LS증권,LGES,기타영업수익(북미 생산 보조금),전사,2025,1Q,AMPC,457.7,십억원,na,3
2026-04-09_LS증권_LGES,2026-04-09,LS증권,LGES,기타영업수익(북미 생산 보조금),전사,2025,2Q,AMPC,490.8,십억원,na,3
2026-04-09_LS증권_LGES,2026-04-09,LS증권,LGES,기타영업수익(북미 생산 보조금),전사,2025,3Q,AMPC,365.5,십억원,na,3
2026-04-09_LS증권_LGES,2026-04-09,LS증권,LGES,기타영업수익(북미 생산 보조금),전사,2025,4Q,AMPC,332.8,십억원,na,3
2026-04-09_LS증권_LGES,2026-04-09,LS증권,LGES,매출액(Peer 컨센서스),전사,2025,4Q,매출,6141,십억원,excl,4
2026-04-09_LS증권_LGES,2026-04-09,LS증권,LGES,매출액(Peer 컨센서스),전사,2026,1Q,매출,5940,십억원,excl,4
2026-04-09_LS증권_LGES,2026-04-09,LS증권,LGES,매출액(Peer 컨센서스),전사,2026,2Q,매출,6231,십억원,excl,4
2026-04-09_LS증권_LGES,2026-04-09,LS증권,LGES,매출액(Peer 컨센서스),전사,2026,FY,매출,27238,십억원,excl,4
2026-04-09_LS증권_LGES,2026-04-09,LS증권,LGES,매출액(Peer 컨센서스),전사,2027,FY,매출,33892,십억원,excl,4
2026-04-09_LS증권_LGES,2026-04-09,LS증권,LGES,영업이익(Peer 컨센서스),전사,2025,4Q,영업이익,-122,십억원,incl,4
2026-04-09_LS증권_LGES,2026-04-09,LS증권,LGES,영업이익(Peer 컨센서스),전사,2026,1Q,영업이익,-141,십억원,incl,4
2026-04-09_LS증권_LGES,2026-04-09,LS증권,LGES,영업이익(Peer 컨센서스),전사,2026,2Q,영업이익,207,십억원,incl,4
2026-04-09_LS증권_LGES,2026-04-09,LS증권,LGES,영업이익(Peer 컨센서스),전사,2026,FY,영업이익,1537,십억원,incl,4
2026-04-09_LS증권_LGES,2026-04-09,LS증권,LGES,영업이익(Peer 컨센서스),전사,2027,FY,영업이익,4038,십억원,incl,4
2026-04-09_LS증권_LGES,2026-04-09,LS증권,LGES,"매출액(손익계산서, LS증권 추정)",전사,2026,FY,매출,26512,십억원,incl_unknown,6
2026-04-09_LS증권_LGES,2026-04-09,LS증권,LGES,"매출액(손익계산서, LS증권 추정)",전사,2027,FY,매출,26873,십억원,incl_unknown,6
2026-04-09_LS증권_LGES,2026-04-09,LS증권,LGES,"영업이익(손익계산서, LS증권 추정)",전사,2026,FY,영업이익,611,십억원,incl,6
2026-04-09_LS증권_LGES,2026-04-09,LS증권,LGES,"영업이익(손익계산서, LS증권 추정)",전사,2027,FY,영업이익,652,십억원,incl,6
2026-04-09_LS증권_LGES,2026-04-09,LS증권,LGES,1분기 잠정실적,전사,2026,1Q,매출,6555.0,십억원,incl,1
2026-04-09_LS증권_LGES,2026-04-09,LS증권,LGES,1분기 잠정실적,전사,2026,1Q,영업이익,-207.8,십억원,incl,1
2026-04-09_유안타증권_LGES,2026-04-09,유안타증권,LGES,연결,전사,2024,FY,매출,25620,십억원,excl,1
2026-04-09_유안타증권_LGES,2026-04-09,유안타증권,LGES,연결,전사,2024,FY,영업이익,575,십억원,incl_unknown,1
2026-04-09_유안타증권_LGES,2026-04-09,유안타증권,LGES,연결,전사,2025,FY,매출,23672,십억원,excl,1
2026-04-09_유안타증권_LGES,2026-04-09,유안타증권,LGES,연결,전사,2025,FY,영업이익,1346,십억원,incl,1
2026-04-09_유안타증권_LGES,2026-04-09,유안타증권,LGES,연결,전사,2026,FY,매출,27235,십억원,incl,1
2026-04-09_유안타증권_LGES,2026-04-09,유안타증권,LGES,연결,전사,2026,FY,영업이익,733,십억원,incl,1
2026-04-09_유안타증권_LGES,2026-04-09,유안타증권,LGES,연결,전사,2027,FY,매출,32629,십억원,incl,1
2026-04-09_유안타증권_LGES,2026-04-09,유안타증권,LGES,연결,전사,2027,FY,영업이익,2793,십억원,incl,1
2026-04-09_유안타증권_LGES,2026-04-09,유안타증권,LGES,연결,전사,2028,FY,매출,40264,십억원,incl,1
2026-04-09_유안타증권_LGES,2026-04-09,유안타증권,LGES,연결,전사,2028,FY,영업이익,5191,십억원,incl,1
2026-04-09_유안타증권_LGES,2026-04-09,유안타증권,LGES,Tax Credit,전사,2025,FY,AMPC,1647,십억원,na,2
2026-04-09_유안타증권_LGES,2026-04-09,유안타증권,LGES,Tax Credit,전사,2026,FY,AMPC,1607,십억원,na,2
2026-04-09_유안타증권_LGES,2026-04-09,유안타증권,LGES,Tax Credit,전사,2027,FY,AMPC,2048,십억원,na,2
2026-04-09_유안타증권_LGES,2026-04-09,유안타증권,LGES,Tax Credit,전사,2028,FY,AMPC,3600,십억원,na,2
2026-04-09_유안타증권_LGES,2026-04-09,유안타증권,LGES,소형(+원통형 EV),소형,2025,FY,매출,7166,십억원,excl,2
2026-04-09_유안타증권_LGES,2026-04-09,유안타증권,LGES,소형(+원통형 EV),소형,2025,FY,영업이익,464,십억원,excl,2
2026-04-09_유안타증권_LGES,2026-04-09,유안타증권,LGES,EV,EV,2025,FY,매출,13866,십억원,excl,2
2026-04-09_유안타증권_LGES,2026-04-09,유안타증권,LGES,EV,EV,2025,FY,영업이익,-665,십억원,excl,2
2026-04-09_유안타증권_LGES,2026-04-09,유안타증권,LGES,ESS,ESS,2025,FY,매출,2640,십억원,excl,2
2026-04-09_유안타증권_LGES,2026-04-09,유안타증권,LGES,ESS,ESS,2025,FY,영업이익,-100,십억원,excl,2
2026-04-09_유안타증권_LGES,2026-04-09,유안타증권,LGES,소형(+원통형 EV),소형,2026,FY,매출,7596,십억원,excl,2
2026-04-09_유안타증권_LGES,2026-04-09,유안타증권,LGES,소형(+원통형 EV),소형,2026,FY,영업이익,471,십억원,excl,2
2026-04-09_유안타증권_LGES,2026-04-09,유안타증권,LGES,EV,EV,2026,FY,매출,9845,십억원,excl,2
2026-04-09_유안타증권_LGES,2026-04-09,유안타증권,LGES,EV,EV,2026,FY,영업이익,-1179,십억원,excl,2
2026-04-09_유안타증권_LGES,2026-04-09,유안타증권,LGES,ESS,ESS,2026,FY,매출,8976,십억원,excl,2
2026-04-09_유안타증권_LGES,2026-04-09,유안타증권,LGES,ESS,ESS,2026,FY,영업이익,374,십억원,excl,2
2026-04-09_유안타증권_LGES,2026-04-09,유안타증권,LGES,소형(+원통형 EV),소형,2027,FY,매출,8090,십억원,excl,2
2026-04-09_유안타증권_LGES,2026-04-09,유안타증권,LGES,소형(+원통형 EV),소형,2027,FY,영업이익,485,십억원,excl,2
2026-04-09_유안타증권_LGES,2026-04-09,유안타증권,LGES,EV,EV,2027,FY,매출,10337,십억원,excl,2
2026-04-09_유안타증권_LGES,2026-04-09,유안타증권,LGES,EV,EV,2027,FY,영업이익,-620,십억원,excl,2
2026-04-09_유안타증권_LGES,2026-04-09,유안타증권,LGES,ESS,ESS,2027,FY,매출,12566,십억원,excl,2
2026-04-09_유안타증권_LGES,2026-04-09,유안타증권,LGES,ESS,ESS,2027,FY,영업이익,880,십억원,excl,2
2026-04-09_유안타증권_LGES,2026-04-09,유안타증권,LGES,소형(+원통형 EV),소형,2028,FY,매출,8656,십억원,excl,2
2026-04-09_유안타증권_LGES,2026-04-09,유안타증권,LGES,소형(+원통형 EV),소형,2028,FY,영업이익,519,십억원,excl,2
2026-04-09_유안타증권_LGES,2026-04-09,유안타증권,LGES,EV,EV,2028,FY,매출,11371,십억원,excl,2
2026-04-09_유안타증권_LGES,2026-04-09,유안타증권,LGES,EV,EV,2028,FY,영업이익,-455,십억원,excl,2
2026-04-09_유안타증권_LGES,2026-04-09,유안타증권,LGES,ESS,ESS,2028,FY,매출,16964,십억원,excl,2
2026-04-09_유안타증권_LGES,2026-04-09,유안타증권,LGES,ESS,ESS,2028,FY,영업이익,1527,십억원,excl,2
2026-04-09_유안타증권_LGES,2026-04-09,유안타증권,LGES,연결,전사,2025,1Q,매출,6265,십억원,excl,2
2026-04-09_유안타증권_LGES,2026-04-09,유안타증권,LGES,연결,전사,2025,1Q,영업이익,375,십억원,incl,2
2026-04-09_유안타증권_LGES,2026-04-09,유안타증권,LGES,소형(+원통형 EV),소형,2025,1Q,매출,1708,십억원,excl,2
2026-04-09_유안타증권_LGES,2026-04-09,유안타증권,LGES,EV,EV,2025,1Q,매출,4124,십억원,excl,2
2026-04-09_유안타증권_LGES,2026-04-09,유안타증권,LGES,ESS,ESS,2025,1Q,매출,433,십억원,excl,2
2026-04-09_유안타증권_LGES,2026-04-09,유안타증권,LGES,소형(+원통형 EV),소형,2025,1Q,영업이익,111,십억원,excl,2
2026-04-09_유안타증권_LGES,2026-04-09,유안타증권,LGES,EV,EV,2025,1Q,영업이익,-124,십억원,excl,2
2026-04-09_유안타증권_LGES,2026-04-09,유안타증권,LGES,ESS,ESS,2025,1Q,영업이익,-71,십억원,excl,2
2026-04-09_유안타증권_LGES,2026-04-09,유안타증권,LGES,Tax Credit,전사,2025,1Q,AMPC,458,십억원,na,2
2026-04-09_유안타증권_LGES,2026-04-09,유안타증권,LGES,연결,전사,2025,2Q,매출,5565,십억원,excl,2
2026-04-09_유안타증권_LGES,2026-04-09,유안타증권,LGES,연결,전사,2025,2Q,영업이익,492,십억원,incl,2
2026-04-09_유안타증권_LGES,2026-04-09,유안타증권,LGES,소형(+원통형 EV),소형,2025,2Q,매출,1636,십억원,excl,2
2026-04-09_유안타증권_LGES,2026-04-09,유안타증권,LGES,EV,EV,2025,2Q,매출,3546,십억원,excl,2
2026-04-09_유안타증권_LGES,2026-04-09,유안타증권,LGES,ESS,ESS,2025,2Q,매출,383,십억원,excl,2
2026-04-09_유안타증권_LGES,2026-04-09,유안타증권,LGES,소형(+원통형 EV),소형,2025,2Q,영업이익,93,십억원,excl,2
2026-04-09_유안타증권_LGES,2026-04-09,유안타증권,LGES,EV,EV,2025,2Q,영업이익,-96,십억원,excl,2
2026-04-09_유안타증권_LGES,2026-04-09,유안타증권,LGES,ESS,ESS,2025,2Q,영업이익,4,십억원,excl,2
2026-04-09_유안타증권_LGES,2026-04-09,유안타증권,LGES,Tax Credit,전사,2025,2Q,AMPC,491,십억원,na,2
2026-04-09_유안타증권_LGES,2026-04-09,유안타증권,LGES,연결,전사,2025,3Q,매출,5700,십억원,excl,2
2026-04-09_유안타증권_LGES,2026-04-09,유안타증권,LGES,연결,전사,2025,3Q,영업이익,601,십억원,incl,2
2026-04-09_유안타증권_LGES,2026-04-09,유안타증권,LGES,소형(+원통형 EV),소형,2025,3Q,매출,1743,십억원,excl,2
2026-04-09_유안타증권_LGES,2026-04-09,유안타증권,LGES,EV,EV,2025,3Q,매출,3404,십억원,excl,2
2026-04-09_유안타증권_LGES,2026-04-09,유안타증권,LGES,ESS,ESS,2025,3Q,매출,553,십억원,excl,2
2026-04-09_유안타증권_LGES,2026-04-09,유안타증권,LGES,소형(+원통형 EV),소형,2025,3Q,영업이익,119,십억원,excl,2
2026-04-09_유안타증권_LGES,2026-04-09,유안타증권,LGES,EV,EV,2025,3Q,영업이익,85,십억원,excl,2
2026-04-09_유안타증권_LGES,2026-04-09,유안타증권,LGES,ESS,ESS,2025,3Q,영업이익,32,십억원,excl,2
2026-04-09_유안타증권_LGES,2026-04-09,유안타증권,LGES,Tax Credit,전사,2025,3Q,AMPC,366,십억원,na,2
2026-04-09_유안타증권_LGES,2026-04-09,유안타증권,LGES,연결,전사,2025,4Q,매출,6142,십억원,excl,2
2026-04-09_유안타증권_LGES,2026-04-09,유안타증권,LGES,연결,전사,2025,4Q,영업이익,-122,십억원,incl,2
2026-04-09_유안타증권_LGES,2026-04-09,유안타증권,LGES,소형(+원통형 EV),소형,2025,4Q,매출,2079,십억원,excl,2
2026-04-09_유안타증권_LGES,2026-04-09,유안타증권,LGES,EV,EV,2025,4Q,매출,2792,십억원,excl,2
2026-04-09_유안타증권_LGES,2026-04-09,유안타증권,LGES,ESS,ESS,2025,4Q,매출,1271,십억원,excl,2
2026-04-09_유안타증권_LGES,2026-04-09,유안타증권,LGES,소형(+원통형 EV),소형,2025,4Q,영업이익,141,십억원,excl,2
2026-04-09_유안타증권_LGES,2026-04-09,유안타증권,LGES,EV,EV,2025,4Q,영업이익,-530,십억원,excl,2
2026-04-09_유안타증권_LGES,2026-04-09,유안타증권,LGES,ESS,ESS,2025,4Q,영업이익,-66,십억원,excl,2
2026-04-09_유안타증권_LGES,2026-04-09,유안타증권,LGES,Tax Credit,전사,2025,4Q,AMPC,333,십억원,na,2
2026-04-09_유안타증권_LGES,2026-04-09,유안타증권,LGES,연결,전사,2026,1Q,매출,6555,십억원,incl,2
2026-04-09_유안타증권_LGES,2026-04-09,유안타증권,LGES,연결,전사,2026,1Q,영업이익,-208,십억원,incl,2
2026-04-09_유안타증권_LGES,2026-04-09,유안타증권,LGES,소형(+원통형 EV),소형,2026,1Q,매출,1996,십억원,excl,2
2026-04-09_유안타증권_LGES,2026-04-09,유안타증권,LGES,EV,EV,2026,1Q,매출,2443,십억원,excl,2
2026-04-09_유안타증권_LGES,2026-04-09,유안타증권,LGES,ESS,ESS,2026,1Q,매출,1927,십억원,excl,2
2026-04-09_유안타증권_LGES,2026-04-09,유안타증권,LGES,소형(+원통형 EV),소형,2026,1Q,영업이익,104,십억원,excl,2
2026-04-09_유안타증권_LGES,2026-04-09,유안타증권,LGES,EV,EV,2026,1Q,영업이익,-503,십억원,excl,2
2026-04-09_유안타증권_LGES,2026-04-09,유안타증권,LGES,ESS,ESS,2026,1Q,영업이익,2,십억원,excl,2
2026-04-09_유안타증권_LGES,2026-04-09,유안타증권,LGES,Tax Credit,전사,2026,1Q,AMPC,190,십억원,na,2
2026-04-09_유안타증권_LGES,2026-04-09,유안타증권,LGES,연결,전사,2026,2Q,매출,6672,십억원,incl,2
2026-04-09_유안타증권_LGES,2026-04-09,유안타증권,LGES,연결,전사,2026,2Q,영업이익,161,십억원,incl,2
2026-04-09_유안타증권_LGES,2026-04-09,유안타증권,LGES,소형(+원통형 EV),소형,2026,2Q,매출,2002,십억원,excl,2
2026-04-09_유안타증권_LGES,2026-04-09,유안타증권,LGES,EV,EV,2026,2Q,매출,2232,십억원,excl,2
2026-04-09_유안타증권_LGES,2026-04-09,유안타증권,LGES,ESS,ESS,2026,2Q,매출,2244,십억원,excl,2
2026-04-09_유안타증권_LGES,2026-04-09,유안타증권,LGES,소형(+원통형 EV),소형,2026,2Q,영업이익,124,십억원,excl,2
2026-04-09_유안타증권_LGES,2026-04-09,유안타증권,LGES,EV,EV,2026,2Q,영업이익,-335,십억원,excl,2
2026-04-09_유안타증권_LGES,2026-04-09,유안타증권,LGES,ESS,ESS,2026,2Q,영업이익,76,십억원,excl,2
2026-04-09_유안타증권_LGES,2026-04-09,유안타증권,LGES,Tax Credit,전사,2026,2Q,AMPC,296,십억원,na,2
2026-04-09_유안타증권_LGES,2026-04-09,유안타증권,LGES,연결,전사,2026,3Q,매출,6999,십억원,incl,2
2026-04-09_유안타증권_LGES,2026-04-09,유안타증권,LGES,연결,전사,2026,3Q,영업이익,257,십억원,incl,2
2026-04-09_유안타증권_LGES,2026-04-09,유안타증권,LGES,소형(+원통형 EV),소형,2026,3Q,매출,2016,십억원,excl,2
2026-04-09_유안타증권_LGES,2026-04-09,유안타증권,LGES,EV,EV,2026,3Q,매출,2441,십억원,excl,2
2026-04-09_유안타증권_LGES,2026-04-09,유안타증권,LGES,ESS,ESS,2026,3Q,매출,2334,십억원,excl,2
2026-04-09_유안타증권_LGES,2026-04-09,유안타증권,LGES,소형(+원통형 EV),소형,2026,3Q,영업이익,125,십억원,excl,2
2026-04-09_유안타증권_LGES,2026-04-09,유안타증권,LGES,EV,EV,2026,3Q,영업이익,-317,십억원,excl,2
2026-04-09_유안타증권_LGES,2026-04-09,유안타증권,LGES,ESS,ESS,2026,3Q,영업이익,130,십억원,excl,2
2026-04-09_유안타증권_LGES,2026-04-09,유안타증권,LGES,Tax Credit,전사,2026,3Q,AMPC,319,십억원,na,2
2026-04-09_유안타증권_LGES,2026-04-09,유안타증권,LGES,연결,전사,2026,4Q,매출,7008,십억원,incl,2
2026-04-09_유안타증권_LGES,2026-04-09,유안타증권,LGES,연결,전사,2026,4Q,영업이익,523,십억원,incl,2
2026-04-09_유안타증권_LGES,2026-04-09,유안타증권,LGES,소형(+원통형 EV),소형,2026,4Q,매출,1583,십억원,excl,2
2026-04-09_유안타증권_LGES,2026-04-09,유안타증권,LGES,EV,EV,2026,4Q,매출,2730,십억원,excl,2
2026-04-09_유안타증권_LGES,2026-04-09,유안타증권,LGES,ESS,ESS,2026,4Q,매출,2471,십억원,excl,2
2026-04-09_유안타증권_LGES,2026-04-09,유안타증권,LGES,소형(+원통형 EV),소형,2026,4Q,영업이익,118,십억원,excl,2
2026-04-09_유안타증권_LGES,2026-04-09,유안타증권,LGES,EV,EV,2026,4Q,영업이익,-125,십억원,excl,2
2026-04-09_유안타증권_LGES,2026-04-09,유안타증권,LGES,ESS,ESS,2026,4Q,영업이익,196,십억원,excl,2
2026-04-09_유안타증권_LGES,2026-04-09,유안타증권,LGES,Tax Credit,전사,2026,4Q,AMPC,334,십억원,na,2
2026-04-09_흥국증권_LGES,2026-04-09,흥국증권,LGES,매출액,전사,2025,1Q,매출,6265,십억원,incl,2
2026-04-09_흥국증권_LGES,2026-04-09,흥국증권,LGES,매출액,전사,2025,2Q,매출,5565,십억원,incl,2
2026-04-09_흥국증권_LGES,2026-04-09,흥국증권,LGES,매출액,전사,2025,3Q,매출,5700,십억원,incl,2
2026-04-09_흥국증권_LGES,2026-04-09,흥국증권,LGES,매출액,전사,2025,4Q,매출,6141,십억원,incl,2
2026-04-09_흥국증권_LGES,2026-04-09,흥국증권,LGES,매출액,전사,2026,1Q,매출,6555,십억원,incl,2
2026-04-09_흥국증권_LGES,2026-04-09,흥국증권,LGES,매출액,전사,2026,2Q,매출,6865,십억원,incl,2
2026-04-09_흥국증권_LGES,2026-04-09,흥국증권,LGES,매출액,전사,2026,3Q,매출,8668,십억원,incl,2
2026-04-09_흥국증권_LGES,2026-04-09,흥국증권,LGES,매출액,전사,2026,4Q,매출,8995,십억원,incl,2
2026-04-09_흥국증권_LGES,2026-04-09,흥국증권,LGES,매출액,전사,2025,FY,매출,23672,십억원,incl,2
2026-04-09_흥국증권_LGES,2026-04-09,흥국증권,LGES,매출액,전사,2026,FY,매출,31083,십억원,incl,2
2026-04-09_흥국증권_LGES,2026-04-09,흥국증권,LGES,소형전지,소형,2025,1Q,매출,1466,십억원,incl,2
2026-04-09_흥국증권_LGES,2026-04-09,흥국증권,LGES,소형전지,소형,2025,2Q,매출,1419,십억원,incl,2
2026-04-09_흥국증권_LGES,2026-04-09,흥국증권,LGES,소형전지,소형,2025,3Q,매출,1626,십억원,incl,2
2026-04-09_흥국증권_LGES,2026-04-09,흥국증권,LGES,소형전지,소형,2025,4Q,매출,1858,십억원,incl,2
2026-04-09_흥국증권_LGES,2026-04-09,흥국증권,LGES,소형전지,소형,2026,1Q,매출,1877,십억원,incl,2
2026-04-09_흥국증권_LGES,2026-04-09,흥국증권,LGES,소형전지,소형,2026,2Q,매출,2014,십억원,incl,2
2026-04-09_흥국증권_LGES,2026-04-09,흥국증권,LGES,소형전지,소형,2026,3Q,매출,2078,십억원,incl,2
2026-04-09_흥국증권_LGES,2026-04-09,흥국증권,LGES,소형전지,소형,2026,4Q,매출,1889,십억원,incl,2
2026-04-09_흥국증권_LGES,2026-04-09,흥국증권,LGES,소형전지,소형,2025,FY,매출,6369,십억원,incl,2
2026-04-09_흥국증권_LGES,2026-04-09,흥국증권,LGES,소형전지,소형,2026,FY,매출,7859,십억원,incl,2
2026-04-09_흥국증권_LGES,2026-04-09,흥국증권,LGES,파우치,소형,2025,1Q,매출,200,십억원,incl,2
2026-04-09_흥국증권_LGES,2026-04-09,흥국증권,LGES,파우치,소형,2025,2Q,매출,140,십억원,incl,2
2026-04-09_흥국증권_LGES,2026-04-09,흥국증권,LGES,파우치,소형,2025,3Q,매출,217,십억원,incl,2
2026-04-09_흥국증권_LGES,2026-04-09,흥국증권,LGES,파우치,소형,2025,4Q,매출,180,십억원,incl,2
2026-04-09_흥국증권_LGES,2026-04-09,흥국증권,LGES,파우치,소형,2026,1Q,매출,146,십억원,incl,2
2026-04-09_흥국증권_LGES,2026-04-09,흥국증권,LGES,파우치,소형,2026,2Q,매출,216,십억원,incl,2
2026-04-09_흥국증권_LGES,2026-04-09,흥국증권,LGES,파우치,소형,2026,3Q,매출,252,십억원,incl,2
2026-04-09_흥국증권_LGES,2026-04-09,흥국증권,LGES,파우치,소형,2026,4Q,매출,176,십억원,incl,2
2026-04-09_흥국증권_LGES,2026-04-09,흥국증권,LGES,파우치,소형,2025,FY,매출,738,십억원,incl,2
2026-04-09_흥국증권_LGES,2026-04-09,흥국증권,LGES,파우치,소형,2026,FY,매출,789,십억원,incl,2
2026-04-09_흥국증권_LGES,2026-04-09,흥국증권,LGES,원통,소형,2025,1Q,매출,1266,십억원,incl,2
2026-04-09_흥국증권_LGES,2026-04-09,흥국증권,LGES,원통,소형,2025,2Q,매출,1279,십억원,incl,2
2026-04-09_흥국증권_LGES,2026-04-09,흥국증권,LGES,원통,소형,2025,3Q,매출,1409,십억원,incl,2
2026-04-09_흥국증권_LGES,2026-04-09,흥국증권,LGES,원통,소형,2025,4Q,매출,1677,십억원,incl,2
2026-04-09_흥국증권_LGES,2026-04-09,흥국증권,LGES,원통,소형,2026,1Q,매출,1732,십억원,incl,2
2026-04-09_흥국증권_LGES,2026-04-09,흥국증권,LGES,원통,소형,2026,2Q,매출,1798,십억원,incl,2
2026-04-09_흥국증권_LGES,2026-04-09,흥국증권,LGES,원통,소형,2026,3Q,매출,1826,십억원,incl,2
2026-04-09_흥국증권_LGES,2026-04-09,흥국증권,LGES,원통,소형,2026,4Q,매출,1714,십억원,incl,2
2026-04-09_흥국증권_LGES,2026-04-09,흥국증권,LGES,원통,소형,2025,FY,매출,5631,십억원,incl,2
2026-04-09_흥국증권_LGES,2026-04-09,흥국증권,LGES,원통,소형,2026,FY,매출,7070,십억원,incl,2
2026-04-09_흥국증권_LGES,2026-04-09,흥국증권,LGES,중대형전지: EV,EV,2025,1Q,매출,4225,십억원,incl,2
2026-04-09_흥국증권_LGES,2026-04-09,흥국증권,LGES,중대형전지: EV,EV,2025,2Q,매출,3648,십억원,incl,2
2026-04-09_흥국증권_LGES,2026-04-09,흥국증권,LGES,중대형전지: EV,EV,2025,3Q,매출,3464,십억원,incl,2
2026-04-09_흥국증권_LGES,2026-04-09,흥국증권,LGES,중대형전지: EV,EV,2025,4Q,매출,3019,십억원,incl,2
2026-04-09_흥국증권_LGES,2026-04-09,흥국증권,LGES,중대형전지: EV,EV,2026,1Q,매출,2419,십억원,incl,2
2026-04-09_흥국증권_LGES,2026-04-09,흥국증권,LGES,중대형전지: EV,EV,2026,2Q,매출,2448,십억원,incl,2
2026-04-09_흥국증권_LGES,2026-04-09,흥국증권,LGES,중대형전지: EV,EV,2026,3Q,매출,2844,십억원,incl,2
2026-04-09_흥국증권_LGES,2026-04-09,흥국증권,LGES,중대형전지: EV,EV,2026,4Q,매출,3114,십억원,incl,2
2026-04-09_흥국증권_LGES,2026-04-09,흥국증권,LGES,중대형전지: EV,EV,2025,FY,매출,14355,십억원,incl,2
2026-04-09_흥국증권_LGES,2026-04-09,흥국증권,LGES,중대형전지: EV,EV,2026,FY,매출,10825,십억원,incl,2
2026-04-09_흥국증권_LGES,2026-04-09,흥국증권,LGES,중대형전지: ESS,ESS,2025,1Q,매출,558,십억원,incl,2
2026-04-09_흥국증권_LGES,2026-04-09,흥국증권,LGES,중대형전지: ESS,ESS,2025,2Q,매출,478,십억원,incl,2
2026-04-09_흥국증권_LGES,2026-04-09,흥국증권,LGES,중대형전지: ESS,ESS,2025,3Q,매출,592,십억원,incl,2
2026-04-09_흥국증권_LGES,2026-04-09,흥국증권,LGES,중대형전지: ESS,ESS,2025,4Q,매출,1246,십억원,incl,2
2026-04-09_흥국증권_LGES,2026-04-09,흥국증권,LGES,중대형전지: ESS,ESS,2026,1Q,매출,2050,십억원,incl,2
2026-04-09_흥국증권_LGES,2026-04-09,흥국증권,LGES,중대형전지: ESS,ESS,2026,2Q,매출,2139,십억원,incl,2
2026-04-09_흥국증권_LGES,2026-04-09,흥국증권,LGES,중대형전지: ESS,ESS,2026,3Q,매출,3229,십억원,incl,2
2026-04-09_흥국증권_LGES,2026-04-09,흥국증권,LGES,중대형전지: ESS,ESS,2026,4Q,매출,3364,십억원,incl,2
2026-04-09_흥국증권_LGES,2026-04-09,흥국증권,LGES,중대형전지: ESS,ESS,2025,FY,매출,2874,십억원,incl,2
2026-04-09_흥국증권_LGES,2026-04-09,흥국증권,LGES,중대형전지: ESS,ESS,2026,FY,매출,10782,십억원,incl,2
2026-04-09_흥국증권_LGES,2026-04-09,흥국증권,LGES,영업이익(AMPC포함),전사,2025,1Q,영업이익,375,십억원,incl,2
2026-04-09_흥국증권_LGES,2026-04-09,흥국증권,LGES,영업이익(AMPC포함),전사,2025,2Q,영업이익,492,십억원,incl,2
2026-04-09_흥국증권_LGES,2026-04-09,흥국증권,LGES,영업이익(AMPC포함),전사,2025,3Q,영업이익,601,십억원,incl,2
2026-04-09_흥국증권_LGES,2026-04-09,흥국증권,LGES,영업이익(AMPC포함),전사,2025,4Q,영업이익,-122,십억원,incl,2
2026-04-09_흥국증권_LGES,2026-04-09,흥국증권,LGES,영업이익(AMPC포함),전사,2026,1Q,영업이익,-208,십억원,incl,2
2026-04-09_흥국증권_LGES,2026-04-09,흥국증권,LGES,영업이익(AMPC포함),전사,2026,2Q,영업이익,19,십억원,incl,2
2026-04-09_흥국증권_LGES,2026-04-09,흥국증권,LGES,영업이익(AMPC포함),전사,2026,3Q,영업이익,628,십억원,incl,2
2026-04-09_흥국증권_LGES,2026-04-09,흥국증권,LGES,영업이익(AMPC포함),전사,2026,4Q,영업이익,834,십억원,incl,2
2026-04-09_흥국증권_LGES,2026-04-09,흥국증권,LGES,영업이익(AMPC포함),전사,2025,FY,영업이익,1346,십억원,incl,2
2026-04-09_흥국증권_LGES,2026-04-09,흥국증권,LGES,영업이익(AMPC포함),전사,2026,FY,영업이익,1273,십억원,incl,2
2026-04-09_흥국증권_LGES,2026-04-09,흥국증권,LGES,IRA AMPC,전사,2025,1Q,AMPC,458,십억원,na,2
2026-04-09_흥국증권_LGES,2026-04-09,흥국증권,LGES,IRA AMPC,전사,2025,2Q,AMPC,491,십억원,na,2
2026-04-09_흥국증권_LGES,2026-04-09,흥국증권,LGES,IRA AMPC,전사,2025,3Q,AMPC,365,십억원,na,2
2026-04-09_흥국증권_LGES,2026-04-09,흥국증권,LGES,IRA AMPC,전사,2025,4Q,AMPC,333,십억원,na,2
2026-04-09_흥국증권_LGES,2026-04-09,흥국증권,LGES,IRA AMPC,전사,2026,1Q,AMPC,190,십억원,na,2
2026-04-09_흥국증권_LGES,2026-04-09,흥국증권,LGES,IRA AMPC,전사,2026,2Q,AMPC,244,십억원,na,2
2026-04-09_흥국증권_LGES,2026-04-09,흥국증권,LGES,IRA AMPC,전사,2026,3Q,AMPC,496,십억원,na,2
2026-04-09_흥국증권_LGES,2026-04-09,흥국증권,LGES,IRA AMPC,전사,2026,4Q,AMPC,606,십억원,na,2
2026-04-09_흥국증권_LGES,2026-04-09,흥국증권,LGES,IRA AMPC,전사,2025,FY,AMPC,1647,십억원,na,2
2026-04-09_흥국증권_LGES,2026-04-09,흥국증권,LGES,IRA AMPC,전사,2026,FY,AMPC,1536,십억원,na,2
2026-04-09_흥국증권_LGES,2026-04-09,흥국증권,LGES,본영업이익,전사,2025,1Q,영업이익,-83,십억원,excl,2
2026-04-09_흥국증권_LGES,2026-04-09,흥국증권,LGES,본영업이익,전사,2025,2Q,영업이익,1,십억원,excl,2
2026-04-09_흥국증권_LGES,2026-04-09,흥국증권,LGES,본영업이익,전사,2025,3Q,영업이익,236,십억원,excl,2
2026-04-09_흥국증권_LGES,2026-04-09,흥국증권,LGES,본영업이익,전사,2025,4Q,영업이익,-455,십억원,excl,2
2026-04-09_흥국증권_LGES,2026-04-09,흥국증권,LGES,본영업이익,전사,2026,1Q,영업이익,-398,십억원,excl,2
2026-04-09_흥국증권_LGES,2026-04-09,흥국증권,LGES,본영업이익,전사,2026,2Q,영업이익,-226,십억원,excl,2
2026-04-09_흥국증권_LGES,2026-04-09,흥국증권,LGES,본영업이익,전사,2026,3Q,영업이익,131,십억원,excl,2
2026-04-09_흥국증권_LGES,2026-04-09,흥국증권,LGES,본영업이익,전사,2026,4Q,영업이익,229,십억원,excl,2
2026-04-09_흥국증권_LGES,2026-04-09,흥국증권,LGES,본영업이익,전사,2025,FY,영업이익,-301,십억원,excl,2
2026-04-09_흥국증권_LGES,2026-04-09,흥국증권,LGES,본영업이익,전사,2026,FY,영업이익,-263,십억원,excl,2
2026-04-09_흥국증권_LGES,2026-04-09,흥국증권,LGES,매출액,전사,2024,FY,매출,25620,십억원,excl,3
2026-04-09_흥국증권_LGES,2026-04-09,흥국증권,LGES,영업이익(전사),전사,2024,FY,영업이익,575,십억원,incl_unknown,3
2026-04-09_흥국증권_LGES,2026-04-09,흥국증권,LGES,매출액,전사,2027,FY,매출,39697,십억원,excl,3
2026-04-09_흥국증권_LGES,2026-04-09,흥국증권,LGES,영업이익(전사),전사,2027,FY,영업이익,5151,십억원,incl_unknown,3
2026-04-09_흥국증권_LGES,2026-04-09,흥국증권,LGES,매출액,전사,2028,FY,매출,50972,십억원,excl,3
2026-04-09_흥국증권_LGES,2026-04-09,흥국증권,LGES,영업이익(전사),전사,2028,FY,영업이익,6180,십억원,incl_unknown,3
2026-05-04_DB증권_LGES,2026-05-04,DB증권,LGES,매출 및 ampc,전사,2025,1Q,매출,6723,십억원,incl,2
2026-05-04_DB증권_LGES,2026-05-04,DB증권,LGES,매출 및 ampc,전사,2025,2Q,매출,6056,십억원,incl,2
2026-05-04_DB증권_LGES,2026-05-04,DB증권,LGES,매출 및 ampc,전사,2025,3Q,매출,6065,십억원,incl,2
2026-05-04_DB증권_LGES,2026-05-04,DB증권,LGES,매출 및 ampc,전사,2025,4Q,매출,6474,십억원,incl,2
2026-05-04_DB증권_LGES,2026-05-04,DB증권,LGES,매출 및 ampc,전사,2026,1Q,매출,6555,십억원,incl,2
2026-05-04_DB증권_LGES,2026-05-04,DB증권,LGES,매출 및 ampc,전사,2026,2Q,매출,7398,십억원,incl,2
2026-05-04_DB증권_LGES,2026-05-04,DB증권,LGES,매출 및 ampc,전사,2026,3Q,매출,9199,십억원,incl,2
2026-05-04_DB증권_LGES,2026-05-04,DB증권,LGES,매출 및 ampc,전사,2026,4Q,매출,10684,십억원,incl,2
2026-05-04_DB증권_LGES,2026-05-04,DB증권,LGES,매출 및 ampc,전사,2025,FY,매출,25319,십억원,incl,2
2026-05-04_DB증권_LGES,2026-05-04,DB증권,LGES,매출 및 ampc,전사,2026,FY,매출,33835,십억원,incl,2
2026-05-04_DB증권_LGES,2026-05-04,DB증권,LGES,매출 및 ampc,전사,2027,FY,매출,55014,십억원,incl,2
2026-05-04_DB증권_LGES,2026-05-04,DB증권,LGES,소형,소형,2025,1Q,매출,1654,십억원,excl,2
2026-05-04_DB증권_LGES,2026-05-04,DB증권,LGES,소형,소형,2025,2Q,매출,1561,십억원,excl,2
2026-05-04_DB증권_LGES,2026-05-04,DB증권,LGES,소형,소형,2025,3Q,매출,1728,십억원,excl,2
2026-05-04_DB증권_LGES,2026-05-04,DB증권,LGES,소형,소형,2025,4Q,매출,2003,십억원,excl,2
2026-05-04_DB증권_LGES,2026-05-04,DB증권,LGES,소형,소형,2026,1Q,매출,1941,십억원,excl,2
2026-05-04_DB증권_LGES,2026-05-04,DB증권,LGES,소형,소형,2026,2Q,매출,2038,십억원,excl,2
2026-05-04_DB증권_LGES,2026-05-04,DB증권,LGES,소형,소형,2026,3Q,매출,2418,십억원,excl,2
2026-05-04_DB증권_LGES,2026-05-04,DB증권,LGES,소형,소형,2026,4Q,매출,2561,십억원,excl,2
2026-05-04_DB증권_LGES,2026-05-04,DB증권,LGES,소형,소형,2025,FY,매출,6945,십억원,excl,2
2026-05-04_DB증권_LGES,2026-05-04,DB증권,LGES,소형,소형,2026,FY,매출,8958,십억원,excl,2
2026-05-04_DB증권_LGES,2026-05-04,DB증권,LGES,소형,소형,2027,FY,매출,12464,십억원,excl,2
2026-05-04_DB증권_LGES,2026-05-04,DB증권,LGES,중대형,중대형,2025,1Q,매출,4611,십억원,excl,2
2026-05-04_DB증권_LGES,2026-05-04,DB증권,LGES,중대형,중대형,2025,2Q,매출,4005,십억원,excl,2
2026-05-04_DB증권_LGES,2026-05-04,DB증권,LGES,중대형,중대형,2025,3Q,매출,3972,십억원,excl,2
2026-05-04_DB증권_LGES,2026-05-04,DB증권,LGES,중대형,중대형,2025,4Q,매출,4138,십억원,excl,2
2026-05-04_DB증권_LGES,2026-05-04,DB증권,LGES,중대형,중대형,2026,1Q,매출,4424,십억원,excl,2
2026-05-04_DB증권_LGES,2026-05-04,DB증권,LGES,중대형,중대형,2026,2Q,매출,5068,십억원,excl,2
2026-05-04_DB증권_LGES,2026-05-04,DB증권,LGES,중대형,중대형,2026,3Q,매출,6397,십억원,excl,2
2026-05-04_DB증권_LGES,2026-05-04,DB증권,LGES,중대형,중대형,2026,4Q,매출,7681,십억원,excl,2
2026-05-04_DB증권_LGES,2026-05-04,DB증권,LGES,중대형,중대형,2025,FY,매출,16727,십억원,excl,2
2026-05-04_DB증권_LGES,2026-05-04,DB증권,LGES,중대형,중대형,2026,FY,매출,23570,십억원,excl,2
2026-05-04_DB증권_LGES,2026-05-04,DB증권,LGES,중대형,중대형,2027,FY,매출,39765,십억원,excl,2
2026-05-04_DB증권_LGES,2026-05-04,DB증권,LGES,-EV,EV,2025,1Q,매출,4301,십억원,excl,2
2026-05-04_DB증권_LGES,2026-05-04,DB증권,LGES,-EV,EV,2025,2Q,매출,3780,십억원,excl,2
2026-05-04_DB증권_LGES,2026-05-04,DB증권,LGES,-EV,EV,2025,3Q,매출,3041,십억원,excl,2
2026-05-04_DB증권_LGES,2026-05-04,DB증권,LGES,-EV,EV,2025,4Q,매출,2865,십억원,excl,2
2026-05-04_DB증권_LGES,2026-05-04,DB증권,LGES,-EV,EV,2026,1Q,매출,2862,십억원,excl,2
2026-05-04_DB증권_LGES,2026-05-04,DB증권,LGES,-EV,EV,2026,2Q,매출,2687,십억원,excl,2
2026-05-04_DB증권_LGES,2026-05-04,DB증권,LGES,-EV,EV,2026,3Q,매출,3620,십억원,excl,2
2026-05-04_DB증권_LGES,2026-05-04,DB증권,LGES,-EV,EV,2026,4Q,매출,4358,십억원,excl,2
2026-05-04_DB증권_LGES,2026-05-04,DB증권,LGES,-EV,EV,2025,FY,매출,13987,십억원,excl,2
2026-05-04_DB증권_LGES,2026-05-04,DB증권,LGES,-EV,EV,2026,FY,매출,13527,십억원,excl,2
2026-05-04_DB증권_LGES,2026-05-04,DB증권,LGES,-EV,EV,2027,FY,매출,23710,십억원,excl,2
2026-05-04_DB증권_LGES,2026-05-04,DB증권,LGES,-ESS,ESS,2025,1Q,매출,311,십억원,excl,2
2026-05-04_DB증권_LGES,2026-05-04,DB증권,LGES,-ESS,ESS,2025,2Q,매출,225,십억원,excl,2
2026-05-04_DB증권_LGES,2026-05-04,DB증권,LGES,-ESS,ESS,2025,3Q,매출,931,십억원,excl,2
2026-05-04_DB증권_LGES,2026-05-04,DB증권,LGES,-ESS,ESS,2025,4Q,매출,1273,십억원,excl,2
2026-05-04_DB증권_LGES,2026-05-04,DB증권,LGES,-ESS,ESS,2026,1Q,매출,1562,십억원,excl,2
2026-05-04_DB증권_LGES,2026-05-04,DB증권,LGES,-ESS,ESS,2026,2Q,매출,2381,십억원,excl,2
2026-05-04_DB증권_LGES,2026-05-04,DB증권,LGES,-ESS,ESS,2026,3Q,매출,2776,십억원,excl,2
2026-05-04_DB증권_LGES,2026-05-04,DB증권,LGES,-ESS,ESS,2026,4Q,매출,3323,십억원,excl,2
2026-05-04_DB증권_LGES,2026-05-04,DB증권,LGES,-ESS,ESS,2025,FY,매출,2740,십억원,excl,2
2026-05-04_DB증권_LGES,2026-05-04,DB증권,LGES,-ESS,ESS,2026,FY,매출,10042,십억원,excl,2
2026-05-04_DB증권_LGES,2026-05-04,DB증권,LGES,-ESS,ESS,2027,FY,매출,16055,십억원,excl,2
2026-05-04_DB증권_LGES,2026-05-04,DB증권,LGES,매출,전사,2025,1Q,매출,6265,십억원,excl,2
2026-05-04_DB증권_LGES,2026-05-04,DB증권,LGES,매출,전사,2025,2Q,매출,5565,십억원,excl,2
2026-05-04_DB증권_LGES,2026-05-04,DB증권,LGES,매출,전사,2025,3Q,매출,5700,십억원,excl,2
2026-05-04_DB증권_LGES,2026-05-04,DB증권,LGES,매출,전사,2025,4Q,매출,6141,십억원,excl,2
2026-05-04_DB증권_LGES,2026-05-04,DB증권,LGES,매출,전사,2026,1Q,매출,6365,십억원,excl,2
2026-05-04_DB증권_LGES,2026-05-04,DB증권,LGES,매출,전사,2026,2Q,매출,6813,십억원,excl,2
2026-05-04_DB증권_LGES,2026-05-04,DB증권,LGES,매출,전사,2026,3Q,매출,8431,십억원,excl,2
2026-05-04_DB증권_LGES,2026-05-04,DB증권,LGES,매출,전사,2026,4Q,매출,9801,십억원,excl,2
2026-05-04_DB증권_LGES,2026-05-04,DB증권,LGES,매출,전사,2025,FY,매출,23672,십억원,excl,2
2026-05-04_DB증권_LGES,2026-05-04,DB증권,LGES,매출,전사,2026,FY,매출,31410,십억원,excl,2
2026-05-04_DB증권_LGES,2026-05-04,DB증권,LGES,매출,전사,2027,FY,매출,49445,십억원,excl,2
2026-05-04_DB증권_LGES,2026-05-04,DB증권,LGES,AMPC,전사,2025,1Q,AMPC,458,십억원,na,2
2026-05-04_DB증권_LGES,2026-05-04,DB증권,LGES,AMPC,전사,2025,2Q,AMPC,491,십억원,na,2
2026-05-04_DB증권_LGES,2026-05-04,DB증권,LGES,AMPC,전사,2025,3Q,AMPC,366,십억원,na,2
2026-05-04_DB증권_LGES,2026-05-04,DB증권,LGES,AMPC,전사,2025,4Q,AMPC,333,십억원,na,2
2026-05-04_DB증권_LGES,2026-05-04,DB증권,LGES,AMPC,전사,2026,1Q,AMPC,190,십억원,na,2
2026-05-04_DB증권_LGES,2026-05-04,DB증권,LGES,AMPC,전사,2026,2Q,AMPC,292,십억원,na,2
2026-05-04_DB증권_LGES,2026-05-04,DB증권,LGES,AMPC,전사,2026,3Q,AMPC,384,십억원,na,2
2026-05-04_DB증권_LGES,2026-05-04,DB증권,LGES,AMPC,전사,2026,4Q,AMPC,441,십억원,na,2
2026-05-04_DB증권_LGES,2026-05-04,DB증권,LGES,AMPC,전사,2025,FY,AMPC,1647,십억원,na,2
2026-05-04_DB증권_LGES,2026-05-04,DB증권,LGES,AMPC,전사,2026,FY,AMPC,1307,십억원,na,2
2026-05-04_DB증권_LGES,2026-05-04,DB증권,LGES,AMPC,전사,2027,FY,AMPC,2784,십억원,na,2
2026-05-04_DB증권_LGES,2026-05-04,DB증권,LGES,-EV AMPC,EV,2025,1Q,AMPC,458,십억원,na,2
2026-05-04_DB증권_LGES,2026-05-04,DB증권,LGES,-EV AMPC,EV,2025,2Q,AMPC,410,십억원,na,2
2026-05-04_DB증권_LGES,2026-05-04,DB증권,LGES,-EV AMPC,EV,2025,3Q,AMPC,228,십억원,na,2
2026-05-04_DB증권_LGES,2026-05-04,DB증권,LGES,-EV AMPC,EV,2025,4Q,AMPC,22,십억원,na,2
2026-05-04_DB증권_LGES,2026-05-04,DB증권,LGES,-EV AMPC,EV,2026,1Q,AMPC,12,십억원,na,2
2026-05-04_DB증권_LGES,2026-05-04,DB증권,LGES,-EV AMPC,EV,2026,2Q,AMPC,48,십억원,na,2
2026-05-04_DB증권_LGES,2026-05-04,DB증권,LGES,-EV AMPC,EV,2026,3Q,AMPC,106,십억원,na,2
2026-05-04_DB증권_LGES,2026-05-04,DB증권,LGES,-EV AMPC,EV,2026,4Q,AMPC,150,십억원,na,2
2026-05-04_DB증권_LGES,2026-05-04,DB증권,LGES,-EV AMPC,EV,2025,FY,AMPC,1118,십억원,na,2
2026-05-04_DB증권_LGES,2026-05-04,DB증권,LGES,-EV AMPC,EV,2026,FY,AMPC,315,십억원,na,2
2026-05-04_DB증권_LGES,2026-05-04,DB증권,LGES,-EV AMPC,EV,2027,FY,AMPC,1393,십억원,na,2
2026-05-04_DB증권_LGES,2026-05-04,DB증권,LGES,-ESS AMPC,ESS,2025,2Q,AMPC,81,십억원,na,2
2026-05-04_DB증권_LGES,2026-05-04,DB증권,LGES,-ESS AMPC,ESS,2025,3Q,AMPC,138,십억원,na,2
2026-05-04_DB증권_LGES,2026-05-04,DB증권,LGES,-ESS AMPC,ESS,2025,4Q,AMPC,310,십억원,na,2
2026-05-04_DB증권_LGES,2026-05-04,DB증권,LGES,-ESS AMPC,ESS,2026,1Q,AMPC,178,십억원,na,2
2026-05-04_DB증권_LGES,2026-05-04,DB증권,LGES,-ESS AMPC,ESS,2026,2Q,AMPC,244,십억원,na,2
2026-05-04_DB증권_LGES,2026-05-04,DB증권,LGES,-ESS AMPC,ESS,2026,3Q,AMPC,278,십억원,na,2
2026-05-04_DB증권_LGES,2026-05-04,DB증권,LGES,-ESS AMPC,ESS,2026,4Q,AMPC,292,십억원,na,2
2026-05-04_DB증권_LGES,2026-05-04,DB증권,LGES,-ESS AMPC,ESS,2025,FY,AMPC,529,십억원,na,2
2026-05-04_DB증권_LGES,2026-05-04,DB증권,LGES,-ESS AMPC,ESS,2026,FY,AMPC,992,십억원,na,2
2026-05-04_DB증권_LGES,2026-05-04,DB증권,LGES,-ESS AMPC,ESS,2027,FY,AMPC,1391,십억원,na,2
2026-05-04_DB증권_LGES,2026-05-04,DB증권,LGES,영업이익,전사,2025,1Q,영업이익,375,십억원,incl,2
2026-05-04_DB증권_LGES,2026-05-04,DB증권,LGES,영업이익,전사,2025,2Q,영업이익,492,십억원,incl,2
2026-05-04_DB증권_LGES,2026-05-04,DB증권,LGES,영업이익,전사,2025,3Q,영업이익,601,십억원,incl,2
2026-05-04_DB증권_LGES,2026-05-04,DB증권,LGES,영업이익,전사,2025,4Q,영업이익,-122,십억원,incl,2
2026-05-04_DB증권_LGES,2026-05-04,DB증권,LGES,영업이익,전사,2026,1Q,영업이익,-208,십억원,incl,2
2026-05-04_DB증권_LGES,2026-05-04,DB증권,LGES,영업이익,전사,2026,2Q,영업이익,54,십억원,incl,2
2026-05-04_DB증권_LGES,2026-05-04,DB증권,LGES,영업이익,전사,2026,3Q,영업이익,96,십억원,incl,2
2026-05-04_DB증권_LGES,2026-05-04,DB증권,LGES,영업이익,전사,2026,4Q,영업이익,194,십억원,incl,2
2026-05-04_DB증권_LGES,2026-05-04,DB증권,LGES,영업이익,전사,2025,FY,영업이익,1346,십억원,incl,2
2026-05-04_DB증권_LGES,2026-05-04,DB증권,LGES,영업이익,전사,2026,FY,영업이익,136,십억원,incl,2
2026-05-04_DB증권_LGES,2026-05-04,DB증권,LGES,영업이익,전사,2027,FY,영업이익,2503,십억원,incl,2
2026-05-04_DB증권_LGES,2026-05-04,DB증권,LGES,소형(영업이익),소형,2025,1Q,영업이익,96,십억원,excl,2
2026-05-04_DB증권_LGES,2026-05-04,DB증권,LGES,소형(영업이익),소형,2025,2Q,영업이익,74,십억원,excl,2
2026-05-04_DB증권_LGES,2026-05-04,DB증권,LGES,소형(영업이익),소형,2025,3Q,영업이익,101,십억원,excl,2
2026-05-04_DB증권_LGES,2026-05-04,DB증권,LGES,소형(영업이익),소형,2025,4Q,영업이익,136,십억원,excl,2
2026-05-04_DB증권_LGES,2026-05-04,DB증권,LGES,소형(영업이익),소형,2026,1Q,영업이익,99,십억원,excl,2
2026-05-04_DB증권_LGES,2026-05-04,DB증권,LGES,소형(영업이익),소형,2026,2Q,영업이익,115,십억원,excl,2
2026-05-04_DB증권_LGES,2026-05-04,DB증권,LGES,소형(영업이익),소형,2026,3Q,영업이익,167,십억원,excl,2
2026-05-04_DB증권_LGES,2026-05-04,DB증권,LGES,소형(영업이익),소형,2026,4Q,영업이익,190,십억원,excl,2
2026-05-04_DB증권_LGES,2026-05-04,DB증권,LGES,소형(영업이익),소형,2025,FY,영업이익,407,십억원,excl,2
2026-05-04_DB증권_LGES,2026-05-04,DB증권,LGES,소형(영업이익),소형,2026,FY,영업이익,572,십억원,excl,2
2026-05-04_DB증권_LGES,2026-05-04,DB증권,LGES,소형(영업이익),소형,2027,FY,영업이익,939,십억원,excl,2
2026-05-04_DB증권_LGES,2026-05-04,DB증권,LGES,EV(영업이익),EV,2025,1Q,영업이익,314,십억원,incl,2
2026-05-04_DB증권_LGES,2026-05-04,DB증권,LGES,EV(영업이익),EV,2025,2Q,영업이익,336,십억원,incl,2
2026-05-04_DB증권_LGES,2026-05-04,DB증권,LGES,EV(영업이익),EV,2025,3Q,영업이익,310,십억원,incl,2
2026-05-04_DB증권_LGES,2026-05-04,DB증권,LGES,EV(영업이익),EV,2025,4Q,영업이익,-459,십억원,incl,2
2026-05-04_DB증권_LGES,2026-05-04,DB증권,LGES,EV(영업이익),EV,2026,1Q,영업이익,-305,십억원,incl,2
2026-05-04_DB증권_LGES,2026-05-04,DB증권,LGES,EV(영업이익),EV,2026,2Q,영업이익,57,십억원,incl,2
2026-05-04_DB증권_LGES,2026-05-04,DB증권,LGES,EV(영업이익),EV,2026,3Q,영업이익,79,십억원,incl,2
2026-05-04_DB증권_LGES,2026-05-04,DB증권,LGES,EV(영업이익),EV,2026,4Q,영업이익,84,십억원,incl,2
2026-05-04_DB증권_LGES,2026-05-04,DB증권,LGES,EV(영업이익),EV,2025,FY,영업이익,501,십억원,incl,2
2026-05-04_DB증권_LGES,2026-05-04,DB증권,LGES,EV(영업이익),EV,2026,FY,영업이익,-85,십억원,incl,2
2026-05-04_DB증권_LGES,2026-05-04,DB증권,LGES,EV(영업이익),EV,2027,FY,영업이익,2150,십억원,incl,2
2026-05-04_DB증권_LGES,2026-05-04,DB증권,LGES,ESS(영업이익),ESS,2025,1Q,영업이익,0,십억원,incl,2
2026-05-04_DB증권_LGES,2026-05-04,DB증권,LGES,ESS(영업이익),ESS,2025,2Q,영업이익,82,십억원,incl,2
2026-05-04_DB증권_LGES,2026-05-04,DB증권,LGES,ESS(영업이익),ESS,2025,3Q,영업이익,191,십억원,incl,2
2026-05-04_DB증권_LGES,2026-05-04,DB증권,LGES,ESS(영업이익),ESS,2025,4Q,영업이익,201,십억원,incl,2
2026-05-04_DB증권_LGES,2026-05-04,DB증권,LGES,ESS(영업이익),ESS,2026,1Q,영업이익,-2,십억원,incl,2
2026-05-04_DB증권_LGES,2026-05-04,DB증권,LGES,ESS(영업이익),ESS,2026,2Q,영업이익,174,십억원,incl,2
2026-05-04_DB증권_LGES,2026-05-04,DB증권,LGES,ESS(영업이익),ESS,2026,3Q,영업이익,234,십억원,incl,2
2026-05-04_DB증권_LGES,2026-05-04,DB증권,LGES,ESS(영업이익),ESS,2026,4Q,영업이익,362,십억원,incl,2
2026-05-04_DB증권_LGES,2026-05-04,DB증권,LGES,ESS(영업이익),ESS,2025,FY,영업이익,474,십억원,incl,2
2026-05-04_DB증권_LGES,2026-05-04,DB증권,LGES,ESS(영업이익),ESS,2026,FY,영업이익,767,십억원,incl,2
2026-05-04_DB증권_LGES,2026-05-04,DB증권,LGES,ESS(영업이익),ESS,2027,FY,영업이익,2199,십억원,incl,2
2026-05-04_DB증권_LGES,2026-05-04,DB증권,LGES,매출액,전사,2024,FY,매출,25620,십억원,excl,1
2026-05-04_DB증권_LGES,2026-05-04,DB증권,LGES,영업이익,전사,2024,FY,영업이익,575,십억원,excl,1
2026-05-04_DB증권_LGES,2026-05-04,DB증권,LGES,매출액,전사,2028,FY,매출,55961,십억원,excl,1
2026-05-04_DB증권_LGES,2026-05-04,DB증권,LGES,영업이익,전사,2028,FY,영업이익,3981,십억원,excl,1
2026-05-04_DS투자증권_LGES,2026-05-04,DS투자증권,LGES,매출액,전사,2025,1Q,매출,6723,십억원,incl_unknown,2
2026-05-04_DS투자증권_LGES,2026-05-04,DS투자증권,LGES,매출액,전사,2025,2Q,매출,6056,십억원,incl_unknown,2
2026-05-04_DS투자증권_LGES,2026-05-04,DS투자증권,LGES,매출액,전사,2025,3Q,매출,6064,십억원,incl_unknown,2
2026-05-04_DS투자증권_LGES,2026-05-04,DS투자증권,LGES,매출액,전사,2025,4Q,매출,6474,십억원,incl_unknown,2
2026-05-04_DS투자증권_LGES,2026-05-04,DS투자증권,LGES,매출액,전사,2026,1Q,매출,6555,십억원,incl_unknown,2
2026-05-04_DS투자증권_LGES,2026-05-04,DS투자증권,LGES,매출액,전사,2026,2Q,매출,7221,십억원,incl_unknown,2
2026-05-04_DS투자증권_LGES,2026-05-04,DS투자증권,LGES,매출액,전사,2026,3Q,매출,8064,십억원,incl_unknown,2
2026-05-04_DS투자증권_LGES,2026-05-04,DS투자증권,LGES,매출액,전사,2026,4Q,매출,8953,십억원,incl_unknown,2
2026-05-04_DS투자증권_LGES,2026-05-04,DS투자증권,LGES,매출액,전사,2024,FY,매출,25620,십억원,incl_unknown,1
2026-05-04_DS투자증권_LGES,2026-05-04,DS투자증권,LGES,매출액,전사,2025,FY,매출,25318,십억원,incl_unknown,2
2026-05-04_DS투자증권_LGES,2026-05-04,DS투자증권,LGES,매출액,전사,2026,FY,매출,30793,십억원,incl_unknown,2
2026-05-04_DS투자증권_LGES,2026-05-04,DS투자증권,LGES,매출액,전사,2027,FY,매출,42377,십억원,incl_unknown,2
2026-05-04_DS투자증권_LGES,2026-05-04,DS투자증권,LGES,영업이익,전사,2025,1Q,영업이익,375,십억원,incl,2
2026-05-04_DS투자증권_LGES,2026-05-04,DS투자증권,LGES,영업이익,전사,2025,2Q,영업이익,492,십억원,incl,2
2026-05-04_DS투자증권_LGES,2026-05-04,DS투자증권,LGES,영업이익,전사,2025,3Q,영업이익,600,십억원,incl,2
2026-05-04_DS투자증권_LGES,2026-05-04,DS투자증권,LGES,영업이익,전사,2025,4Q,영업이익,-122,십억원,incl,2
2026-05-04_DS투자증권_LGES,2026-05-04,DS투자증권,LGES,영업이익,전사,2026,1Q,영업이익,-208,십억원,incl,2
2026-05-04_DS투자증권_LGES,2026-05-04,DS투자증권,LGES,영업이익,전사,2026,2Q,영업이익,246,십억원,incl,2
2026-05-04_DS투자증권_LGES,2026-05-04,DS투자증권,LGES,영업이익,전사,2026,3Q,영업이익,568,십억원,incl,2
2026-05-04_DS투자증권_LGES,2026-05-04,DS투자증권,LGES,영업이익,전사,2026,4Q,영업이익,894,십억원,incl,2
2026-05-04_DS투자증권_LGES,2026-05-04,DS투자증권,LGES,영업이익,전사,2024,FY,영업이익,575,십억원,incl,1
2026-05-04_DS투자증권_LGES,2026-05-04,DS투자증권,LGES,영업이익,전사,2025,FY,영업이익,1345,십억원,incl,2
2026-05-04_DS투자증권_LGES,2026-05-04,DS투자증권,LGES,영업이익,전사,2026,FY,영업이익,1500,십억원,incl,2
2026-05-04_DS투자증권_LGES,2026-05-04,DS투자증권,LGES,영업이익,전사,2027,FY,영업이익,5526,십억원,incl,2
2026-05-04_DS투자증권_LGES,2026-05-04,DS투자증권,LGES,AMPC,전사,2025,1Q,AMPC,458,십억원,na,2
2026-05-04_DS투자증권_LGES,2026-05-04,DS투자증권,LGES,AMPC,전사,2025,2Q,AMPC,491,십억원,na,2
2026-05-04_DS투자증권_LGES,2026-05-04,DS투자증권,LGES,AMPC,전사,2025,3Q,AMPC,365,십억원,na,2
2026-05-04_DS투자증권_LGES,2026-05-04,DS투자증권,LGES,AMPC,전사,2025,4Q,AMPC,333,십억원,na,2
2026-05-04_DS투자증권_LGES,2026-05-04,DS투자증권,LGES,AMPC,전사,2026,1Q,AMPC,190,십억원,na,2
2026-05-04_DS투자증권_LGES,2026-05-04,DS투자증권,LGES,AMPC,전사,2026,2Q,AMPC,286,십억원,na,2
2026-05-04_DS투자증권_LGES,2026-05-04,DS투자증권,LGES,AMPC,전사,2026,3Q,AMPC,503,십억원,na,2
2026-05-04_DS투자증권_LGES,2026-05-04,DS투자증권,LGES,AMPC,전사,2026,4Q,AMPC,662,십억원,na,2
2026-05-04_DS투자증권_LGES,2026-05-04,DS투자증권,LGES,AMPC,전사,2025,FY,AMPC,1646,십억원,na,2
2026-05-04_DS투자증권_LGES,2026-05-04,DS투자증권,LGES,AMPC,전사,2026,FY,AMPC,1641,십억원,na,2
2026-05-04_DS투자증권_LGES,2026-05-04,DS투자증권,LGES,AMPC,전사,2027,FY,AMPC,4093,십억원,na,2
2026-05-04_DS투자증권_LGES,2026-05-04,DS투자증권,LGES,수정영업이익(AMPC제외),전사,2025,1Q,영업이익,-83,십억원,excl,2
2026-05-04_DS투자증권_LGES,2026-05-04,DS투자증권,LGES,수정영업이익(AMPC제외),전사,2025,2Q,영업이익,1,십억원,excl,2
2026-05-04_DS투자증권_LGES,2026-05-04,DS투자증권,LGES,수정영업이익(AMPC제외),전사,2025,3Q,영업이익,236,십억원,excl,2
2026-05-04_DS투자증권_LGES,2026-05-04,DS투자증권,LGES,수정영업이익(AMPC제외),전사,2025,4Q,영업이익,-455,십억원,excl,2
2026-05-04_DS투자증권_LGES,2026-05-04,DS투자증권,LGES,수정영업이익(AMPC제외),전사,2026,1Q,영업이익,-398,십억원,excl,2
2026-05-04_DS투자증권_LGES,2026-05-04,DS투자증권,LGES,수정영업이익(AMPC제외),전사,2026,2Q,영업이익,-40,십억원,excl,2
2026-05-04_DS투자증권_LGES,2026-05-04,DS투자증권,LGES,수정영업이익(AMPC제외),전사,2026,3Q,영업이익,64,십억원,excl,2
2026-05-04_DS투자증권_LGES,2026-05-04,DS투자증권,LGES,수정영업이익(AMPC제외),전사,2026,4Q,영업이익,232,십억원,excl,2
2026-05-04_DS투자증권_LGES,2026-05-04,DS투자증권,LGES,수정영업이익(AMPC제외),전사,2025,FY,영업이익,-301,십억원,excl,2
2026-05-04_DS투자증권_LGES,2026-05-04,DS투자증권,LGES,수정영업이익(AMPC제외),전사,2026,FY,영업이익,-141,십억원,excl,2
2026-05-04_DS투자증권_LGES,2026-05-04,DS투자증권,LGES,수정영업이익(AMPC제외),전사,2027,FY,영업이익,1434,십억원,excl,2
2026-05-04_DS투자증권_LGES,2026-05-04,DS투자증권,LGES,소형,소형,2025,1Q,매출,1734,십억원,incl_unknown,2
2026-05-04_DS투자증권_LGES,2026-05-04,DS투자증권,LGES,소형,소형,2025,2Q,매출,1672,십억원,incl_unknown,2
2026-05-04_DS투자증권_LGES,2026-05-04,DS투자증권,LGES,소형,소형,2025,3Q,매출,1864,십억원,incl_unknown,2
2026-05-04_DS투자증권_LGES,2026-05-04,DS투자증권,LGES,소형,소형,2025,4Q,매출,2141,십억원,incl_unknown,2
2026-05-04_DS투자증권_LGES,2026-05-04,DS투자증권,LGES,소형,소형,2026,1Q,매출,2206,십억원,incl_unknown,2
2026-05-04_DS투자증권_LGES,2026-05-04,DS투자증권,LGES,소형,소형,2026,2Q,매출,2292,십억원,incl_unknown,2
2026-05-04_DS투자증권_LGES,2026-05-04,DS투자증권,LGES,소형,소형,2026,3Q,매출,2316,십억원,incl_unknown,2
2026-05-04_DS투자증권_LGES,2026-05-04,DS투자증권,LGES,소형,소형,2026,4Q,매출,2319,십억원,incl_unknown,2
2026-05-04_DS투자증권_LGES,2026-05-04,DS투자증권,LGES,소형,소형,2025,FY,매출,7411,십억원,incl_unknown,2
2026-05-04_DS투자증권_LGES,2026-05-04,DS투자증권,LGES,소형,소형,2026,FY,매출,9132,십억원,incl_unknown,2
2026-05-04_DS투자증권_LGES,2026-05-04,DS투자증권,LGES,소형,소형,2027,FY,매출,10732,십억원,incl_unknown,2
2026-05-04_DS투자증권_LGES,2026-05-04,DS투자증권,LGES,중대형(EV),EV,2025,1Q,매출,4574,십억원,incl_unknown,2
2026-05-04_DS투자증권_LGES,2026-05-04,DS투자증권,LGES,중대형(EV),EV,2025,2Q,매출,4007,십억원,incl_unknown,2
2026-05-04_DS투자증권_LGES,2026-05-04,DS투자증권,LGES,중대형(EV),EV,2025,3Q,매출,3582,십억원,incl_unknown,2
2026-05-04_DS투자증권_LGES,2026-05-04,DS투자증권,LGES,중대형(EV),EV,2025,4Q,매출,2959,십억원,incl_unknown,2
2026-05-04_DS투자증권_LGES,2026-05-04,DS투자증권,LGES,중대형(EV),EV,2026,1Q,매출,2800,십억원,incl_unknown,2
2026-05-04_DS투자증권_LGES,2026-05-04,DS투자증권,LGES,중대형(EV),EV,2026,2Q,매출,2674,십억원,incl_unknown,2
2026-05-04_DS투자증권_LGES,2026-05-04,DS투자증권,LGES,중대형(EV),EV,2026,3Q,매출,2731,십억원,incl_unknown,2
2026-05-04_DS투자증권_LGES,2026-05-04,DS투자증권,LGES,중대형(EV),EV,2026,4Q,매출,3002,십억원,incl_unknown,2
2026-05-04_DS투자증권_LGES,2026-05-04,DS투자증권,LGES,중대형(EV),EV,2025,FY,매출,15122,십억원,incl_unknown,2
2026-05-04_DS투자증권_LGES,2026-05-04,DS투자증권,LGES,중대형(EV),EV,2026,FY,매출,11206,십억원,incl_unknown,2
2026-05-04_DS투자증권_LGES,2026-05-04,DS투자증권,LGES,중대형(EV),EV,2027,FY,매출,14272,십억원,incl_unknown,2
2026-05-04_DS투자증권_LGES,2026-05-04,DS투자증권,LGES,중대형(ESS),ESS,2025,1Q,매출,414,십억원,incl_unknown,2
2026-05-04_DS투자증권_LGES,2026-05-04,DS투자증권,LGES,중대형(ESS),ESS,2025,2Q,매출,377,십억원,incl_unknown,2
2026-05-04_DS투자증권_LGES,2026-05-04,DS투자증권,LGES,중대형(ESS),ESS,2025,3Q,매출,618,십억원,incl_unknown,2
2026-05-04_DS투자증권_LGES,2026-05-04,DS투자증권,LGES,중대형(ESS),ESS,2025,4Q,매출,1375,십억원,incl_unknown,2
2026-05-04_DS투자증권_LGES,2026-05-04,DS투자증권,LGES,중대형(ESS),ESS,2026,1Q,매출,1550,십억원,incl_unknown,2
2026-05-04_DS투자증권_LGES,2026-05-04,DS투자증권,LGES,중대형(ESS),ESS,2026,2Q,매출,2255,십억원,incl_unknown,2
2026-05-04_DS투자증권_LGES,2026-05-04,DS투자증권,LGES,중대형(ESS),ESS,2026,3Q,매출,3017,십억원,incl_unknown,2
2026-05-04_DS투자증권_LGES,2026-05-04,DS투자증권,LGES,중대형(ESS),ESS,2026,4Q,매출,3632,십억원,incl_unknown,2
2026-05-04_DS투자증권_LGES,2026-05-04,DS투자증권,LGES,중대형(ESS),ESS,2025,FY,매출,2783,십억원,incl_unknown,2
2026-05-04_DS투자증권_LGES,2026-05-04,DS투자증권,LGES,중대형(ESS),ESS,2026,FY,매출,10455,십억원,incl_unknown,2
2026-05-04_DS투자증권_LGES,2026-05-04,DS투자증권,LGES,중대형(ESS),ESS,2027,FY,매출,17373,십억원,incl_unknown,2
2026-05-04_DS투자증권_LGES,2026-05-04,DS투자증권,LGES,소형,소형,2025,1Q,영업이익,113.2,십억원,excl,2
2026-05-04_DS투자증권_LGES,2026-05-04,DS투자증권,LGES,소형,소형,2025,2Q,영업이익,89.2,십억원,excl,2
2026-05-04_DS투자증권_LGES,2026-05-04,DS투자증권,LGES,소형,소형,2025,3Q,영업이익,103.6,십억원,excl,2
2026-05-04_DS투자증권_LGES,2026-05-04,DS투자증권,LGES,소형,소형,2025,4Q,영업이익,139.2,십억원,excl,2
2026-05-04_DS투자증권_LGES,2026-05-04,DS투자증권,LGES,소형,소형,2026,1Q,영업이익,142.3,십억원,excl,2
2026-05-04_DS투자증권_LGES,2026-05-04,DS투자증권,LGES,소형,소형,2026,2Q,영업이익,140.2,십억원,excl,2
2026-05-04_DS투자증권_LGES,2026-05-04,DS투자증권,LGES,소형,소형,2026,3Q,영업이익,148.3,십억원,excl,2
2026-05-04_DS투자증권_LGES,2026-05-04,DS투자증권,LGES,소형,소형,2026,4Q,영업이익,149.9,십억원,excl,2
2026-05-04_DS투자증권_LGES,2026-05-04,DS투자증권,LGES,소형,소형,2025,FY,영업이익,445.1,십억원,excl,2
2026-05-04_DS투자증권_LGES,2026-05-04,DS투자증권,LGES,소형,소형,2026,FY,영업이익,580.6,십억원,excl,2
2026-05-04_DS투자증권_LGES,2026-05-04,DS투자증권,LGES,소형,소형,2027,FY,영업이익,704.0,십억원,excl,2
2026-05-04_DS투자증권_LGES,2026-05-04,DS투자증권,LGES,중대형(EV),EV,2025,1Q,영업이익,-108.8,십억원,excl,2
2026-05-04_DS투자증권_LGES,2026-05-04,DS투자증권,LGES,중대형(EV),EV,2025,2Q,영업이익,-88.5,십억원,excl,2
2026-05-04_DS투자증권_LGES,2026-05-04,DS투자증권,LGES,중대형(EV),EV,2025,3Q,영업이익,104.2,십억원,excl,2
2026-05-04_DS투자증권_LGES,2026-05-04,DS투자증권,LGES,중대형(EV),EV,2025,4Q,영업이익,-471.1,십억원,excl,2
2026-05-04_DS투자증권_LGES,2026-05-04,DS투자증권,LGES,중대형(EV),EV,2026,1Q,영업이익,-336.0,십억원,excl,2
2026-05-04_DS투자증권_LGES,2026-05-04,DS투자증권,LGES,중대형(EV),EV,2026,2Q,영업이익,2.1,십억원,excl,2
2026-05-04_DS투자증권_LGES,2026-05-04,DS투자증권,LGES,중대형(EV),EV,2026,3Q,영업이익,-36.5,십억원,excl,2
2026-05-04_DS투자증권_LGES,2026-05-04,DS투자증권,LGES,중대형(EV),EV,2026,4Q,영업이익,-15.5,십억원,excl,2
2026-05-04_DS투자증권_LGES,2026-05-04,DS투자증권,LGES,중대형(EV),EV,2025,FY,영업이익,-564.2,십억원,excl,2
2026-05-04_DS투자증권_LGES,2026-05-04,DS투자증권,LGES,중대형(EV),EV,2026,FY,영업이익,-385.9,십억원,excl,2
2026-05-04_DS투자증권_LGES,2026-05-04,DS투자증권,LGES,중대형(EV),EV,2027,FY,영업이익,165.6,십억원,excl,2
2026-05-04_DS투자증권_LGES,2026-05-04,DS투자증권,LGES,중대형(ESS),ESS,2025,1Q,영업이익,-86.9,십억원,excl,2
2026-05-04_DS투자증권_LGES,2026-05-04,DS투자증권,LGES,중대형(ESS),ESS,2025,2Q,영업이익,0.3,십억원,excl,2
2026-05-04_DS투자증권_LGES,2026-05-04,DS투자증권,LGES,중대형(ESS),ESS,2025,3Q,영업이익,27.9,십억원,excl,2
2026-05-04_DS투자증권_LGES,2026-05-04,DS투자증권,LGES,중대형(ESS),ESS,2025,4Q,영업이익,-123.5,십억원,excl,2
2026-05-04_DS투자증권_LGES,2026-05-04,DS투자증권,LGES,중대형(ESS),ESS,2026,1Q,영업이익,-203.9,십억원,excl,2
2026-05-04_DS투자증권_LGES,2026-05-04,DS투자증권,LGES,중대형(ESS),ESS,2026,2Q,영업이익,-182.2,십억원,excl,2
2026-05-04_DS투자증권_LGES,2026-05-04,DS투자증권,LGES,중대형(ESS),ESS,2026,3Q,영업이익,-47.3,십억원,excl,2
2026-05-04_DS투자증권_LGES,2026-05-04,DS투자증권,LGES,중대형(ESS),ESS,2026,4Q,영업이익,97.9,십억원,excl,2
2026-05-04_DS투자증권_LGES,2026-05-04,DS투자증권,LGES,중대형(ESS),ESS,2025,FY,영업이익,-182.2,십억원,excl,2
2026-05-04_DS투자증권_LGES,2026-05-04,DS투자증권,LGES,중대형(ESS),ESS,2026,FY,영업이익,-335.6,십억원,excl,2
2026-05-04_DS투자증권_LGES,2026-05-04,DS투자증권,LGES,중대형(ESS),ESS,2027,FY,영업이익,563.9,십억원,excl,2
2026-05-04_IBK투자증권_LGES,2026-05-04,IBK투자증권,LGES,연결,전사,2024,FY,매출,25620,십억원,excl,1
2026-05-04_IBK투자증권_LGES,2026-05-04,IBK투자증권,LGES,연결,전사,2025,FY,매출,23672,십억원,excl,1
2026-05-04_IBK투자증권_LGES,2026-05-04,IBK투자증권,LGES,연결,전사,2025,FY,매출,25319,십억원,incl,2
2026-05-04_IBK투자증권_LGES,2026-05-04,IBK투자증권,LGES,연결,전사,2026,FY,매출,29705,십억원,incl,1
2026-05-04_IBK투자증권_LGES,2026-05-04,IBK투자증권,LGES,연결,전사,2027,FY,매출,40243,십억원,incl,1
2026-05-04_IBK투자증권_LGES,2026-05-04,IBK투자증권,LGES,연결,전사,2028,FY,매출,49323,십억원,incl,1
2026-05-04_IBK투자증권_LGES,2026-05-04,IBK투자증권,LGES,연결,전사,2025,1Q,매출,6723,십억원,incl,2
2026-05-04_IBK투자증권_LGES,2026-05-04,IBK투자증권,LGES,연결,전사,2025,2Q,매출,6056,십억원,incl,2
2026-05-04_IBK투자증권_LGES,2026-05-04,IBK투자증권,LGES,연결,전사,2025,3Q,매출,6066,십억원,incl,2
2026-05-04_IBK투자증권_LGES,2026-05-04,IBK투자증권,LGES,연결,전사,2025,4Q,매출,6474,십억원,incl,2
2026-05-04_IBK투자증권_LGES,2026-05-04,IBK투자증권,LGES,연결,전사,2026,1Q,매출,6555,십억원,incl,2
2026-05-04_IBK투자증권_LGES,2026-05-04,IBK투자증권,LGES,연결,전사,2026,2Q,매출,7366,십억원,incl,2
2026-05-04_IBK투자증권_LGES,2026-05-04,IBK투자증권,LGES,연결,전사,2026,3Q,매출,7587,십억원,incl,2
2026-05-04_IBK투자증권_LGES,2026-05-04,IBK투자증권,LGES,연결,전사,2026,4Q,매출,8197,십억원,incl,2
2026-05-04_IBK투자증권_LGES,2026-05-04,IBK투자증권,LGES,연결,전사,2024,FY,영업이익,575,십억원,incl,1
2026-05-04_IBK투자증권_LGES,2026-05-04,IBK투자증권,LGES,연결,전사,2025,FY,영업이익,1346,십억원,incl,1
2026-05-04_IBK투자증권_LGES,2026-05-04,IBK투자증권,LGES,연결,전사,2026,FY,영업이익,1456,십억원,incl,1
2026-05-04_IBK투자증권_LGES,2026-05-04,IBK투자증권,LGES,연결,전사,2027,FY,영업이익,4518,십억원,incl,1
2026-05-04_IBK투자증권_LGES,2026-05-04,IBK투자증권,LGES,연결,전사,2028,FY,영업이익,5971,십억원,incl,1
2026-05-04_IBK투자증권_LGES,2026-05-04,IBK투자증권,LGES,연결,전사,2025,1Q,영업이익,375,십억원,incl,2
2026-05-04_IBK투자증권_LGES,2026-05-04,IBK투자증권,LGES,연결,전사,2025,2Q,영업이익,492,십억원,incl,2
2026-05-04_IBK투자증권_LGES,2026-05-04,IBK투자증권,LGES,연결,전사,2025,3Q,영업이익,601,십억원,incl,2
2026-05-04_IBK투자증권_LGES,2026-05-04,IBK투자증권,LGES,연결,전사,2025,4Q,영업이익,-122,십억원,incl,2
2026-05-04_IBK투자증권_LGES,2026-05-04,IBK투자증권,LGES,연결,전사,2026,1Q,영업이익,-208,십억원,incl,2
2026-05-04_IBK투자증권_LGES,2026-05-04,IBK투자증권,LGES,연결,전사,2026,2Q,영업이익,312,십억원,incl,2
2026-05-04_IBK투자증권_LGES,2026-05-04,IBK투자증권,LGES,연결,전사,2026,3Q,영업이익,501,십억원,incl,2
2026-05-04_IBK투자증권_LGES,2026-05-04,IBK투자증권,LGES,연결,전사,2026,4Q,영업이익,851,십억원,incl,2
2026-05-04_IBK투자증권_LGES,2026-05-04,IBK투자증권,LGES,중대형,중대형,2025,1Q,매출,5048,십억원,incl,2
2026-05-04_IBK투자증권_LGES,2026-05-04,IBK투자증권,LGES,중대형,중대형,2025,2Q,매출,4493,십억원,incl,2
2026-05-04_IBK투자증권_LGES,2026-05-04,IBK투자증권,LGES,중대형,중대형,2025,3Q,매출,4458,십억원,incl,2
2026-05-04_IBK투자증권_LGES,2026-05-04,IBK투자증권,LGES,중대형,중대형,2025,4Q,매출,4587,십억원,incl,2
2026-05-04_IBK투자증권_LGES,2026-05-04,IBK투자증권,LGES,중대형,중대형,2026,1Q,매출,4489,십억원,incl,2
2026-05-04_IBK투자증권_LGES,2026-05-04,IBK투자증권,LGES,중대형,중대형,2026,2Q,매출,5197,십억원,incl,2
2026-05-04_IBK투자증권_LGES,2026-05-04,IBK투자증권,LGES,중대형,중대형,2026,3Q,매출,5672,십억원,incl,2
2026-05-04_IBK투자증권_LGES,2026-05-04,IBK투자증권,LGES,중대형,중대형,2026,4Q,매출,6240,십억원,incl,2
2026-05-04_IBK투자증권_LGES,2026-05-04,IBK투자증권,LGES,중대형,중대형,2025,FY,매출,18586,십억원,incl,2
2026-05-04_IBK투자증권_LGES,2026-05-04,IBK투자증권,LGES,중대형,중대형,2026,FY,매출,21597,십억원,incl,2
2026-05-04_IBK투자증권_LGES,2026-05-04,IBK투자증권,LGES,중대형,중대형,2027,FY,매출,31827,십억원,incl,2
2026-05-04_IBK투자증권_LGES,2026-05-04,IBK투자증권,LGES,EV,EV,2025,1Q,매출,4414,십억원,incl,2
2026-05-04_IBK투자증권_LGES,2026-05-04,IBK투자증권,LGES,EV,EV,2025,2Q,매출,3905,십억원,incl,2
2026-05-04_IBK투자증권_LGES,2026-05-04,IBK투자증권,LGES,EV,EV,2025,3Q,매출,3593,십억원,incl,2
2026-05-04_IBK투자증권_LGES,2026-05-04,IBK투자증권,LGES,EV,EV,2025,4Q,매출,2832,십억원,incl,2
2026-05-04_IBK투자증권_LGES,2026-05-04,IBK투자증권,LGES,EV,EV,2026,1Q,매출,2817,십억원,incl,2
2026-05-04_IBK투자증권_LGES,2026-05-04,IBK투자증권,LGES,EV,EV,2026,2Q,매출,2679,십억원,incl,2
2026-05-04_IBK투자증권_LGES,2026-05-04,IBK투자증권,LGES,EV,EV,2026,3Q,매출,2791,십억원,incl,2
2026-05-04_IBK투자증권_LGES,2026-05-04,IBK투자증권,LGES,EV,EV,2026,4Q,매출,3011,십억원,incl,2
2026-05-04_IBK투자증권_LGES,2026-05-04,IBK투자증권,LGES,EV,EV,2025,FY,매출,14744,십억원,incl,2
2026-05-04_IBK투자증권_LGES,2026-05-04,IBK투자증권,LGES,EV,EV,2026,FY,매출,11298,십억원,incl,2
2026-05-04_IBK투자증권_LGES,2026-05-04,IBK투자증권,LGES,EV,EV,2027,FY,매출,14588,십억원,incl,2
2026-05-04_IBK투자증권_LGES,2026-05-04,IBK투자증권,LGES,ESS,ESS,2025,1Q,매출,634,십억원,incl,2
2026-05-04_IBK투자증권_LGES,2026-05-04,IBK투자증권,LGES,ESS,ESS,2025,2Q,매출,588,십억원,incl,2
2026-05-04_IBK투자증권_LGES,2026-05-04,IBK투자증권,LGES,ESS,ESS,2025,3Q,매출,865,십억원,incl,2
2026-05-04_IBK투자증권_LGES,2026-05-04,IBK투자증권,LGES,ESS,ESS,2025,4Q,매출,1754,십억원,incl,2
2026-05-04_IBK투자증권_LGES,2026-05-04,IBK투자증권,LGES,ESS,ESS,2026,1Q,매출,1673,십억원,incl,2
2026-05-04_IBK투자증권_LGES,2026-05-04,IBK투자증권,LGES,ESS,ESS,2026,2Q,매출,2518,십억원,incl,2
2026-05-04_IBK투자증권_LGES,2026-05-04,IBK투자증권,LGES,ESS,ESS,2026,3Q,매출,2880,십억원,incl,2
2026-05-04_IBK투자증권_LGES,2026-05-04,IBK투자증권,LGES,ESS,ESS,2026,4Q,매출,3229,십억원,incl,2
2026-05-04_IBK투자증권_LGES,2026-05-04,IBK투자증권,LGES,ESS,ESS,2025,FY,매출,3841,십억원,incl,2
2026-05-04_IBK투자증권_LGES,2026-05-04,IBK투자증권,LGES,ESS,ESS,2026,FY,매출,10299,십억원,incl,2
2026-05-04_IBK투자증권_LGES,2026-05-04,IBK투자증권,LGES,ESS,ESS,2027,FY,매출,17239,십억원,incl,2
2026-05-04_IBK투자증권_LGES,2026-05-04,IBK투자증권,LGES,소형,소형,2025,1Q,매출,1675,십억원,incl,2
2026-05-04_IBK투자증권_LGES,2026-05-04,IBK투자증권,LGES,소형,소형,2025,2Q,매출,1563,십억원,incl,2
2026-05-04_IBK투자증권_LGES,2026-05-04,IBK투자증권,LGES,소형,소형,2025,3Q,매출,1608,십억원,incl,2
2026-05-04_IBK투자증권_LGES,2026-05-04,IBK투자증권,LGES,소형,소형,2025,4Q,매출,1887,십억원,incl,2
2026-05-04_IBK투자증권_LGES,2026-05-04,IBK투자증권,LGES,소형,소형,2026,1Q,매출,2065,십억원,incl,2
2026-05-04_IBK투자증권_LGES,2026-05-04,IBK투자증권,LGES,소형,소형,2026,2Q,매출,2169,십억원,incl,2
2026-05-04_IBK투자증권_LGES,2026-05-04,IBK투자증권,LGES,소형,소형,2026,3Q,매출,1915,십억원,incl,2
2026-05-04_IBK투자증권_LGES,2026-05-04,IBK투자증권,LGES,소형,소형,2026,4Q,매출,1958,십억원,incl,2
2026-05-04_IBK투자증권_LGES,2026-05-04,IBK투자증권,LGES,소형,소형,2025,FY,매출,6733,십억원,incl,2
2026-05-04_IBK투자증권_LGES,2026-05-04,IBK투자증권,LGES,소형,소형,2026,FY,매출,8108,십억원,incl,2
2026-05-04_IBK투자증권_LGES,2026-05-04,IBK투자증권,LGES,소형,소형,2027,FY,매출,8416,십억원,incl,2
2026-05-04_IBK투자증권_LGES,2026-05-04,IBK투자증권,LGES,중대형,중대형,2025,1Q,영업이익,-176,십억원,incl,2
2026-05-04_IBK투자증권_LGES,2026-05-04,IBK투자증권,LGES,중대형,중대형,2025,2Q,영업이익,-61,십억원,incl,2
2026-05-04_IBK투자증권_LGES,2026-05-04,IBK투자증권,LGES,중대형,중대형,2025,3Q,영업이익,138,십억원,incl,2
2026-05-04_IBK투자증권_LGES,2026-05-04,IBK투자증권,LGES,중대형,중대형,2025,4Q,영업이익,-588,십억원,incl,2
2026-05-04_IBK투자증권_LGES,2026-05-04,IBK투자증권,LGES,중대형,중대형,2026,1Q,영업이익,-512,십억원,incl,2
2026-05-04_IBK투자증권_LGES,2026-05-04,IBK투자증권,LGES,중대형,중대형,2026,2Q,영업이익,-117,십억원,incl,2
2026-05-04_IBK투자증권_LGES,2026-05-04,IBK투자증권,LGES,중대형,중대형,2026,3Q,영업이익,-31,십억원,incl,2
2026-05-04_IBK투자증권_LGES,2026-05-04,IBK투자증권,LGES,중대형,중대형,2026,4Q,영업이익,153,십억원,incl,2
2026-05-04_IBK투자증권_LGES,2026-05-04,IBK투자증권,LGES,중대형,중대형,2025,FY,영업이익,-687,십억원,incl,2
2026-05-04_IBK투자증권_LGES,2026-05-04,IBK투자증권,LGES,중대형,중대형,2026,FY,영업이익,-508,십억원,incl,2
2026-05-04_IBK투자증권_LGES,2026-05-04,IBK투자증권,LGES,중대형,중대형,2027,FY,영업이익,1409,십억원,incl,2
2026-05-04_IBK투자증권_LGES,2026-05-04,IBK투자증권,LGES,EV,EV,2025,1Q,영업이익,-101,십억원,incl,2
2026-05-04_IBK투자증권_LGES,2026-05-04,IBK투자증권,LGES,EV,EV,2025,2Q,영업이익,-66,십억원,incl,2
2026-05-04_IBK투자증권_LGES,2026-05-04,IBK투자증권,LGES,EV,EV,2025,3Q,영업이익,90,십억원,incl,2
2026-05-04_IBK투자증권_LGES,2026-05-04,IBK투자증권,LGES,EV,EV,2025,4Q,영업이익,-440,십억원,incl,2
2026-05-04_IBK투자증권_LGES,2026-05-04,IBK투자증권,LGES,EV,EV,2026,1Q,영업이익,-312,십억원,incl,2
2026-05-04_IBK투자증권_LGES,2026-05-04,IBK투자증권,LGES,EV,EV,2026,2Q,영업이익,40,십억원,incl,2
2026-05-04_IBK투자증권_LGES,2026-05-04,IBK투자증권,LGES,EV,EV,2026,3Q,영업이익,57,십억원,incl,2
2026-05-04_IBK투자증권_LGES,2026-05-04,IBK투자증권,LGES,EV,EV,2026,4Q,영업이익,84,십억원,incl,2
2026-05-04_IBK투자증권_LGES,2026-05-04,IBK투자증권,LGES,EV,EV,2025,FY,영업이익,-516,십억원,incl,2
2026-05-04_IBK투자증권_LGES,2026-05-04,IBK투자증권,LGES,EV,EV,2026,FY,영업이익,-131,십억원,incl,2
2026-05-04_IBK투자증권_LGES,2026-05-04,IBK투자증권,LGES,EV,EV,2027,FY,영업이익,622,십억원,incl,2
2026-05-04_IBK투자증권_LGES,2026-05-04,IBK투자증권,LGES,ESS,ESS,2025,1Q,영업이익,-75,십억원,incl,2
2026-05-04_IBK투자증권_LGES,2026-05-04,IBK투자증권,LGES,ESS,ESS,2025,2Q,영업이익,5,십억원,incl,2
2026-05-04_IBK투자증권_LGES,2026-05-04,IBK투자증권,LGES,ESS,ESS,2025,3Q,영업이익,48,십억원,incl,2
2026-05-04_IBK투자증권_LGES,2026-05-04,IBK투자증권,LGES,ESS,ESS,2025,4Q,영업이익,-149,십억원,incl,2
2026-05-04_IBK투자증권_LGES,2026-05-04,IBK투자증권,LGES,ESS,ESS,2026,1Q,영업이익,-200,십억원,incl,2
2026-05-04_IBK투자증권_LGES,2026-05-04,IBK투자증권,LGES,ESS,ESS,2026,2Q,영업이익,-158,십억원,incl,2
2026-05-04_IBK투자증권_LGES,2026-05-04,IBK투자증권,LGES,ESS,ESS,2026,3Q,영업이익,-88,십억원,incl,2
2026-05-04_IBK투자증권_LGES,2026-05-04,IBK투자증권,LGES,ESS,ESS,2026,4Q,영업이익,69,십억원,incl,2
2026-05-04_IBK투자증권_LGES,2026-05-04,IBK투자증권,LGES,ESS,ESS,2025,FY,영업이익,-171,십억원,incl,2
2026-05-04_IBK투자증권_LGES,2026-05-04,IBK투자증권,LGES,ESS,ESS,2026,FY,영업이익,-377,십억원,incl,2
2026-05-04_IBK투자증권_LGES,2026-05-04,IBK투자증권,LGES,ESS,ESS,2027,FY,영업이익,788,십억원,incl,2
2026-05-04_IBK투자증권_LGES,2026-05-04,IBK투자증권,LGES,소형,소형,2025,1Q,영업이익,93,십억원,incl,2
2026-05-04_IBK투자증권_LGES,2026-05-04,IBK투자증권,LGES,소형,소형,2025,2Q,영업이익,62,십억원,incl,2
2026-05-04_IBK투자증권_LGES,2026-05-04,IBK투자증권,LGES,소형,소형,2025,3Q,영업이익,98,십억원,incl,2
2026-05-04_IBK투자증권_LGES,2026-05-04,IBK투자증권,LGES,소형,소형,2025,4Q,영업이익,133,십억원,incl,2
2026-05-04_IBK투자증권_LGES,2026-05-04,IBK투자증권,LGES,소형,소형,2026,1Q,영업이익,115,십억원,incl,2
2026-05-04_IBK투자증권_LGES,2026-05-04,IBK투자증권,LGES,소형,소형,2026,2Q,영업이익,124,십억원,incl,2
2026-05-04_IBK투자증권_LGES,2026-05-04,IBK투자증권,LGES,소형,소형,2026,3Q,영업이익,112,십억원,incl,2
2026-05-04_IBK투자증권_LGES,2026-05-04,IBK투자증권,LGES,소형,소형,2026,4Q,영업이익,115,십억원,incl,2
2026-05-04_IBK투자증권_LGES,2026-05-04,IBK투자증권,LGES,소형,소형,2025,FY,영업이익,386,십억원,incl,2
2026-05-04_IBK투자증권_LGES,2026-05-04,IBK투자증권,LGES,소형,소형,2026,FY,영업이익,465,십억원,incl,2
2026-05-04_IBK투자증권_LGES,2026-05-04,IBK투자증권,LGES,소형,소형,2027,FY,영업이익,544,십억원,incl,2
2026-05-04_IBK투자증권_LGES,2026-05-04,IBK투자증권,LGES,중대형,중대형,2025,1Q,AMPC,458,십억원,na,2
2026-05-04_IBK투자증권_LGES,2026-05-04,IBK투자증권,LGES,중대형,중대형,2025,2Q,AMPC,491,십억원,na,2
2026-05-04_IBK투자증권_LGES,2026-05-04,IBK투자증권,LGES,중대형,중대형,2025,3Q,AMPC,365,십억원,na,2
2026-05-04_IBK투자증권_LGES,2026-05-04,IBK투자증권,LGES,중대형,중대형,2025,4Q,AMPC,333,십억원,na,2
2026-05-04_IBK투자증권_LGES,2026-05-04,IBK투자증권,LGES,중대형,중대형,2026,1Q,AMPC,190,십억원,na,2
2026-05-04_IBK투자증권_LGES,2026-05-04,IBK투자증권,LGES,중대형,중대형,2026,2Q,AMPC,305,십억원,na,2
2026-05-04_IBK투자증권_LGES,2026-05-04,IBK투자증권,LGES,중대형,중대형,2026,3Q,AMPC,420,십억원,na,2
2026-05-04_IBK투자증권_LGES,2026-05-04,IBK투자증권,LGES,중대형,중대형,2026,4Q,AMPC,584,십억원,na,2
2026-05-04_IBK투자증권_LGES,2026-05-04,IBK투자증권,LGES,중대형,중대형,2025,FY,AMPC,1647,십억원,na,2
2026-05-04_IBK투자증권_LGES,2026-05-04,IBK투자증권,LGES,중대형,중대형,2026,FY,AMPC,1499,십억원,na,2
2026-05-04_IBK투자증권_LGES,2026-05-04,IBK투자증권,LGES,중대형,중대형,2027,FY,AMPC,2565,십억원,na,2
2026-05-04_IBK투자증권_LGES,2026-05-04,IBK투자증권,LGES,EV,EV,2025,1Q,AMPC,458,십억원,na,2
2026-05-04_IBK투자증권_LGES,2026-05-04,IBK투자증권,LGES,EV,EV,2025,2Q,AMPC,442,십억원,na,2
2026-05-04_IBK투자증권_LGES,2026-05-04,IBK투자증권,LGES,EV,EV,2025,3Q,AMPC,292,십억원,na,2
2026-05-04_IBK투자증권_LGES,2026-05-04,IBK투자증권,LGES,EV,EV,2025,4Q,AMPC,200,십억원,na,2
2026-05-04_IBK투자증권_LGES,2026-05-04,IBK투자증권,LGES,EV,EV,2026,1Q,AMPC,4,십억원,na,2
2026-05-04_IBK투자증권_LGES,2026-05-04,IBK투자증권,LGES,EV,EV,2026,2Q,AMPC,6,십억원,na,2
2026-05-04_IBK투자증권_LGES,2026-05-04,IBK투자증권,LGES,EV,EV,2026,3Q,AMPC,63,십억원,na,2
2026-05-04_IBK투자증권_LGES,2026-05-04,IBK투자증권,LGES,EV,EV,2026,4Q,AMPC,117,십억원,na,2
2026-05-04_IBK투자증권_LGES,2026-05-04,IBK투자증권,LGES,EV,EV,2025,FY,AMPC,1392,십억원,na,2
2026-05-04_IBK투자증권_LGES,2026-05-04,IBK투자증권,LGES,EV,EV,2026,FY,AMPC,190,십억원,na,2
2026-05-04_IBK투자증권_LGES,2026-05-04,IBK투자증권,LGES,EV,EV,2027,FY,AMPC,770,십억원,na,2
2026-05-04_IBK투자증권_LGES,2026-05-04,IBK투자증권,LGES,ESS,ESS,2025,1Q,AMPC,0,십억원,na,2
2026-05-04_IBK투자증권_LGES,2026-05-04,IBK투자증권,LGES,ESS,ESS,2025,2Q,AMPC,49,십억원,na,2
2026-05-04_IBK투자증권_LGES,2026-05-04,IBK투자증권,LGES,ESS,ESS,2025,3Q,AMPC,73,십억원,na,2
2026-05-04_IBK투자증권_LGES,2026-05-04,IBK투자증권,LGES,ESS,ESS,2025,4Q,AMPC,133,십억원,na,2
2026-05-04_IBK투자증권_LGES,2026-05-04,IBK투자증권,LGES,ESS,ESS,2026,1Q,AMPC,186,십억원,na,2
2026-05-04_IBK투자증권_LGES,2026-05-04,IBK투자증권,LGES,ESS,ESS,2026,2Q,AMPC,299,십억원,na,2
2026-05-04_IBK투자증권_LGES,2026-05-04,IBK투자증권,LGES,ESS,ESS,2026,3Q,AMPC,357,십억원,na,2
2026-05-04_IBK투자증권_LGES,2026-05-04,IBK투자증권,LGES,ESS,ESS,2026,4Q,AMPC,467,십억원,na,2
2026-05-04_IBK투자증권_LGES,2026-05-04,IBK투자증권,LGES,ESS,ESS,2025,FY,AMPC,255,십억원,na,2
2026-05-04_IBK투자증권_LGES,2026-05-04,IBK투자증권,LGES,ESS,ESS,2026,FY,AMPC,1309,십억원,na,2
2026-05-04_IBK투자증권_LGES,2026-05-04,IBK투자증권,LGES,ESS,ESS,2027,FY,AMPC,1796,십억원,na,2
2026-05-04_IBK투자증권_SK온,2026-05-04,IBK투자증권,SK이노베이션,연결,전사,2024,FY,매출,74270,십억원,na,1
2026-05-04_IBK투자증권_SK온,2026-05-04,IBK투자증권,SK이노베이션,연결,전사,2024,FY,영업이익,356,십억원,na,1
2026-05-04_IBK투자증권_SK온,2026-05-04,IBK투자증권,SK이노베이션,연결,전사,2025,FY,매출,80296,십억원,na,1
2026-05-04_IBK투자증권_SK온,2026-05-04,IBK투자증권,SK이노베이션,연결,전사,2025,FY,영업이익,449,십억원,na,1
2026-05-04_IBK투자증권_SK온,2026-05-04,IBK투자증권,SK이노베이션,연결,전사,2026,FY,매출,97887,십억원,na,1
2026-05-04_IBK투자증권_SK온,2026-05-04,IBK투자증권,SK이노베이션,연결,전사,2026,FY,영업이익,4142,십억원,na,1
2026-05-04_IBK투자증권_SK온,2026-05-04,IBK투자증권,SK이노베이션,연결,전사,2027,FY,매출,116025,십억원,na,1
2026-05-04_IBK투자증권_SK온,2026-05-04,IBK투자증권,SK이노베이션,연결,전사,2027,FY,영업이익,3574,십억원,na,1
2026-05-04_IBK투자증권_SK온,2026-05-04,IBK투자증권,SK이노베이션,연결,전사,2028,FY,매출,97759,십억원,na,1
2026-05-04_IBK투자증권_SK온,2026-05-04,IBK투자증권,SK이노베이션,연결,전사,2028,FY,영업이익,3936,십억원,na,1
2026-05-04_IBK투자증권_SK온,2026-05-04,IBK투자증권,SK이노베이션,연결,전사,2025,1Q,매출,21147,십억원,na,2
2026-05-04_IBK투자증권_SK온,2026-05-04,IBK투자증권,SK이노베이션,연결,전사,2025,1Q,영업이익,-45,십억원,na,2
2026-05-04_IBK투자증권_SK온,2026-05-04,IBK투자증권,SK이노베이션,연결,전사,2025,2Q,매출,19307,십억원,na,2
2026-05-04_IBK투자증권_SK온,2026-05-04,IBK투자증권,SK이노베이션,연결,전사,2025,2Q,영업이익,-418,십억원,na,2
2026-05-04_IBK투자증권_SK온,2026-05-04,IBK투자증권,SK이노베이션,연결,전사,2025,3Q,매출,20533,십억원,na,2
2026-05-04_IBK투자증권_SK온,2026-05-04,IBK투자증권,SK이노베이션,연결,전사,2025,3Q,영업이익,573,십억원,na,2
2026-05-04_IBK투자증권_SK온,2026-05-04,IBK투자증권,SK이노베이션,연결,전사,2025,4Q,매출,19310,십억원,na,2
2026-05-04_IBK투자증권_SK온,2026-05-04,IBK투자증권,SK이노베이션,연결,전사,2025,4Q,영업이익,337,십억원,na,2
2026-05-04_IBK투자증권_SK온,2026-05-04,IBK투자증권,SK이노베이션,연결,전사,2026,1Q,매출,24577,십억원,na,2
2026-05-04_IBK투자증권_SK온,2026-05-04,IBK투자증권,SK이노베이션,연결,전사,2026,1Q,영업이익,1601,십억원,na,1
2026-05-04_IBK투자증권_SK온,2026-05-04,IBK투자증권,SK이노베이션,연결,전사,2026,2Q,매출,23981,십억원,na,2
2026-05-04_IBK투자증권_SK온,2026-05-04,IBK투자증권,SK이노베이션,연결,전사,2026,2Q,영업이익,1003,십억원,na,2
2026-05-04_IBK투자증권_SK온,2026-05-04,IBK투자증권,SK이노베이션,연결,전사,2026,3Q,매출,24638,십억원,na,2
2026-05-04_IBK투자증권_SK온,2026-05-04,IBK투자증권,SK이노베이션,연결,전사,2026,3Q,영업이익,908,십억원,na,2
2026-05-04_IBK투자증권_SK온,2026-05-04,IBK투자증권,SK이노베이션,연결,전사,2026,4Q,매출,24692,십억원,na,2
2026-05-04_IBK투자증권_SK온,2026-05-04,IBK투자증권,SK이노베이션,연결,전사,2026,4Q,영업이익,630,십억원,na,2
2026-05-04_NH투자증권_LGES,2026-05-04,NH투자증권,LGES,연결,전사,2025,FY,매출,23672,십억원,excl,5
2026-05-04_NH투자증권_LGES,2026-05-04,NH투자증권,LGES,연결,전사,2025,FY,영업이익,1346,십억원,incl,5
2026-05-04_NH투자증권_LGES,2026-05-04,NH투자증권,LGES,연결,전사,2026,FY,매출,32007,십억원,incl_unknown,5
2026-05-04_NH투자증권_LGES,2026-05-04,NH투자증권,LGES,연결,전사,2026,FY,영업이익,1455,십억원,incl,5
2026-05-04_NH투자증권_LGES,2026-05-04,NH투자증권,LGES,연결,전사,2027,FY,매출,38934,십억원,incl_unknown,5
2026-05-04_NH투자증권_LGES,2026-05-04,NH투자증권,LGES,연결,전사,2027,FY,영업이익,3732,십억원,incl,5
2026-05-04_NH투자증권_LGES,2026-05-04,NH투자증권,LGES,연결,전사,2028,FY,매출,49638,십억원,incl_unknown,5
2026-05-04_NH투자증권_LGES,2026-05-04,NH투자증권,LGES,연결,전사,2028,FY,영업이익,7095,십억원,incl,5
2026-05-04_NH투자증권_LGES,2026-05-04,NH투자증권,LGES,연결,전사,2025,FY,AMPC,1647,십억원,na,5
2026-05-04_NH투자증권_LGES,2026-05-04,NH투자증권,LGES,연결,전사,2026,FY,AMPC,1462,십억원,na,5
2026-05-04_NH투자증권_LGES,2026-05-04,NH투자증권,LGES,연결,전사,2027,FY,AMPC,3214,십억원,na,5
2026-05-04_NH투자증권_LGES,2026-05-04,NH투자증권,LGES,연결,전사,2025,1Q,매출,6723,십억원,incl_unknown,5
2026-05-04_NH투자증권_LGES,2026-05-04,NH투자증권,LGES,연결,전사,2025,1Q,영업이익,375,십억원,incl,5
2026-05-04_NH투자증권_LGES,2026-05-04,NH투자증권,LGES,연결,전사,2025,1Q,영업이익,-83,십억원,excl,5
2026-05-04_NH투자증권_LGES,2026-05-04,NH투자증권,LGES,연결,전사,2025,1Q,AMPC,458,십억원,na,5
2026-05-04_NH투자증권_LGES,2026-05-04,NH투자증권,LGES,연결,전사,2025,2Q,매출,6056,십억원,incl_unknown,5
2026-05-04_NH투자증권_LGES,2026-05-04,NH투자증권,LGES,연결,전사,2025,2Q,영업이익,492,십억원,incl,5
2026-05-04_NH투자증권_LGES,2026-05-04,NH투자증권,LGES,연결,전사,2025,2Q,영업이익,1,십억원,excl,5
2026-05-04_NH투자증권_LGES,2026-05-04,NH투자증권,LGES,연결,전사,2025,2Q,AMPC,491,십억원,na,5
2026-05-04_NH투자증권_LGES,2026-05-04,NH투자증권,LGES,연결,전사,2025,3Q,매출,6065,십억원,incl_unknown,5
2026-05-04_NH투자증권_LGES,2026-05-04,NH투자증권,LGES,연결,전사,2025,3Q,영업이익,601,십억원,incl,5
2026-05-04_NH투자증권_LGES,2026-05-04,NH투자증권,LGES,연결,전사,2025,3Q,영업이익,236,십억원,excl,5
2026-05-04_NH투자증권_LGES,2026-05-04,NH투자증권,LGES,연결,전사,2025,3Q,AMPC,366,십억원,na,5
2026-05-04_NH투자증권_LGES,2026-05-04,NH투자증권,LGES,연결,전사,2025,4Q,매출,6474,십억원,incl_unknown,5
2026-05-04_NH투자증권_LGES,2026-05-04,NH투자증권,LGES,연결,전사,2025,4Q,영업이익,-122,십억원,incl,5
2026-05-04_NH투자증권_LGES,2026-05-04,NH투자증권,LGES,연결,전사,2025,4Q,영업이익,-455,십억원,excl,5
2026-05-04_NH투자증권_LGES,2026-05-04,NH투자증권,LGES,연결,전사,2025,4Q,AMPC,333,십억원,na,5
2026-05-04_NH투자증권_LGES,2026-05-04,NH투자증권,LGES,연결,전사,2026,1Q,매출,6555,십억원,incl_unknown,5
2026-05-04_NH투자증권_LGES,2026-05-04,NH투자증권,LGES,연결,전사,2026,1Q,영업이익,-208,십억원,incl,5
2026-05-04_NH투자증권_LGES,2026-05-04,NH투자증권,LGES,연결,전사,2026,1Q,영업이익,-398,십억원,excl,5
2026-05-04_NH투자증권_LGES,2026-05-04,NH투자증권,LGES,연결,전사,2026,1Q,AMPC,190,십억원,na,5
2026-05-04_NH투자증권_LGES,2026-05-04,NH투자증권,LGES,연결,전사,2026,2Q,매출,7402,십억원,incl_unknown,5
2026-05-04_NH투자증권_LGES,2026-05-04,NH투자증권,LGES,연결,전사,2026,2Q,영업이익,293,십억원,incl,5
2026-05-04_NH투자증권_LGES,2026-05-04,NH투자증권,LGES,연결,전사,2026,2Q,영업이익,7,십억원,excl,5
2026-05-04_NH투자증권_LGES,2026-05-04,NH투자증권,LGES,연결,전사,2026,2Q,AMPC,285,십억원,na,1
2026-05-04_NH투자증권_LGES,2026-05-04,NH투자증권,LGES,연결,전사,2026,3Q,매출,8184,십억원,incl_unknown,5
2026-05-04_NH투자증권_LGES,2026-05-04,NH투자증권,LGES,연결,전사,2026,3Q,영업이익,501,십억원,incl,5
2026-05-04_NH투자증권_LGES,2026-05-04,NH투자증권,LGES,연결,전사,2026,3Q,영업이익,106,십억원,excl,5
2026-05-04_NH투자증권_LGES,2026-05-04,NH투자증권,LGES,연결,전사,2026,3Q,AMPC,395,십억원,na,5
2026-05-04_NH투자증권_LGES,2026-05-04,NH투자증권,LGES,연결,전사,2026,4Q,매출,9866,십억원,incl_unknown,5
2026-05-04_NH투자증권_LGES,2026-05-04,NH투자증권,LGES,연결,전사,2026,4Q,영업이익,869,십억원,incl,5
2026-05-04_NH투자증권_LGES,2026-05-04,NH투자증권,LGES,연결,전사,2026,4Q,영업이익,276,십억원,excl,5
2026-05-04_NH투자증권_LGES,2026-05-04,NH투자증권,LGES,연결,전사,2026,4Q,AMPC,593,십억원,na,5
2026-05-04_NH투자증권_LGES,2026-05-04,NH투자증권,LGES,ESS,ESS,2025,FY,매출,2680,십억원,incl_unknown,5
2026-05-04_NH투자증권_LGES,2026-05-04,NH투자증권,LGES,ESS,ESS,2025,FY,영업이익,56,십억원,incl,5
2026-05-04_NH투자증권_LGES,2026-05-04,NH투자증권,LGES,ESS외,기타,2025,FY,매출,22638,십억원,incl_unknown,5
2026-05-04_NH투자증권_LGES,2026-05-04,NH투자증권,LGES,ESS외,기타,2025,FY,영업이익,1290,십억원,incl,5
2026-05-04_NH투자증권_LGES,2026-05-04,NH투자증권,LGES,ESS,ESS,2026,FY,매출,8681,십억원,incl_unknown,5
2026-05-04_NH투자증권_LGES,2026-05-04,NH투자증권,LGES,ESS,ESS,2026,FY,영업이익,916,십억원,incl,5
2026-05-04_NH투자증권_LGES,2026-05-04,NH투자증권,LGES,ESS외,기타,2026,FY,매출,23326,십억원,incl_unknown,5
2026-05-04_NH투자증권_LGES,2026-05-04,NH투자증권,LGES,ESS외,기타,2026,FY,영업이익,539,십억원,incl,5
2026-05-04_NH투자증권_LGES,2026-05-04,NH투자증권,LGES,ESS,ESS,2027,FY,매출,12675,십억원,incl_unknown,5
2026-05-04_NH투자증권_LGES,2026-05-04,NH투자증권,LGES,ESS,ESS,2027,FY,영업이익,2253,십억원,incl,5
2026-05-04_NH투자증권_LGES,2026-05-04,NH투자증권,LGES,ESS외,기타,2027,FY,매출,26259,십억원,incl_unknown,5
2026-05-04_NH투자증권_LGES,2026-05-04,NH투자증권,LGES,ESS외,기타,2027,FY,영업이익,1479,십억원,incl,5
2026-05-04_교보증권_LGES,2026-05-04,교보증권,LGES,전사,전사,2025,1Q,매출,6723,십억원,excl,2
2026-05-04_교보증권_LGES,2026-05-04,교보증권,LGES,ESS,ESS,2025,1Q,매출,605,십억원,excl,2
2026-05-04_교보증권_LGES,2026-05-04,교보증권,LGES,중대형전지,EV,2025,1Q,매출,4303,십억원,excl,2
2026-05-04_교보증권_LGES,2026-05-04,교보증권,LGES,소형전지,소형,2025,1Q,매출,1815,십억원,excl,2
2026-05-04_교보증권_LGES,2026-05-04,교보증권,LGES,원통형,소형,2025,1Q,매출,1706,십억원,excl,2
2026-05-04_교보증권_LGES,2026-05-04,교보증권,LGES,파우치,소형,2025,1Q,매출,109,십억원,excl,2
2026-05-04_교보증권_LGES,2026-05-04,교보증권,LGES,전사,전사,2025,1Q,영업이익,375,십억원,incl,2
2026-05-04_교보증권_LGES,2026-05-04,교보증권,LGES,전사,전사,2025,1Q,AMPC,458,십억원,na,2
2026-05-04_교보증권_LGES,2026-05-04,교보증권,LGES,ESS,ESS,2025,1Q,영업이익,-93,십억원,excl,2
2026-05-04_교보증권_LGES,2026-05-04,교보증권,LGES,중대형전지,EV,2025,1Q,영업이익,-107,십억원,excl,2
2026-05-04_교보증권_LGES,2026-05-04,교보증권,LGES,소형전지,소형,2025,1Q,영업이익,117,십억원,excl,2
2026-05-04_교보증권_LGES,2026-05-04,교보증권,LGES,전사,전사,2025,2Q,매출,6056,십억원,excl,2
2026-05-04_교보증권_LGES,2026-05-04,교보증권,LGES,ESS,ESS,2025,2Q,매출,424,십억원,excl,2
2026-05-04_교보증권_LGES,2026-05-04,교보증권,LGES,중대형전지,EV,2025,2Q,매출,3937,십억원,excl,2
2026-05-04_교보증권_LGES,2026-05-04,교보증권,LGES,소형전지,소형,2025,2Q,매출,1696,십억원,excl,2
2026-05-04_교보증권_LGES,2026-05-04,교보증권,LGES,원통형,소형,2025,2Q,매출,1458,십억원,excl,2
2026-05-04_교보증권_LGES,2026-05-04,교보증권,LGES,파우치,소형,2025,2Q,매출,237,십억원,excl,2
2026-05-04_교보증권_LGES,2026-05-04,교보증권,LGES,전사,전사,2025,2Q,영업이익,492,십억원,incl,2
2026-05-04_교보증권_LGES,2026-05-04,교보증권,LGES,전사,전사,2025,2Q,AMPC,491,십억원,na,2
2026-05-04_교보증권_LGES,2026-05-04,교보증권,LGES,ESS,ESS,2025,2Q,영업이익,0,십억원,excl,2
2026-05-04_교보증권_LGES,2026-05-04,교보증권,LGES,중대형전지,EV,2025,2Q,영업이익,-91,십억원,excl,2
2026-05-04_교보증권_LGES,2026-05-04,교보증권,LGES,소형전지,소형,2025,2Q,영업이익,92,십억원,excl,2
2026-05-04_교보증권_LGES,2026-05-04,교보증권,LGES,전사,전사,2025,3Q,매출,6056,십억원,excl,2
2026-05-04_교보증권_LGES,2026-05-04,교보증권,LGES,ESS,ESS,2025,3Q,매출,606,십억원,excl,2
2026-05-04_교보증권_LGES,2026-05-04,교보증권,LGES,중대형전지,EV,2025,3Q,매출,3634,십억원,excl,2
2026-05-04_교보증권_LGES,2026-05-04,교보증권,LGES,소형전지,소형,2025,3Q,매출,1817,십억원,excl,2
2026-05-04_교보증권_LGES,2026-05-04,교보증권,LGES,원통형,소형,2025,3Q,매출,1563,십억원,excl,2
2026-05-04_교보증권_LGES,2026-05-04,교보증권,LGES,파우치,소형,2025,3Q,매출,254,십억원,excl,2
2026-05-04_교보증권_LGES,2026-05-04,교보증권,LGES,전사,전사,2025,3Q,영업이익,601,십억원,incl,2
2026-05-04_교보증권_LGES,2026-05-04,교보증권,LGES,전사,전사,2025,3Q,AMPC,366,십억원,na,2
2026-05-04_교보증권_LGES,2026-05-04,교보증권,LGES,ESS,ESS,2025,3Q,영업이익,34,십억원,excl,2
2026-05-04_교보증권_LGES,2026-05-04,교보증권,LGES,중대형전지,EV,2025,3Q,영업이익,87,십억원,excl,2
2026-05-04_교보증권_LGES,2026-05-04,교보증권,LGES,소형전지,소형,2025,3Q,영업이익,115,십억원,excl,2
2026-05-04_교보증권_LGES,2026-05-04,교보증권,LGES,전사,전사,2025,4Q,매출,6474,십억원,excl,2
2026-05-04_교보증권_LGES,2026-05-04,교보증권,LGES,ESS,ESS,2025,4Q,매출,1424,십억원,excl,2
2026-05-04_교보증권_LGES,2026-05-04,교보증권,LGES,중대형전지,EV,2025,4Q,매출,3043,십억원,excl,2
2026-05-04_교보증권_LGES,2026-05-04,교보증권,LGES,소형전지,소형,2025,4Q,매출,2007,십억원,excl,2
2026-05-04_교보증권_LGES,2026-05-04,교보증권,LGES,원통형,소형,2025,4Q,매출,1726,십억원,excl,2
2026-05-04_교보증권_LGES,2026-05-04,교보증권,LGES,파우치,소형,2025,4Q,매출,281,십억원,excl,2
2026-05-04_교보증권_LGES,2026-05-04,교보증권,LGES,전사,전사,2025,4Q,영업이익,-122,십억원,incl,2
2026-05-04_교보증권_LGES,2026-05-04,교보증권,LGES,전사,전사,2025,4Q,AMPC,333,십억원,na,2
2026-05-04_교보증권_LGES,2026-05-04,교보증권,LGES,ESS,ESS,2025,4Q,영업이익,-96,십억원,excl,2
2026-05-04_교보증권_LGES,2026-05-04,교보증권,LGES,중대형전지,EV,2025,4Q,영업이익,-488,십억원,excl,2
2026-05-04_교보증권_LGES,2026-05-04,교보증권,LGES,소형전지,소형,2025,4Q,영업이익,129,십억원,excl,2
2026-05-04_교보증권_LGES,2026-05-04,교보증권,LGES,전사,전사,2026,1Q,매출,6555,십억원,excl,2
2026-05-04_교보증권_LGES,2026-05-04,교보증권,LGES,ESS,ESS,2026,1Q,매출,1606,십억원,excl,2
2026-05-04_교보증권_LGES,2026-05-04,교보증권,LGES,중대형전지,EV,2026,1Q,매출,2950,십억원,excl,2
2026-05-04_교보증권_LGES,2026-05-04,교보증권,LGES,소형전지,소형,2026,1Q,매출,1999,십억원,excl,2
2026-05-04_교보증권_LGES,2026-05-04,교보증권,LGES,원통형,소형,2026,1Q,매출,1719,십억원,excl,2
2026-05-04_교보증권_LGES,2026-05-04,교보증권,LGES,파우치,소형,2026,1Q,매출,280,십억원,excl,2
2026-05-04_교보증권_LGES,2026-05-04,교보증권,LGES,전사,전사,2026,1Q,영업이익,-208,십억원,incl,2
2026-05-04_교보증권_LGES,2026-05-04,교보증권,LGES,전사,전사,2026,1Q,AMPC,190,십억원,na,2
2026-05-04_교보증권_LGES,2026-05-04,교보증권,LGES,ESS,ESS,2026,1Q,영업이익,-102,십억원,excl,2
2026-05-04_교보증권_LGES,2026-05-04,교보증권,LGES,중대형전지,EV,2026,1Q,영업이익,-402,십억원,excl,2
2026-05-04_교보증권_LGES,2026-05-04,교보증권,LGES,소형전지,소형,2026,1Q,영업이익,106,십억원,excl,2
2026-05-04_교보증권_LGES,2026-05-04,교보증권,LGES,전사,전사,2026,2Q,매출,7211,십억원,excl,2
2026-05-04_교보증권_LGES,2026-05-04,교보증권,LGES,ESS,ESS,2026,2Q,매출,2163,십억원,excl,2
2026-05-04_교보증권_LGES,2026-05-04,교보증권,LGES,중대형전지,EV,2026,2Q,매출,3101,십억원,excl,2
2026-05-04_교보증권_LGES,2026-05-04,교보증권,LGES,소형전지,소형,2026,2Q,매출,1947,십억원,excl,2
2026-05-04_교보증권_LGES,2026-05-04,교보증권,LGES,원통형,소형,2026,2Q,매출,1674,십억원,excl,2
2026-05-04_교보증권_LGES,2026-05-04,교보증권,LGES,파우치,소형,2026,2Q,매출,273,십억원,excl,2
2026-05-04_교보증권_LGES,2026-05-04,교보증권,LGES,전사,전사,2026,2Q,영업이익,295,십억원,incl,2
2026-05-04_교보증권_LGES,2026-05-04,교보증권,LGES,전사,전사,2026,2Q,AMPC,289,십억원,na,2
2026-05-04_교보증권_LGES,2026-05-04,교보증권,LGES,ESS,ESS,2026,2Q,영업이익,-136,십억원,excl,2
2026-05-04_교보증권_LGES,2026-05-04,교보증권,LGES,중대형전지,EV,2026,2Q,영업이익,37,십억원,excl,2
2026-05-04_교보증권_LGES,2026-05-04,교보증권,LGES,소형전지,소형,2026,2Q,영업이익,105,십억원,excl,2
2026-05-04_교보증권_LGES,2026-05-04,교보증권,LGES,전사,전사,2026,3Q,매출,7650,십억원,excl,2
2026-05-04_교보증권_LGES,2026-05-04,교보증권,LGES,ESS,ESS,2026,3Q,매출,2372,십억원,excl,2
2026-05-04_교보증권_LGES,2026-05-04,교보증권,LGES,중대형전지,EV,2026,3Q,매출,3213,십억원,excl,2
2026-05-04_교보증권_LGES,2026-05-04,교보증권,LGES,소형전지,소형,2026,3Q,매출,2066,십억원,excl,2
2026-05-04_교보증권_LGES,2026-05-04,교보증권,LGES,원통형,소형,2026,3Q,매출,1776,십억원,excl,2
2026-05-04_교보증권_LGES,2026-05-04,교보증권,LGES,파우치,소형,2026,3Q,매출,289,십억원,excl,2
2026-05-04_교보증권_LGES,2026-05-04,교보증권,LGES,전사,전사,2026,3Q,영업이익,522,십억원,incl,2
2026-05-04_교보증권_LGES,2026-05-04,교보증권,LGES,전사,전사,2026,3Q,AMPC,435,십억원,na,2
2026-05-04_교보증권_LGES,2026-05-04,교보증권,LGES,ESS,ESS,2026,3Q,영업이익,74,십억원,excl,2
2026-05-04_교보증권_LGES,2026-05-04,교보증권,LGES,중대형전지,EV,2026,3Q,영업이익,-170,십억원,excl,2
2026-05-04_교보증권_LGES,2026-05-04,교보증권,LGES,소형전지,소형,2026,3Q,영업이익,184,십억원,excl,2
2026-05-04_교보증권_LGES,2026-05-04,교보증권,LGES,전사,전사,2026,4Q,매출,7803,십억원,excl,2
2026-05-04_교보증권_LGES,2026-05-04,교보증권,LGES,ESS,ESS,2026,4Q,매출,2575,십억원,excl,2
2026-05-04_교보증권_LGES,2026-05-04,교보증권,LGES,중대형전지,EV,2026,4Q,매출,3121,십억원,excl,2
2026-05-04_교보증권_LGES,2026-05-04,교보증권,LGES,소형전지,소형,2026,4Q,매출,2107,십억원,excl,2
2026-05-04_교보증권_LGES,2026-05-04,교보증권,LGES,원통형,소형,2026,4Q,매출,1812,십억원,excl,2
2026-05-04_교보증권_LGES,2026-05-04,교보증권,LGES,파우치,소형,2026,4Q,매출,295,십억원,excl,2
2026-05-04_교보증권_LGES,2026-05-04,교보증권,LGES,전사,전사,2026,4Q,영업이익,713,십억원,incl,2
2026-05-04_교보증권_LGES,2026-05-04,교보증권,LGES,전사,전사,2026,4Q,AMPC,539,십억원,na,2
2026-05-04_교보증권_LGES,2026-05-04,교보증권,LGES,ESS,ESS,2026,4Q,영업이익,75,십억원,excl,2
2026-05-04_교보증권_LGES,2026-05-04,교보증권,LGES,중대형전지,EV,2026,4Q,영업이익,-6,십억원,excl,2
2026-05-04_교보증권_LGES,2026-05-04,교보증권,LGES,소형전지,소형,2026,4Q,영업이익,105,십억원,excl,2
2026-05-04_교보증권_LGES,2026-05-04,교보증권,LGES,전사,전사,2024,FY,매출,25620,십억원,incl_unknown,1
2026-05-04_교보증권_LGES,2026-05-04,교보증권,LGES,전사,전사,2024,FY,영업이익,575,십억원,incl,1
2026-05-04_교보증권_LGES,2026-05-04,교보증권,LGES,전사,전사,2025,FY,매출,29219,십억원,incl_unknown,1
2026-05-04_교보증권_LGES,2026-05-04,교보증권,LGES,전사,전사,2025,FY,영업이익,1322,십억원,incl,1
2026-05-04_교보증권_LGES,2026-05-04,교보증권,LGES,전사,전사,2026,FY,매출,33713,십억원,incl_unknown,1
2026-05-04_교보증권_LGES,2026-05-04,교보증권,LGES,전사,전사,2026,FY,영업이익,2057,십억원,incl,1
2026-05-04_교보증권_LGES,2026-05-04,교보증권,LGES,전사,전사,2027,FY,매출,45497,십억원,incl_unknown,1
2026-05-04_교보증권_LGES,2026-05-04,교보증권,LGES,전사,전사,2027,FY,영업이익,3262,십억원,incl,1
2026-05-04_다올투자증권_LGES,2026-05-04,다올투자증권,LGES,매출액,전사,2025,1Q,매출,6265,십억원,excl,3
2026-05-04_다올투자증권_LGES,2026-05-04,다올투자증권,LGES,매출액,전사,2025,2Q,매출,5565,십억원,excl,3
2026-05-04_다올투자증권_LGES,2026-05-04,다올투자증권,LGES,매출액,전사,2025,3Q,매출,5700,십억원,excl,3
2026-05-04_다올투자증권_LGES,2026-05-04,다올투자증권,LGES,매출액,전사,2025,4Q,매출,6142,십억원,excl,3
2026-05-04_다올투자증권_LGES,2026-05-04,다올투자증권,LGES,매출액,전사,2026,1Q,매출,6555,십억원,incl_unknown,3
2026-05-04_다올투자증권_LGES,2026-05-04,다올투자증권,LGES,매출액,전사,2026,2Q,매출,6302,십억원,incl_unknown,3
2026-05-04_다올투자증권_LGES,2026-05-04,다올투자증권,LGES,매출액,전사,2026,3Q,매출,7229,십억원,incl_unknown,3
2026-05-04_다올투자증권_LGES,2026-05-04,다올투자증권,LGES,매출액,전사,2026,4Q,매출,8280,십억원,incl_unknown,3
2026-05-04_다올투자증권_LGES,2026-05-04,다올투자증권,LGES,매출액,전사,2024,FY,매출,25620,십억원,excl,3
2026-05-04_다올투자증권_LGES,2026-05-04,다올투자증권,LGES,매출액,전사,2025,FY,매출,23672,십억원,excl,3
2026-05-04_다올투자증권_LGES,2026-05-04,다올투자증권,LGES,매출액,전사,2026,FY,매출,28366,십억원,incl_unknown,3
2026-05-04_다올투자증권_LGES,2026-05-04,다올투자증권,LGES,매출액,전사,2027,FY,매출,39749,십억원,incl_unknown,3
2026-05-04_다올투자증권_LGES,2026-05-04,다올투자증권,LGES,매출액,전사,2028,FY,매출,50698.8,십억원,incl_unknown,6
2026-05-04_다올투자증권_LGES,2026-05-04,다올투자증권,LGES,중대형,중대형,2025,1Q,매출,4666,십억원,excl,3
2026-05-04_다올투자증권_LGES,2026-05-04,다올투자증권,LGES,중대형,중대형,2025,2Q,매출,3820,십억원,excl,3
2026-05-04_다올투자증권_LGES,2026-05-04,다올투자증권,LGES,중대형,중대형,2025,3Q,매출,3978,십억원,excl,3
2026-05-04_다올투자증권_LGES,2026-05-04,다올투자증권,LGES,중대형,중대형,2025,4Q,매출,4449,십억원,excl,3
2026-05-04_다올투자증권_LGES,2026-05-04,다올투자증권,LGES,중대형,중대형,2026,1Q,매출,4935,십억원,incl_unknown,3
2026-05-04_다올투자증권_LGES,2026-05-04,다올투자증권,LGES,중대형,중대형,2026,2Q,매출,4644,십억원,incl_unknown,3
2026-05-04_다올투자증권_LGES,2026-05-04,다올투자증권,LGES,중대형,중대형,2026,3Q,매출,5627,십억원,incl_unknown,3
2026-05-04_다올투자증권_LGES,2026-05-04,다올투자증권,LGES,중대형,중대형,2026,4Q,매출,6508,십억원,incl_unknown,3
2026-05-04_다올투자증권_LGES,2026-05-04,다올투자증권,LGES,중대형,중대형,2024,FY,매출,18469,십억원,excl,3
2026-05-04_다올투자증권_LGES,2026-05-04,다올투자증권,LGES,중대형,중대형,2025,FY,매출,16912,십억원,excl,3
2026-05-04_다올투자증권_LGES,2026-05-04,다올투자증권,LGES,중대형,중대형,2026,FY,매출,21714,십억원,incl_unknown,3
2026-05-04_다올투자증권_LGES,2026-05-04,다올투자증권,LGES,중대형,중대형,2027,FY,매출,32781,십억원,incl_unknown,3
2026-05-04_다올투자증권_LGES,2026-05-04,다올투자증권,LGES,EV,EV,2025,1Q,매출,4072,십억원,excl,3
2026-05-04_다올투자증권_LGES,2026-05-04,다올투자증권,LGES,EV,EV,2025,2Q,매출,3461,십억원,excl,3
2026-05-04_다올투자증권_LGES,2026-05-04,다올투자증권,LGES,EV,EV,2025,3Q,매출,3534,십억원,excl,3
2026-05-04_다올투자증권_LGES,2026-05-04,다올투자증권,LGES,EV,EV,2025,4Q,매출,3130,십억원,excl,3
2026-05-04_다올투자증권_LGES,2026-05-04,다올투자증권,LGES,EV,EV,2026,1Q,매출,3034,십억원,incl_unknown,3
2026-05-04_다올투자증권_LGES,2026-05-04,다올투자증권,LGES,EV,EV,2026,2Q,매출,2610,십억원,incl_unknown,3
2026-05-04_다올투자증권_LGES,2026-05-04,다올투자증권,LGES,EV,EV,2026,3Q,매출,3582,십억원,incl_unknown,3
2026-05-04_다올투자증권_LGES,2026-05-04,다올투자증권,LGES,EV,EV,2026,4Q,매출,4350,십억원,incl_unknown,3
2026-05-04_다올투자증권_LGES,2026-05-04,다올투자증권,LGES,EV,EV,2024,FY,매출,16266,십억원,excl,3
2026-05-04_다올투자증권_LGES,2026-05-04,다올투자증권,LGES,EV,EV,2025,FY,매출,14198,십억원,excl,3
2026-05-04_다올투자증권_LGES,2026-05-04,다올투자증권,LGES,EV,EV,2026,FY,매출,13576,십억원,incl_unknown,3
2026-05-04_다올투자증권_LGES,2026-05-04,다올투자증권,LGES,EV,EV,2027,FY,매출,20869,십억원,incl_unknown,3
2026-05-04_다올투자증권_LGES,2026-05-04,다올투자증권,LGES,ESS,ESS,2025,1Q,매출,593,십억원,excl,3
2026-05-04_다올투자증권_LGES,2026-05-04,다올투자증권,LGES,ESS,ESS,2025,2Q,매출,359,십억원,excl,3
2026-05-04_다올투자증권_LGES,2026-05-04,다올투자증권,LGES,ESS,ESS,2025,3Q,매출,444,십억원,excl,3
2026-05-04_다올투자증권_LGES,2026-05-04,다올투자증권,LGES,ESS,ESS,2025,4Q,매출,1319,십억원,excl,3
2026-05-04_다올투자증권_LGES,2026-05-04,다올투자증권,LGES,ESS,ESS,2026,1Q,매출,1901,십억원,incl_unknown,3
2026-05-04_다올투자증권_LGES,2026-05-04,다올투자증권,LGES,ESS,ESS,2026,2Q,매출,2034,십억원,incl_unknown,3
2026-05-04_다올투자증권_LGES,2026-05-04,다올투자증권,LGES,ESS,ESS,2026,3Q,매출,2046,십억원,incl_unknown,3
2026-05-04_다올투자증권_LGES,2026-05-04,다올투자증권,LGES,ESS,ESS,2026,4Q,매출,2158,십억원,incl_unknown,3
2026-05-04_다올투자증권_LGES,2026-05-04,다올투자증권,LGES,ESS,ESS,2024,FY,매출,2203,십억원,excl,3
2026-05-04_다올투자증권_LGES,2026-05-04,다올투자증권,LGES,ESS,ESS,2025,FY,매출,2715,십억원,excl,3
2026-05-04_다올투자증권_LGES,2026-05-04,다올투자증권,LGES,ESS,ESS,2026,FY,매출,8138,십억원,incl_unknown,3
2026-05-04_다올투자증권_LGES,2026-05-04,다올투자증권,LGES,ESS,ESS,2027,FY,매출,11912,십억원,incl_unknown,3
2026-05-04_다올투자증권_LGES,2026-05-04,다올투자증권,LGES,소형,소형,2025,1Q,매출,1599,십억원,excl,3
2026-05-04_다올투자증권_LGES,2026-05-04,다올투자증권,LGES,소형,소형,2025,2Q,매출,1128,십억원,excl,3
2026-05-04_다올투자증권_LGES,2026-05-04,다올투자증권,LGES,소형,소형,2025,3Q,매출,1435,십억원,excl,3
2026-05-04_다올투자증권_LGES,2026-05-04,다올투자증권,LGES,소형,소형,2025,4Q,매출,1693,십억원,excl,3
2026-05-04_다올투자증권_LGES,2026-05-04,다올투자증권,LGES,소형,소형,2026,1Q,매출,1620,십억원,incl_unknown,3
2026-05-04_다올투자증권_LGES,2026-05-04,다올투자증권,LGES,소형,소형,2026,2Q,매출,1659,십억원,incl_unknown,3
2026-05-04_다올투자증권_LGES,2026-05-04,다올투자증권,LGES,소형,소형,2026,3Q,매출,1601,십억원,incl_unknown,3
2026-05-04_다올투자증권_LGES,2026-05-04,다올투자증권,LGES,소형,소형,2026,4Q,매출,1772,십억원,incl_unknown,3
2026-05-04_다올투자증권_LGES,2026-05-04,다올투자증권,LGES,소형,소형,2024,FY,매출,7140,십억원,excl,3
2026-05-04_다올투자증권_LGES,2026-05-04,다올투자증권,LGES,소형,소형,2025,FY,매출,5855,십억원,excl,3
2026-05-04_다올투자증권_LGES,2026-05-04,다올투자증권,LGES,소형,소형,2026,FY,매출,6652,십억원,incl_unknown,3
2026-05-04_다올투자증권_LGES,2026-05-04,다올투자증권,LGES,소형,소형,2027,FY,매출,6969,십억원,incl_unknown,3
2026-05-04_다올투자증권_LGES,2026-05-04,다올투자증권,LGES,영업이익,전사,2025,1Q,영업이익,375,십억원,incl,3
2026-05-04_다올투자증권_LGES,2026-05-04,다올투자증권,LGES,영업이익,전사,2025,2Q,영업이익,492,십억원,incl,3
2026-05-04_다올투자증권_LGES,2026-05-04,다올투자증권,LGES,영업이익,전사,2025,3Q,영업이익,601,십억원,incl,3
2026-05-04_다올투자증권_LGES,2026-05-04,다올투자증권,LGES,영업이익,전사,2025,4Q,영업이익,-122,십억원,incl,3
2026-05-04_다올투자증권_LGES,2026-05-04,다올투자증권,LGES,영업이익,전사,2026,1Q,영업이익,-208,십억원,incl,3
2026-05-04_다올투자증권_LGES,2026-05-04,다올투자증권,LGES,영업이익,전사,2026,2Q,영업이익,103,십억원,incl,3
2026-05-04_다올투자증권_LGES,2026-05-04,다올투자증권,LGES,영업이익,전사,2026,3Q,영업이익,552,십억원,incl,3
2026-05-04_다올투자증권_LGES,2026-05-04,다올투자증권,LGES,영업이익,전사,2026,4Q,영업이익,747,십억원,incl,3
2026-05-04_다올투자증권_LGES,2026-05-04,다올투자증권,LGES,영업이익,전사,2024,FY,영업이익,575.4,십억원,incl,3
2026-05-04_다올투자증권_LGES,2026-05-04,다올투자증권,LGES,영업이익,전사,2025,FY,영업이익,1346.4,십억원,incl,3
2026-05-04_다올투자증권_LGES,2026-05-04,다올투자증권,LGES,영업이익,전사,2026,FY,영업이익,1194.2,십억원,incl,3
2026-05-04_다올투자증권_LGES,2026-05-04,다올투자증권,LGES,영업이익,전사,2027,FY,영업이익,5020.7,십억원,incl,3
2026-05-04_다올투자증권_LGES,2026-05-04,다올투자증권,LGES,영업이익,전사,2028,FY,영업이익,10497.9,십억원,incl,6
2026-05-04_다올투자증권_LGES,2026-05-04,다올투자증권,LGES,AMPC,전사,2025,1Q,AMPC,458,십억원,na,3
2026-05-04_다올투자증권_LGES,2026-05-04,다올투자증권,LGES,AMPC,전사,2025,2Q,AMPC,491,십억원,na,3
2026-05-04_다올투자증권_LGES,2026-05-04,다올투자증권,LGES,AMPC,전사,2025,3Q,AMPC,366,십억원,na,3
2026-05-04_다올투자증권_LGES,2026-05-04,다올투자증권,LGES,AMPC,전사,2025,4Q,AMPC,333,십억원,na,3
2026-05-04_다올투자증권_LGES,2026-05-04,다올투자증권,LGES,AMPC,전사,2026,1Q,AMPC,190,십억원,na,3
2026-05-04_다올투자증권_LGES,2026-05-04,다올투자증권,LGES,AMPC,전사,2026,2Q,AMPC,305,십억원,na,3
2026-05-04_다올투자증권_LGES,2026-05-04,다올투자증권,LGES,AMPC,전사,2026,3Q,AMPC,443,십억원,na,3
2026-05-04_다올투자증권_LGES,2026-05-04,다올투자증권,LGES,AMPC,전사,2026,4Q,AMPC,640,십억원,na,3
2026-05-04_다올투자증권_LGES,2026-05-04,다올투자증권,LGES,AMPC,전사,2024,FY,AMPC,1480,십억원,na,3
2026-05-04_다올투자증권_LGES,2026-05-04,다올투자증권,LGES,AMPC,전사,2025,FY,AMPC,1648,십억원,na,3
2026-05-04_다올투자증권_LGES,2026-05-04,다올투자증권,LGES,AMPC,전사,2026,FY,AMPC,1578,십억원,na,3
2026-05-04_다올투자증권_LGES,2026-05-04,다올투자증권,LGES,AMPC,전사,2027,FY,AMPC,4676,십억원,na,3
2026-05-04_메리츠증권_LGES,2026-05-04,메리츠증권,LGES,매출액,전사,2024,FY,매출,25620,십억원,excl,4
2026-05-04_메리츠증권_LGES,2026-05-04,메리츠증권,LGES,영업이익,전사,2024,FY,영업이익,575,십억원,excl,4
2026-05-04_메리츠증권_LGES,2026-05-04,메리츠증권,LGES,매출액,전사,2025,FY,매출,25319,십억원,incl,3
2026-05-04_메리츠증권_LGES,2026-05-04,메리츠증권,LGES,영업이익,전사,2025,FY,영업이익,1346,십억원,incl,3
2026-05-04_메리츠증권_LGES,2026-05-04,메리츠증권,LGES,AMPC,전사,2025,FY,AMPC,1647,십억원,na,3
2026-05-04_메리츠증권_LGES,2026-05-04,메리츠증권,LGES,매출액,전사,2026,FY,매출,28261,십억원,incl,2
2026-05-04_메리츠증권_LGES,2026-05-04,메리츠증권,LGES,영업이익,전사,2026,FY,영업이익,1073,십억원,incl,2
2026-05-04_메리츠증권_LGES,2026-05-04,메리츠증권,LGES,AMPC,전사,2026,FY,AMPC,1315,십억원,na,3
2026-05-04_메리츠증권_LGES,2026-05-04,메리츠증권,LGES,매출액,전사,2027,FY,매출,32805,십억원,incl,2
2026-05-04_메리츠증권_LGES,2026-05-04,메리츠증권,LGES,영업이익,전사,2027,FY,영업이익,3459,십억원,incl,2
2026-05-04_메리츠증권_LGES,2026-05-04,메리츠증권,LGES,AMPC,전사,2027,FY,AMPC,2708,십억원,na,3
2026-05-04_메리츠증권_LGES,2026-05-04,메리츠증권,LGES,매출액,전사,2028,FY,매출,36488,십억원,incl_unknown,4
2026-05-04_메리츠증권_LGES,2026-05-04,메리츠증권,LGES,영업이익,전사,2028,FY,영업이익,5179,십억원,incl_unknown,4
2026-05-04_메리츠증권_LGES,2026-05-04,메리츠증권,LGES,매출액,전사,2025,1Q,매출,6723,십억원,incl,3
2026-05-04_메리츠증권_LGES,2026-05-04,메리츠증권,LGES,영업이익,전사,2025,1Q,영업이익,375,십억원,incl,3
2026-05-04_메리츠증권_LGES,2026-05-04,메리츠증권,LGES,AMPC,전사,2025,1Q,AMPC,458,십억원,na,3
2026-05-04_메리츠증권_LGES,2026-05-04,메리츠증권,LGES,매출액,전사,2025,2Q,매출,6056,십억원,incl,3
2026-05-04_메리츠증권_LGES,2026-05-04,메리츠증권,LGES,영업이익,전사,2025,2Q,영업이익,492,십억원,incl,3
2026-05-04_메리츠증권_LGES,2026-05-04,메리츠증권,LGES,AMPC,전사,2025,2Q,AMPC,491,십억원,na,3
2026-05-04_메리츠증권_LGES,2026-05-04,메리츠증권,LGES,매출액,전사,2025,3Q,매출,6065,십억원,incl,3
2026-05-04_메리츠증권_LGES,2026-05-04,메리츠증권,LGES,영업이익,전사,2025,3Q,영업이익,601,십억원,incl,3
2026-05-04_메리츠증권_LGES,2026-05-04,메리츠증권,LGES,AMPC,전사,2025,3Q,AMPC,366,십억원,na,3
2026-05-04_메리츠증권_LGES,2026-05-04,메리츠증권,LGES,매출액,전사,2025,4Q,매출,6474,십억원,incl,3
2026-05-04_메리츠증권_LGES,2026-05-04,메리츠증권,LGES,영업이익,전사,2025,4Q,영업이익,-122,십억원,incl,3
2026-05-04_메리츠증권_LGES,2026-05-04,메리츠증권,LGES,AMPC,전사,2025,4Q,AMPC,333,십억원,na,3
2026-05-04_메리츠증권_LGES,2026-05-04,메리츠증권,LGES,매출액,전사,2026,1Q,매출,6555,십억원,incl,1
2026-05-04_메리츠증권_LGES,2026-05-04,메리츠증권,LGES,영업이익,전사,2026,1Q,영업이익,-208,십억원,incl,1
2026-05-04_메리츠증권_LGES,2026-05-04,메리츠증권,LGES,AMPC,전사,2026,1Q,AMPC,190,십억원,na,3
2026-05-04_메리츠증권_LGES,2026-05-04,메리츠증권,LGES,매출액,전사,2026,2Q,매출,6846,십억원,incl,1
2026-05-04_메리츠증권_LGES,2026-05-04,메리츠증권,LGES,영업이익,전사,2026,2Q,영업이익,120,십억원,incl,1
2026-05-04_메리츠증권_LGES,2026-05-04,메리츠증권,LGES,AMPC,전사,2026,2Q,AMPC,228,십억원,na,1
2026-05-04_메리츠증권_LGES,2026-05-04,메리츠증권,LGES,매출액,전사,2026,3Q,매출,7231,십억원,incl,3
2026-05-04_메리츠증권_LGES,2026-05-04,메리츠증권,LGES,영업이익,전사,2026,3Q,영업이익,431,십억원,incl,3
2026-05-04_메리츠증권_LGES,2026-05-04,메리츠증권,LGES,AMPC,전사,2026,3Q,AMPC,345,십억원,na,3
2026-05-04_메리츠증권_LGES,2026-05-04,메리츠증권,LGES,매출액,전사,2026,4Q,매출,7629,십억원,incl,3
2026-05-04_메리츠증권_LGES,2026-05-04,메리츠증권,LGES,영업이익,전사,2026,4Q,영업이익,730,십억원,incl,3
2026-05-04_메리츠증권_LGES,2026-05-04,메리츠증권,LGES,AMPC,전사,2026,4Q,AMPC,552,십억원,na,3
2026-05-04_메리츠증권_LGES,2026-05-04,메리츠증권,LGES,소형 배터리,소형,2025,FY,매출,6955,십억원,excl,3
2026-05-04_메리츠증권_LGES,2026-05-04,메리츠증권,LGES,소형 배터리,소형,2026,FY,매출,9088,십억원,excl,3
2026-05-04_메리츠증권_LGES,2026-05-04,메리츠증권,LGES,소형 배터리,소형,2027,FY,매출,10507,십억원,excl,3
2026-05-04_메리츠증권_LGES,2026-05-04,메리츠증권,LGES,IT/기타,소형,2025,FY,매출,590,십억원,excl,3
2026-05-04_메리츠증권_LGES,2026-05-04,메리츠증권,LGES,IT/기타,소형,2026,FY,매출,707,십억원,excl,3
2026-05-04_메리츠증권_LGES,2026-05-04,메리츠증권,LGES,IT/기타,소형,2027,FY,매출,841,십억원,excl,3
2026-05-04_메리츠증권_LGES,2026-05-04,메리츠증권,LGES,EV 원통형,소형,2025,FY,매출,6364,십억원,excl,3
2026-05-04_메리츠증권_LGES,2026-05-04,메리츠증권,LGES,EV 원통형,소형,2026,FY,매출,8381,십억원,excl,3
2026-05-04_메리츠증권_LGES,2026-05-04,메리츠증권,LGES,EV 원통형,소형,2027,FY,매출,9667,십억원,excl,3
2026-05-04_메리츠증권_LGES,2026-05-04,메리츠증권,LGES,중대형 배터리,중대형,2025,FY,매출,15718,십억원,excl,3
2026-05-04_메리츠증권_LGES,2026-05-04,메리츠증권,LGES,중대형 배터리,중대형,2026,FY,매출,17323,십억원,excl,3
2026-05-04_메리츠증권_LGES,2026-05-04,메리츠증권,LGES,중대형 배터리,중대형,2027,FY,매출,19590,십억원,excl,3
2026-05-04_메리츠증권_LGES,2026-05-04,메리츠증권,LGES,EV용,EV,2025,FY,매출,12611,십억원,excl,3
2026-05-04_메리츠증권_LGES,2026-05-04,메리츠증권,LGES,EV용,EV,2026,FY,매출,10679,십억원,excl,3
2026-05-04_메리츠증권_LGES,2026-05-04,메리츠증권,LGES,EV용,EV,2027,FY,매출,10671,십억원,excl,3
2026-05-04_메리츠증권_LGES,2026-05-04,메리츠증권,LGES,ESS용,ESS,2025,FY,매출,3108,십억원,excl,3
2026-05-04_메리츠증권_LGES,2026-05-04,메리츠증권,LGES,ESS용,ESS,2026,FY,매출,6644,십억원,excl,3
2026-05-04_메리츠증권_LGES,2026-05-04,메리츠증권,LGES,ESS용,ESS,2027,FY,매출,8919,십억원,excl,3
2026-05-04_미래에셋증권_LGES,2026-05-04,미래에셋증권,LGES,연결,전사,2026,1Q,매출,6555,십억원,excl,2
2026-05-04_미래에셋증권_LGES,2026-05-04,미래에셋증권,LGES,연결,전사,2026,2Q,매출,7244,십억원,excl,2
2026-05-04_미래에셋증권_LGES,2026-05-04,미래에셋증권,LGES,연결,전사,2026,3Q,매출,8158,십억원,excl,2
2026-05-04_미래에셋증권_LGES,2026-05-04,미래에셋증권,LGES,연결,전사,2026,4Q,매출,10068,십억원,excl,2
2026-05-04_미래에셋증권_LGES,2026-05-04,미래에셋증권,LGES,연결,전사,2027,1Q,매출,8421,십억원,excl,2
2026-05-04_미래에셋증권_LGES,2026-05-04,미래에셋증권,LGES,연결,전사,2027,2Q,매출,8860,십억원,excl,2
2026-05-04_미래에셋증권_LGES,2026-05-04,미래에셋증권,LGES,연결,전사,2027,3Q,매출,9660,십억원,excl,2
2026-05-04_미래에셋증권_LGES,2026-05-04,미래에셋증권,LGES,연결,전사,2027,4Q,매출,10816,십억원,excl,2
2026-05-04_미래에셋증권_LGES,2026-05-04,미래에셋증권,LGES,Small,소형,2026,1Q,매출,2064,십억원,excl,2
2026-05-04_미래에셋증권_LGES,2026-05-04,미래에셋증권,LGES,Small,소형,2026,2Q,매출,2117,십억원,excl,2
2026-05-04_미래에셋증권_LGES,2026-05-04,미래에셋증권,LGES,Small,소형,2026,3Q,매출,2169,십억원,excl,2
2026-05-04_미래에셋증권_LGES,2026-05-04,미래에셋증권,LGES,Small,소형,2026,4Q,매출,2171,십억원,excl,2
2026-05-04_미래에셋증권_LGES,2026-05-04,미래에셋증권,LGES,Small,소형,2027,1Q,매출,2159,십억원,excl,2
2026-05-04_미래에셋증권_LGES,2026-05-04,미래에셋증권,LGES,Small,소형,2027,2Q,매출,2284,십억원,excl,2
2026-05-04_미래에셋증권_LGES,2026-05-04,미래에셋증권,LGES,Small,소형,2027,3Q,매출,2427,십억원,excl,2
2026-05-04_미래에셋증권_LGES,2026-05-04,미래에셋증권,LGES,Small,소형,2027,4Q,매출,2694,십억원,excl,2
2026-05-04_미래에셋증권_LGES,2026-05-04,미래에셋증권,LGES,EV,EV,2026,1Q,매출,2818,십억원,excl,2
2026-05-04_미래에셋증권_LGES,2026-05-04,미래에셋증권,LGES,EV,EV,2026,2Q,매출,2686,십억원,excl,2
2026-05-04_미래에셋증권_LGES,2026-05-04,미래에셋증권,LGES,EV,EV,2026,3Q,매출,2860,십억원,excl,2
2026-05-04_미래에셋증권_LGES,2026-05-04,미래에셋증권,LGES,EV,EV,2026,4Q,매출,3203,십억원,excl,2
2026-05-04_미래에셋증권_LGES,2026-05-04,미래에셋증권,LGES,EV,EV,2027,1Q,매출,2883,십억원,excl,2
2026-05-04_미래에셋증권_LGES,2026-05-04,미래에셋증권,LGES,EV,EV,2027,2Q,매출,3027,십억원,excl,2
2026-05-04_미래에셋증권_LGES,2026-05-04,미래에셋증권,LGES,EV,EV,2027,3Q,매출,3330,십억원,excl,2
2026-05-04_미래에셋증권_LGES,2026-05-04,미래에셋증권,LGES,EV,EV,2027,4Q,매출,3829,십억원,excl,2
2026-05-04_미래에셋증권_LGES,2026-05-04,미래에셋증권,LGES,ESS,ESS,2026,1Q,매출,1673,십억원,excl,2
2026-05-04_미래에셋증권_LGES,2026-05-04,미래에셋증권,LGES,ESS,ESS,2026,2Q,매출,2441,십억원,excl,2
2026-05-04_미래에셋증권_LGES,2026-05-04,미래에셋증권,LGES,ESS,ESS,2026,3Q,매출,3129,십억원,excl,2
2026-05-04_미래에셋증권_LGES,2026-05-04,미래에셋증권,LGES,ESS,ESS,2026,4Q,매출,4693,십억원,excl,2
2026-05-04_미래에셋증권_LGES,2026-05-04,미래에셋증권,LGES,ESS,ESS,2027,1Q,매출,3379,십억원,excl,2
2026-05-04_미래에셋증권_LGES,2026-05-04,미래에셋증권,LGES,ESS,ESS,2027,2Q,매출,3548,십억원,excl,2
2026-05-04_미래에셋증권_LGES,2026-05-04,미래에셋증권,LGES,ESS,ESS,2027,3Q,매출,3903,십억원,excl,2
2026-05-04_미래에셋증권_LGES,2026-05-04,미래에셋증권,LGES,ESS,ESS,2027,4Q,매출,4293,십억원,excl,2
2026-05-04_미래에셋증권_LGES,2026-05-04,미래에셋증권,LGES,연결,전사,2026,1Q,영업이익,-208,십억원,incl,2
2026-05-04_미래에셋증권_LGES,2026-05-04,미래에셋증권,LGES,연결,전사,2026,2Q,영업이익,234,십억원,incl,2
2026-05-04_미래에셋증권_LGES,2026-05-04,미래에셋증권,LGES,연결,전사,2026,3Q,영업이익,655,십억원,incl,2
2026-05-04_미래에셋증권_LGES,2026-05-04,미래에셋증권,LGES,연결,전사,2026,4Q,영업이익,947,십억원,incl,2
2026-05-04_미래에셋증권_LGES,2026-05-04,미래에셋증권,LGES,연결,전사,2027,1Q,영업이익,745,십억원,incl,2
2026-05-04_미래에셋증권_LGES,2026-05-04,미래에셋증권,LGES,연결,전사,2027,2Q,영업이익,907,십억원,incl,2
2026-05-04_미래에셋증권_LGES,2026-05-04,미래에셋증권,LGES,연결,전사,2027,3Q,영업이익,1002,십억원,incl,2
2026-05-04_미래에셋증권_LGES,2026-05-04,미래에셋증권,LGES,연결,전사,2027,4Q,영업이익,1269,십억원,incl,2
2026-05-04_미래에셋증권_LGES,2026-05-04,미래에셋증권,LGES,Small,소형,2026,1Q,영업이익,120,십억원,excl,2
2026-05-04_미래에셋증권_LGES,2026-05-04,미래에셋증권,LGES,Small,소형,2026,2Q,영업이익,101,십억원,excl,2
2026-05-04_미래에셋증권_LGES,2026-05-04,미래에셋증권,LGES,Small,소형,2026,3Q,영업이익,127,십억원,excl,2
2026-05-04_미래에셋증권_LGES,2026-05-04,미래에셋증권,LGES,Small,소형,2026,4Q,영업이익,127,십억원,excl,2
2026-05-04_미래에셋증권_LGES,2026-05-04,미래에셋증권,LGES,Small,소형,2027,1Q,영업이익,121,십억원,excl,2
2026-05-04_미래에셋증권_LGES,2026-05-04,미래에셋증권,LGES,Small,소형,2027,2Q,영업이익,154,십억원,excl,2
2026-05-04_미래에셋증권_LGES,2026-05-04,미래에셋증권,LGES,Small,소형,2027,3Q,영업이익,174,십억원,excl,2
2026-05-04_미래에셋증권_LGES,2026-05-04,미래에셋증권,LGES,Small,소형,2027,4Q,영업이익,195,십억원,excl,2
2026-05-04_미래에셋증권_LGES,2026-05-04,미래에셋증권,LGES,EV,EV,2026,1Q,영업이익,-308,십억원,excl,2
2026-05-04_미래에셋증권_LGES,2026-05-04,미래에셋증권,LGES,EV,EV,2026,2Q,영업이익,20,십억원,excl,2
2026-05-04_미래에셋증권_LGES,2026-05-04,미래에셋증권,LGES,EV,EV,2026,3Q,영업이익,14,십억원,excl,2
2026-05-04_미래에셋증권_LGES,2026-05-04,미래에셋증권,LGES,EV,EV,2026,4Q,영업이익,40,십억원,excl,2
2026-05-04_미래에셋증권_LGES,2026-05-04,미래에셋증권,LGES,EV,EV,2027,1Q,영업이익,26,십억원,excl,2
2026-05-04_미래에셋증권_LGES,2026-05-04,미래에셋증권,LGES,EV,EV,2027,2Q,영업이익,44,십억원,excl,2
2026-05-04_미래에셋증권_LGES,2026-05-04,미래에셋증권,LGES,EV,EV,2027,3Q,영업이익,70,십억원,excl,2
2026-05-04_미래에셋증권_LGES,2026-05-04,미래에셋증권,LGES,EV,EV,2027,4Q,영업이익,132,십억원,excl,2
2026-05-04_미래에셋증권_LGES,2026-05-04,미래에셋증권,LGES,ESS,ESS,2026,1Q,영업이익,-209,십억원,excl,2
2026-05-04_미래에셋증권_LGES,2026-05-04,미래에셋증권,LGES,ESS,ESS,2026,2Q,영업이익,-171,십억원,excl,2
2026-05-04_미래에셋증권_LGES,2026-05-04,미래에셋증권,LGES,ESS,ESS,2026,3Q,영업이익,31,십억원,excl,2
2026-05-04_미래에셋증권_LGES,2026-05-04,미래에셋증권,LGES,ESS,ESS,2026,4Q,영업이익,94,십억원,excl,2
2026-05-04_미래에셋증권_LGES,2026-05-04,미래에셋증권,LGES,ESS,ESS,2027,1Q,영업이익,101,십억원,excl,2
2026-05-04_미래에셋증권_LGES,2026-05-04,미래에셋증권,LGES,ESS,ESS,2027,2Q,영업이익,142,십억원,excl,2
2026-05-04_미래에셋증권_LGES,2026-05-04,미래에셋증권,LGES,ESS,ESS,2027,3Q,영업이익,156,십억원,excl,2
2026-05-04_미래에셋증권_LGES,2026-05-04,미래에셋증권,LGES,ESS,ESS,2027,4Q,영업이익,172,십억원,excl,2
2026-05-04_미래에셋증권_LGES,2026-05-04,미래에셋증권,LGES,연결,전사,2026,1Q,AMPC,190,십억원,na,2
2026-05-04_미래에셋증권_LGES,2026-05-04,미래에셋증권,LGES,연결,전사,2026,2Q,AMPC,284,십억원,na,2
2026-05-04_미래에셋증권_LGES,2026-05-04,미래에셋증권,LGES,연결,전사,2026,3Q,AMPC,483,십억원,na,2
2026-05-04_미래에셋증권_LGES,2026-05-04,미래에셋증권,LGES,연결,전사,2026,4Q,AMPC,686,십억원,na,2
2026-05-04_미래에셋증권_LGES,2026-05-04,미래에셋증권,LGES,연결,전사,2027,1Q,AMPC,497,십억원,na,2
2026-05-04_미래에셋증권_LGES,2026-05-04,미래에셋증권,LGES,연결,전사,2027,2Q,AMPC,567,십억원,na,2
2026-05-04_미래에셋증권_LGES,2026-05-04,미래에셋증권,LGES,연결,전사,2027,3Q,AMPC,602,십억원,na,2
2026-05-04_미래에셋증권_LGES,2026-05-04,미래에셋증권,LGES,연결,전사,2027,4Q,AMPC,770,십억원,na,2
2026-05-04_미래에셋증권_LGES,2026-05-04,미래에셋증권,LGES,연결,전사,2026,FY,매출,32024,십억원,excl,1
2026-05-04_미래에셋증권_LGES,2026-05-04,미래에셋증권,LGES,연결,전사,2027,FY,매출,37757,십억원,excl,1
2026-05-04_미래에셋증권_LGES,2026-05-04,미래에셋증권,LGES,연결,전사,2028,FY,매출,44145,십억원,excl,1
2026-05-04_미래에셋증권_LGES,2026-05-04,미래에셋증권,LGES,Small,소형,2026,FY,매출,8521,십억원,excl,2
2026-05-04_미래에셋증권_LGES,2026-05-04,미래에셋증권,LGES,Small,소형,2027,FY,매출,9565,십억원,excl,2
2026-05-04_미래에셋증권_LGES,2026-05-04,미래에셋증권,LGES,Small,소형,2028,FY,매출,10536,십억원,excl,2
2026-05-04_미래에셋증권_LGES,2026-05-04,미래에셋증권,LGES,EV,EV,2026,FY,매출,11567,십억원,excl,2
2026-05-04_미래에셋증권_LGES,2026-05-04,미래에셋증권,LGES,EV,EV,2027,FY,매출,13069,십억원,excl,2
2026-05-04_미래에셋증권_LGES,2026-05-04,미래에셋증권,LGES,EV,EV,2028,FY,매출,15424,십억원,excl,2
2026-05-04_미래에셋증권_LGES,2026-05-04,미래에셋증권,LGES,ESS,ESS,2026,FY,매출,11936,십억원,excl,2
2026-05-04_미래에셋증권_LGES,2026-05-04,미래에셋증권,LGES,ESS,ESS,2027,FY,매출,15123,십억원,excl,2
2026-05-04_미래에셋증권_LGES,2026-05-04,미래에셋증권,LGES,ESS,ESS,2028,FY,매출,18185,십억원,excl,2
2026-05-04_미래에셋증권_LGES,2026-05-04,미래에셋증권,LGES,연결,전사,2026,FY,영업이익,1629,십억원,incl,1
2026-05-04_미래에셋증권_LGES,2026-05-04,미래에셋증권,LGES,연결,전사,2027,FY,영업이익,3924,십억원,incl,1
2026-05-04_미래에셋증권_LGES,2026-05-04,미래에셋증권,LGES,연결,전사,2028,FY,영업이익,5225,십억원,incl,1
2026-05-04_미래에셋증권_LGES,2026-05-04,미래에셋증권,LGES,Small,소형,2026,FY,영업이익,475,십억원,excl,2
2026-05-04_미래에셋증권_LGES,2026-05-04,미래에셋증권,LGES,Small,소형,2027,FY,영업이익,645,십억원,excl,2
2026-05-04_미래에셋증권_LGES,2026-05-04,미래에셋증권,LGES,Small,소형,2028,FY,영업이익,757,십억원,excl,2
2026-05-04_미래에셋증권_LGES,2026-05-04,미래에셋증권,LGES,EV,EV,2026,FY,영업이익,-234,십억원,excl,2
2026-05-04_미래에셋증권_LGES,2026-05-04,미래에셋증권,LGES,EV,EV,2027,FY,영업이익,272,십억원,excl,2
2026-05-04_미래에셋증권_LGES,2026-05-04,미래에셋증권,LGES,EV,EV,2028,FY,영업이익,416,십억원,excl,2
2026-05-04_미래에셋증권_LGES,2026-05-04,미래에셋증권,LGES,ESS,ESS,2026,FY,영업이익,-255,십억원,excl,2
2026-05-04_미래에셋증권_LGES,2026-05-04,미래에셋증권,LGES,ESS,ESS,2027,FY,영업이익,571,십억원,excl,2
2026-05-04_미래에셋증권_LGES,2026-05-04,미래에셋증권,LGES,ESS,ESS,2028,FY,영업이익,727,십억원,excl,2
2026-05-04_미래에셋증권_LGES,2026-05-04,미래에셋증권,LGES,연결,전사,2026,FY,AMPC,1643,십억원,na,2
2026-05-04_미래에셋증권_LGES,2026-05-04,미래에셋증권,LGES,연결,전사,2027,FY,AMPC,2436,십억원,na,2
2026-05-04_미래에셋증권_LGES,2026-05-04,미래에셋증권,LGES,연결,전사,2028,FY,AMPC,3325,십억원,na,2
2026-05-04_미래에셋증권_LGES,2026-05-04,미래에셋증권,LGES,연결,전사,2024,FY,매출,25620,십억원,incl_unknown,1
2026-05-04_미래에셋증권_LGES,2026-05-04,미래에셋증권,LGES,연결,전사,2025,FY,매출,23672,십억원,incl_unknown,1
2026-05-04_미래에셋증권_LGES,2026-05-04,미래에셋증권,LGES,연결,전사,2024,FY,영업이익,575,십억원,incl_unknown,1
2026-05-04_미래에셋증권_LGES,2026-05-04,미래에셋증권,LGES,연결,전사,2025,FY,영업이익,1346,십억원,incl_unknown,1
2026-05-04_신영증권_LGES,2026-05-04,신영증권,LGES,매출액,전사,2025,1Q,매출,6723,십억원,incl,2
2026-05-04_신영증권_LGES,2026-05-04,신영증권,LGES,매출액,전사,2025,2Q,매출,6056,십억원,incl,2
2026-05-04_신영증권_LGES,2026-05-04,신영증권,LGES,매출액,전사,2025,3Q,매출,6065,십억원,incl,2
2026-05-04_신영증권_LGES,2026-05-04,신영증권,LGES,매출액,전사,2025,4Q,매출,6474,십억원,incl,2
2026-05-04_신영증권_LGES,2026-05-04,신영증권,LGES,매출액,전사,2026,1Q,매출,6555,십억원,incl,2
2026-05-04_신영증권_LGES,2026-05-04,신영증권,LGES,매출액,전사,2026,2Q,매출,7371,십억원,incl,2
2026-05-04_신영증권_LGES,2026-05-04,신영증권,LGES,매출액,전사,2026,3Q,매출,7606,십억원,incl,2
2026-05-04_신영증권_LGES,2026-05-04,신영증권,LGES,매출액,전사,2026,4Q,매출,8211,십억원,incl,2
2026-05-04_신영증권_LGES,2026-05-04,신영증권,LGES,매출액,전사,2025,FY,매출,25319,십억원,incl,2
2026-05-04_신영증권_LGES,2026-05-04,신영증권,LGES,매출액,전사,2026,FY,매출,29743,십억원,incl,2
2026-05-04_신영증권_LGES,2026-05-04,신영증권,LGES,매출액,전사,2027,FY,매출,39773,십억원,incl,2
2026-05-04_신영증권_LGES,2026-05-04,신영증권,LGES,소형,소형,2025,1Q,매출,1666,십억원,incl_unknown,2
2026-05-04_신영증권_LGES,2026-05-04,신영증권,LGES,소형,소형,2025,2Q,매출,1558,십억원,incl_unknown,2
2026-05-04_신영증권_LGES,2026-05-04,신영증권,LGES,소형,소형,2025,3Q,매출,1681,십억원,incl_unknown,2
2026-05-04_신영증권_LGES,2026-05-04,신영증권,LGES,소형,소형,2025,4Q,매출,1990,십억원,incl_unknown,2
2026-05-04_신영증권_LGES,2026-05-04,신영증권,LGES,소형,소형,2026,1Q,매출,2020,십억원,incl_unknown,2
2026-05-04_신영증권_LGES,2026-05-04,신영증권,LGES,소형,소형,2026,2Q,매출,2094,십억원,incl_unknown,2
2026-05-04_신영증권_LGES,2026-05-04,신영증권,LGES,소형,소형,2026,3Q,매출,2006,십억원,incl_unknown,2
2026-05-04_신영증권_LGES,2026-05-04,신영증권,LGES,소형,소형,2026,4Q,매출,1983,십억원,incl_unknown,2
2026-05-04_신영증권_LGES,2026-05-04,신영증권,LGES,소형,소형,2025,FY,매출,6896,십억원,incl_unknown,2
2026-05-04_신영증권_LGES,2026-05-04,신영증권,LGES,소형,소형,2026,FY,매출,8103,십억원,incl_unknown,2
2026-05-04_신영증권_LGES,2026-05-04,신영증권,LGES,소형,소형,2027,FY,매출,11036,십억원,incl_unknown,2
2026-05-04_신영증권_LGES,2026-05-04,신영증권,LGES,중대형,중대형,2025,1Q,매출,5056,십억원,incl_unknown,2
2026-05-04_신영증권_LGES,2026-05-04,신영증권,LGES,중대형,중대형,2025,2Q,매출,4498,십억원,incl_unknown,2
2026-05-04_신영증권_LGES,2026-05-04,신영증권,LGES,중대형,중대형,2025,3Q,매출,4384,십억원,incl_unknown,2
2026-05-04_신영증권_LGES,2026-05-04,신영증권,LGES,중대형,중대형,2025,4Q,매출,4484,십억원,incl_unknown,2
2026-05-04_신영증권_LGES,2026-05-04,신영증권,LGES,중대형,중대형,2026,1Q,매출,4535,십억원,incl_unknown,2
2026-05-04_신영증권_LGES,2026-05-04,신영증권,LGES,중대형,중대형,2026,2Q,매출,5277,십억원,incl_unknown,2
2026-05-04_신영증권_LGES,2026-05-04,신영증권,LGES,중대형,중대형,2026,3Q,매출,5600,십억원,incl_unknown,2
2026-05-04_신영증권_LGES,2026-05-04,신영증권,LGES,중대형,중대형,2026,4Q,매출,6227,십억원,incl_unknown,2
2026-05-04_신영증권_LGES,2026-05-04,신영증권,LGES,중대형,중대형,2025,FY,매출,18422,십억원,incl_unknown,2
2026-05-04_신영증권_LGES,2026-05-04,신영증권,LGES,중대형,중대형,2026,FY,매출,21640,십억원,incl_unknown,2
2026-05-04_신영증권_LGES,2026-05-04,신영증권,LGES,중대형,중대형,2027,FY,매출,28737,십억원,incl_unknown,2
2026-05-04_신영증권_LGES,2026-05-04,신영증권,LGES,EV,EV,2025,1Q,매출,4624,십억원,incl_unknown,2
2026-05-04_신영증권_LGES,2026-05-04,신영증권,LGES,EV,EV,2025,2Q,매출,4051,십억원,incl_unknown,2
2026-05-04_신영증권_LGES,2026-05-04,신영증권,LGES,EV,EV,2025,3Q,매출,3723,십억원,incl_unknown,2
2026-05-04_신영증권_LGES,2026-05-04,신영증권,LGES,EV,EV,2025,4Q,매출,2984,십억원,incl_unknown,2
2026-05-04_신영증권_LGES,2026-05-04,신영증권,LGES,EV,EV,2026,1Q,매출,2800,십억원,incl_unknown,2
2026-05-04_신영증권_LGES,2026-05-04,신영증권,LGES,EV,EV,2026,2Q,매출,2643,십억원,incl_unknown,2
2026-05-04_신영증권_LGES,2026-05-04,신영증권,LGES,EV,EV,2026,3Q,매출,2925,십억원,incl_unknown,2
2026-05-04_신영증권_LGES,2026-05-04,신영증권,LGES,EV,EV,2026,4Q,매출,3320,십억원,incl_unknown,2
2026-05-04_신영증권_LGES,2026-05-04,신영증권,LGES,EV,EV,2025,FY,매출,15382,십억원,incl_unknown,2
2026-05-04_신영증권_LGES,2026-05-04,신영증권,LGES,EV,EV,2026,FY,매출,11688,십억원,incl_unknown,2
2026-05-04_신영증권_LGES,2026-05-04,신영증권,LGES,EV,EV,2027,FY,매출,14345,십억원,incl_unknown,2
2026-05-04_신영증권_LGES,2026-05-04,신영증권,LGES,ESS,ESS,2025,1Q,매출,432,십억원,incl_unknown,2
2026-05-04_신영증권_LGES,2026-05-04,신영증권,LGES,ESS,ESS,2025,2Q,매출,446,십억원,incl_unknown,2
2026-05-04_신영증권_LGES,2026-05-04,신영증권,LGES,ESS,ESS,2025,3Q,매출,661,십억원,incl_unknown,2
2026-05-04_신영증권_LGES,2026-05-04,신영증권,LGES,ESS,ESS,2025,4Q,매출,1501,십억원,incl_unknown,2
2026-05-04_신영증권_LGES,2026-05-04,신영증권,LGES,ESS,ESS,2026,1Q,매출,1735,십억원,incl_unknown,2
2026-05-04_신영증권_LGES,2026-05-04,신영증권,LGES,ESS,ESS,2026,2Q,매출,2634,십억원,incl_unknown,2
2026-05-04_신영증권_LGES,2026-05-04,신영증권,LGES,ESS,ESS,2026,3Q,매출,2675,십억원,incl_unknown,2
2026-05-04_신영증권_LGES,2026-05-04,신영증권,LGES,ESS,ESS,2026,4Q,매출,2907,십억원,incl_unknown,2
2026-05-04_신영증권_LGES,2026-05-04,신영증권,LGES,ESS,ESS,2025,FY,매출,3040,십억원,incl_unknown,2
2026-05-04_신영증권_LGES,2026-05-04,신영증권,LGES,ESS,ESS,2026,FY,매출,9951,십억원,incl_unknown,2
2026-05-04_신영증권_LGES,2026-05-04,신영증권,LGES,ESS,ESS,2027,FY,매출,14392,십억원,incl_unknown,2
2026-05-04_신영증권_LGES,2026-05-04,신영증권,LGES,영업이익,전사,2025,1Q,영업이익,375,십억원,incl,2
2026-05-04_신영증권_LGES,2026-05-04,신영증권,LGES,영업이익,전사,2025,2Q,영업이익,492,십억원,incl,2
2026-05-04_신영증권_LGES,2026-05-04,신영증권,LGES,영업이익,전사,2025,3Q,영업이익,601,십억원,incl,2
2026-05-04_신영증권_LGES,2026-05-04,신영증권,LGES,영업이익,전사,2025,4Q,영업이익,-122,십억원,incl,2
2026-05-04_신영증권_LGES,2026-05-04,신영증권,LGES,영업이익,전사,2026,1Q,영업이익,-208,십억원,incl,2
2026-05-04_신영증권_LGES,2026-05-04,신영증권,LGES,영업이익,전사,2026,2Q,영업이익,255,십억원,incl,2
2026-05-04_신영증권_LGES,2026-05-04,신영증권,LGES,영업이익,전사,2026,3Q,영업이익,570,십억원,incl,2
2026-05-04_신영증권_LGES,2026-05-04,신영증권,LGES,영업이익,전사,2026,4Q,영업이익,708,십억원,incl,2
2026-05-04_신영증권_LGES,2026-05-04,신영증권,LGES,영업이익,전사,2025,FY,영업이익,1346,십억원,incl,2
2026-05-04_신영증권_LGES,2026-05-04,신영증권,LGES,영업이익,전사,2026,FY,영업이익,1325,십억원,incl,2
2026-05-04_신영증권_LGES,2026-05-04,신영증권,LGES,영업이익,전사,2027,FY,영업이익,4228,십억원,incl,2
2026-05-04_신영증권_LGES,2026-05-04,신영증권,LGES,AMPC,기타,2025,1Q,AMPC,458,십억원,na,2
2026-05-04_신영증권_LGES,2026-05-04,신영증권,LGES,AMPC,기타,2025,2Q,AMPC,491,십억원,na,2
2026-05-04_신영증권_LGES,2026-05-04,신영증권,LGES,AMPC,기타,2025,3Q,AMPC,366,십억원,na,2
2026-05-04_신영증권_LGES,2026-05-04,신영증권,LGES,AMPC,기타,2025,4Q,AMPC,333,십억원,na,2
2026-05-04_신영증권_LGES,2026-05-04,신영증권,LGES,AMPC,기타,2026,1Q,AMPC,190,십억원,na,2
2026-05-04_신영증권_LGES,2026-05-04,신영증권,LGES,AMPC,기타,2026,2Q,AMPC,295,십억원,na,2
2026-05-04_신영증권_LGES,2026-05-04,신영증권,LGES,AMPC,기타,2026,3Q,AMPC,401,십억원,na,2
2026-05-04_신영증권_LGES,2026-05-04,신영증권,LGES,AMPC,기타,2026,4Q,AMPC,594,십억원,na,2
2026-05-04_신영증권_LGES,2026-05-04,신영증권,LGES,AMPC,기타,2025,FY,AMPC,1647,십억원,na,2
2026-05-04_신영증권_LGES,2026-05-04,신영증권,LGES,AMPC,기타,2026,FY,AMPC,1480,십억원,na,2
2026-05-04_신영증권_LGES,2026-05-04,신영증권,LGES,AMPC,기타,2027,FY,AMPC,3861,십억원,na,2
2026-05-04_신영증권_LGES,2026-05-04,신영증권,LGES,매출액,전사,2024,FY,매출,25619.6,십억원,excl,5
2026-05-04_신영증권_LGES,2026-05-04,신영증권,LGES,영업이익,전사,2024,FY,영업이익,575.4,십억원,incl,5
2026-05-04_신영증권_LGES,2026-05-04,신영증권,LGES,매출액,전사,2028,FY,매출,50909,십억원,incl,3
2026-05-04_신영증권_LGES,2026-05-04,신영증권,LGES,영업이익,전사,2028,FY,영업이익,7313,십억원,incl,3
2026-05-04_신한투자증권_LGES,2026-05-04,신한투자증권,LGES,전사,전사,2025,1Q,매출,6723,십억원,excl,2
2026-05-04_신한투자증권_LGES,2026-05-04,신한투자증권,LGES,전사,전사,2025,2Q,매출,6056,십억원,excl,2
2026-05-04_신한투자증권_LGES,2026-05-04,신한투자증권,LGES,전사,전사,2025,3Q,매출,6065,십억원,excl,2
2026-05-04_신한투자증권_LGES,2026-05-04,신한투자증권,LGES,전사,전사,2025,4Q,매출,6474,십억원,excl,2
2026-05-04_신한투자증권_LGES,2026-05-04,신한투자증권,LGES,전사,전사,2026,1Q,매출,6555,십억원,excl,2
2026-05-04_신한투자증권_LGES,2026-05-04,신한투자증권,LGES,전사,전사,2026,2Q,매출,7325,십억원,excl,2
2026-05-04_신한투자증권_LGES,2026-05-04,신한투자증권,LGES,전사,전사,2026,3Q,매출,7878,십억원,excl,2
2026-05-04_신한투자증권_LGES,2026-05-04,신한투자증권,LGES,전사,전사,2026,4Q,매출,8832,십억원,excl,2
2026-05-04_신한투자증권_LGES,2026-05-04,신한투자증권,LGES,소형,소형,2025,1Q,매출,1647,십억원,excl,2
2026-05-04_신한투자증권_LGES,2026-05-04,신한투자증권,LGES,소형,소형,2025,2Q,매출,1562,십억원,excl,2
2026-05-04_신한투자증권_LGES,2026-05-04,신한투자증권,LGES,소형,소형,2025,3Q,매출,1686,십억원,excl,2
2026-05-04_신한투자증권_LGES,2026-05-04,신한투자증권,LGES,소형,소형,2025,4Q,매출,1942,십억원,excl,2
2026-05-04_신한투자증권_LGES,2026-05-04,신한투자증권,LGES,소형,소형,2026,1Q,매출,1980,십억원,excl,2
2026-05-04_신한투자증권_LGES,2026-05-04,신한투자증권,LGES,소형,소형,2026,2Q,매출,2082,십억원,excl,2
2026-05-04_신한투자증권_LGES,2026-05-04,신한투자증권,LGES,소형,소형,2026,3Q,매출,2191,십억원,excl,2
2026-05-04_신한투자증권_LGES,2026-05-04,신한투자증권,LGES,소형,소형,2026,4Q,매출,2260,십억원,excl,2
2026-05-04_신한투자증권_LGES,2026-05-04,신한투자증권,LGES,원통,소형,2025,1Q,매출,1482,십억원,excl,2
2026-05-04_신한투자증권_LGES,2026-05-04,신한투자증권,LGES,원통,소형,2025,2Q,매출,1437,십억원,excl,2
2026-05-04_신한투자증권_LGES,2026-05-04,신한투자증권,LGES,원통,소형,2025,3Q,매출,1518,십억원,excl,2
2026-05-04_신한투자증권_LGES,2026-05-04,신한투자증권,LGES,원통,소형,2025,4Q,매출,1767,십억원,excl,2
2026-05-04_신한투자증권_LGES,2026-05-04,신한투자증권,LGES,원통,소형,2026,1Q,매출,1861,십억원,excl,2
2026-05-04_신한투자증권_LGES,2026-05-04,신한투자증권,LGES,원통,소형,2026,2Q,매출,1976,십억원,excl,2
2026-05-04_신한투자증권_LGES,2026-05-04,신한투자증권,LGES,원통,소형,2026,3Q,매출,2039,십억원,excl,2
2026-05-04_신한투자증권_LGES,2026-05-04,신한투자증권,LGES,원통,소형,2026,4Q,매출,2085,십억원,excl,2
2026-05-04_신한투자증권_LGES,2026-05-04,신한투자증권,LGES,파우치,소형,2025,1Q,매출,165,십억원,excl,2
2026-05-04_신한투자증권_LGES,2026-05-04,신한투자증권,LGES,파우치,소형,2025,2Q,매출,125,십억원,excl,2
2026-05-04_신한투자증권_LGES,2026-05-04,신한투자증권,LGES,파우치,소형,2025,3Q,매출,169,십억원,excl,2
2026-05-04_신한투자증권_LGES,2026-05-04,신한투자증권,LGES,파우치,소형,2025,4Q,매출,175,십억원,excl,2
2026-05-04_신한투자증권_LGES,2026-05-04,신한투자증권,LGES,파우치,소형,2026,1Q,매출,119,십억원,excl,2
2026-05-04_신한투자증권_LGES,2026-05-04,신한투자증권,LGES,파우치,소형,2026,2Q,매출,106,십억원,excl,2
2026-05-04_신한투자증권_LGES,2026-05-04,신한투자증권,LGES,파우치,소형,2026,3Q,매출,152,십억원,excl,2
2026-05-04_신한투자증권_LGES,2026-05-04,신한투자증권,LGES,파우치,소형,2026,4Q,매출,175,십억원,excl,2
2026-05-04_신한투자증권_LGES,2026-05-04,신한투자증권,LGES,중대형,중대형,2025,1Q,매출,5076,십억원,excl,2
2026-05-04_신한투자증권_LGES,2026-05-04,신한투자증권,LGES,중대형,중대형,2025,2Q,매출,4494,십억원,excl,2
2026-05-04_신한투자증권_LGES,2026-05-04,신한투자증권,LGES,중대형,중대형,2025,3Q,매출,4379,십억원,excl,2
2026-05-04_신한투자증권_LGES,2026-05-04,신한투자증권,LGES,중대형,중대형,2025,4Q,매출,4532,십억원,excl,2
2026-05-04_신한투자증권_LGES,2026-05-04,신한투자증권,LGES,중대형,중대형,2026,1Q,매출,4575,십억원,excl,2
2026-05-04_신한투자증권_LGES,2026-05-04,신한투자증권,LGES,중대형,중대형,2026,2Q,매출,5243,십억원,excl,2
2026-05-04_신한투자증권_LGES,2026-05-04,신한투자증권,LGES,중대형,중대형,2026,3Q,매출,5687,십억원,excl,2
2026-05-04_신한투자증권_LGES,2026-05-04,신한투자증권,LGES,중대형,중대형,2026,4Q,매출,6572,십억원,excl,2
2026-05-04_신한투자증권_LGES,2026-05-04,신한투자증권,LGES,EV,EV,2025,1Q,매출,4670,십억원,excl,2
2026-05-04_신한투자증권_LGES,2026-05-04,신한투자증권,LGES,EV,EV,2025,2Q,매출,4143,십억원,excl,2
2026-05-04_신한투자증권_LGES,2026-05-04,신한투자증권,LGES,EV,EV,2025,3Q,매출,3810,십억원,excl,2
2026-05-04_신한투자증권_LGES,2026-05-04,신한투자증권,LGES,EV,EV,2025,4Q,매출,3082,십억원,excl,2
2026-05-04_신한투자증권_LGES,2026-05-04,신한투자증권,LGES,EV,EV,2026,1Q,매출,2882,십억원,excl,2
2026-05-04_신한투자증권_LGES,2026-05-04,신한투자증권,LGES,EV,EV,2026,2Q,매출,2718,십억원,excl,2
2026-05-04_신한투자증권_LGES,2026-05-04,신한투자증권,LGES,EV,EV,2026,3Q,매출,2987,십억원,excl,2
2026-05-04_신한투자증권_LGES,2026-05-04,신한투자증권,LGES,EV,EV,2026,4Q,매출,3261,십억원,excl,2
2026-05-04_신한투자증권_LGES,2026-05-04,신한투자증권,LGES,ESS,ESS,2025,1Q,매출,406,십억원,excl,2
2026-05-04_신한투자증권_LGES,2026-05-04,신한투자증권,LGES,ESS,ESS,2025,2Q,매출,351,십억원,excl,2
2026-05-04_신한투자증권_LGES,2026-05-04,신한투자증권,LGES,ESS,ESS,2025,3Q,매출,569,십억원,excl,2
2026-05-04_신한투자증권_LGES,2026-05-04,신한투자증권,LGES,ESS,ESS,2025,4Q,매출,1450,십억원,excl,2
2026-05-04_신한투자증권_LGES,2026-05-04,신한투자증권,LGES,ESS,ESS,2026,1Q,매출,1693,십억원,excl,2
2026-05-04_신한투자증권_LGES,2026-05-04,신한투자증권,LGES,ESS,ESS,2026,2Q,매출,2525,십억원,excl,2
2026-05-04_신한투자증권_LGES,2026-05-04,신한투자증권,LGES,ESS,ESS,2026,3Q,매출,2700,십억원,excl,2
2026-05-04_신한투자증권_LGES,2026-05-04,신한투자증권,LGES,ESS,ESS,2026,4Q,매출,3311,십억원,excl,2
2026-05-04_신한투자증권_LGES,2026-05-04,신한투자증권,LGES,전사,전사,2025,1Q,영업이익,375,십억원,incl,2
2026-05-04_신한투자증권_LGES,2026-05-04,신한투자증권,LGES,전사,전사,2025,2Q,영업이익,492,십억원,incl,2
2026-05-04_신한투자증권_LGES,2026-05-04,신한투자증권,LGES,전사,전사,2025,3Q,영업이익,601,십억원,incl,2
2026-05-04_신한투자증권_LGES,2026-05-04,신한투자증권,LGES,전사,전사,2025,4Q,영업이익,-122,십억원,incl,2
2026-05-04_신한투자증권_LGES,2026-05-04,신한투자증권,LGES,전사,전사,2026,1Q,영업이익,-208,십억원,incl,2
2026-05-04_신한투자증권_LGES,2026-05-04,신한투자증권,LGES,전사,전사,2026,2Q,영업이익,327,십억원,incl,2
2026-05-04_신한투자증권_LGES,2026-05-04,신한투자증권,LGES,전사,전사,2026,3Q,영업이익,435,십억원,incl,2
2026-05-04_신한투자증권_LGES,2026-05-04,신한투자증권,LGES,전사,전사,2026,4Q,영업이익,679,십억원,incl,2
2026-05-04_신한투자증권_LGES,2026-05-04,신한투자증권,LGES,소형,소형,2025,1Q,영업이익,72,십억원,incl,2
2026-05-04_신한투자증권_LGES,2026-05-04,신한투자증권,LGES,소형,소형,2025,2Q,영업이익,68,십억원,incl,2
2026-05-04_신한투자증권_LGES,2026-05-04,신한투자증권,LGES,소형,소형,2025,3Q,영업이익,91,십억원,incl,2
2026-05-04_신한투자증권_LGES,2026-05-04,신한투자증권,LGES,소형,소형,2025,4Q,영업이익,122,십억원,incl,2
2026-05-04_신한투자증권_LGES,2026-05-04,신한투자증권,LGES,소형,소형,2026,1Q,영업이익,128,십억원,incl,2
2026-05-04_신한투자증권_LGES,2026-05-04,신한투자증권,LGES,소형,소형,2026,2Q,영업이익,131,십억원,incl,2
2026-05-04_신한투자증권_LGES,2026-05-04,신한투자증권,LGES,소형,소형,2026,3Q,영업이익,132,십억원,incl,2
2026-05-04_신한투자증권_LGES,2026-05-04,신한투자증권,LGES,소형,소형,2026,4Q,영업이익,97,십억원,incl,2
2026-05-04_신한투자증권_LGES,2026-05-04,신한투자증권,LGES,중대형,중대형,2025,1Q,영업이익,303,십억원,incl,2
2026-05-04_신한투자증권_LGES,2026-05-04,신한투자증권,LGES,중대형,중대형,2025,2Q,영업이익,424,십억원,incl,2
2026-05-04_신한투자증권_LGES,2026-05-04,신한투자증권,LGES,중대형,중대형,2025,3Q,영업이익,510,십억원,incl,2
2026-05-04_신한투자증권_LGES,2026-05-04,신한투자증권,LGES,중대형,중대형,2025,4Q,영업이익,-244,십억원,incl,2
2026-05-04_신한투자증권_LGES,2026-05-04,신한투자증권,LGES,중대형,중대형,2026,1Q,영업이익,-336,십억원,incl,2
2026-05-04_신한투자증권_LGES,2026-05-04,신한투자증권,LGES,중대형,중대형,2026,2Q,영업이익,196,십억원,incl,2
2026-05-04_신한투자증권_LGES,2026-05-04,신한투자증권,LGES,중대형,중대형,2026,3Q,영업이익,302,십억원,incl,2
2026-05-04_신한투자증권_LGES,2026-05-04,신한투자증권,LGES,중대형,중대형,2026,4Q,영업이익,582,십억원,incl,2
2026-05-04_신한투자증권_LGES,2026-05-04,신한투자증권,LGES,AMPC,전사,2025,1Q,AMPC,458,십억원,na,2
2026-05-04_신한투자증권_LGES,2026-05-04,신한투자증권,LGES,AMPC,전사,2025,2Q,AMPC,491,십억원,na,2
2026-05-04_신한투자증권_LGES,2026-05-04,신한투자증권,LGES,AMPC,전사,2025,3Q,AMPC,366,십억원,na,2
2026-05-04_신한투자증권_LGES,2026-05-04,신한투자증권,LGES,AMPC,전사,2025,4Q,AMPC,333,십억원,na,2
2026-05-04_신한투자증권_LGES,2026-05-04,신한투자증권,LGES,AMPC,전사,2026,1Q,AMPC,190,십억원,na,2
2026-05-04_신한투자증권_LGES,2026-05-04,신한투자증권,LGES,AMPC,전사,2026,2Q,AMPC,345,십억원,na,2
2026-05-04_신한투자증권_LGES,2026-05-04,신한투자증권,LGES,AMPC,전사,2026,3Q,AMPC,446,십억원,na,2
2026-05-04_신한투자증권_LGES,2026-05-04,신한투자증권,LGES,AMPC,전사,2026,4Q,AMPC,548,십억원,na,2
2026-05-04_신한투자증권_LGES,2026-05-04,신한투자증권,LGES,소형,소형,2024,FY,매출,7257,십억원,excl,2
2026-05-04_신한투자증권_LGES,2026-05-04,신한투자증권,LGES,소형,소형,2025,FY,매출,6838,십억원,excl,2
2026-05-04_신한투자증권_LGES,2026-05-04,신한투자증권,LGES,소형,소형,2026,FY,매출,8513,십억원,excl,2
2026-05-04_신한투자증권_LGES,2026-05-04,신한투자증권,LGES,소형,소형,2027,FY,매출,9186,십억원,excl,2
2026-05-04_신한투자증권_LGES,2026-05-04,신한투자증권,LGES,원통,소형,2024,FY,매출,6374,십억원,excl,2
2026-05-04_신한투자증권_LGES,2026-05-04,신한투자증권,LGES,원통,소형,2025,FY,매출,6205,십억원,excl,2
2026-05-04_신한투자증권_LGES,2026-05-04,신한투자증권,LGES,원통,소형,2026,FY,매출,7961,십억원,excl,2
2026-05-04_신한투자증권_LGES,2026-05-04,신한투자증권,LGES,원통,소형,2027,FY,매출,8627,십억원,excl,2
2026-05-04_신한투자증권_LGES,2026-05-04,신한투자증권,LGES,파우치,소형,2024,FY,매출,883,십억원,excl,2
2026-05-04_신한투자증권_LGES,2026-05-04,신한투자증권,LGES,파우치,소형,2025,FY,매출,633,십억원,excl,2
2026-05-04_신한투자증권_LGES,2026-05-04,신한투자증권,LGES,파우치,소형,2026,FY,매출,552,십억원,excl,2
2026-05-04_신한투자증권_LGES,2026-05-04,신한투자증권,LGES,파우치,소형,2027,FY,매출,559,십억원,excl,2
2026-05-04_신한투자증권_LGES,2026-05-04,신한투자증권,LGES,중대형,중대형,2024,FY,매출,18363,십억원,excl,2
2026-05-04_신한투자증권_LGES,2026-05-04,신한투자증권,LGES,중대형,중대형,2025,FY,매출,18481,십억원,excl,2
2026-05-04_신한투자증권_LGES,2026-05-04,신한투자증권,LGES,중대형,중대형,2026,FY,매출,22077,십억원,excl,2
2026-05-04_신한투자증권_LGES,2026-05-04,신한투자증권,LGES,중대형,중대형,2027,FY,매출,27647,십억원,excl,2
2026-05-04_신한투자증권_LGES,2026-05-04,신한투자증권,LGES,EV,EV,2024,FY,매출,16678,십억원,excl,2
2026-05-04_신한투자증권_LGES,2026-05-04,신한투자증권,LGES,EV,EV,2025,FY,매출,15704,십억원,excl,2
2026-05-04_신한투자증권_LGES,2026-05-04,신한투자증권,LGES,EV,EV,2026,FY,매출,11848,십억원,excl,2
2026-05-04_신한투자증권_LGES,2026-05-04,신한투자증권,LGES,EV,EV,2027,FY,매출,13305,십억원,excl,2
2026-05-04_신한투자증권_LGES,2026-05-04,신한투자증권,LGES,ESS,ESS,2024,FY,매출,1685,십억원,excl,2
2026-05-04_신한투자증권_LGES,2026-05-04,신한투자증권,LGES,ESS,ESS,2025,FY,매출,2776,십억원,excl,2
2026-05-04_신한투자증권_LGES,2026-05-04,신한투자증권,LGES,ESS,ESS,2026,FY,매출,10229,십억원,excl,2
2026-05-04_신한투자증권_LGES,2026-05-04,신한투자증권,LGES,ESS,ESS,2027,FY,매출,14342,십억원,excl,2
2026-05-04_신한투자증권_LGES,2026-05-04,신한투자증권,LGES,소형,소형,2024,FY,영업이익,194,십억원,incl,2
2026-05-04_신한투자증권_LGES,2026-05-04,신한투자증권,LGES,소형,소형,2025,FY,영업이익,352,십억원,incl,2
2026-05-04_신한투자증권_LGES,2026-05-04,신한투자증권,LGES,소형,소형,2026,FY,영업이익,489,십억원,incl,2
2026-05-04_신한투자증권_LGES,2026-05-04,신한투자증권,LGES,소형,소형,2027,FY,영업이익,582,십억원,incl,2
2026-05-04_신한투자증권_LGES,2026-05-04,신한투자증권,LGES,중대형,중대형,2024,FY,영업이익,381,십억원,incl,2
2026-05-04_신한투자증권_LGES,2026-05-04,신한투자증권,LGES,중대형,중대형,2025,FY,영업이익,994,십억원,incl,2
2026-05-04_신한투자증권_LGES,2026-05-04,신한투자증권,LGES,중대형,중대형,2026,FY,영업이익,744,십억원,incl,2
2026-05-04_신한투자증권_LGES,2026-05-04,신한투자증권,LGES,중대형,중대형,2027,FY,영업이익,4294,십억원,incl,2
2026-05-04_신한투자증권_LGES,2026-05-04,신한투자증권,LGES,AMPC,전사,2024,FY,AMPC,1480,십억원,na,2
2026-05-04_신한투자증권_LGES,2026-05-04,신한투자증권,LGES,AMPC,전사,2025,FY,AMPC,1647,십억원,na,2
2026-05-04_신한투자증권_LGES,2026-05-04,신한투자증권,LGES,AMPC,전사,2026,FY,AMPC,1529,십억원,na,2
2026-05-04_신한투자증권_LGES,2026-05-04,신한투자증권,LGES,AMPC,전사,2027,FY,AMPC,3482,십억원,na,2
2026-05-04_신한투자증권_LGES,2026-05-04,신한투자증권,LGES,전사,전사,2024,FY,매출,25619.6,십억원,excl,1
2026-05-04_신한투자증권_LGES,2026-05-04,신한투자증권,LGES,전사,전사,2024,FY,영업이익,575.4,십억원,incl,1
2026-05-04_신한투자증권_LGES,2026-05-04,신한투자증권,LGES,전사,전사,2025,FY,매출,25319.0,십억원,excl,1
2026-05-04_신한투자증권_LGES,2026-05-04,신한투자증권,LGES,전사,전사,2025,FY,영업이익,1346.1,십억원,incl,1
2026-05-04_신한투자증권_LGES,2026-05-04,신한투자증권,LGES,전사,전사,2026,FY,매출,30589.5,십억원,excl,1
2026-05-04_신한투자증권_LGES,2026-05-04,신한투자증권,LGES,전사,전사,2026,FY,영업이익,1233.2,십억원,incl,1
2026-05-04_신한투자증권_LGES,2026-05-04,신한투자증권,LGES,전사,전사,2027,FY,매출,36833.7,십억원,excl,1
2026-05-04_신한투자증권_LGES,2026-05-04,신한투자증권,LGES,전사,전사,2027,FY,영업이익,4875.1,십억원,incl,1
2026-05-04_신한투자증권_LGES,2026-05-04,신한투자증권,LGES,전사,전사,2028,FY,매출,39783.1,십억원,excl,1
2026-05-04_신한투자증권_LGES,2026-05-04,신한투자증권,LGES,전사,전사,2028,FY,영업이익,6283.8,십억원,incl,1
2026-05-04_키움증권_LGES,2026-05-04,키움증권,LGES,매출액,전사,2025,1Q,매출,6265.0,십억원,excl,2
2026-05-04_키움증권_LGES,2026-05-04,키움증권,LGES,매출액,전사,2025,2Q,매출,5565,십억원,excl,2
2026-05-04_키움증권_LGES,2026-05-04,키움증권,LGES,매출액,전사,2025,3Q,매출,5700,십억원,excl,2
2026-05-04_키움증권_LGES,2026-05-04,키움증권,LGES,매출액,전사,2025,4Q,매출,6141,십억원,excl,2
2026-05-04_키움증권_LGES,2026-05-04,키움증권,LGES,매출액,전사,2024,FY,매출,25619.6,십억원,excl,2
2026-05-04_키움증권_LGES,2026-05-04,키움증권,LGES,매출액,전사,2025,FY,매출,23671.8,십억원,excl,2
2026-05-04_키움증권_LGES,2026-05-04,키움증권,LGES,매출액,전사,2026,1Q,매출,6555.0,십억원,incl,2
2026-05-04_키움증권_LGES,2026-05-04,키움증권,LGES,매출액,전사,2026,2Q,매출,7425.2,십억원,incl,2
2026-05-04_키움증권_LGES,2026-05-04,키움증권,LGES,매출액,전사,2026,3Q,매출,8099.1,십억원,incl,2
2026-05-04_키움증권_LGES,2026-05-04,키움증권,LGES,매출액,전사,2026,4Q,매출,8544.5,십억원,incl,2
2026-05-04_키움증권_LGES,2026-05-04,키움증권,LGES,매출액,전사,2026,FY,매출,30623.8,십억원,incl,2
2026-05-04_키움증권_LGES,2026-05-04,키움증권,LGES,매출액,전사,2027,FY,매출,40074.4,십억원,incl,4
2026-05-04_키움증권_LGES,2026-05-04,키움증권,LGES,매출액,전사,2028,FY,매출,47298.9,십억원,incl,4
2026-05-04_키움증권_LGES,2026-05-04,키움증권,LGES,매출액(AMPC 제외),전사,2026,1Q,매출,6365.2,십억원,excl,2
2026-05-04_키움증권_LGES,2026-05-04,키움증권,LGES,매출액(AMPC 제외),전사,2026,2Q,매출,7148.0,십억원,excl,2
2026-05-04_키움증권_LGES,2026-05-04,키움증권,LGES,매출액(AMPC 제외),전사,2026,3Q,매출,7665.7,십억원,excl,2
2026-05-04_키움증권_LGES,2026-05-04,키움증권,LGES,매출액(AMPC 제외),전사,2026,4Q,매출,7938.7,십억원,excl,2
2026-05-04_키움증권_LGES,2026-05-04,키움증권,LGES,매출액(AMPC 제외),전사,2026,FY,매출,29117.7,십억원,excl,2
2026-05-04_키움증권_LGES,2026-05-04,키움증권,LGES,중대형,중대형,2025,1Q,매출,4134.9,십억원,excl,2
2026-05-04_키움증권_LGES,2026-05-04,키움증권,LGES,중대형,중대형,2025,2Q,매출,3534.0,십억원,excl,2
2026-05-04_키움증권_LGES,2026-05-04,키움증권,LGES,중대형,중대형,2025,3Q,매출,3442.7,십억원,excl,2
2026-05-04_키움증권_LGES,2026-05-04,키움증권,LGES,중대형,중대형,2025,4Q,매출,2825.1,십억원,excl,2
2026-05-04_키움증권_LGES,2026-05-04,키움증권,LGES,중대형,중대형,2024,FY,매출,16421.3,십억원,excl,2
2026-05-04_키움증권_LGES,2026-05-04,키움증권,LGES,중대형,중대형,2025,FY,매출,13936.7,십억원,excl,2
2026-05-04_키움증권_LGES,2026-05-04,키움증권,LGES,중대형,중대형,2026,1Q,매출,2818.6,십억원,incl,2
2026-05-04_키움증권_LGES,2026-05-04,키움증권,LGES,중대형,중대형,2026,2Q,매출,2767.1,십억원,incl,2
2026-05-04_키움증권_LGES,2026-05-04,키움증권,LGES,중대형,중대형,2026,3Q,매출,2802.9,십억원,incl,2
2026-05-04_키움증권_LGES,2026-05-04,키움증권,LGES,중대형,중대형,2026,4Q,매출,2744.6,십억원,incl,2
2026-05-04_키움증권_LGES,2026-05-04,키움증권,LGES,중대형,중대형,2026,FY,매출,11133.3,십억원,incl,2
2026-05-04_키움증권_LGES,2026-05-04,키움증권,LGES,소형,소형,2025,1Q,매출,1654.0,십억원,excl,2
2026-05-04_키움증권_LGES,2026-05-04,키움증권,LGES,소형,소형,2025,2Q,매출,1614.0,십억원,excl,2
2026-05-04_키움증권_LGES,2026-05-04,키움증권,LGES,소형,소형,2025,3Q,매출,1687.2,십억원,excl,2
2026-05-04_키움증권_LGES,2026-05-04,키움증권,LGES,소형,소형,2025,4Q,매출,1965.3,십억원,excl,2
2026-05-04_키움증권_LGES,2026-05-04,키움증권,LGES,소형,소형,2024,FY,매출,7271.5,십억원,excl,2
2026-05-04_키움증권_LGES,2026-05-04,키움증권,LGES,소형,소형,2025,FY,매출,6920.4,십억원,excl,2
2026-05-04_키움증권_LGES,2026-05-04,키움증권,LGES,소형,소형,2026,1Q,매출,2097.6,십억원,incl,2
2026-05-04_키움증권_LGES,2026-05-04,키움증권,LGES,소형,소형,2026,2Q,매출,2200.2,십억원,incl,2
2026-05-04_키움증권_LGES,2026-05-04,키움증권,LGES,소형,소형,2026,3Q,매출,2262.4,십억원,incl,2
2026-05-04_키움증권_LGES,2026-05-04,키움증권,LGES,소형,소형,2026,4Q,매출,2165.1,십억원,incl,2
2026-05-04_키움증권_LGES,2026-05-04,키움증권,LGES,소형,소형,2026,FY,매출,8725.3,십억원,incl,2
2026-05-04_키움증권_LGES,2026-05-04,키움증권,LGES,ESS,ESS,2025,1Q,매출,476.1,십억원,excl,2
2026-05-04_키움증권_LGES,2026-05-04,키움증권,LGES,ESS,ESS,2025,2Q,매출,417.4,십억원,excl,2
2026-05-04_키움증권_LGES,2026-05-04,키움증권,LGES,ESS,ESS,2025,3Q,매출,570.0,십억원,excl,2
2026-05-04_키움증권_LGES,2026-05-04,키움증권,LGES,ESS,ESS,2025,4Q,매출,1351.1,십억원,excl,2
2026-05-04_키움증권_LGES,2026-05-04,키움증권,LGES,ESS,ESS,2024,FY,매출,1926.7,십억원,excl,2
2026-05-04_키움증권_LGES,2026-05-04,키움증권,LGES,ESS,ESS,2025,FY,매출,2814.6,십억원,excl,2
2026-05-04_키움증권_LGES,2026-05-04,키움증권,LGES,ESS,ESS,2026,1Q,매출,1638.8,십억원,incl,2
2026-05-04_키움증권_LGES,2026-05-04,키움증권,LGES,ESS,ESS,2026,2Q,매출,2457.9,십억원,incl,2
2026-05-04_키움증권_LGES,2026-05-04,키움증권,LGES,ESS,ESS,2026,3Q,매출,3033.8,십억원,incl,2
2026-05-04_키움증권_LGES,2026-05-04,키움증권,LGES,ESS,ESS,2026,4Q,매출,3634.8,십억원,incl,2
2026-05-04_키움증권_LGES,2026-05-04,키움증권,LGES,ESS,ESS,2026,FY,매출,10765.1,십억원,incl,2
2026-05-04_키움증권_LGES,2026-05-04,키움증권,LGES,합계(영업이익+AMPC),전사,2025,1Q,영업이익,374.7,십억원,incl,2
2026-05-04_키움증권_LGES,2026-05-04,키움증권,LGES,합계(영업이익+AMPC),전사,2025,2Q,영업이익,492.2,십억원,incl,2
2026-05-04_키움증권_LGES,2026-05-04,키움증권,LGES,합계(영업이익+AMPC),전사,2025,3Q,영업이익,601.3,십억원,incl,2
2026-05-04_키움증권_LGES,2026-05-04,키움증권,LGES,합계(영업이익+AMPC),전사,2025,4Q,영업이익,-122.0,십억원,incl,2
2026-05-04_키움증권_LGES,2026-05-04,키움증권,LGES,합계(영업이익+AMPC),전사,2024,FY,영업이익,575.4,십억원,incl,2
2026-05-04_키움증권_LGES,2026-05-04,키움증권,LGES,합계(영업이익+AMPC),전사,2025,FY,영업이익,1346.1,십억원,incl,2
2026-05-04_키움증권_LGES,2026-05-04,키움증권,LGES,합계(영업이익+AMPC),전사,2026,1Q,영업이익,-207.8,십억원,incl,2
2026-05-04_키움증권_LGES,2026-05-04,키움증권,LGES,합계(영업이익+AMPC),전사,2026,2Q,영업이익,248.1,십억원,incl,2
2026-05-04_키움증권_LGES,2026-05-04,키움증권,LGES,합계(영업이익+AMPC),전사,2026,3Q,영업이익,426.6,십억원,incl,2
2026-05-04_키움증권_LGES,2026-05-04,키움증권,LGES,합계(영업이익+AMPC),전사,2026,4Q,영업이익,535.6,십억원,incl,2
2026-05-04_키움증권_LGES,2026-05-04,키움증권,LGES,합계(영업이익+AMPC),전사,2026,FY,영업이익,1002.5,십억원,incl,2
2026-05-04_키움증권_LGES,2026-05-04,키움증권,LGES,합계(영업이익+AMPC),전사,2027,FY,영업이익,4298.5,십억원,incl,4
2026-05-04_키움증권_LGES,2026-05-04,키움증권,LGES,합계(영업이익+AMPC),전사,2028,FY,영업이익,6693.5,십억원,incl,4
2026-05-04_키움증권_LGES,2026-05-04,키움증권,LGES,영업이익(AMPC 제외),전사,2025,1Q,영업이익,-83.0,십억원,excl,2
2026-05-04_키움증권_LGES,2026-05-04,키움증권,LGES,영업이익(AMPC 제외),전사,2025,2Q,영업이익,1.4,십억원,excl,2
2026-05-04_키움증권_LGES,2026-05-04,키움증권,LGES,영업이익(AMPC 제외),전사,2025,3Q,영업이익,235.8,십억원,excl,2
2026-05-04_키움증권_LGES,2026-05-04,키움증권,LGES,영업이익(AMPC 제외),전사,2025,4Q,영업이익,-454.8,십억원,excl,2
2026-05-04_키움증권_LGES,2026-05-04,키움증권,LGES,영업이익(AMPC 제외),전사,2024,FY,영업이익,-904.6,십억원,excl,2
2026-05-04_키움증권_LGES,2026-05-04,키움증권,LGES,영업이익(AMPC 제외),전사,2025,FY,영업이익,-300.6,십억원,excl,2
2026-05-04_키움증권_LGES,2026-05-04,키움증권,LGES,영업이익(AMPC 제외),전사,2026,1Q,영업이익,-397.5,십억원,excl,2
2026-05-04_키움증권_LGES,2026-05-04,키움증권,LGES,영업이익(AMPC 제외),전사,2026,2Q,영업이익,-29.1,십억원,excl,2
2026-05-04_키움증권_LGES,2026-05-04,키움증권,LGES,영업이익(AMPC 제외),전사,2026,3Q,영업이익,-6.8,십억원,excl,2
2026-05-04_키움증권_LGES,2026-05-04,키움증권,LGES,영업이익(AMPC 제외),전사,2026,4Q,영업이익,-70.2,십억원,excl,2
2026-05-04_키움증권_LGES,2026-05-04,키움증권,LGES,영업이익(AMPC 제외),전사,2026,FY,영업이익,-503.6,십억원,excl,2
2026-05-04_키움증권_LGES,2026-05-04,키움증권,LGES,중대형,중대형,2025,1Q,영업이익,-82.7,십억원,excl,2
2026-05-04_키움증권_LGES,2026-05-04,키움증권,LGES,중대형,중대형,2025,2Q,영업이익,-70.7,십억원,excl,2
2026-05-04_키움증권_LGES,2026-05-04,키움증권,LGES,중대형,중대형,2025,3Q,영업이익,106.7,십억원,excl,2
2026-05-04_키움증권_LGES,2026-05-04,키움증권,LGES,중대형,중대형,2025,4Q,영업이익,-470.8,십억원,excl,2
2026-05-04_키움증권_LGES,2026-05-04,키움증권,LGES,중대형,중대형,2024,FY,영업이익,-827.6,십억원,excl,2
2026-05-04_키움증권_LGES,2026-05-04,키움증권,LGES,중대형,중대형,2025,FY,영업이익,-517.5,십억원,excl,2
2026-05-04_키움증권_LGES,2026-05-04,키움증권,LGES,중대형,중대형,2026,1Q,영업이익,-310.1,십억원,incl,2
2026-05-04_키움증권_LGES,2026-05-04,키움증권,LGES,중대형,중대형,2026,2Q,영업이익,22.1,십억원,incl,2
2026-05-04_키움증권_LGES,2026-05-04,키움증권,LGES,중대형,중대형,2026,3Q,영업이익,95.3,십억원,incl,2
2026-05-04_키움증권_LGES,2026-05-04,키움증권,LGES,중대형,중대형,2026,4Q,영업이익,164.7,십억원,incl,2
2026-05-04_키움증권_LGES,2026-05-04,키움증권,LGES,중대형,중대형,2026,FY,영업이익,-27.9,십억원,incl,2
2026-05-04_키움증권_LGES,2026-05-04,키움증권,LGES,소형,소형,2025,1Q,영업이익,92.8,십억원,excl,2
2026-05-04_키움증권_LGES,2026-05-04,키움증권,LGES,소형,소형,2025,2Q,영업이익,72.0,십억원,excl,2
2026-05-04_키움증권_LGES,2026-05-04,키움증권,LGES,소형,소형,2025,3Q,영업이익,100.0,십억원,excl,2
2026-05-04_키움증권_LGES,2026-05-04,키움증권,LGES,소형,소형,2025,4Q,영업이익,137.6,십억원,excl,2
2026-05-04_키움증권_LGES,2026-05-04,키움증권,LGES,소형,소형,2024,FY,영업이익,160.6,십억원,excl,2
2026-05-04_키움증권_LGES,2026-05-04,키움증권,LGES,소형,소형,2025,FY,영업이익,402.4,십억원,excl,2
2026-05-04_키움증권_LGES,2026-05-04,키움증권,LGES,소형,소형,2026,1Q,영업이익,117.0,십억원,incl,2
2026-05-04_키움증권_LGES,2026-05-04,키움증권,LGES,소형,소형,2026,2Q,영업이익,127.6,십억원,incl,2
2026-05-04_키움증권_LGES,2026-05-04,키움증권,LGES,소형,소형,2026,3Q,영업이익,149.3,십억원,incl,2
2026-05-04_키움증권_LGES,2026-05-04,키움증권,LGES,소형,소형,2026,4Q,영업이익,80.1,십억원,incl,2
2026-05-04_키움증권_LGES,2026-05-04,키움증권,LGES,소형,소형,2026,FY,영업이익,474.1,십억원,incl,2
2026-05-04_키움증권_LGES,2026-05-04,키움증권,LGES,ESS,ESS,2025,1Q,영업이익,-93.1,십억원,excl,2
2026-05-04_키움증권_LGES,2026-05-04,키움증권,LGES,ESS,ESS,2025,2Q,영업이익,0.1,십억원,excl,2
2026-05-04_키움증권_LGES,2026-05-04,키움증권,LGES,ESS,ESS,2025,3Q,영업이익,29.1,십억원,excl,2
2026-05-04_키움증권_LGES,2026-05-04,키움증권,LGES,ESS,ESS,2025,4Q,영업이익,-121.6,십억원,excl,2
2026-05-04_키움증권_LGES,2026-05-04,키움증권,LGES,ESS,ESS,2024,FY,영업이익,-237.5,십억원,excl,2
2026-05-04_키움증권_LGES,2026-05-04,키움증권,LGES,ESS,ESS,2025,FY,영업이익,-185.6,십억원,excl,2
2026-05-04_키움증권_LGES,2026-05-04,키움증권,LGES,ESS,ESS,2026,1Q,영업이익,-14.7,십억원,incl,2
2026-05-04_키움증권_LGES,2026-05-04,키움증권,LGES,ESS,ESS,2026,2Q,영업이익,98.3,십억원,incl,2
2026-05-04_키움증권_LGES,2026-05-04,키움증권,LGES,ESS,ESS,2026,3Q,영업이익,182.0,십억원,incl,2
2026-05-04_키움증권_LGES,2026-05-04,키움증권,LGES,ESS,ESS,2026,4Q,영업이익,290.8,십억원,incl,2
2026-05-04_키움증권_LGES,2026-05-04,키움증권,LGES,ESS,ESS,2026,FY,영업이익,556.4,십억원,incl,2
2026-05-04_키움증권_LGES,2026-05-04,키움증권,LGES,AMPC,전사,2025,1Q,AMPC,457.7,십억원,na,2
2026-05-04_키움증권_LGES,2026-05-04,키움증권,LGES,AMPC,전사,2025,2Q,AMPC,490.8,십억원,na,2
2026-05-04_키움증권_LGES,2026-05-04,키움증권,LGES,AMPC,전사,2025,3Q,AMPC,365.5,십억원,na,2
2026-05-04_키움증권_LGES,2026-05-04,키움증권,LGES,AMPC,전사,2025,4Q,AMPC,332.8,십억원,na,2
2026-05-04_키움증권_LGES,2026-05-04,키움증권,LGES,AMPC,전사,2024,FY,AMPC,1480,십억원,na,2
2026-05-04_키움증권_LGES,2026-05-04,키움증권,LGES,AMPC,전사,2025,FY,AMPC,1646.8,십억원,na,3
2026-05-04_키움증권_LGES,2026-05-04,키움증권,LGES,AMPC,전사,2026,1Q,AMPC,189.7,십억원,na,2
2026-05-04_키움증권_LGES,2026-05-04,키움증권,LGES,AMPC,전사,2026,2Q,AMPC,277.2,십억원,na,2
2026-05-04_키움증권_LGES,2026-05-04,키움증권,LGES,AMPC,전사,2026,3Q,AMPC,433.4,십억원,na,2
2026-05-04_키움증권_LGES,2026-05-04,키움증권,LGES,AMPC,전사,2026,4Q,AMPC,605.8,십억원,na,2
2026-05-04_키움증권_LGES,2026-05-04,키움증권,LGES,AMPC,전사,2026,FY,AMPC,1506.1,십억원,na,3
2026-05-04_키움증권_LGES,2026-05-04,키움증권,LGES,AMPC,전사,2027,FY,AMPC,3454.9,십억원,na,3
2026-05-04_키움증권_LGES,2026-05-04,키움증권,LGES,AMPC,전사,2028,FY,AMPC,5058.5,십억원,na,3
2026-05-04_하나증권_LGES,2026-05-04,하나증권,LGES,"EV(대형,중대형자동차전지)",EV,2025,1Q,매출,4041,십억원,incl_unknown,2
2026-05-04_하나증권_LGES,2026-05-04,하나증권,LGES,"EV(대형,중대형자동차전지)",EV,2025,2Q,매출,3645,십억원,incl_unknown,2
2026-05-04_하나증권_LGES,2026-05-04,하나증권,LGES,"EV(대형,중대형자동차전지)",EV,2025,3Q,매출,3477,십억원,incl_unknown,2
2026-05-04_하나증권_LGES,2026-05-04,하나증권,LGES,"EV(대형,중대형자동차전지)",EV,2025,4Q,매출,2810,십억원,incl_unknown,2
2026-05-04_하나증권_LGES,2026-05-04,하나증권,LGES,"EV(대형,중대형자동차전지)",EV,2026,1Q,매출,2754,십억원,incl_unknown,2
2026-05-04_하나증권_LGES,2026-05-04,하나증권,LGES,"EV(대형,중대형자동차전지)",EV,2026,2Q,매출,2644,십억원,incl_unknown,2
2026-05-04_하나증권_LGES,2026-05-04,하나증권,LGES,"EV(대형,중대형자동차전지)",EV,2026,3Q,매출,2670,십억원,incl_unknown,2
2026-05-04_하나증권_LGES,2026-05-04,하나증권,LGES,"EV(대형,중대형자동차전지)",EV,2026,4Q,매출,2703,십억원,incl_unknown,2
2026-05-04_하나증권_LGES,2026-05-04,하나증권,LGES,"EV(대형,중대형자동차전지)",EV,2025,FY,매출,13973,십억원,incl_unknown,2
2026-05-04_하나증권_LGES,2026-05-04,하나증권,LGES,"EV(대형,중대형자동차전지)",EV,2026,FY,매출,10770,십억원,incl_unknown,2
2026-05-04_하나증권_LGES,2026-05-04,하나증권,LGES,"EV(대형,중대형자동차전지)",EV,2027,FY,매출,11355,십억원,incl_unknown,2
2026-05-04_하나증권_LGES,2026-05-04,하나증권,LGES,"EV(대형,중대형자동차전지)",EV,2028,FY,매출,11893,십억원,incl_unknown,2
2026-05-04_하나증권_LGES,2026-05-04,하나증권,LGES,"EV(대형,중대형자동차전지)",EV,2025,1Q,영업이익,-141,십억원,incl,2
2026-05-04_하나증권_LGES,2026-05-04,하나증권,LGES,"EV(대형,중대형자동차전지)",EV,2025,2Q,영업이익,-66,십억원,incl,2
2026-05-04_하나증권_LGES,2026-05-04,하나증권,LGES,"EV(대형,중대형자동차전지)",EV,2025,3Q,영업이익,80,십억원,incl,2
2026-05-04_하나증권_LGES,2026-05-04,하나증권,LGES,"EV(대형,중대형자동차전지)",EV,2025,4Q,영업이익,-435,십억원,incl,2
2026-05-04_하나증권_LGES,2026-05-04,하나증권,LGES,"EV(대형,중대형자동차전지)",EV,2026,1Q,영업이익,-328,십억원,incl,2
2026-05-04_하나증권_LGES,2026-05-04,하나증권,LGES,"EV(대형,중대형자동차전지)",EV,2026,2Q,영업이익,-66,십억원,incl,2
2026-05-04_하나증권_LGES,2026-05-04,하나증권,LGES,"EV(대형,중대형자동차전지)",EV,2026,3Q,영업이익,-59,십억원,incl,2
2026-05-04_하나증권_LGES,2026-05-04,하나증권,LGES,"EV(대형,중대형자동차전지)",EV,2026,4Q,영업이익,0,십억원,incl,2
2026-05-04_하나증권_LGES,2026-05-04,하나증권,LGES,"EV(대형,중대형자동차전지)",EV,2025,FY,영업이익,-562,십억원,incl,2
2026-05-04_하나증권_LGES,2026-05-04,하나증권,LGES,"EV(대형,중대형자동차전지)",EV,2026,FY,영업이익,-452,십억원,incl,2
2026-05-04_하나증권_LGES,2026-05-04,하나증권,LGES,"EV(대형,중대형자동차전지)",EV,2027,FY,영업이익,-136,십억원,incl,2
2026-05-04_하나증권_LGES,2026-05-04,하나증권,LGES,"EV(대형,중대형자동차전지)",EV,2028,FY,영업이익,133,십억원,incl,2
2026-05-04_하나증권_LGES,2026-05-04,하나증권,LGES,"EV(대형,중대형자동차전지)",EV,2025,1Q,AMPC,458,십억원,na,2
2026-05-04_하나증권_LGES,2026-05-04,하나증권,LGES,"EV(대형,중대형자동차전지)",EV,2025,2Q,AMPC,444,십억원,na,2
2026-05-04_하나증권_LGES,2026-05-04,하나증권,LGES,"EV(대형,중대형자동차전지)",EV,2025,3Q,AMPC,297,십억원,na,2
2026-05-04_하나증권_LGES,2026-05-04,하나증권,LGES,"EV(대형,중대형자동차전지)",EV,2025,4Q,AMPC,157,십억원,na,2
2026-05-04_하나증권_LGES,2026-05-04,하나증권,LGES,"EV(대형,중대형자동차전지)",EV,2026,1Q,AMPC,2,십억원,na,2
2026-05-04_하나증권_LGES,2026-05-04,하나증권,LGES,"EV(대형,중대형자동차전지)",EV,2026,2Q,AMPC,2,십억원,na,2
2026-05-04_하나증권_LGES,2026-05-04,하나증권,LGES,"EV(대형,중대형자동차전지)",EV,2026,3Q,AMPC,19,십억원,na,2
2026-05-04_하나증권_LGES,2026-05-04,하나증권,LGES,"EV(대형,중대형자동차전지)",EV,2026,4Q,AMPC,28,십억원,na,2
2026-05-04_하나증권_LGES,2026-05-04,하나증권,LGES,"EV(대형,중대형자동차전지)",EV,2025,FY,AMPC,1356,십억원,na,2
2026-05-04_하나증권_LGES,2026-05-04,하나증권,LGES,"EV(대형,중대형자동차전지)",EV,2026,FY,AMPC,50,십억원,na,2
2026-05-04_하나증권_LGES,2026-05-04,하나증권,LGES,"EV(대형,중대형자동차전지)",EV,2027,FY,AMPC,923,십억원,na,2
2026-05-04_하나증권_LGES,2026-05-04,하나증권,LGES,"EV(대형,중대형자동차전지)",EV,2028,FY,AMPC,1153,십억원,na,2
2026-05-04_하나증권_LGES,2026-05-04,하나증권,LGES,"EV(소형,원통형)",소형,2025,1Q,매출,1277,십억원,incl_unknown,2
2026-05-04_하나증권_LGES,2026-05-04,하나증권,LGES,"EV(소형,원통형)",소형,2025,2Q,매출,1210,십억원,incl_unknown,2
2026-05-04_하나증권_LGES,2026-05-04,하나증권,LGES,"EV(소형,원통형)",소형,2025,3Q,매출,1201,십억원,incl_unknown,2
2026-05-04_하나증권_LGES,2026-05-04,하나증권,LGES,"EV(소형,원통형)",소형,2025,4Q,매출,1581,십억원,incl_unknown,2
2026-05-04_하나증권_LGES,2026-05-04,하나증권,LGES,"EV(소형,원통형)",소형,2026,1Q,매출,1644,십억원,incl_unknown,2
2026-05-04_하나증권_LGES,2026-05-04,하나증권,LGES,"EV(소형,원통형)",소형,2026,2Q,매출,1729,십억원,incl_unknown,2
2026-05-04_하나증권_LGES,2026-05-04,하나증권,LGES,"EV(소형,원통형)",소형,2026,3Q,매출,1747,십억원,incl_unknown,2
2026-05-04_하나증권_LGES,2026-05-04,하나증권,LGES,"EV(소형,원통형)",소형,2026,4Q,매출,1744,십억원,incl_unknown,2
2026-05-04_하나증권_LGES,2026-05-04,하나증권,LGES,"EV(소형,원통형)",소형,2025,FY,매출,5269,십억원,incl_unknown,2
2026-05-04_하나증권_LGES,2026-05-04,하나증권,LGES,"EV(소형,원통형)",소형,2026,FY,매출,6863,십억원,incl_unknown,2
2026-05-04_하나증권_LGES,2026-05-04,하나증권,LGES,"EV(소형,원통형)",소형,2027,FY,매출,7271,십억원,incl_unknown,2
2026-05-04_하나증권_LGES,2026-05-04,하나증권,LGES,"EV(소형,원통형)",소형,2028,FY,매출,7755,십억원,incl_unknown,2
2026-05-04_하나증권_LGES,2026-05-04,하나증권,LGES,"EV(소형,원통형)",소형,2025,1Q,영업이익,65,십억원,incl,2
2026-05-04_하나증권_LGES,2026-05-04,하나증권,LGES,"EV(소형,원통형)",소형,2025,2Q,영업이익,50,십억원,incl,2
2026-05-04_하나증권_LGES,2026-05-04,하나증권,LGES,"EV(소형,원통형)",소형,2025,3Q,영업이익,87,십억원,incl,2
2026-05-04_하나증권_LGES,2026-05-04,하나증권,LGES,"EV(소형,원통형)",소형,2025,4Q,영업이익,118,십억원,incl,2
2026-05-04_하나증권_LGES,2026-05-04,하나증권,LGES,"EV(소형,원통형)",소형,2026,1Q,영업이익,120,십억원,incl,2
2026-05-04_하나증권_LGES,2026-05-04,하나증권,LGES,"EV(소형,원통형)",소형,2026,2Q,영업이익,128,십억원,incl,2
2026-05-04_하나증권_LGES,2026-05-04,하나증권,LGES,"EV(소형,원통형)",소형,2026,3Q,영업이익,129,십억원,incl,2
2026-05-04_하나증권_LGES,2026-05-04,하나증권,LGES,"EV(소형,원통형)",소형,2026,4Q,영업이익,65,십억원,incl,2
2026-05-04_하나증권_LGES,2026-05-04,하나증권,LGES,"EV(소형,원통형)",소형,2025,FY,영업이익,320,십억원,incl,2
2026-05-04_하나증권_LGES,2026-05-04,하나증권,LGES,"EV(소형,원통형)",소형,2026,FY,영업이익,441,십억원,incl,2
2026-05-04_하나증권_LGES,2026-05-04,하나증권,LGES,"EV(소형,원통형)",소형,2027,FY,영업이익,498,십억원,incl,2
2026-05-04_하나증권_LGES,2026-05-04,하나증권,LGES,"EV(소형,원통형)",소형,2028,FY,영업이익,609,십억원,incl,2
2026-05-04_하나증권_LGES,2026-05-04,하나증권,LGES,ESS,ESS,2025,1Q,매출,191,십억원,incl_unknown,2
2026-05-04_하나증권_LGES,2026-05-04,하나증권,LGES,ESS,ESS,2025,2Q,매출,287,십억원,incl_unknown,2
2026-05-04_하나증권_LGES,2026-05-04,하나증권,LGES,ESS,ESS,2025,3Q,매출,627,십억원,incl_unknown,2
2026-05-04_하나증권_LGES,2026-05-04,하나증권,LGES,ESS,ESS,2025,4Q,매출,1301,십억원,incl_unknown,2
2026-05-04_하나증권_LGES,2026-05-04,하나증권,LGES,ESS,ESS,2026,1Q,매출,1735,십억원,incl_unknown,2
2026-05-04_하나증권_LGES,2026-05-04,하나증권,LGES,ESS,ESS,2026,2Q,매출,2466,십억원,incl_unknown,2
2026-05-04_하나증권_LGES,2026-05-04,하나증권,LGES,ESS,ESS,2026,3Q,매출,2755,십억원,incl_unknown,2
2026-05-04_하나증권_LGES,2026-05-04,하나증권,LGES,ESS,ESS,2026,4Q,매출,2548,십억원,incl_unknown,2
2026-05-04_하나증권_LGES,2026-05-04,하나증권,LGES,ESS,ESS,2025,FY,매출,2406,십억원,incl_unknown,2
2026-05-04_하나증권_LGES,2026-05-04,하나증권,LGES,ESS,ESS,2026,FY,매출,9225,십억원,incl_unknown,2
2026-05-04_하나증권_LGES,2026-05-04,하나증권,LGES,ESS,ESS,2027,FY,매출,10194,십억원,incl_unknown,2
2026-05-04_하나증권_LGES,2026-05-04,하나증권,LGES,ESS,ESS,2028,FY,매출,12884,십억원,incl_unknown,2
2026-05-04_하나증권_LGES,2026-05-04,하나증권,LGES,ESS,ESS,2025,1Q,영업이익,-29,십억원,incl,2
2026-05-04_하나증권_LGES,2026-05-04,하나증권,LGES,ESS,ESS,2025,2Q,영업이익,0,십억원,incl,2
2026-05-04_하나증권_LGES,2026-05-04,하나증권,LGES,ESS,ESS,2025,3Q,영업이익,40,십억원,incl,2
2026-05-04_하나증권_LGES,2026-05-04,하나증권,LGES,ESS,ESS,2025,4Q,영업이익,-81,십억원,incl,2
2026-05-04_하나증권_LGES,2026-05-04,하나증권,LGES,ESS,ESS,2026,1Q,영업이익,-200,십억원,incl,2
2026-05-04_하나증권_LGES,2026-05-04,하나증권,LGES,ESS,ESS,2026,2Q,영업이익,-126,십억원,incl,2
2026-05-04_하나증권_LGES,2026-05-04,하나증권,LGES,ESS,ESS,2026,3Q,영업이익,-55,십억원,incl,2
2026-05-04_하나증권_LGES,2026-05-04,하나증권,LGES,ESS,ESS,2026,4Q,영업이익,58,십억원,incl,2
2026-05-04_하나증권_LGES,2026-05-04,하나증권,LGES,ESS,ESS,2025,FY,영업이익,-69,십억원,incl,2
2026-05-04_하나증권_LGES,2026-05-04,하나증권,LGES,ESS,ESS,2026,FY,영업이익,-323,십억원,incl,2
2026-05-04_하나증권_LGES,2026-05-04,하나증권,LGES,ESS,ESS,2027,FY,영업이익,500,십억원,incl,2
2026-05-04_하나증권_LGES,2026-05-04,하나증권,LGES,ESS,ESS,2028,FY,영업이익,670,십억원,incl,2
2026-05-04_하나증권_LGES,2026-05-04,하나증권,LGES,ESS,ESS,2025,2Q,AMPC,47,십억원,na,2
2026-05-04_하나증권_LGES,2026-05-04,하나증권,LGES,ESS,ESS,2025,3Q,AMPC,68,십억원,na,2
2026-05-04_하나증권_LGES,2026-05-04,하나증권,LGES,ESS,ESS,2025,4Q,AMPC,176,십억원,na,2
2026-05-04_하나증권_LGES,2026-05-04,하나증권,LGES,ESS,ESS,2026,1Q,AMPC,188,십억원,na,2
2026-05-04_하나증권_LGES,2026-05-04,하나증권,LGES,ESS,ESS,2026,2Q,AMPC,263,십억원,na,2
2026-05-04_하나증권_LGES,2026-05-04,하나증권,LGES,ESS,ESS,2026,3Q,AMPC,277,십억원,na,2
2026-05-04_하나증권_LGES,2026-05-04,하나증권,LGES,ESS,ESS,2026,4Q,AMPC,279,십억원,na,2
2026-05-04_하나증권_LGES,2026-05-04,하나증권,LGES,ESS,ESS,2025,FY,AMPC,290,십억원,na,2
2026-05-04_하나증권_LGES,2026-05-04,하나증권,LGES,ESS,ESS,2026,FY,AMPC,1008,십억원,na,2
2026-05-04_하나증권_LGES,2026-05-04,하나증권,LGES,ESS,ESS,2027,FY,AMPC,1296,십억원,na,2
2026-05-04_하나증권_LGES,2026-05-04,하나증권,LGES,ESS,ESS,2028,FY,AMPC,1748,십억원,na,2
2026-05-04_하나증권_LGES,2026-05-04,하나증권,LGES,Battery Others(비배터리 등),기타,2025,1Q,매출,756,십억원,incl_unknown,2
2026-05-04_하나증권_LGES,2026-05-04,하나증권,LGES,Battery Others(비배터리 등),기타,2025,2Q,매출,423,십억원,incl_unknown,2
2026-05-04_하나증권_LGES,2026-05-04,하나증권,LGES,Battery Others(비배터리 등),기타,2025,3Q,매출,395,십억원,incl_unknown,2
2026-05-04_하나증권_LGES,2026-05-04,하나증권,LGES,Battery Others(비배터리 등),기타,2025,4Q,매출,450,십억원,incl_unknown,2
2026-05-04_하나증권_LGES,2026-05-04,하나증권,LGES,Battery Others(비배터리 등),기타,2026,1Q,매출,423,십억원,incl_unknown,2
2026-05-04_하나증권_LGES,2026-05-04,하나증권,LGES,Battery Others(비배터리 등),기타,2026,2Q,매출,444,십억원,incl_unknown,2
2026-05-04_하나증권_LGES,2026-05-04,하나증권,LGES,Battery Others(비배터리 등),기타,2026,3Q,매출,466,십억원,incl_unknown,2
2026-05-04_하나증권_LGES,2026-05-04,하나증권,LGES,Battery Others(비배터리 등),기타,2026,4Q,매출,489,십억원,incl_unknown,2
2026-05-04_하나증권_LGES,2026-05-04,하나증권,LGES,Battery Others(비배터리 등),기타,2025,FY,매출,2024,십억원,incl_unknown,2
2026-05-04_하나증권_LGES,2026-05-04,하나증권,LGES,Battery Others(비배터리 등),기타,2026,FY,매출,1822,십억원,incl_unknown,2
2026-05-04_하나증권_LGES,2026-05-04,하나증권,LGES,Battery Others(비배터리 등),기타,2027,FY,매출,1804,십억원,incl_unknown,2
2026-05-04_하나증권_LGES,2026-05-04,하나증권,LGES,Battery Others(비배터리 등),기타,2028,FY,매출,1768,십억원,incl_unknown,2
2026-05-04_하나증권_LGES,2026-05-04,하나증권,LGES,Battery Others(비배터리 등),기타,2025,1Q,영업이익,22,십억원,incl,2
2026-05-04_하나증권_LGES,2026-05-04,하나증권,LGES,Battery Others(비배터리 등),기타,2025,2Q,영업이익,17,십억원,incl,2
2026-05-04_하나증권_LGES,2026-05-04,하나증권,LGES,Battery Others(비배터리 등),기타,2025,3Q,영업이익,29,십억원,incl,2
2026-05-04_하나증권_LGES,2026-05-04,하나증권,LGES,Battery Others(비배터리 등),기타,2025,4Q,영업이익,-57,십억원,incl,2
2026-05-04_하나증권_LGES,2026-05-04,하나증권,LGES,Battery Others(비배터리 등),기타,2026,1Q,영업이익,10,십억원,incl,2
2026-05-04_하나증권_LGES,2026-05-04,하나증권,LGES,Battery Others(비배터리 등),기타,2026,2Q,영업이익,1,십억원,incl,2
2026-05-04_하나증권_LGES,2026-05-04,하나증권,LGES,Battery Others(비배터리 등),기타,2026,3Q,영업이익,11,십억원,incl,2
2026-05-04_하나증권_LGES,2026-05-04,하나증권,LGES,Battery Others(비배터리 등),기타,2026,4Q,영업이익,-17,십억원,incl,2
2026-05-04_하나증권_LGES,2026-05-04,하나증권,LGES,Battery Others(비배터리 등),기타,2025,FY,영업이익,10,십억원,incl,2
2026-05-04_하나증권_LGES,2026-05-04,하나증권,LGES,Battery Others(비배터리 등),기타,2026,FY,영업이익,5,십억원,incl,2
2026-05-04_하나증권_LGES,2026-05-04,하나증권,LGES,Battery Others(비배터리 등),기타,2027,FY,영업이익,4,십억원,incl,2
2026-05-04_하나증권_LGES,2026-05-04,하나증권,LGES,Battery Others(비배터리 등),기타,2028,FY,영업이익,27,십억원,incl,2
2026-05-04_하나증권_LGES,2026-05-04,하나증권,LGES,Total,전사,2025,1Q,매출,6265,십억원,incl_unknown,2
2026-05-04_하나증권_LGES,2026-05-04,하나증권,LGES,Total,전사,2025,2Q,매출,5565,십억원,incl_unknown,2
2026-05-04_하나증권_LGES,2026-05-04,하나증권,LGES,Total,전사,2025,3Q,매출,5700,십억원,incl_unknown,2
2026-05-04_하나증권_LGES,2026-05-04,하나증권,LGES,Total,전사,2025,4Q,매출,6142,십억원,incl_unknown,2
2026-05-04_하나증권_LGES,2026-05-04,하나증권,LGES,Total,전사,2026,1Q,매출,6555,십억원,incl_unknown,2
2026-05-04_하나증권_LGES,2026-05-04,하나증권,LGES,Total,전사,2026,2Q,매출,7283,십억원,incl_unknown,2
2026-05-04_하나증권_LGES,2026-05-04,하나증권,LGES,Total,전사,2026,3Q,매출,7638,십억원,incl_unknown,2
2026-05-04_하나증권_LGES,2026-05-04,하나증권,LGES,Total,전사,2026,4Q,매출,7484,십억원,incl_unknown,2
2026-05-04_하나증권_LGES,2026-05-04,하나증권,LGES,Total,전사,2025,FY,매출,23672,십억원,incl_unknown,2
2026-05-04_하나증권_LGES,2026-05-04,하나증권,LGES,Total,전사,2026,FY,매출,28681,십억원,incl_unknown,2
2026-05-04_하나증권_LGES,2026-05-04,하나증권,LGES,Total,전사,2027,FY,매출,30624,십억원,incl_unknown,2
2026-05-04_하나증권_LGES,2026-05-04,하나증권,LGES,Total,전사,2028,FY,매출,34299,십억원,incl_unknown,2
2026-05-04_하나증권_LGES,2026-05-04,하나증권,LGES,Total,전사,2025,1Q,영업이익,375,십억원,incl,2
2026-05-04_하나증권_LGES,2026-05-04,하나증권,LGES,Total,전사,2025,2Q,영업이익,492,십억원,incl,2
2026-05-04_하나증권_LGES,2026-05-04,하나증권,LGES,Total,전사,2025,3Q,영업이익,601,십억원,incl,2
2026-05-04_하나증권_LGES,2026-05-04,하나증권,LGES,Total,전사,2025,4Q,영업이익,-122,십억원,incl,2
2026-05-04_하나증권_LGES,2026-05-04,하나증권,LGES,Total,전사,2026,1Q,영업이익,-208,십억원,incl,2
2026-05-04_하나증권_LGES,2026-05-04,하나증권,LGES,Total,전사,2026,2Q,영업이익,202,십억원,incl,2
2026-05-04_하나증권_LGES,2026-05-04,하나증권,LGES,Total,전사,2026,3Q,영업이익,321,십억원,incl,2
2026-05-04_하나증권_LGES,2026-05-04,하나증권,LGES,Total,전사,2026,4Q,영업이익,414,십억원,incl,2
2026-05-04_하나증권_LGES,2026-05-04,하나증권,LGES,Total,전사,2025,FY,영업이익,1346,십억원,incl,2
2026-05-04_하나증권_LGES,2026-05-04,하나증권,LGES,Total,전사,2026,FY,영업이익,728,십억원,incl,2
2026-05-04_하나증권_LGES,2026-05-04,하나증권,LGES,Total,전사,2027,FY,영업이익,3084,십억원,incl,2
2026-05-04_하나증권_LGES,2026-05-04,하나증권,LGES,Total,전사,2028,FY,영업이익,4340,십억원,incl,2
2026-05-04_하나증권_LGES,2026-05-04,하나증권,LGES,Total,전사,2024,FY,매출,25619.6,십억원,incl_unknown,1
2026-05-04_하나증권_LGES,2026-05-04,하나증권,LGES,Total,전사,2024,FY,영업이익,575.4,십억원,incl,1
2026-05-04_한화투자증권_LGES,2026-05-04,한화투자증권,LGES,매출액,전사,2024,FY,매출,25620,십억원,excl,2
2026-05-04_한화투자증권_LGES,2026-05-04,한화투자증권,LGES,매출액,전사,2025,FY,매출,25319,십억원,excl,2
2026-05-04_한화투자증권_LGES,2026-05-04,한화투자증권,LGES,매출액,전사,2026,FY,매출,30809,십억원,excl,2
2026-05-04_한화투자증권_LGES,2026-05-04,한화투자증권,LGES,매출액,전사,2027,FY,매출,38114,십억원,excl,2
2026-05-04_한화투자증권_LGES,2026-05-04,한화투자증권,LGES,매출액,전사,2025,1Q,매출,6723,십억원,excl,2
2026-05-04_한화투자증권_LGES,2026-05-04,한화투자증권,LGES,매출액,전사,2025,2Q,매출,6056,십억원,excl,2
2026-05-04_한화투자증권_LGES,2026-05-04,한화투자증권,LGES,매출액,전사,2025,3Q,매출,6065,십억원,excl,2
2026-05-04_한화투자증권_LGES,2026-05-04,한화투자증권,LGES,매출액,전사,2025,4Q,매출,6474,십억원,excl,2
2026-05-04_한화투자증권_LGES,2026-05-04,한화투자증권,LGES,매출액(1Q26P),전사,2026,1Q,매출,6555,십억원,excl,2
2026-05-04_한화투자증권_LGES,2026-05-04,한화투자증권,LGES,매출액,전사,2026,2Q,매출,7271,십억원,excl,2
2026-05-04_한화투자증권_LGES,2026-05-04,한화투자증권,LGES,매출액,전사,2026,3Q,매출,8058,십억원,excl,2
2026-05-04_한화투자증권_LGES,2026-05-04,한화투자증권,LGES,매출액,전사,2026,4Q,매출,8925,십억원,excl,2
2026-05-04_한화투자증권_LGES,2026-05-04,한화투자증권,LGES,자동차전지,EV,2024,FY,매출,16572,십억원,excl,2
2026-05-04_한화투자증권_LGES,2026-05-04,한화투자증권,LGES,자동차전지,EV,2025,FY,매출,15491,십억원,excl,2
2026-05-04_한화투자증권_LGES,2026-05-04,한화투자증권,LGES,자동차전지,EV,2026,FY,매출,12115,십억원,excl,2
2026-05-04_한화투자증권_LGES,2026-05-04,한화투자증권,LGES,자동차전지,EV,2027,FY,매출,15130,십억원,excl,2
2026-05-04_한화투자증권_LGES,2026-05-04,한화투자증권,LGES,자동차전지,EV,2025,1Q,매출,4618,십억원,excl,2
2026-05-04_한화투자증권_LGES,2026-05-04,한화투자증권,LGES,자동차전지,EV,2025,2Q,매출,4092,십억원,excl,2
2026-05-04_한화투자증권_LGES,2026-05-04,한화투자증권,LGES,자동차전지,EV,2025,3Q,매출,3751,십억원,excl,2
2026-05-04_한화투자증권_LGES,2026-05-04,한화투자증권,LGES,자동차전지,EV,2025,4Q,매출,3030,십억원,excl,2
2026-05-04_한화투자증권_LGES,2026-05-04,한화투자증권,LGES,자동차전지(1Q26P),EV,2026,1Q,매출,2881,십억원,excl,2
2026-05-04_한화투자증권_LGES,2026-05-04,한화투자증권,LGES,자동차전지,EV,2026,2Q,매출,2784,십억원,excl,2
2026-05-04_한화투자증권_LGES,2026-05-04,한화투자증권,LGES,자동차전지,EV,2026,3Q,매출,3030,십억원,excl,2
2026-05-04_한화투자증권_LGES,2026-05-04,한화투자증권,LGES,자동차전지,EV,2026,4Q,매출,3420,십억원,excl,2
2026-05-04_한화투자증권_LGES,2026-05-04,한화투자증권,LGES,ESS,ESS,2024,FY,매출,1838,십억원,excl,2
2026-05-04_한화투자증권_LGES,2026-05-04,한화투자증권,LGES,ESS,ESS,2025,FY,매출,3050,십억원,excl,2
2026-05-04_한화투자증권_LGES,2026-05-04,한화투자증권,LGES,ESS,ESS,2026,FY,매출,10679,십억원,excl,2
2026-05-04_한화투자증권_LGES,2026-05-04,한화투자증권,LGES,ESS,ESS,2027,FY,매출,14377,십억원,excl,2
2026-05-04_한화투자증권_LGES,2026-05-04,한화투자증권,LGES,ESS,ESS,2025,1Q,매출,445,십억원,excl,2
2026-05-04_한화투자증권_LGES,2026-05-04,한화투자증권,LGES,ESS,ESS,2025,2Q,매출,434,십억원,excl,2
2026-05-04_한화투자증권_LGES,2026-05-04,한화투자증권,LGES,ESS,ESS,2025,3Q,매출,662,십억원,excl,2
2026-05-04_한화투자증권_LGES,2026-05-04,한화투자증권,LGES,ESS,ESS,2025,4Q,매출,1509,십억원,excl,2
2026-05-04_한화투자증권_LGES,2026-05-04,한화투자증권,LGES,ESS(1Q26P),ESS,2026,1Q,매출,1701,십억원,excl,2
2026-05-04_한화투자증권_LGES,2026-05-04,한화투자증권,LGES,ESS,ESS,2026,2Q,매출,2438,십억원,excl,2
2026-05-04_한화투자증권_LGES,2026-05-04,한화투자증권,LGES,ESS,ESS,2026,3Q,매출,3034,십억원,excl,2
2026-05-04_한화투자증권_LGES,2026-05-04,한화투자증권,LGES,ESS,ESS,2026,4Q,매출,3505,십억원,excl,2
2026-05-04_한화투자증권_LGES,2026-05-04,한화투자증권,LGES,소형전지,소형,2024,FY,매출,7210,십억원,excl,2
2026-05-04_한화투자증권_LGES,2026-05-04,한화투자증권,LGES,소형전지,소형,2025,FY,매출,6778,십억원,excl,2
2026-05-04_한화투자증권_LGES,2026-05-04,한화투자증권,LGES,소형전지,소형,2026,FY,매출,8015,십억원,excl,2
2026-05-04_한화투자증권_LGES,2026-05-04,한화투자증권,LGES,소형전지,소형,2027,FY,매출,8606,십억원,excl,2
2026-05-04_한화투자증권_LGES,2026-05-04,한화투자증권,LGES,소형전지,소형,2025,1Q,매출,1660,십억원,excl,2
2026-05-04_한화투자증권_LGES,2026-05-04,한화투자증권,LGES,소형전지,소형,2025,2Q,매출,1530,십억원,excl,2
2026-05-04_한화투자증권_LGES,2026-05-04,한화투자증권,LGES,소형전지,소형,2025,3Q,매출,1653,십억원,excl,2
2026-05-04_한화투자증권_LGES,2026-05-04,한화투자증권,LGES,소형전지,소형,2025,4Q,매출,1935,십억원,excl,2
2026-05-04_한화투자증권_LGES,2026-05-04,한화투자증권,LGES,소형전지(1Q26P),소형,2026,1Q,매출,1973,십억원,excl,2
2026-05-04_한화투자증권_LGES,2026-05-04,한화투자증권,LGES,소형전지,소형,2026,2Q,매출,2049,십억원,excl,2
2026-05-04_한화투자증권_LGES,2026-05-04,한화투자증권,LGES,소형전지,소형,2026,3Q,매출,1994,십억원,excl,2
2026-05-04_한화투자증권_LGES,2026-05-04,한화투자증권,LGES,소형전지,소형,2026,4Q,매출,1999,십억원,excl,2
2026-05-04_한화투자증권_LGES,2026-05-04,한화투자증권,LGES,영업이익,전사,2024,FY,영업이익,575,십억원,incl,2
2026-05-04_한화투자증권_LGES,2026-05-04,한화투자증권,LGES,영업이익,전사,2025,FY,영업이익,1346,십억원,incl,2
2026-05-04_한화투자증권_LGES,2026-05-04,한화투자증권,LGES,영업이익,전사,2026,FY,영업이익,1108,십억원,incl,2
2026-05-04_한화투자증권_LGES,2026-05-04,한화투자증권,LGES,영업이익,전사,2027,FY,영업이익,4767,십억원,incl,2
2026-05-04_한화투자증권_LGES,2026-05-04,한화투자증권,LGES,영업이익,전사,2025,1Q,영업이익,375,십억원,incl,2
2026-05-04_한화투자증권_LGES,2026-05-04,한화투자증권,LGES,영업이익,전사,2025,2Q,영업이익,492,십억원,incl,2
2026-05-04_한화투자증권_LGES,2026-05-04,한화투자증권,LGES,영업이익,전사,2025,3Q,영업이익,601,십억원,incl,2
2026-05-04_한화투자증권_LGES,2026-05-04,한화투자증권,LGES,영업이익,전사,2025,4Q,영업이익,-122,십억원,incl,2
2026-05-04_한화투자증권_LGES,2026-05-04,한화투자증권,LGES,영업이익(1Q26P),전사,2026,1Q,영업이익,-208,십억원,incl,2
2026-05-04_한화투자증권_LGES,2026-05-04,한화투자증권,LGES,영업이익,전사,2026,2Q,영업이익,225,십억원,incl,2
2026-05-04_한화투자증권_LGES,2026-05-04,한화투자증권,LGES,영업이익,전사,2026,3Q,영업이익,431,십억원,incl,2
2026-05-04_한화투자증권_LGES,2026-05-04,한화투자증권,LGES,영업이익,전사,2026,4Q,영업이익,659,십억원,incl,2
2026-05-04_한화투자증권_LGES,2026-05-04,한화투자증권,LGES,영업이익(AMPC 제외),전사,2024,FY,영업이익,-905,십억원,excl,2
2026-05-04_한화투자증권_LGES,2026-05-04,한화투자증권,LGES,영업이익(AMPC 제외),전사,2025,FY,영업이익,-301,십억원,excl,2
2026-05-04_한화투자증권_LGES,2026-05-04,한화투자증권,LGES,영업이익(AMPC 제외),전사,2026,FY,영업이익,-274,십억원,excl,2
2026-05-04_한화투자증권_LGES,2026-05-04,한화투자증권,LGES,영업이익(AMPC 제외),전사,2027,FY,영업이익,1560,십억원,excl,2
2026-05-04_한화투자증권_LGES,2026-05-04,한화투자증권,LGES,영업이익(AMPC 제외),전사,2025,1Q,영업이익,-83,십억원,excl,2
2026-05-04_한화투자증권_LGES,2026-05-04,한화투자증권,LGES,영업이익(AMPC 제외),전사,2025,2Q,영업이익,1,십억원,excl,2
2026-05-04_한화투자증권_LGES,2026-05-04,한화투자증권,LGES,영업이익(AMPC 제외),전사,2025,3Q,영업이익,236,십억원,excl,2
2026-05-04_한화투자증권_LGES,2026-05-04,한화투자증권,LGES,영업이익(AMPC 제외),전사,2025,4Q,영업이익,-455,십억원,excl,2
2026-05-04_한화투자증권_LGES,2026-05-04,한화투자증권,LGES,"영업이익(AMPC 제외, 1Q26P)",전사,2026,1Q,영업이익,-398,십억원,excl,2
2026-05-04_한화투자증권_LGES,2026-05-04,한화투자증권,LGES,영업이익(AMPC 제외),전사,2026,2Q,영업이익,-27,십억원,excl,2
2026-05-04_한화투자증권_LGES,2026-05-04,한화투자증권,LGES,영업이익(AMPC 제외),전사,2026,3Q,영업이익,18,십억원,excl,2
2026-05-04_한화투자증권_LGES,2026-05-04,한화투자증권,LGES,영업이익(AMPC 제외),전사,2026,4Q,영업이익,132,십억원,excl,2
2026-05-04_한화투자증권_LGES,2026-05-04,한화투자증권,LGES,AMPC,전사,2024,FY,AMPC,1480,십억원,na,2
2026-05-04_한화투자증권_LGES,2026-05-04,한화투자증권,LGES,AMPC,전사,2025,FY,AMPC,1647,십억원,na,2
2026-05-04_한화투자증권_LGES,2026-05-04,한화투자증권,LGES,AMPC,전사,2026,FY,AMPC,1381,십억원,na,2
2026-05-04_한화투자증권_LGES,2026-05-04,한화투자증권,LGES,AMPC,전사,2027,FY,AMPC,3207,십억원,na,2
2026-05-04_한화투자증권_LGES,2026-05-04,한화투자증권,LGES,AMPC,전사,2025,1Q,AMPC,458,십억원,na,2
2026-05-04_한화투자증권_LGES,2026-05-04,한화투자증권,LGES,AMPC,전사,2025,2Q,AMPC,491,십억원,na,2
2026-05-04_한화투자증권_LGES,2026-05-04,한화투자증권,LGES,AMPC,전사,2025,3Q,AMPC,366,십억원,na,2
2026-05-04_한화투자증권_LGES,2026-05-04,한화투자증권,LGES,AMPC,전사,2025,4Q,AMPC,333,십억원,na,2
2026-05-04_한화투자증권_LGES,2026-05-04,한화투자증권,LGES,AMPC(1Q26P),전사,2026,1Q,AMPC,190,십억원,na,2
2026-05-04_한화투자증권_LGES,2026-05-04,한화투자증권,LGES,AMPC,전사,2026,2Q,AMPC,252,십억원,na,2
2026-05-04_한화투자증권_LGES,2026-05-04,한화투자증권,LGES,AMPC,전사,2026,3Q,AMPC,413,십억원,na,2
2026-05-04_한화투자증권_LGES,2026-05-04,한화투자증권,LGES,AMPC,전사,2026,4Q,AMPC,527,십억원,na,2
2026-05-04_한화투자증권_LGES,2026-05-04,한화투자증권,LGES,자동차전지 영업이익(AMPC 제외),EV,2024,FY,영업이익,-955,십억원,excl,2
2026-05-04_한화투자증권_LGES,2026-05-04,한화투자증권,LGES,자동차전지 영업이익(AMPC 제외),EV,2025,FY,영업이익,-552,십억원,excl,2
2026-05-04_한화투자증권_LGES,2026-05-04,한화투자증권,LGES,자동차전지 영업이익(AMPC 제외),EV,2026,FY,영업이익,-450,십억원,excl,2
2026-05-04_한화투자증권_LGES,2026-05-04,한화투자증권,LGES,자동차전지 영업이익(AMPC 제외),EV,2027,FY,영업이익,378,십억원,excl,2
2026-05-04_한화투자증권_LGES,2026-05-04,한화투자증권,LGES,자동차전지 영업이익(AMPC 제외),EV,2025,1Q,영업이익,-92,십억원,excl,2
2026-05-04_한화투자증권_LGES,2026-05-04,한화투자증권,LGES,자동차전지 영업이익(AMPC 제외),EV,2025,2Q,영업이익,-82,십억원,excl,2
2026-05-04_한화투자증권_LGES,2026-05-04,한화투자증권,LGES,자동차전지 영업이익(AMPC 제외),EV,2025,3Q,영업이익,113,십억원,excl,2
2026-05-04_한화투자증권_LGES,2026-05-04,한화투자증권,LGES,자동차전지 영업이익(AMPC 제외),EV,2025,4Q,영업이익,-491,십억원,excl,2
2026-05-04_한화투자증권_LGES,2026-05-04,한화투자증권,LGES,"자동차전지 영업이익(AMPC 제외, 1Q26P)",EV,2026,1Q,영업이익,-315,십억원,excl,2
2026-05-04_한화투자증권_LGES,2026-05-04,한화투자증권,LGES,자동차전지 영업이익(AMPC 제외),EV,2026,2Q,영업이익,-16,십억원,excl,2
2026-05-04_한화투자증권_LGES,2026-05-04,한화투자증권,LGES,자동차전지 영업이익(AMPC 제외),EV,2026,3Q,영업이익,-87,십억원,excl,2
2026-05-04_한화투자증권_LGES,2026-05-04,한화투자증권,LGES,자동차전지 영업이익(AMPC 제외),EV,2026,4Q,영업이익,-32,십억원,excl,2
2026-05-04_한화투자증권_LGES,2026-05-04,한화투자증권,LGES,ESS 영업이익(AMPC 제외),ESS,2024,FY,영업이익,-183,십억원,excl,2
2026-05-04_한화투자증권_LGES,2026-05-04,한화투자증권,LGES,ESS 영업이익(AMPC 제외),ESS,2025,FY,영업이익,-153,십억원,excl,2
2026-05-04_한화투자증권_LGES,2026-05-04,한화투자증권,LGES,ESS 영업이익(AMPC 제외),ESS,2026,FY,영업이익,-249,십억원,excl,2
2026-05-04_한화투자증권_LGES,2026-05-04,한화투자증권,LGES,ESS 영업이익(AMPC 제외),ESS,2027,FY,영업이익,719,십억원,excl,2
2026-05-04_한화투자증권_LGES,2026-05-04,한화투자증권,LGES,ESS 영업이익(AMPC 제외),ESS,2025,1Q,영업이익,-80,십억원,excl,2
2026-05-04_한화투자증권_LGES,2026-05-04,한화투자증권,LGES,ESS 영업이익(AMPC 제외),ESS,2025,2Q,영업이익,0,십억원,excl,2
2026-05-04_한화투자증권_LGES,2026-05-04,한화투자증권,LGES,ESS 영업이익(AMPC 제외),ESS,2025,3Q,영업이익,33,십억원,excl,2
2026-05-04_한화투자증권_LGES,2026-05-04,한화투자증권,LGES,ESS 영업이익(AMPC 제외),ESS,2025,4Q,영업이익,-106,십억원,excl,2
2026-05-04_한화투자증권_LGES,2026-05-04,한화투자증권,LGES,"ESS 영업이익(AMPC 제외, 1Q26P)",ESS,2026,1Q,영업이익,-191,십억원,excl,2
2026-05-04_한화투자증권_LGES,2026-05-04,한화투자증권,LGES,ESS 영업이익(AMPC 제외),ESS,2026,2Q,영업이익,-122,십억원,excl,2
2026-05-04_한화투자증권_LGES,2026-05-04,한화투자증권,LGES,ESS 영업이익(AMPC 제외),ESS,2026,3Q,영업이익,0,십억원,excl,2
2026-05-04_한화투자증권_LGES,2026-05-04,한화투자증권,LGES,ESS 영업이익(AMPC 제외),ESS,2026,4Q,영업이익,63,십억원,excl,2
2026-05-04_한화투자증권_LGES,2026-05-04,한화투자증권,LGES,소형전지 영업이익(AMPC 제외),소형,2024,FY,영업이익,234,십억원,excl,2
2026-05-04_한화투자증권_LGES,2026-05-04,한화투자증권,LGES,소형전지 영업이익(AMPC 제외),소형,2025,FY,영업이익,404,십억원,excl,2
2026-05-04_한화투자증권_LGES,2026-05-04,한화투자증권,LGES,소형전지 영업이익(AMPC 제외),소형,2026,FY,영업이익,426,십억원,excl,2
2026-05-04_한화투자증권_LGES,2026-05-04,한화투자증권,LGES,소형전지 영업이익(AMPC 제외),소형,2027,FY,영업이익,463,십억원,excl,2
2026-05-04_한화투자증권_LGES,2026-05-04,한화투자증권,LGES,소형전지 영업이익(AMPC 제외),소형,2025,1Q,영업이익,89,십억원,excl,2
2026-05-04_한화투자증권_LGES,2026-05-04,한화투자증권,LGES,소형전지 영업이익(AMPC 제외),소형,2025,2Q,영업이익,83,십억원,excl,2
2026-05-04_한화투자증권_LGES,2026-05-04,한화투자증권,LGES,소형전지 영업이익(AMPC 제외),소형,2025,3Q,영업이익,90,십억원,excl,2
2026-05-04_한화투자증권_LGES,2026-05-04,한화투자증권,LGES,소형전지 영업이익(AMPC 제외),소형,2025,4Q,영업이익,142,십억원,excl,2
2026-05-04_한화투자증권_LGES,2026-05-04,한화투자증권,LGES,"소형전지 영업이익(AMPC 제외, 1Q26P)",소형,2026,1Q,영업이익,109,십억원,excl,2
2026-05-04_한화투자증권_LGES,2026-05-04,한화투자증권,LGES,소형전지 영업이익(AMPC 제외),소형,2026,2Q,영업이익,110,십억원,excl,2
2026-05-04_한화투자증권_LGES,2026-05-04,한화투자증권,LGES,소형전지 영업이익(AMPC 제외),소형,2026,3Q,영업이익,105,십억원,excl,2
2026-05-04_한화투자증권_LGES,2026-05-04,한화투자증권,LGES,소형전지 영업이익(AMPC 제외),소형,2026,4Q,영업이익,102,십억원,excl,2
2026-05-04_현대차증권_LGES,2026-05-04,현대차증권,LGES,전사,전사,2024,FY,매출,25620,십억원,incl_unknown,1
2026-05-04_현대차증권_LGES,2026-05-04,현대차증권,LGES,전사,전사,2024,FY,영업이익,575,십억원,incl,1
2026-05-04_현대차증권_LGES,2026-05-04,현대차증권,LGES,전사,전사,2025,FY,매출,23672,십억원,excl,5
2026-05-04_현대차증권_LGES,2026-05-04,현대차증권,LGES,전사,전사,2025,FY,영업이익,1346,십억원,incl,5
2026-05-04_현대차증권_LGES,2026-05-04,현대차증권,LGES,자동차(중대형),EV,2025,FY,매출,14017,십억원,excl,5
2026-05-04_현대차증권_LGES,2026-05-04,현대차증권,LGES,ESS,ESS,2025,FY,매출,2769,십억원,excl,5
2026-05-04_현대차증권_LGES,2026-05-04,현대차증권,LGES,소형(EV 원통형 포함),소형,2025,FY,매출,6886,십억원,excl,5
2026-05-04_현대차증권_LGES,2026-05-04,현대차증권,LGES,전사,전사,2025,FY,AMPC,1647,십억원,na,5
2026-05-04_현대차증권_LGES,2026-05-04,현대차증권,LGES,전사,전사,2025,FY,영업이익,-301,십억원,excl,5
2026-05-04_현대차증권_LGES,2026-05-04,현대차증권,LGES,자동차(중대형),EV,2025,FY,영업이익,-507,십억원,excl,5
2026-05-04_현대차증권_LGES,2026-05-04,현대차증권,LGES,ESS,ESS,2025,FY,영업이익,-241,십억원,excl,5
2026-05-04_현대차증권_LGES,2026-05-04,현대차증권,LGES,소형(EV 원통형 포함),소형,2025,FY,영업이익,447,십억원,excl,5
2026-05-04_현대차증권_LGES,2026-05-04,현대차증권,LGES,전사,전사,2026,FY,매출,29812,십억원,excl,5
2026-05-04_현대차증권_LGES,2026-05-04,현대차증권,LGES,전사,전사,2026,FY,영업이익,1593,십억원,incl,5
2026-05-04_현대차증권_LGES,2026-05-04,현대차증권,LGES,자동차(중대형),EV,2026,FY,매출,11120,십억원,excl,5
2026-05-04_현대차증권_LGES,2026-05-04,현대차증권,LGES,ESS,ESS,2026,FY,매출,9624,십억원,excl,5
2026-05-04_현대차증권_LGES,2026-05-04,현대차증권,LGES,소형(EV 원통형 포함),소형,2026,FY,매출,9068,십억원,excl,5
2026-05-04_현대차증권_LGES,2026-05-04,현대차증권,LGES,전사,전사,2026,FY,AMPC,1377,십억원,na,5
2026-05-04_현대차증권_LGES,2026-05-04,현대차증권,LGES,전사,전사,2026,FY,영업이익,216,십억원,excl,5
2026-05-04_현대차증권_LGES,2026-05-04,현대차증권,LGES,자동차(중대형),EV,2026,FY,영업이익,-484,십억원,excl,5
2026-05-04_현대차증권_LGES,2026-05-04,현대차증권,LGES,ESS,ESS,2026,FY,영업이익,-23,십억원,excl,5
2026-05-04_현대차증권_LGES,2026-05-04,현대차증권,LGES,소형(EV 원통형 포함),소형,2026,FY,영업이익,723,십억원,excl,5
2026-05-04_현대차증권_LGES,2026-05-04,현대차증권,LGES,전사,전사,2027,FY,매출,37906,십억원,excl,5
2026-05-04_현대차증권_LGES,2026-05-04,현대차증권,LGES,전사,전사,2027,FY,영업이익,5186,십억원,incl,5
2026-05-04_현대차증권_LGES,2026-05-04,현대차증권,LGES,자동차(중대형),EV,2027,FY,매출,12111,십억원,excl,5
2026-05-04_현대차증권_LGES,2026-05-04,현대차증권,LGES,ESS,ESS,2027,FY,매출,15063,십억원,excl,5
2026-05-04_현대차증권_LGES,2026-05-04,현대차증권,LGES,소형(EV 원통형 포함),소형,2027,FY,매출,10733,십억원,excl,5
2026-05-04_현대차증권_LGES,2026-05-04,현대차증권,LGES,전사,전사,2027,FY,AMPC,3076,십억원,na,5
2026-05-04_현대차증권_LGES,2026-05-04,현대차증권,LGES,전사,전사,2027,FY,영업이익,2109,십억원,excl,5
2026-05-04_현대차증권_LGES,2026-05-04,현대차증권,LGES,자동차(중대형),EV,2027,FY,영업이익,151,십억원,excl,5
2026-05-04_현대차증권_LGES,2026-05-04,현대차증권,LGES,ESS,ESS,2027,FY,영업이익,1134,십억원,excl,5
2026-05-04_현대차증권_LGES,2026-05-04,현대차증권,LGES,소형(EV 원통형 포함),소형,2027,FY,영업이익,825,십억원,excl,5
2026-05-04_현대차증권_LGES,2026-05-04,현대차증권,LGES,전사,전사,2028,FY,매출,39104,십억원,incl_unknown,1
2026-05-04_현대차증권_LGES,2026-05-04,현대차증권,LGES,전사,전사,2028,FY,영업이익,6069,십억원,incl,1
2026-05-04_현대차증권_LGES,2026-05-04,현대차증권,LGES,전사,전사,2025,1Q,매출,6265,십억원,excl,5
2026-05-04_현대차증권_LGES,2026-05-04,현대차증권,LGES,자동차(중대형),EV,2025,1Q,매출,4122,십억원,excl,5
2026-05-04_현대차증권_LGES,2026-05-04,현대차증권,LGES,ESS,ESS,2025,1Q,매출,439,십억원,excl,5
2026-05-04_현대차증권_LGES,2026-05-04,현대차증권,LGES,소형(EV 원통형 포함),소형,2025,1Q,매출,1704,십억원,excl,5
2026-05-04_현대차증권_LGES,2026-05-04,현대차증권,LGES,전사,전사,2025,1Q,영업이익,375,십억원,incl,5
2026-05-04_현대차증권_LGES,2026-05-04,현대차증권,LGES,전사,전사,2025,1Q,AMPC,458,십억원,na,5
2026-05-04_현대차증권_LGES,2026-05-04,현대차증권,LGES,전사,전사,2025,1Q,영업이익,-83,십억원,excl,5
2026-05-04_현대차증권_LGES,2026-05-04,현대차증권,LGES,자동차(중대형),EV,2025,1Q,영업이익,-124,십억원,excl,5
2026-05-04_현대차증권_LGES,2026-05-04,현대차증권,LGES,ESS,ESS,2025,1Q,영업이익,-53,십억원,excl,5
2026-05-04_현대차증권_LGES,2026-05-04,현대차증권,LGES,소형(EV 원통형 포함),소형,2025,1Q,영업이익,94,십억원,excl,5
2026-05-04_현대차증권_LGES,2026-05-04,현대차증권,LGES,전사,전사,2025,2Q,매출,5565,십억원,excl,5
2026-05-04_현대차증권_LGES,2026-05-04,현대차증권,LGES,자동차(중대형),EV,2025,2Q,매출,3562,십억원,excl,5
2026-05-04_현대차증권_LGES,2026-05-04,현대차증권,LGES,ESS,ESS,2025,2Q,매출,378,십억원,excl,5
2026-05-04_현대차증권_LGES,2026-05-04,현대차증권,LGES,소형(EV 원통형 포함),소형,2025,2Q,매출,1625,십억원,excl,5
2026-05-04_현대차증권_LGES,2026-05-04,현대차증권,LGES,전사,전사,2025,2Q,영업이익,492,십억원,incl,5
2026-05-04_현대차증권_LGES,2026-05-04,현대차증권,LGES,전사,전사,2025,2Q,AMPC,491,십억원,na,5
2026-05-04_현대차증권_LGES,2026-05-04,현대차증권,LGES,전사,전사,2025,2Q,영업이익,1,십억원,excl,5
2026-05-04_현대차증권_LGES,2026-05-04,현대차증권,LGES,자동차(중대형),EV,2025,2Q,영업이익,-98,십억원,excl,5
2026-05-04_현대차증권_LGES,2026-05-04,현대차증권,LGES,ESS,ESS,2025,2Q,영업이익,10,십억원,excl,5
2026-05-04_현대차증권_LGES,2026-05-04,현대차증권,LGES,소형(EV 원통형 포함),소형,2025,2Q,영업이익,89,십억원,excl,5
2026-05-04_현대차증권_LGES,2026-05-04,현대차증권,LGES,전사,전사,2025,3Q,매출,5700,십억원,excl,5
2026-05-04_현대차증권_LGES,2026-05-04,현대차증권,LGES,자동차(중대형),EV,2025,3Q,매출,3477,십억원,excl,5
2026-05-04_현대차증권_LGES,2026-05-04,현대차증권,LGES,ESS,ESS,2025,3Q,매출,570,십억원,excl,5
2026-05-04_현대차증권_LGES,2026-05-04,현대차증권,LGES,소형(EV 원통형 포함),소형,2025,3Q,매출,1653,십억원,excl,5
2026-05-04_현대차증권_LGES,2026-05-04,현대차증권,LGES,전사,전사,2025,3Q,영업이익,601,십억원,incl,5
2026-05-04_현대차증권_LGES,2026-05-04,현대차증권,LGES,전사,전사,2025,3Q,AMPC,366,십억원,na,5
2026-05-04_현대차증권_LGES,2026-05-04,현대차증권,LGES,전사,전사,2025,3Q,영업이익,236,십억원,excl,5
2026-05-04_현대차증권_LGES,2026-05-04,현대차증권,LGES,자동차(중대형),EV,2025,3Q,영업이익,209,십억원,excl,5
2026-05-04_현대차증권_LGES,2026-05-04,현대차증권,LGES,ESS,ESS,2025,3Q,영업이익,-89,십억원,excl,5
2026-05-04_현대차증권_LGES,2026-05-04,현대차증권,LGES,소형(EV 원통형 포함),소형,2025,3Q,영업이익,116,십억원,excl,5
2026-05-04_현대차증권_LGES,2026-05-04,현대차증권,LGES,전사,전사,2025,4Q,매출,6142,십억원,excl,5
2026-05-04_현대차증권_LGES,2026-05-04,현대차증권,LGES,자동차(중대형),EV,2025,4Q,매출,2856,십억원,excl,5
2026-05-04_현대차증권_LGES,2026-05-04,현대차증권,LGES,ESS,ESS,2025,4Q,매출,1382,십억원,excl,5
2026-05-04_현대차증권_LGES,2026-05-04,현대차증권,LGES,소형(EV 원통형 포함),소형,2025,4Q,매출,1904,십억원,excl,5
2026-05-04_현대차증권_LGES,2026-05-04,현대차증권,LGES,전사,전사,2025,4Q,영업이익,-122,십억원,incl,5
2026-05-04_현대차증권_LGES,2026-05-04,현대차증권,LGES,전사,전사,2025,4Q,AMPC,333,십억원,na,5
2026-05-04_현대차증권_LGES,2026-05-04,현대차증권,LGES,전사,전사,2025,4Q,영업이익,-455,십억원,excl,5
2026-05-04_현대차증권_LGES,2026-05-04,현대차증권,LGES,자동차(중대형),EV,2025,4Q,영업이익,-494,십억원,excl,5
2026-05-04_현대차증권_LGES,2026-05-04,현대차증권,LGES,ESS,ESS,2025,4Q,영업이익,-109,십억원,excl,5
2026-05-04_현대차증권_LGES,2026-05-04,현대차증권,LGES,소형(EV 원통형 포함),소형,2025,4Q,영업이익,149,십억원,excl,5
2026-05-04_현대차증권_LGES,2026-05-04,현대차증권,LGES,전사,전사,2026,1Q,매출,6555,십억원,excl,2
2026-05-04_현대차증권_LGES,2026-05-04,현대차증권,LGES,자동차(중대형),EV,2026,1Q,매출,2963,십억원,excl,5
2026-05-04_현대차증권_LGES,2026-05-04,현대차증권,LGES,ESS,ESS,2026,1Q,매출,1613,십억원,excl,5
2026-05-04_현대차증권_LGES,2026-05-04,현대차증권,LGES,소형(EV 원통형 포함),소형,2026,1Q,매출,1980,십억원,excl,5
2026-05-04_현대차증권_LGES,2026-05-04,현대차증권,LGES,전사,전사,2026,1Q,영업이익,-208,십억원,incl,2
2026-05-04_현대차증권_LGES,2026-05-04,현대차증권,LGES,전사,전사,2026,1Q,AMPC,190,십억원,na,5
2026-05-04_현대차증권_LGES,2026-05-04,현대차증권,LGES,전사,전사,2026,1Q,영업이익,-398,십억원,excl,5
2026-05-04_현대차증권_LGES,2026-05-04,현대차증권,LGES,자동차(중대형),EV,2026,1Q,영업이익,-326,십억원,excl,5
2026-05-04_현대차증권_LGES,2026-05-04,현대차증권,LGES,ESS,ESS,2026,1Q,영업이익,-226,십억원,excl,5
2026-05-04_현대차증권_LGES,2026-05-04,현대차증권,LGES,소형(EV 원통형 포함),소형,2026,1Q,영업이익,154,십억원,excl,5
2026-05-04_현대차증권_LGES,2026-05-04,현대차증권,LGES,전사,전사,2026,2Q,매출,7310,십억원,excl,5
2026-05-04_현대차증권_LGES,2026-05-04,현대차증권,LGES,자동차(중대형),EV,2026,2Q,매출,2783,십억원,excl,5
2026-05-04_현대차증권_LGES,2026-05-04,현대차증권,LGES,ESS,ESS,2026,2Q,매출,2422,십억원,excl,5
2026-05-04_현대차증권_LGES,2026-05-04,현대차증권,LGES,소형(EV 원통형 포함),소형,2026,2Q,매출,2105,십억원,excl,5
2026-05-04_현대차증권_LGES,2026-05-04,현대차증권,LGES,전사,전사,2026,2Q,영업이익,266,십억원,incl,5
2026-05-04_현대차증권_LGES,2026-05-04,현대차증권,LGES,전사,전사,2026,2Q,AMPC,267,십억원,na,5
2026-05-04_현대차증권_LGES,2026-05-04,현대차증권,LGES,전사,전사,2026,2Q,영업이익,-2,십억원,excl,5
2026-05-04_현대차증권_LGES,2026-05-04,현대차증권,LGES,자동차(중대형),EV,2026,2Q,영업이익,3,십억원,excl,5
2026-05-04_현대차증권_LGES,2026-05-04,현대차증권,LGES,ESS,ESS,2026,2Q,영업이익,-162,십억원,excl,5
2026-05-04_현대차증권_LGES,2026-05-04,현대차증권,LGES,소형(EV 원통형 포함),소형,2026,2Q,영업이익,158,십억원,excl,5
2026-05-04_현대차증권_LGES,2026-05-04,현대차증권,LGES,전사,전사,2026,3Q,매출,7678,십억원,excl,5
2026-05-04_현대차증권_LGES,2026-05-04,현대차증권,LGES,자동차(중대형),EV,2026,3Q,매출,2636,십억원,excl,5
2026-05-04_현대차증권_LGES,2026-05-04,현대차증권,LGES,ESS,ESS,2026,3Q,매출,2563,십억원,excl,5
2026-05-04_현대차증권_LGES,2026-05-04,현대차증권,LGES,소형(EV 원통형 포함),소형,2026,3Q,매출,2480,십억원,excl,5
2026-05-04_현대차증권_LGES,2026-05-04,현대차증권,LGES,전사,전사,2026,3Q,영업이익,668,십억원,incl,5
2026-05-04_현대차증권_LGES,2026-05-04,현대차증권,LGES,전사,전사,2026,3Q,AMPC,370,십억원,na,5
2026-05-04_현대차증권_LGES,2026-05-04,현대차증권,LGES,전사,전사,2026,3Q,영업이익,298,십억원,excl,5
2026-05-04_현대차증권_LGES,2026-05-04,현대차증권,LGES,자동차(중대형),EV,2026,3Q,영업이익,-79,십억원,excl,5
2026-05-04_현대차증권_LGES,2026-05-04,현대차증권,LGES,ESS,ESS,2026,3Q,영업이익,154,십억원,excl,5
2026-05-04_현대차증권_LGES,2026-05-04,현대차증권,LGES,소형(EV 원통형 포함),소형,2026,3Q,영업이익,223,십억원,excl,5
2026-05-04_현대차증권_LGES,2026-05-04,현대차증권,LGES,전사,전사,2026,4Q,매출,8268,십억원,excl,5
2026-05-04_현대차증권_LGES,2026-05-04,현대차증권,LGES,자동차(중대형),EV,2026,4Q,매출,2739,십억원,excl,5
2026-05-04_현대차증권_LGES,2026-05-04,현대차증권,LGES,ESS,ESS,2026,4Q,매출,3026,십억원,excl,5
2026-05-04_현대차증권_LGES,2026-05-04,현대차증권,LGES,소형(EV 원통형 포함),소형,2026,4Q,매출,2503,십억원,excl,5
2026-05-04_현대차증권_LGES,2026-05-04,현대차증권,LGES,전사,전사,2026,4Q,영업이익,867,십억원,incl,5
2026-05-04_현대차증권_LGES,2026-05-04,현대차증권,LGES,전사,전사,2026,4Q,AMPC,550,십억원,na,5
2026-05-04_현대차증권_LGES,2026-05-04,현대차증권,LGES,전사,전사,2026,4Q,영업이익,317,십억원,excl,5
2026-05-04_현대차증권_LGES,2026-05-04,현대차증권,LGES,자동차(중대형),EV,2026,4Q,영업이익,-82,십억원,excl,5
2026-05-04_현대차증권_LGES,2026-05-04,현대차증권,LGES,ESS,ESS,2026,4Q,영업이익,212,십억원,excl,5
2026-05-04_현대차증권_LGES,2026-05-04,현대차증권,LGES,소형(EV 원통형 포함),소형,2026,4Q,영업이익,188,십억원,excl,5
2026-05-06_대신증권_LGES,2026-05-06,대신증권,LGES,매출액,전사,2024,FY,매출,25620,십억원,excl,2
2026-05-06_대신증권_LGES,2026-05-06,대신증권,LGES,매출액,전사,2025,FY,매출,23672,십억원,incl_unknown,2
2026-05-06_대신증권_LGES,2026-05-06,대신증권,LGES,매출액,전사,2026,FY,매출,28766,십억원,excl,2
2026-05-06_대신증권_LGES,2026-05-06,대신증권,LGES,매출액,전사,2027,FY,매출,40383,십억원,excl,2
2026-05-06_대신증권_LGES,2026-05-06,대신증권,LGES,매출액,전사,2028,FY,매출,56765,십억원,excl,2
2026-05-06_대신증권_LGES,2026-05-06,대신증권,LGES,영업이익,전사,2024,FY,영업이익,575,십억원,incl,2
2026-05-06_대신증권_LGES,2026-05-06,대신증권,LGES,영업이익,전사,2025,FY,영업이익,1346,십억원,incl,2
2026-05-06_대신증권_LGES,2026-05-06,대신증권,LGES,영업이익,전사,2026,FY,영업이익,1410,십억원,incl,2
2026-05-06_대신증권_LGES,2026-05-06,대신증권,LGES,영업이익,전사,2027,FY,영업이익,4610,십억원,incl,2
2026-05-06_대신증권_LGES,2026-05-06,대신증권,LGES,영업이익,전사,2028,FY,영업이익,8331,십억원,incl,2
2026-05-06_대신증권_LGES,2026-05-06,대신증권,LGES,매출액,전사,2025,1Q,매출,6722.7,십억원,excl,3
2026-05-06_대신증권_LGES,2026-05-06,대신증권,LGES,대형(자동차),EV,2025,1Q,매출,4590.8,십억원,excl,3
2026-05-06_대신증권_LGES,2026-05-06,대신증권,LGES,대형(ESS),ESS,2025,1Q,매출,476.9,십억원,excl,3
2026-05-06_대신증권_LGES,2026-05-06,대신증권,LGES,소형,소형,2025,1Q,매출,1655.0,십억원,excl,3
2026-05-06_대신증권_LGES,2026-05-06,대신증권,LGES,AMPC,전사,2025,1Q,AMPC,458.0,십억원,na,3
2026-05-06_대신증권_LGES,2026-05-06,대신증권,LGES,영업이익,전사,2025,1Q,영업이익,374.7,십억원,incl,3
2026-05-06_대신증권_LGES,2026-05-06,대신증권,LGES,대형(자동차),EV,2025,1Q,영업이익,-122.9,십억원,excl,3
2026-05-06_대신증권_LGES,2026-05-06,대신증권,LGES,대형(ESS),ESS,2025,1Q,영업이익,-95.2,십억원,excl,3
2026-05-06_대신증권_LGES,2026-05-06,대신증권,LGES,소형,소형,2025,1Q,영업이익,134.8,십억원,excl,3
2026-05-06_대신증권_LGES,2026-05-06,대신증권,LGES,매출액,전사,2025,2Q,매출,6056.2,십억원,excl,3
2026-05-06_대신증권_LGES,2026-05-06,대신증권,LGES,대형(자동차),EV,2025,2Q,매출,4107.4,십억원,excl,3
2026-05-06_대신증권_LGES,2026-05-06,대신증권,LGES,대형(ESS),ESS,2025,2Q,매출,416.9,십억원,excl,3
2026-05-06_대신증권_LGES,2026-05-06,대신증권,LGES,소형,소형,2025,2Q,매출,1531.9,십억원,excl,3
2026-05-06_대신증권_LGES,2026-05-06,대신증권,LGES,AMPC,전사,2025,2Q,AMPC,491.0,십억원,na,3
2026-05-06_대신증권_LGES,2026-05-06,대신증권,LGES,영업이익,전사,2025,2Q,영업이익,492.2,십억원,incl,3
2026-05-06_대신증권_LGES,2026-05-06,대신증권,LGES,대형(자동차),EV,2025,2Q,영업이익,-65.8,십억원,excl,3
2026-05-06_대신증권_LGES,2026-05-06,대신증권,LGES,대형(ESS),ESS,2025,2Q,영업이익,0.0,십억원,excl,3
2026-05-06_대신증권_LGES,2026-05-06,대신증권,LGES,소형,소형,2025,2Q,영업이익,67.0,십억원,excl,3
2026-05-06_대신증권_LGES,2026-05-06,대신증권,LGES,매출액,전사,2025,3Q,매출,6065.4,십억원,excl,3
2026-05-06_대신증권_LGES,2026-05-06,대신증권,LGES,대형(자동차),EV,2025,3Q,매출,3802.9,십억원,excl,3
2026-05-06_대신증권_LGES,2026-05-06,대신증권,LGES,대형(ESS),ESS,2025,3Q,매출,627.8,십억원,excl,3
2026-05-06_대신증권_LGES,2026-05-06,대신증권,LGES,소형,소형,2025,3Q,매출,1634.7,십억원,excl,3
2026-05-06_대신증권_LGES,2026-05-06,대신증권,LGES,AMPC,전사,2025,3Q,AMPC,366.0,십억원,na,3
2026-05-06_대신증권_LGES,2026-05-06,대신증권,LGES,영업이익,전사,2025,3Q,영업이익,601.3,십억원,incl,3
2026-05-06_대신증권_LGES,2026-05-06,대신증권,LGES,대형(자동차),EV,2025,3Q,영업이익,79.3,십억원,excl,3
2026-05-06_대신증권_LGES,2026-05-06,대신증권,LGES,대형(ESS),ESS,2025,3Q,영업이익,40.0,십억원,excl,3
2026-05-06_대신증권_LGES,2026-05-06,대신증권,LGES,소형,소형,2025,3Q,영업이익,116.0,십억원,excl,3
2026-05-06_대신증권_LGES,2026-05-06,대신증권,LGES,매출액,전사,2025,4Q,매출,6474.3,십억원,excl,3
2026-05-06_대신증권_LGES,2026-05-06,대신증권,LGES,대형(자동차),EV,2025,4Q,매출,3083.3,십억원,excl,3
2026-05-06_대신증권_LGES,2026-05-06,대신증권,LGES,대형(ESS),ESS,2025,4Q,매출,1471.6,십억원,excl,3
2026-05-06_대신증권_LGES,2026-05-06,대신증권,LGES,소형,소형,2025,4Q,매출,1919.4,십억원,excl,3
2026-05-06_대신증권_LGES,2026-05-06,대신증권,LGES,AMPC,전사,2025,4Q,AMPC,333.0,십억원,na,3
2026-05-06_대신증권_LGES,2026-05-06,대신증권,LGES,영업이익,전사,2025,4Q,영업이익,-122.0,십억원,incl,3
2026-05-06_대신증권_LGES,2026-05-06,대신증권,LGES,대형(자동차),EV,2025,4Q,영업이익,-485.2,십억원,excl,3
2026-05-06_대신증권_LGES,2026-05-06,대신증권,LGES,대형(ESS),ESS,2025,4Q,영업이익,-98.2,십억원,excl,3
2026-05-06_대신증권_LGES,2026-05-06,대신증권,LGES,소형,소형,2025,4Q,영업이익,128.4,십억원,excl,3
2026-05-06_대신증권_LGES,2026-05-06,대신증권,LGES,매출액,전사,2026,1Q,매출,6555.0,십억원,excl,3
2026-05-06_대신증권_LGES,2026-05-06,대신증권,LGES,대형(자동차),EV,2026,1Q,매출,2772.8,십억원,excl,3
2026-05-06_대신증권_LGES,2026-05-06,대신증권,LGES,대형(ESS),ESS,2026,1Q,매출,1724.0,십억원,excl,3
2026-05-06_대신증권_LGES,2026-05-06,대신증권,LGES,소형,소형,2026,1Q,매출,2058.3,십억원,excl,3
2026-05-06_대신증권_LGES,2026-05-06,대신증권,LGES,AMPC,전사,2026,1Q,AMPC,189.8,십억원,na,3
2026-05-06_대신증권_LGES,2026-05-06,대신증권,LGES,영업이익,전사,2026,1Q,영업이익,-207.8,십억원,incl,3
2026-05-06_대신증권_LGES,2026-05-06,대신증권,LGES,대형(자동차),EV,2026,1Q,영업이익,-329.6,십억원,excl,3
2026-05-06_대신증권_LGES,2026-05-06,대신증권,LGES,대형(ESS),ESS,2026,1Q,영업이익,-200.0,십억원,excl,3
2026-05-06_대신증권_LGES,2026-05-06,대신증권,LGES,소형,소형,2026,1Q,영업이익,132.0,십억원,excl,3
2026-05-06_대신증권_LGES,2026-05-06,대신증권,LGES,매출액,전사,2026,2Q,매출,5988.0,십억원,excl,3
2026-05-06_대신증권_LGES,2026-05-06,대신증권,LGES,대형(자동차),EV,2026,2Q,매출,2022.7,십억원,excl,3
2026-05-06_대신증권_LGES,2026-05-06,대신증권,LGES,대형(ESS),ESS,2026,2Q,매출,1779.2,십억원,excl,3
2026-05-06_대신증권_LGES,2026-05-06,대신증권,LGES,소형,소형,2026,2Q,매출,2186.1,십억원,excl,3
2026-05-06_대신증권_LGES,2026-05-06,대신증권,LGES,AMPC,전사,2026,2Q,AMPC,296.7,십억원,na,3
2026-05-06_대신증권_LGES,2026-05-06,대신증권,LGES,영업이익,전사,2026,2Q,영업이익,165.6,십억원,incl,3
2026-05-06_대신증권_LGES,2026-05-06,대신증권,LGES,대형(자동차),EV,2026,2Q,영업이익,-182.0,십억원,excl,3
2026-05-06_대신증권_LGES,2026-05-06,대신증권,LGES,대형(ESS),ESS,2026,2Q,영업이익,-89.0,십억원,excl,3
2026-05-06_대신증권_LGES,2026-05-06,대신증권,LGES,소형,소형,2026,2Q,영업이익,139.9,십억원,excl,3
2026-05-06_대신증권_LGES,2026-05-06,대신증권,LGES,매출액,전사,2026,3Q,매출,7514.2,십억원,excl,3
2026-05-06_대신증권_LGES,2026-05-06,대신증권,LGES,대형(자동차),EV,2026,3Q,매출,2236.9,십억원,excl,3
2026-05-06_대신증권_LGES,2026-05-06,대신증권,LGES,대형(ESS),ESS,2026,3Q,매출,2812.9,십억원,excl,3
2026-05-06_대신증권_LGES,2026-05-06,대신증권,LGES,소형,소형,2026,3Q,매출,2464.5,십억원,excl,3
2026-05-06_대신증권_LGES,2026-05-06,대신증권,LGES,AMPC,전사,2026,3Q,AMPC,461.4,십억원,na,3
2026-05-06_대신증권_LGES,2026-05-06,대신증권,LGES,영업이익,전사,2026,3Q,영업이익,567.8,십억원,incl,3
2026-05-06_대신증권_LGES,2026-05-06,대신증권,LGES,대형(자동차),EV,2026,3Q,영업이익,-111.8,십억원,excl,3
2026-05-06_대신증권_LGES,2026-05-06,대신증권,LGES,대형(ESS),ESS,2026,3Q,영업이익,50.6,십억원,excl,3
2026-05-06_대신증권_LGES,2026-05-06,대신증권,LGES,소형,소형,2026,3Q,영업이익,167.6,십억원,excl,3
2026-05-06_대신증권_LGES,2026-05-06,대신증권,LGES,매출액,전사,2026,4Q,매출,8708.4,십억원,excl,3
2026-05-06_대신증권_LGES,2026-05-06,대신증권,LGES,대형(자동차),EV,2026,4Q,매출,2347.2,십억원,excl,3
2026-05-06_대신증권_LGES,2026-05-06,대신증권,LGES,대형(ESS),ESS,2026,4Q,매출,3787.9,십억원,excl,3
2026-05-06_대신증권_LGES,2026-05-06,대신증권,LGES,소형,소형,2026,4Q,매출,2573.3,십억원,excl,3
2026-05-06_대신증권_LGES,2026-05-06,대신증권,LGES,AMPC,전사,2026,4Q,AMPC,640.4,십억원,na,3
2026-05-06_대신증권_LGES,2026-05-06,대신증권,LGES,영업이익,전사,2026,4Q,영업이익,884.6,십억원,incl,3
2026-05-06_대신증권_LGES,2026-05-06,대신증권,LGES,대형(자동차),EV,2026,4Q,영업이익,-46.9,십억원,excl,3
2026-05-06_대신증권_LGES,2026-05-06,대신증권,LGES,대형(ESS),ESS,2026,4Q,영업이익,113.6,십억원,excl,3
2026-05-06_대신증권_LGES,2026-05-06,대신증권,LGES,소형,소형,2026,4Q,영업이익,177.6,십억원,excl,3
2026-05-06_대신증권_LGES,2026-05-06,대신증권,LGES,매출액,전사,2025,FY,매출,25318.6,십억원,excl,3
2026-05-06_대신증권_LGES,2026-05-06,대신증권,LGES,매출액,전사,2026,FY,매출,28765.6,십억원,excl,3
2026-05-06_대신증권_LGES,2026-05-06,대신증권,LGES,매출액,전사,2027,FY,매출,40382.8,십억원,excl,3
2026-05-06_대신증권_LGES,2026-05-06,대신증권,LGES,대형(자동차),EV,2025,FY,매출,15584.5,십억원,excl,3
2026-05-06_대신증권_LGES,2026-05-06,대신증권,LGES,대형(자동차),EV,2026,FY,매출,9379.5,십억원,excl,3
2026-05-06_대신증권_LGES,2026-05-06,대신증권,LGES,대형(자동차),EV,2027,FY,매출,12888.4,십억원,excl,3
2026-05-06_대신증권_LGES,2026-05-06,대신증권,LGES,대형(ESS),ESS,2025,FY,매출,2993.1,십억원,excl,3
2026-05-06_대신증권_LGES,2026-05-06,대신증권,LGES,대형(ESS),ESS,2026,FY,매출,10104.0,십억원,excl,3
2026-05-06_대신증권_LGES,2026-05-06,대신증권,LGES,대형(ESS),ESS,2027,FY,매출,17587.8,십억원,excl,3
2026-05-06_대신증권_LGES,2026-05-06,대신증권,LGES,소형,소형,2025,FY,매출,6741.0,십억원,excl,3
2026-05-06_대신증권_LGES,2026-05-06,대신증권,LGES,소형,소형,2026,FY,매출,9282.1,십억원,excl,3
2026-05-06_대신증권_LGES,2026-05-06,대신증권,LGES,소형,소형,2027,FY,매출,9906.6,십억원,excl,3
2026-05-06_대신증권_LGES,2026-05-06,대신증권,LGES,AMPC,전사,2025,FY,AMPC,1648.0,십억원,na,3
2026-05-06_대신증권_LGES,2026-05-06,대신증권,LGES,AMPC,전사,2026,FY,AMPC,1588.3,십억원,na,3
2026-05-06_대신증권_LGES,2026-05-06,대신증권,LGES,AMPC,전사,2027,FY,AMPC,3162.7,십억원,na,3
2026-05-06_대신증권_LGES,2026-05-06,대신증권,LGES,영업이익,전사,2025,FY,영업이익,1346.1,십억원,incl,3
2026-05-06_대신증권_LGES,2026-05-06,대신증권,LGES,영업이익,전사,2026,FY,영업이익,1410.2,십억원,incl,3
2026-05-06_대신증권_LGES,2026-05-06,대신증권,LGES,영업이익,전사,2027,FY,영업이익,4609.6,십억원,incl,3
2026-05-06_대신증권_LGES,2026-05-06,대신증권,LGES,대형(자동차),EV,2025,FY,영업이익,-594.7,십억원,excl,3
2026-05-06_대신증권_LGES,2026-05-06,대신증권,LGES,대형(자동차),EV,2026,FY,영업이익,-670.4,십억원,excl,3
2026-05-06_대신증권_LGES,2026-05-06,대신증권,LGES,대형(자동차),EV,2027,FY,영업이익,139.4,십억원,excl,3
2026-05-06_대신증권_LGES,2026-05-06,대신증권,LGES,대형(ESS),ESS,2025,FY,영업이익,-153.4,십억원,excl,3
2026-05-06_대신증권_LGES,2026-05-06,대신증권,LGES,대형(ESS),ESS,2026,FY,영업이익,-124.7,십억원,excl,3
2026-05-06_대신증권_LGES,2026-05-06,대신증권,LGES,대형(ESS),ESS,2027,FY,영업이익,663.6,십억원,excl,3
2026-05-06_대신증권_LGES,2026-05-06,대신증권,LGES,소형,소형,2025,FY,영업이익,446.2,십억원,excl,3
2026-05-06_대신증권_LGES,2026-05-06,대신증권,LGES,소형,소형,2026,FY,영업이익,617.1,십억원,excl,3
2026-05-06_대신증권_LGES,2026-05-06,대신증권,LGES,소형,소형,2027,FY,영업이익,643.9,십억원,excl,3
2026-05-06_대신증권_LGES,2026-05-06,대신증권,LGES,AMPC 수령액(연결)-EV,EV,2025,FY,AMPC,1442,십억원,na,4
2026-05-06_대신증권_LGES,2026-05-06,대신증권,LGES,AMPC 수령액(연결)-EV,EV,2026,FY,AMPC,484,십억원,na,4
2026-05-06_대신증권_LGES,2026-05-06,대신증권,LGES,AMPC 수령액(연결)-EV,EV,2027,FY,AMPC,1043,십억원,na,4
2026-05-06_대신증권_LGES,2026-05-06,대신증권,LGES,AMPC 수령액(연결)-EV,EV,2028,FY,AMPC,3171,십억원,na,4
2026-05-06_대신증권_LGES,2026-05-06,대신증권,LGES,AMPC 수령액(연결)-ESS향,ESS,2025,FY,AMPC,206,십억원,na,4
2026-05-06_대신증권_LGES,2026-05-06,대신증권,LGES,AMPC 수령액(연결)-ESS향,ESS,2026,FY,AMPC,1104,십억원,na,4
2026-05-06_대신증권_LGES,2026-05-06,대신증권,LGES,AMPC 수령액(연결)-ESS향,ESS,2027,FY,AMPC,2119,십억원,na,4
2026-05-06_대신증권_LGES,2026-05-06,대신증권,LGES,AMPC 수령액(연결)-ESS향,ESS,2028,FY,AMPC,2603,십억원,na,4
2026-05-06_대신증권_LGES,2026-05-06,대신증권,LGES,AMPC 수령액(연결),전사,2028,FY,AMPC,5774,십억원,na,4
2026-05-06_대신증권_삼성SDI,2026-05-06,대신증권,삼성SDI,매출액,전사,2024,FY,매출,16592,십억원,excl,2
2026-05-06_대신증권_삼성SDI,2026-05-06,대신증권,삼성SDI,영업이익,전사,2024,FY,영업이익,363,십억원,incl_unknown,2
2026-05-06_대신증권_삼성SDI,2026-05-06,대신증권,삼성SDI,매출액,전사,2025,FY,매출,13267,십억원,excl,2
2026-05-06_대신증권_삼성SDI,2026-05-06,대신증권,삼성SDI,영업이익,전사,2025,FY,영업이익,-1722,십억원,incl_unknown,2
2026-05-06_대신증권_삼성SDI,2026-05-06,대신증권,삼성SDI,매출액,전사,2026,FY,매출,16037,십억원,excl,2
2026-05-06_대신증권_삼성SDI,2026-05-06,대신증권,삼성SDI,영업이익,전사,2026,FY,영업이익,360,십억원,incl_unknown,2
2026-05-06_대신증권_삼성SDI,2026-05-06,대신증권,삼성SDI,매출액,전사,2027,FY,매출,23474,십억원,excl,2
2026-05-06_대신증권_삼성SDI,2026-05-06,대신증권,삼성SDI,영업이익,전사,2027,FY,영업이익,2834,십억원,incl_unknown,2
2026-05-06_대신증권_삼성SDI,2026-05-06,대신증권,삼성SDI,매출액,전사,2028,FY,매출,28150,십억원,excl,2
2026-05-06_대신증권_삼성SDI,2026-05-06,대신증권,삼성SDI,영업이익,전사,2028,FY,영업이익,3591,십억원,incl_unknown,2
2026-05-06_대신증권_삼성SDI,2026-05-06,대신증권,삼성SDI,전사,전사,2025,1Q,매출,3176.8,십억원,excl,3
2026-05-06_대신증권_삼성SDI,2026-05-06,대신증권,삼성SDI,전사,전사,2025,1Q,영업이익,-434.1,십억원,incl,3
2026-05-06_대신증권_삼성SDI,2026-05-06,대신증권,삼성SDI,전사,전사,2025,2Q,매출,3179.4,십억원,excl,3
2026-05-06_대신증권_삼성SDI,2026-05-06,대신증권,삼성SDI,전사,전사,2025,2Q,영업이익,-397.8,십억원,incl,3
2026-05-06_대신증권_삼성SDI,2026-05-06,대신증권,삼성SDI,전사,전사,2025,3Q,매출,3051.8,십억원,excl,3
2026-05-06_대신증권_삼성SDI,2026-05-06,대신증권,삼성SDI,전사,전사,2025,3Q,영업이익,-591.3,십억원,incl,3
2026-05-06_대신증권_삼성SDI,2026-05-06,대신증권,삼성SDI,전사,전사,2025,4Q,매출,3858.7,십억원,excl,3
2026-05-06_대신증권_삼성SDI,2026-05-06,대신증권,삼성SDI,전사,전사,2025,4Q,영업이익,-299.2,십억원,incl,3
2026-05-06_대신증권_삼성SDI,2026-05-06,대신증권,삼성SDI,전사,전사,2026,1Q,매출,3576.4,십억원,excl,3
2026-05-06_대신증권_삼성SDI,2026-05-06,대신증권,삼성SDI,전사,전사,2026,1Q,영업이익,-155.6,십억원,incl,3
2026-05-06_대신증권_삼성SDI,2026-05-06,대신증권,삼성SDI,전사,전사,2026,2Q,매출,3666.3,십억원,excl,3
2026-05-06_대신증권_삼성SDI,2026-05-06,대신증권,삼성SDI,전사,전사,2026,2Q,영업이익,-126.4,십억원,incl,3
2026-05-06_대신증권_삼성SDI,2026-05-06,대신증권,삼성SDI,전사,전사,2026,3Q,매출,3749.3,십억원,excl,3
2026-05-06_대신증권_삼성SDI,2026-05-06,대신증권,삼성SDI,전사,전사,2026,3Q,영업이익,53.0,십억원,incl,3
2026-05-06_대신증권_삼성SDI,2026-05-06,대신증권,삼성SDI,전사,전사,2026,4Q,매출,5044.8,십억원,excl,3
2026-05-06_대신증권_삼성SDI,2026-05-06,대신증권,삼성SDI,전사,전사,2026,4Q,영업이익,313.8,십억원,incl,3
2026-05-06_대신증권_삼성SDI,2026-05-06,대신증권,삼성SDI,전사,전사,2025,FY,매출,13266.7,십억원,excl,3
2026-05-06_대신증권_삼성SDI,2026-05-06,대신증권,삼성SDI,전사,전사,2025,FY,영업이익,-1722.4,십억원,incl,3
2026-05-06_대신증권_삼성SDI,2026-05-06,대신증권,삼성SDI,전사,전사,2026,FY,매출,16036.8,십억원,excl,3
2026-05-06_대신증권_삼성SDI,2026-05-06,대신증권,삼성SDI,전사,전사,2026,FY,영업이익,84.9,십억원,incl,3
2026-05-06_대신증권_삼성SDI,2026-05-06,대신증권,삼성SDI,전사,전사,2027,FY,매출,23473.9,십억원,excl,3
2026-05-06_대신증권_삼성SDI,2026-05-06,대신증권,삼성SDI,전사,전사,2027,FY,영업이익,2558.4,십억원,incl,3
2026-05-06_대신증권_삼성SDI,2026-05-06,대신증권,삼성SDI,전지,배터리합계,2025,1Q,매출,2980.9,십억원,excl,3
2026-05-06_대신증권_삼성SDI,2026-05-06,대신증권,삼성SDI,전지,배터리합계,2025,1Q,영업이익,-452.4,십억원,incl,3
2026-05-06_대신증권_삼성SDI,2026-05-06,대신증권,삼성SDI,전지,배터리합계,2025,2Q,매출,2961.2,십억원,excl,3
2026-05-06_대신증권_삼성SDI,2026-05-06,대신증권,삼성SDI,전지,배터리합계,2025,2Q,영업이익,-430.8,십억원,incl,3
2026-05-06_대신증권_삼성SDI,2026-05-06,대신증권,삼성SDI,전지,배터리합계,2025,3Q,매출,2820.0,십억원,excl,3
2026-05-06_대신증권_삼성SDI,2026-05-06,대신증권,삼성SDI,전지,배터리합계,2025,3Q,영업이익,-630.1,십억원,incl,3
2026-05-06_대신증권_삼성SDI,2026-05-06,대신증권,삼성SDI,전지,배터리합계,2025,4Q,매출,3622.0,십억원,excl,3
2026-05-06_대신증권_삼성SDI,2026-05-06,대신증권,삼성SDI,전지,배터리합계,2025,4Q,영업이익,-338.5,십억원,incl,3
2026-05-06_대신증권_삼성SDI,2026-05-06,대신증권,삼성SDI,전지,배터리합계,2026,1Q,매출,3354.4,십억원,excl,3
2026-05-06_대신증권_삼성SDI,2026-05-06,대신증권,삼성SDI,전지,배터리합계,2026,1Q,영업이익,-176.6,십억원,incl,3
2026-05-06_대신증권_삼성SDI,2026-05-06,대신증권,삼성SDI,전지,배터리합계,2026,2Q,매출,3436.1,십억원,excl,3
2026-05-06_대신증권_삼성SDI,2026-05-06,대신증권,삼성SDI,전지,배터리합계,2026,2Q,영업이익,-160.5,십억원,incl,3
2026-05-06_대신증권_삼성SDI,2026-05-06,대신증권,삼성SDI,전지,배터리합계,2026,3Q,매출,3505.4,십억원,excl,3
2026-05-06_대신증권_삼성SDI,2026-05-06,대신증권,삼성SDI,전지,배터리합계,2026,3Q,영업이익,16.7,십억원,incl,3
2026-05-06_대신증권_삼성SDI,2026-05-06,대신증권,삼성SDI,전지,배터리합계,2026,4Q,매출,4801.0,십억원,excl,3
2026-05-06_대신증권_삼성SDI,2026-05-06,대신증권,삼성SDI,전지,배터리합계,2026,4Q,영업이익,278.0,십억원,incl,3
2026-05-06_대신증권_삼성SDI,2026-05-06,대신증권,삼성SDI,전지,배터리합계,2025,FY,매출,12384.1,십억원,excl,3
2026-05-06_대신증권_삼성SDI,2026-05-06,대신증권,삼성SDI,전지,배터리합계,2025,FY,영업이익,-1851.8,십억원,incl,3
2026-05-06_대신증권_삼성SDI,2026-05-06,대신증권,삼성SDI,전지,배터리합계,2026,FY,매출,15096.9,십억원,excl,3
2026-05-06_대신증권_삼성SDI,2026-05-06,대신증권,삼성SDI,전지,배터리합계,2026,FY,영업이익,-42.4,십억원,incl,3
2026-05-06_대신증권_삼성SDI,2026-05-06,대신증권,삼성SDI,전지,배터리합계,2027,FY,매출,22505.9,십억원,excl,3
2026-05-06_대신증권_삼성SDI,2026-05-06,대신증권,삼성SDI,전지,배터리합계,2027,FY,영업이익,2413.6,십억원,incl,3
2026-05-06_대신증권_삼성SDI,2026-05-06,대신증권,삼성SDI,EV,EV,2025,1Q,매출,1627.4,십억원,excl,3
2026-05-06_대신증권_삼성SDI,2026-05-06,대신증권,삼성SDI,EV,EV,2025,1Q,영업이익,-389.7,십억원,incl,3
2026-05-06_대신증권_삼성SDI,2026-05-06,대신증권,삼성SDI,EV,EV,2025,2Q,매출,1294.5,십억원,excl,3
2026-05-06_대신증권_삼성SDI,2026-05-06,대신증권,삼성SDI,EV,EV,2025,2Q,영업이익,-459.2,십억원,incl,3
2026-05-06_대신증권_삼성SDI,2026-05-06,대신증권,삼성SDI,EV,EV,2025,3Q,매출,1138.4,십억원,excl,3
2026-05-06_대신증권_삼성SDI,2026-05-06,대신증권,삼성SDI,EV,EV,2025,3Q,영업이익,-522.9,십억원,incl,3
2026-05-06_대신증권_삼성SDI,2026-05-06,대신증권,삼성SDI,EV,EV,2025,4Q,매출,1634.2,십억원,excl,3
2026-05-06_대신증권_삼성SDI,2026-05-06,대신증권,삼성SDI,EV,EV,2025,4Q,영업이익,-297.3,십억원,incl,3
2026-05-06_대신증권_삼성SDI,2026-05-06,대신증권,삼성SDI,EV,EV,2026,1Q,매출,1409.1,십억원,excl,3
2026-05-06_대신증권_삼성SDI,2026-05-06,대신증권,삼성SDI,EV,EV,2026,1Q,영업이익,-166.8,십억원,incl,3
2026-05-06_대신증권_삼성SDI,2026-05-06,대신증권,삼성SDI,EV,EV,2026,2Q,매출,1186.1,십억원,excl,3
2026-05-06_대신증권_삼성SDI,2026-05-06,대신증권,삼성SDI,EV,EV,2026,2Q,영업이익,-239.6,십억원,incl,3
2026-05-06_대신증권_삼성SDI,2026-05-06,대신증권,삼성SDI,EV,EV,2026,3Q,매출,1117.6,십억원,excl,3
2026-05-06_대신증권_삼성SDI,2026-05-06,대신증권,삼성SDI,EV,EV,2026,3Q,영업이익,-187.5,십억원,incl,3
2026-05-06_대신증권_삼성SDI,2026-05-06,대신증권,삼성SDI,EV,EV,2026,4Q,매출,2097.7,십억원,excl,3
2026-05-06_대신증권_삼성SDI,2026-05-06,대신증권,삼성SDI,EV,EV,2026,4Q,영업이익,-10.5,십억원,incl,3
2026-05-06_대신증권_삼성SDI,2026-05-06,대신증권,삼성SDI,EV,EV,2025,FY,매출,5694.5,십억원,excl,3
2026-05-06_대신증권_삼성SDI,2026-05-06,대신증권,삼성SDI,EV,EV,2025,FY,영업이익,-1669.0,십억원,incl,3
2026-05-06_대신증권_삼성SDI,2026-05-06,대신증권,삼성SDI,EV,EV,2026,FY,매출,5810.5,십억원,excl,3
2026-05-06_대신증권_삼성SDI,2026-05-06,대신증권,삼성SDI,EV,EV,2026,FY,영업이익,-604.4,십억원,incl,3
2026-05-06_대신증권_삼성SDI,2026-05-06,대신증권,삼성SDI,EV,EV,2027,FY,매출,8192.3,십억원,excl,3
2026-05-06_대신증권_삼성SDI,2026-05-06,대신증권,삼성SDI,EV,EV,2027,FY,영업이익,18.9,십억원,incl,3
2026-05-06_대신증권_삼성SDI,2026-05-06,대신증권,삼성SDI,ESS,ESS,2025,1Q,매출,553.2,십억원,excl,3
2026-05-06_대신증권_삼성SDI,2026-05-06,대신증권,삼성SDI,ESS,ESS,2025,1Q,영업이익,-37.1,십억원,incl,3
2026-05-06_대신증권_삼성SDI,2026-05-06,대신증권,삼성SDI,ESS,ESS,2025,2Q,매출,628.3,십억원,excl,3
2026-05-06_대신증권_삼성SDI,2026-05-06,대신증권,삼성SDI,ESS,ESS,2025,2Q,영업이익,-13.5,십억원,incl,3
2026-05-06_대신증권_삼성SDI,2026-05-06,대신증권,삼성SDI,ESS,ESS,2025,3Q,매출,600.5,십억원,excl,3
2026-05-06_대신증권_삼성SDI,2026-05-06,대신증권,삼성SDI,ESS,ESS,2025,3Q,영업이익,-60.2,십억원,incl,3
2026-05-06_대신증권_삼성SDI,2026-05-06,대신증권,삼성SDI,ESS,ESS,2025,4Q,매출,778.3,십억원,excl,3
2026-05-06_대신증권_삼성SDI,2026-05-06,대신증권,삼성SDI,ESS,ESS,2025,4Q,영업이익,-61.0,십억원,incl,3
2026-05-06_대신증권_삼성SDI,2026-05-06,대신증권,삼성SDI,ESS,ESS,2026,1Q,매출,858.3,십억원,excl,3
2026-05-06_대신증권_삼성SDI,2026-05-06,대신증권,삼성SDI,ESS,ESS,2026,1Q,영업이익,-51.3,십억원,incl,3
2026-05-06_대신증권_삼성SDI,2026-05-06,대신증권,삼성SDI,ESS,ESS,2026,2Q,매출,1055.7,십억원,excl,3
2026-05-06_대신증권_삼성SDI,2026-05-06,대신증권,삼성SDI,ESS,ESS,2026,2Q,영업이익,15.8,십억원,incl,3
2026-05-06_대신증권_삼성SDI,2026-05-06,대신증권,삼성SDI,ESS,ESS,2026,3Q,매출,1225.7,십억원,excl,3
2026-05-06_대신증권_삼성SDI,2026-05-06,대신증권,삼성SDI,ESS,ESS,2026,3Q,영업이익,27.0,십억원,incl,3
2026-05-06_대신증권_삼성SDI,2026-05-06,대신증권,삼성SDI,ESS,ESS,2026,4Q,매출,1469.7,십억원,excl,3
2026-05-06_대신증권_삼성SDI,2026-05-06,대신증권,삼성SDI,ESS,ESS,2026,4Q,영업이익,41.2,십억원,incl,3
2026-05-06_대신증권_삼성SDI,2026-05-06,대신증권,삼성SDI,ESS,ESS,2025,FY,매출,2560.3,십억원,excl,3
2026-05-06_대신증권_삼성SDI,2026-05-06,대신증권,삼성SDI,ESS,ESS,2025,FY,영업이익,-171.9,십억원,incl,3
2026-05-06_대신증권_삼성SDI,2026-05-06,대신증권,삼성SDI,ESS,ESS,2026,FY,매출,4609.4,십억원,excl,3
2026-05-06_대신증권_삼성SDI,2026-05-06,대신증권,삼성SDI,ESS,ESS,2026,FY,영업이익,32.6,십억원,incl,3
2026-05-06_대신증권_삼성SDI,2026-05-06,대신증권,삼성SDI,ESS,ESS,2027,FY,매출,9282.7,십억원,excl,3
2026-05-06_대신증권_삼성SDI,2026-05-06,대신증권,삼성SDI,ESS,ESS,2027,FY,영업이익,347.4,십억원,incl,3
2026-05-06_대신증권_삼성SDI,2026-05-06,대신증권,삼성SDI,소형,소형,2025,1Q,매출,800.3,십억원,excl,3
2026-05-06_대신증권_삼성SDI,2026-05-06,대신증권,삼성SDI,소형,소형,2025,1Q,영업이익,-135.0,십억원,incl,3
2026-05-06_대신증권_삼성SDI,2026-05-06,대신증권,삼성SDI,소형,소형,2025,2Q,매출,1038.5,십억원,excl,3
2026-05-06_대신증권_삼성SDI,2026-05-06,대신증권,삼성SDI,소형,소형,2025,2Q,영업이익,-24.5,십억원,incl,3
2026-05-06_대신증권_삼성SDI,2026-05-06,대신증권,삼성SDI,소형,소형,2025,3Q,매출,1081.1,십억원,excl,3
2026-05-06_대신증권_삼성SDI,2026-05-06,대신증권,삼성SDI,소형,소형,2025,3Q,영업이익,-66.5,십억원,incl,3
2026-05-06_대신증권_삼성SDI,2026-05-06,대신증권,삼성SDI,소형,소형,2025,4Q,매출,1209.5,십억원,excl,3
2026-05-06_대신증권_삼성SDI,2026-05-06,대신증권,삼성SDI,소형,소형,2025,4Q,영업이익,-60.0,십억원,incl,3
2026-05-06_대신증권_삼성SDI,2026-05-06,대신증권,삼성SDI,소형,소형,2026,1Q,매출,1087.0,십억원,excl,3
2026-05-06_대신증권_삼성SDI,2026-05-06,대신증권,삼성SDI,소형,소형,2026,1Q,영업이익,-39.0,십억원,incl,3
2026-05-06_대신증권_삼성SDI,2026-05-06,대신증권,삼성SDI,소형,소형,2026,2Q,매출,1194.2,십억원,excl,3
2026-05-06_대신증권_삼성SDI,2026-05-06,대신증권,삼성SDI,소형,소형,2026,2Q,영업이익,-74.0,십억원,incl,3
2026-05-06_대신증권_삼성SDI,2026-05-06,대신증권,삼성SDI,소형,소형,2026,3Q,매출,1162.2,십억원,excl,3
2026-05-06_대신증권_삼성SDI,2026-05-06,대신증권,삼성SDI,소형,소형,2026,3Q,영업이익,-23.2,십억원,incl,3
2026-05-06_대신증권_삼성SDI,2026-05-06,대신증권,삼성SDI,소형,소형,2026,4Q,매출,1233.7,십억원,excl,3
2026-05-06_대신증권_삼성SDI,2026-05-06,대신증권,삼성SDI,소형,소형,2026,4Q,영업이익,-7.4,십억원,incl,3
2026-05-06_대신증권_삼성SDI,2026-05-06,대신증권,삼성SDI,소형,소형,2025,FY,매출,4129.3,십억원,excl,3
2026-05-06_대신증권_삼성SDI,2026-05-06,대신증권,삼성SDI,소형,소형,2025,FY,영업이익,-286.0,십억원,incl,3
2026-05-06_대신증권_삼성SDI,2026-05-06,대신증권,삼성SDI,소형,소형,2026,FY,매출,4677.0,십억원,excl,3
2026-05-06_대신증권_삼성SDI,2026-05-06,대신증권,삼성SDI,소형,소형,2026,FY,영업이익,-143.7,십억원,incl,3
2026-05-06_대신증권_삼성SDI,2026-05-06,대신증권,삼성SDI,소형,소형,2027,FY,매출,5030.8,십억원,excl,3
2026-05-06_대신증권_삼성SDI,2026-05-06,대신증권,삼성SDI,소형,소형,2027,FY,영업이익,327.0,십억원,incl,3
2026-05-06_대신증권_삼성SDI,2026-05-06,대신증권,삼성SDI,전자재료,전자재료,2025,1Q,매출,195.9,십억원,na,3
2026-05-06_대신증권_삼성SDI,2026-05-06,대신증권,삼성SDI,전자재료,전자재료,2025,1Q,영업이익,18.3,십억원,na,3
2026-05-06_대신증권_삼성SDI,2026-05-06,대신증권,삼성SDI,전자재료,전자재료,2025,2Q,매출,218.2,십억원,na,3
2026-05-06_대신증권_삼성SDI,2026-05-06,대신증권,삼성SDI,전자재료,전자재료,2025,2Q,영업이익,33.0,십억원,na,3
2026-05-06_대신증권_삼성SDI,2026-05-06,대신증권,삼성SDI,전자재료,전자재료,2025,3Q,매출,231.8,십억원,na,3
2026-05-06_대신증권_삼성SDI,2026-05-06,대신증권,삼성SDI,전자재료,전자재료,2025,3Q,영업이익,38.8,십억원,na,3
2026-05-06_대신증권_삼성SDI,2026-05-06,대신증권,삼성SDI,전자재료,전자재료,2025,4Q,매출,236.7,십억원,na,3
2026-05-06_대신증권_삼성SDI,2026-05-06,대신증권,삼성SDI,전자재료,전자재료,2025,4Q,영업이익,39.3,십억원,na,3
2026-05-06_대신증권_삼성SDI,2026-05-06,대신증권,삼성SDI,전자재료,전자재료,2026,1Q,매출,222.0,십억원,na,3
2026-05-06_대신증권_삼성SDI,2026-05-06,대신증권,삼성SDI,전자재료,전자재료,2026,1Q,영업이익,21.0,십억원,na,3
2026-05-06_대신증권_삼성SDI,2026-05-06,대신증권,삼성SDI,전자재료,전자재료,2026,2Q,매출,230.2,십억원,na,3
2026-05-06_대신증권_삼성SDI,2026-05-06,대신증권,삼성SDI,전자재료,전자재료,2026,2Q,영업이익,34.1,십억원,na,3
2026-05-06_대신증권_삼성SDI,2026-05-06,대신증권,삼성SDI,전자재료,전자재료,2026,3Q,매출,243.9,십억원,na,3
2026-05-06_대신증권_삼성SDI,2026-05-06,대신증권,삼성SDI,전자재료,전자재료,2026,3Q,영업이익,36.3,십억원,na,3
2026-05-06_대신증권_삼성SDI,2026-05-06,대신증권,삼성SDI,전자재료,전자재료,2026,4Q,매출,243.8,십억원,na,3
2026-05-06_대신증권_삼성SDI,2026-05-06,대신증권,삼성SDI,전자재료,전자재료,2026,4Q,영업이익,35.8,십억원,na,3
2026-05-06_대신증권_삼성SDI,2026-05-06,대신증권,삼성SDI,전자재료,전자재료,2025,FY,매출,882.6,십억원,na,3
2026-05-06_대신증권_삼성SDI,2026-05-06,대신증권,삼성SDI,전자재료,전자재료,2025,FY,영업이익,129.4,십억원,na,3
2026-05-06_대신증권_삼성SDI,2026-05-06,대신증권,삼성SDI,전자재료,전자재료,2026,FY,매출,939.9,십억원,na,3
2026-05-06_대신증권_삼성SDI,2026-05-06,대신증권,삼성SDI,전자재료,전자재료,2026,FY,영업이익,127.2,십억원,na,3
2026-05-06_대신증권_삼성SDI,2026-05-06,대신증권,삼성SDI,전자재료,전자재료,2027,FY,매출,968.0,십억원,na,3
2026-05-06_대신증권_삼성SDI,2026-05-06,대신증권,삼성SDI,전자재료,전자재료,2027,FY,영업이익,144.7,십억원,na,3
2026-05-06_대신증권_삼성SDI,2026-05-06,대신증권,삼성SDI,AMPC,전사,2025,1Q,AMPC,109.4,십억원,na,3
2026-05-06_대신증권_삼성SDI,2026-05-06,대신증권,삼성SDI,AMPC,전사,2025,2Q,AMPC,66.4,십억원,na,3
2026-05-06_대신증권_삼성SDI,2026-05-06,대신증권,삼성SDI,AMPC,전사,2025,3Q,AMPC,19.5,십억원,na,3
2026-05-06_대신증권_삼성SDI,2026-05-06,대신증권,삼성SDI,AMPC,전사,2025,4Q,AMPC,79.8,십억원,na,3
2026-05-06_대신증권_삼성SDI,2026-05-06,대신증권,삼성SDI,AMPC,전사,2026,1Q,AMPC,80.5,십억원,na,3
2026-05-06_대신증권_삼성SDI,2026-05-06,대신증권,삼성SDI,AMPC,전사,2026,2Q,AMPC,137.3,십억원,na,3
2026-05-06_대신증권_삼성SDI,2026-05-06,대신증권,삼성SDI,AMPC,전사,2026,3Q,AMPC,200.5,십억원,na,3
2026-05-06_대신증권_삼성SDI,2026-05-06,대신증권,삼성SDI,AMPC,전사,2026,4Q,AMPC,254.7,십억원,na,3
2026-05-06_대신증권_삼성SDI,2026-05-06,대신증권,삼성SDI,AMPC,전사,2025,FY,AMPC,275.1,십억원,na,3
2026-05-06_대신증권_삼성SDI,2026-05-06,대신증권,삼성SDI,AMPC,전사,2026,FY,AMPC,673.1,십억원,na,3
2026-05-06_대신증권_삼성SDI,2026-05-06,대신증권,삼성SDI,AMPC,전사,2027,FY,AMPC,1720.3,십억원,na,3
2026-05-06_대신증권_삼성SDI,2026-05-06,대신증권,삼성SDI,AMPC,전사,2028,FY,AMPC,1936.9,십억원,na,4
2026-05-06_유안타증권_LGES,2026-05-06,유안타증권,LGES,연결,전사,2024,FY,매출,25620,십억원,excl,1
2026-05-06_유안타증권_LGES,2026-05-06,유안타증권,LGES,연결,전사,2024,FY,영업이익,575,십억원,incl_unknown,1
2026-05-06_유안타증권_LGES,2026-05-06,유안타증권,LGES,연결,전사,2025,FY,매출,23672,십억원,excl,1
2026-05-06_유안타증권_LGES,2026-05-06,유안타증권,LGES,연결,전사,2025,FY,영업이익,1346,십억원,incl,1
2026-05-06_유안타증권_LGES,2026-05-06,유안타증권,LGES,연결,전사,2026,FY,매출,27235,십억원,incl,1
2026-05-06_유안타증권_LGES,2026-05-06,유안타증권,LGES,연결,전사,2026,FY,영업이익,733,십억원,incl,1
2026-05-06_유안타증권_LGES,2026-05-06,유안타증권,LGES,연결,전사,2027,FY,매출,32629,십억원,incl,1
2026-05-06_유안타증권_LGES,2026-05-06,유안타증권,LGES,연결,전사,2027,FY,영업이익,2793,십억원,incl,1
2026-05-06_유안타증권_LGES,2026-05-06,유안타증권,LGES,연결,전사,2028,FY,매출,40264,십억원,incl,3
2026-05-06_유안타증권_LGES,2026-05-06,유안타증권,LGES,연결,전사,2028,FY,영업이익,5191,십억원,incl,3
2026-05-06_유안타증권_LGES,2026-05-06,유안타증권,LGES,Tax Credit,전사,2025,FY,AMPC,1647,십억원,na,2
2026-05-06_유안타증권_LGES,2026-05-06,유안타증권,LGES,Tax Credit,전사,2026,FY,AMPC,1607,십억원,na,2
2026-05-06_유안타증권_LGES,2026-05-06,유안타증권,LGES,Tax Credit,전사,2027,FY,AMPC,2048,십억원,na,2
2026-05-06_유안타증권_LGES,2026-05-06,유안타증권,LGES,Tax Credit,전사,2028,FY,AMPC,3600,십억원,na,2
2026-05-06_유안타증권_LGES,2026-05-06,유안타증권,LGES,소형,소형,2025,FY,매출,7166,십억원,excl,2
2026-05-06_유안타증권_LGES,2026-05-06,유안타증권,LGES,소형,소형,2025,FY,영업이익,464,십억원,excl,2
2026-05-06_유안타증권_LGES,2026-05-06,유안타증권,LGES,EV,EV,2025,FY,매출,13866,십억원,excl,2
2026-05-06_유안타증권_LGES,2026-05-06,유안타증권,LGES,EV,EV,2025,FY,영업이익,-665,십억원,excl,2
2026-05-06_유안타증권_LGES,2026-05-06,유안타증권,LGES,ESS,ESS,2025,FY,매출,2640,십억원,excl,2
2026-05-06_유안타증권_LGES,2026-05-06,유안타증권,LGES,ESS,ESS,2025,FY,영업이익,-100,십억원,excl,2
2026-05-06_유안타증권_LGES,2026-05-06,유안타증권,LGES,소형,소형,2026,FY,매출,7596,십억원,excl,2
2026-05-06_유안타증권_LGES,2026-05-06,유안타증권,LGES,소형,소형,2026,FY,영업이익,471,십억원,excl,2
2026-05-06_유안타증권_LGES,2026-05-06,유안타증권,LGES,EV,EV,2026,FY,매출,9845,십억원,excl,2
2026-05-06_유안타증권_LGES,2026-05-06,유안타증권,LGES,EV,EV,2026,FY,영업이익,-1179,십억원,excl,2
2026-05-06_유안타증권_LGES,2026-05-06,유안타증권,LGES,ESS,ESS,2026,FY,매출,8976,십억원,excl,2
2026-05-06_유안타증권_LGES,2026-05-06,유안타증권,LGES,ESS,ESS,2026,FY,영업이익,374,십억원,excl,2
2026-05-06_유안타증권_LGES,2026-05-06,유안타증권,LGES,소형,소형,2027,FY,매출,8090,십억원,excl,2
2026-05-06_유안타증권_LGES,2026-05-06,유안타증권,LGES,소형,소형,2027,FY,영업이익,485,십억원,excl,2
2026-05-06_유안타증권_LGES,2026-05-06,유안타증권,LGES,EV,EV,2027,FY,매출,10337,십억원,excl,2
2026-05-06_유안타증권_LGES,2026-05-06,유안타증권,LGES,EV,EV,2027,FY,영업이익,-620,십억원,excl,2
2026-05-06_유안타증권_LGES,2026-05-06,유안타증권,LGES,ESS,ESS,2027,FY,매출,12566,십억원,excl,2
2026-05-06_유안타증권_LGES,2026-05-06,유안타증권,LGES,ESS,ESS,2027,FY,영업이익,880,십억원,excl,2
2026-05-06_유안타증권_LGES,2026-05-06,유안타증권,LGES,소형,소형,2028,FY,매출,8656,십억원,excl,2
2026-05-06_유안타증권_LGES,2026-05-06,유안타증권,LGES,소형,소형,2028,FY,영업이익,519,십억원,excl,2
2026-05-06_유안타증권_LGES,2026-05-06,유안타증권,LGES,EV,EV,2028,FY,매출,11371,십억원,excl,2
2026-05-06_유안타증권_LGES,2026-05-06,유안타증권,LGES,EV,EV,2028,FY,영업이익,-455,십억원,excl,2
2026-05-06_유안타증권_LGES,2026-05-06,유안타증권,LGES,ESS,ESS,2028,FY,매출,16964,십억원,excl,2
2026-05-06_유안타증권_LGES,2026-05-06,유안타증권,LGES,ESS,ESS,2028,FY,영업이익,1527,십억원,excl,2
2026-05-06_유안타증권_LGES,2026-05-06,유안타증권,LGES,연결,전사,2025,1Q,매출,6265,십억원,excl,2
2026-05-06_유안타증권_LGES,2026-05-06,유안타증권,LGES,연결,전사,2025,1Q,영업이익,375,십억원,incl,2
2026-05-06_유안타증권_LGES,2026-05-06,유안타증권,LGES,소형,소형,2025,1Q,매출,1708,십억원,excl,2
2026-05-06_유안타증권_LGES,2026-05-06,유안타증권,LGES,EV,EV,2025,1Q,매출,4124,십억원,excl,2
2026-05-06_유안타증권_LGES,2026-05-06,유안타증권,LGES,ESS,ESS,2025,1Q,매출,433,십억원,excl,2
2026-05-06_유안타증권_LGES,2026-05-06,유안타증권,LGES,소형,소형,2025,1Q,영업이익,111,십억원,excl,2
2026-05-06_유안타증권_LGES,2026-05-06,유안타증권,LGES,EV,EV,2025,1Q,영업이익,-124,십억원,excl,2
2026-05-06_유안타증권_LGES,2026-05-06,유안타증권,LGES,ESS,ESS,2025,1Q,영업이익,-71,십억원,excl,2
2026-05-06_유안타증권_LGES,2026-05-06,유안타증권,LGES,Tax Credit,전사,2025,1Q,AMPC,458,십억원,na,2
2026-05-06_유안타증권_LGES,2026-05-06,유안타증권,LGES,연결,전사,2025,2Q,매출,5565,십억원,excl,2
2026-05-06_유안타증권_LGES,2026-05-06,유안타증권,LGES,연결,전사,2025,2Q,영업이익,492,십억원,incl,2
2026-05-06_유안타증권_LGES,2026-05-06,유안타증권,LGES,소형,소형,2025,2Q,매출,1636,십억원,excl,2
2026-05-06_유안타증권_LGES,2026-05-06,유안타증권,LGES,EV,EV,2025,2Q,매출,3546,십억원,excl,2
2026-05-06_유안타증권_LGES,2026-05-06,유안타증권,LGES,ESS,ESS,2025,2Q,매출,383,십억원,excl,2
2026-05-06_유안타증권_LGES,2026-05-06,유안타증권,LGES,소형,소형,2025,2Q,영업이익,93,십억원,excl,2
2026-05-06_유안타증권_LGES,2026-05-06,유안타증권,LGES,EV,EV,2025,2Q,영업이익,-96,십억원,excl,2
2026-05-06_유안타증권_LGES,2026-05-06,유안타증권,LGES,ESS,ESS,2025,2Q,영업이익,4,십억원,excl,2
2026-05-06_유안타증권_LGES,2026-05-06,유안타증권,LGES,Tax Credit,전사,2025,2Q,AMPC,491,십억원,na,2
2026-05-06_유안타증권_LGES,2026-05-06,유안타증권,LGES,연결,전사,2025,3Q,매출,5700,십억원,excl,2
2026-05-06_유안타증권_LGES,2026-05-06,유안타증권,LGES,연결,전사,2025,3Q,영업이익,601,십억원,incl,2
2026-05-06_유안타증권_LGES,2026-05-06,유안타증권,LGES,소형,소형,2025,3Q,매출,1743,십억원,excl,2
2026-05-06_유안타증권_LGES,2026-05-06,유안타증권,LGES,EV,EV,2025,3Q,매출,3404,십억원,excl,2
2026-05-06_유안타증권_LGES,2026-05-06,유안타증권,LGES,ESS,ESS,2025,3Q,매출,553,십억원,excl,2
2026-05-06_유안타증권_LGES,2026-05-06,유안타증권,LGES,소형,소형,2025,3Q,영업이익,119,십억원,excl,2
2026-05-06_유안타증권_LGES,2026-05-06,유안타증권,LGES,EV,EV,2025,3Q,영업이익,85,십억원,excl,2
2026-05-06_유안타증권_LGES,2026-05-06,유안타증권,LGES,ESS,ESS,2025,3Q,영업이익,32,십억원,excl,2
2026-05-06_유안타증권_LGES,2026-05-06,유안타증권,LGES,Tax Credit,전사,2025,3Q,AMPC,366,십억원,na,2
2026-05-06_유안타증권_LGES,2026-05-06,유안타증권,LGES,연결,전사,2025,4Q,매출,6142,십억원,excl,2
2026-05-06_유안타증권_LGES,2026-05-06,유안타증권,LGES,연결,전사,2025,4Q,영업이익,-122,십억원,incl,2
2026-05-06_유안타증권_LGES,2026-05-06,유안타증권,LGES,소형,소형,2025,4Q,매출,2079,십억원,excl,2
2026-05-06_유안타증권_LGES,2026-05-06,유안타증권,LGES,EV,EV,2025,4Q,매출,2792,십억원,excl,2
2026-05-06_유안타증권_LGES,2026-05-06,유안타증권,LGES,ESS,ESS,2025,4Q,매출,1271,십억원,excl,2
2026-05-06_유안타증권_LGES,2026-05-06,유안타증권,LGES,소형,소형,2025,4Q,영업이익,141,십억원,excl,2
2026-05-06_유안타증권_LGES,2026-05-06,유안타증권,LGES,EV,EV,2025,4Q,영업이익,-530,십억원,excl,2
2026-05-06_유안타증권_LGES,2026-05-06,유안타증권,LGES,ESS,ESS,2025,4Q,영업이익,-66,십억원,excl,2
2026-05-06_유안타증권_LGES,2026-05-06,유안타증권,LGES,Tax Credit,전사,2025,4Q,AMPC,333,십억원,na,2
2026-05-06_유안타증권_LGES,2026-05-06,유안타증권,LGES,연결,전사,2026,1Q,매출,6555,십억원,incl,1
2026-05-06_유안타증권_LGES,2026-05-06,유안타증권,LGES,연결,전사,2026,1Q,영업이익,-208,십억원,incl,1
2026-05-06_유안타증권_LGES,2026-05-06,유안타증권,LGES,소형,소형,2026,1Q,매출,1996,십억원,excl,2
2026-05-06_유안타증권_LGES,2026-05-06,유안타증권,LGES,EV,EV,2026,1Q,매출,2443,십억원,excl,2
2026-05-06_유안타증권_LGES,2026-05-06,유안타증권,LGES,ESS,ESS,2026,1Q,매출,1927,십억원,excl,2
2026-05-06_유안타증권_LGES,2026-05-06,유안타증권,LGES,소형,소형,2026,1Q,영업이익,104,십억원,excl,2
2026-05-06_유안타증권_LGES,2026-05-06,유안타증권,LGES,EV,EV,2026,1Q,영업이익,-503,십억원,excl,2
2026-05-06_유안타증권_LGES,2026-05-06,유안타증권,LGES,ESS,ESS,2026,1Q,영업이익,2,십억원,excl,2
2026-05-06_유안타증권_LGES,2026-05-06,유안타증권,LGES,Tax Credit,전사,2026,1Q,AMPC,190,십억원,na,2
2026-05-06_유안타증권_LGES,2026-05-06,유안타증권,LGES,연결,전사,2026,2Q,매출,6672,십억원,incl,2
2026-05-06_유안타증권_LGES,2026-05-06,유안타증권,LGES,연결,전사,2026,2Q,영업이익,161,십억원,incl,2
2026-05-06_유안타증권_LGES,2026-05-06,유안타증권,LGES,소형,소형,2026,2Q,매출,2002,십억원,excl,2
2026-05-06_유안타증권_LGES,2026-05-06,유안타증권,LGES,EV,EV,2026,2Q,매출,2232,십억원,excl,2
2026-05-06_유안타증권_LGES,2026-05-06,유안타증권,LGES,ESS,ESS,2026,2Q,매출,2244,십억원,excl,2
2026-05-06_유안타증권_LGES,2026-05-06,유안타증권,LGES,소형,소형,2026,2Q,영업이익,124,십억원,excl,2
2026-05-06_유안타증권_LGES,2026-05-06,유안타증권,LGES,EV,EV,2026,2Q,영업이익,-335,십억원,excl,2
2026-05-06_유안타증권_LGES,2026-05-06,유안타증권,LGES,ESS,ESS,2026,2Q,영업이익,76,십억원,excl,2
2026-05-06_유안타증권_LGES,2026-05-06,유안타증권,LGES,Tax Credit,전사,2026,2Q,AMPC,296,십억원,na,2
2026-05-06_유안타증권_LGES,2026-05-06,유안타증권,LGES,연결,전사,2026,3Q,매출,6999,십억원,incl,2
2026-05-06_유안타증권_LGES,2026-05-06,유안타증권,LGES,연결,전사,2026,3Q,영업이익,257,십억원,incl,2
2026-05-06_유안타증권_LGES,2026-05-06,유안타증권,LGES,소형,소형,2026,3Q,매출,2016,십억원,excl,2
2026-05-06_유안타증권_LGES,2026-05-06,유안타증권,LGES,EV,EV,2026,3Q,매출,2441,십억원,excl,2
2026-05-06_유안타증권_LGES,2026-05-06,유안타증권,LGES,ESS,ESS,2026,3Q,매출,2334,십억원,excl,2
2026-05-06_유안타증권_LGES,2026-05-06,유안타증권,LGES,소형,소형,2026,3Q,영업이익,125,십억원,excl,2
2026-05-06_유안타증권_LGES,2026-05-06,유안타증권,LGES,EV,EV,2026,3Q,영업이익,-317,십억원,excl,2
2026-05-06_유안타증권_LGES,2026-05-06,유안타증권,LGES,ESS,ESS,2026,3Q,영업이익,130,십억원,excl,2
2026-05-06_유안타증권_LGES,2026-05-06,유안타증권,LGES,Tax Credit,전사,2026,3Q,AMPC,319,십억원,na,2
2026-05-06_유안타증권_LGES,2026-05-06,유안타증권,LGES,연결,전사,2026,4Q,매출,7008,십억원,incl,2
2026-05-06_유안타증권_LGES,2026-05-06,유안타증권,LGES,연결,전사,2026,4Q,영업이익,523,십억원,incl,2
2026-05-06_유안타증권_LGES,2026-05-06,유안타증권,LGES,소형,소형,2026,4Q,매출,1583,십억원,excl,2
2026-05-06_유안타증권_LGES,2026-05-06,유안타증권,LGES,EV,EV,2026,4Q,매출,2730,십억원,excl,2
2026-05-06_유안타증권_LGES,2026-05-06,유안타증권,LGES,ESS,ESS,2026,4Q,매출,2471,십억원,excl,2
2026-05-06_유안타증권_LGES,2026-05-06,유안타증권,LGES,소형,소형,2026,4Q,영업이익,118,십억원,excl,2
2026-05-06_유안타증권_LGES,2026-05-06,유안타증권,LGES,EV,EV,2026,4Q,영업이익,-125,십억원,excl,2
2026-05-06_유안타증권_LGES,2026-05-06,유안타증권,LGES,ESS,ESS,2026,4Q,영업이익,196,십억원,excl,2
2026-05-06_유안타증권_LGES,2026-05-06,유안타증권,LGES,Tax Credit,전사,2026,4Q,AMPC,334,십억원,na,2
2026-05-06_유안타증권_삼성SDI,2026-05-06,유안타증권,삼성SDI,매출액,전사,2024,FY,매출,16592,십억원,excl,1
2026-05-06_유안타증권_삼성SDI,2026-05-06,유안타증권,삼성SDI,영업이익,전사,2024,FY,영업이익,363,십억원,incl,1
2026-05-06_유안타증권_삼성SDI,2026-05-06,유안타증권,삼성SDI,매출액,전사,2025,FY,매출,13267,십억원,excl,1
2026-05-06_유안타증권_삼성SDI,2026-05-06,유안타증권,삼성SDI,영업이익,전사,2025,FY,영업이익,-1722,십억원,incl,1
2026-05-06_유안타증권_삼성SDI,2026-05-06,유안타증권,삼성SDI,매출액,전사,2026,FY,매출,14912,십억원,excl,1
2026-05-06_유안타증권_삼성SDI,2026-05-06,유안타증권,삼성SDI,영업이익,전사,2026,FY,영업이익,152,십억원,incl,1
2026-05-06_유안타증권_삼성SDI,2026-05-06,유안타증권,삼성SDI,매출액,전사,2027,FY,매출,17562,십억원,excl,1
2026-05-06_유안타증권_삼성SDI,2026-05-06,유안타증권,삼성SDI,영업이익,전사,2027,FY,영업이익,1857,십억원,incl,1
2026-05-06_유안타증권_삼성SDI,2026-05-06,유안타증권,삼성SDI,매출액,전사,2028,FY,매출,19485,십억원,excl,4
2026-05-06_유안타증권_삼성SDI,2026-05-06,유안타증권,삼성SDI,영업이익,전사,2028,FY,영업이익,2574,십억원,incl,4
2026-05-06_유안타증권_삼성SDI,2026-05-06,유안타증권,삼성SDI,소형,소형,2025,FY,매출,4044,십억원,excl,2
2026-05-06_유안타증권_삼성SDI,2026-05-06,유안타증권,삼성SDI,ESS,ESS,2025,FY,매출,2667,십억원,excl,2
2026-05-06_유안타증권_삼성SDI,2026-05-06,유안타증권,삼성SDI,EV,EV,2025,FY,매출,5673,십억원,excl,2
2026-05-06_유안타증권_삼성SDI,2026-05-06,유안타증권,삼성SDI,전자재료,전자재료,2025,FY,매출,883,십억원,excl,2
2026-05-06_유안타증권_삼성SDI,2026-05-06,유안타증권,삼성SDI,소형,소형,2025,FY,영업이익,-560,십억원,excl,2
2026-05-06_유안타증권_삼성SDI,2026-05-06,유안타증권,삼성SDI,중대형전지,중대형,2025,FY,영업이익,-1567,십억원,excl,2
2026-05-06_유안타증권_삼성SDI,2026-05-06,유안타증권,삼성SDI,AMPC,전사,2025,FY,AMPC,275,십억원,na,2
2026-05-06_유안타증권_삼성SDI,2026-05-06,유안타증권,삼성SDI,전자재료,전자재료,2025,FY,영업이익,129,십억원,excl,2
2026-05-06_유안타증권_삼성SDI,2026-05-06,유안타증권,삼성SDI,소형,소형,2026,FY,매출,4448,십억원,excl,2
2026-05-06_유안타증권_삼성SDI,2026-05-06,유안타증권,삼성SDI,ESS,ESS,2026,FY,매출,3862,십억원,excl,2
2026-05-06_유안타증권_삼성SDI,2026-05-06,유안타증권,삼성SDI,EV,EV,2026,FY,매출,5702,십억원,excl,2
2026-05-06_유안타증권_삼성SDI,2026-05-06,유안타증권,삼성SDI,전자재료,전자재료,2026,FY,매출,900,십억원,excl,2
2026-05-06_유안타증권_삼성SDI,2026-05-06,유안타증권,삼성SDI,소형,소형,2026,FY,영업이익,-801,십억원,excl,2
2026-05-06_유안타증권_삼성SDI,2026-05-06,유안타증권,삼성SDI,중대형전지,중대형,2026,FY,영업이익,-93,십억원,excl,2
2026-05-06_유안타증권_삼성SDI,2026-05-06,유안타증권,삼성SDI,AMPC,전사,2026,FY,AMPC,910,십억원,na,2
2026-05-06_유안타증권_삼성SDI,2026-05-06,유안타증권,삼성SDI,전자재료,전자재료,2026,FY,영업이익,135,십억원,excl,2
2026-05-06_유안타증권_삼성SDI,2026-05-06,유안타증권,삼성SDI,소형,소형,2027,FY,매출,4759,십억원,excl,2
2026-05-06_유안타증권_삼성SDI,2026-05-06,유안타증권,삼성SDI,ESS,ESS,2027,FY,매출,5960,십억원,excl,2
2026-05-06_유안타증권_삼성SDI,2026-05-06,유안타증권,삼성SDI,EV,EV,2027,FY,매출,5924,십억원,excl,2
2026-05-06_유안타증권_삼성SDI,2026-05-06,유안타증권,삼성SDI,전자재료,전자재료,2027,FY,매출,918,십억원,excl,2
2026-05-06_유안타증권_삼성SDI,2026-05-06,유안타증권,삼성SDI,소형,소형,2027,FY,영업이익,95,십억원,excl,2
2026-05-06_유안타증권_삼성SDI,2026-05-06,유안타증권,삼성SDI,중대형전지,중대형,2027,FY,영업이익,90,십억원,excl,2
2026-05-06_유안타증권_삼성SDI,2026-05-06,유안타증권,삼성SDI,AMPC,전사,2027,FY,AMPC,1534,십억원,na,2
2026-05-06_유안타증권_삼성SDI,2026-05-06,유안타증권,삼성SDI,전자재료,전자재료,2027,FY,영업이익,138,십억원,excl,2
2026-05-06_유안타증권_삼성SDI,2026-05-06,유안타증권,삼성SDI,소형,소형,2028,FY,매출,5092,십억원,excl,2
2026-05-06_유안타증권_삼성SDI,2026-05-06,유안타증권,삼성SDI,ESS,ESS,2028,FY,매출,7413,십억원,excl,2
2026-05-06_유안타증권_삼성SDI,2026-05-06,유안타증권,삼성SDI,EV,EV,2028,FY,매출,6043,십억원,excl,2
2026-05-06_유안타증권_삼성SDI,2026-05-06,유안타증권,삼성SDI,전자재료,전자재료,2028,FY,매출,937,십억원,excl,2
2026-05-06_유안타증권_삼성SDI,2026-05-06,유안타증권,삼성SDI,소형,소형,2028,FY,영업이익,153,십억원,excl,2
2026-05-06_유안타증권_삼성SDI,2026-05-06,유안타증권,삼성SDI,중대형전지,중대형,2028,FY,영업이익,364,십억원,excl,2
2026-05-06_유안타증권_삼성SDI,2026-05-06,유안타증권,삼성SDI,AMPC,전사,2028,FY,AMPC,1917,십억원,na,2
2026-05-06_유안타증권_삼성SDI,2026-05-06,유안타증권,삼성SDI,전자재료,전자재료,2028,FY,영업이익,140,십억원,excl,2
2026-05-06_유안타증권_삼성SDI,2026-05-06,유안타증권,삼성SDI,매출액,전사,2025,1Q,매출,3177,십억원,excl,2
2026-05-06_유안타증권_삼성SDI,2026-05-06,유안타증권,삼성SDI,소형,소형,2025,1Q,매출,908,십억원,excl,2
2026-05-06_유안타증권_삼성SDI,2026-05-06,유안타증권,삼성SDI,ESS,ESS,2025,1Q,매출,465,십억원,excl,2
2026-05-06_유안타증권_삼성SDI,2026-05-06,유안타증권,삼성SDI,EV,EV,2025,1Q,매출,1608,십억원,excl,2
2026-05-06_유안타증권_삼성SDI,2026-05-06,유안타증권,삼성SDI,전자재료,전자재료,2025,1Q,매출,196,십억원,excl,2
2026-05-06_유안타증권_삼성SDI,2026-05-06,유안타증권,삼성SDI,영업이익,전사,2025,1Q,영업이익,-434,십억원,incl,2
2026-05-06_유안타증권_삼성SDI,2026-05-06,유안타증권,삼성SDI,소형,소형,2025,1Q,영업이익,-281,십억원,excl,2
2026-05-06_유안타증권_삼성SDI,2026-05-06,유안타증권,삼성SDI,중대형,중대형,2025,1Q,영업이익,-280,십억원,excl,2
2026-05-06_유안타증권_삼성SDI,2026-05-06,유안타증권,삼성SDI,AMPC,전사,2025,1Q,AMPC,109,십억원,na,2
2026-05-06_유안타증권_삼성SDI,2026-05-06,유안타증권,삼성SDI,전자재료,전자재료,2025,1Q,영업이익,18,십억원,excl,2
2026-05-06_유안타증권_삼성SDI,2026-05-06,유안타증권,삼성SDI,매출액,전사,2025,2Q,매출,3179,십억원,excl,2
2026-05-06_유안타증권_삼성SDI,2026-05-06,유안타증권,삼성SDI,소형,소형,2025,2Q,매출,1171,십억원,excl,2
2026-05-06_유안타증권_삼성SDI,2026-05-06,유안타증권,삼성SDI,ESS,ESS,2025,2Q,매출,439,십억원,excl,2
2026-05-06_유안타증권_삼성SDI,2026-05-06,유안타증권,삼성SDI,EV,EV,2025,2Q,매출,1350,십억원,excl,2
2026-05-06_유안타증권_삼성SDI,2026-05-06,유안타증권,삼성SDI,전자재료,전자재료,2025,2Q,매출,218,십억원,excl,2
2026-05-06_유안타증권_삼성SDI,2026-05-06,유안타증권,삼성SDI,영업이익,전사,2025,2Q,영업이익,-398,십억원,incl,2
2026-05-06_유안타증권_삼성SDI,2026-05-06,유안타증권,삼성SDI,소형,소형,2025,2Q,영업이익,-73,십억원,excl,2
2026-05-06_유안타증권_삼성SDI,2026-05-06,유안타증권,삼성SDI,중대형,중대형,2025,2Q,영업이익,-424,십억원,excl,2
2026-05-06_유안타증권_삼성SDI,2026-05-06,유안타증권,삼성SDI,AMPC,전사,2025,2Q,AMPC,66,십억원,na,2
2026-05-06_유안타증권_삼성SDI,2026-05-06,유안타증권,삼성SDI,전자재료,전자재료,2025,2Q,영업이익,33,십억원,excl,2
2026-05-06_유안타증권_삼성SDI,2026-05-06,유안타증권,삼성SDI,매출액,전사,2025,3Q,매출,3052,십억원,excl,2
2026-05-06_유안타증권_삼성SDI,2026-05-06,유안타증권,삼성SDI,소형,소형,2025,3Q,매출,987,십억원,excl,2
2026-05-06_유안타증권_삼성SDI,2026-05-06,유안타증권,삼성SDI,ESS,ESS,2025,3Q,매출,705,십억원,excl,2
2026-05-06_유안타증권_삼성SDI,2026-05-06,유안타증권,삼성SDI,EV,EV,2025,3Q,매출,1128,십억원,excl,2
2026-05-06_유안타증권_삼성SDI,2026-05-06,유안타증권,삼성SDI,전자재료,전자재료,2025,3Q,매출,232,십억원,excl,2
2026-05-06_유안타증권_삼성SDI,2026-05-06,유안타증권,삼성SDI,영업이익,전사,2025,3Q,영업이익,-591,십억원,incl,2
2026-05-06_유안타증권_삼성SDI,2026-05-06,유안타증권,삼성SDI,소형,소형,2025,3Q,영업이익,-69,십억원,excl,2
2026-05-06_유안타증권_삼성SDI,2026-05-06,유안타증권,삼성SDI,중대형,중대형,2025,3Q,영업이익,-581,십억원,excl,2
2026-05-06_유안타증권_삼성SDI,2026-05-06,유안타증권,삼성SDI,AMPC,전사,2025,3Q,AMPC,20,십억원,na,2
2026-05-06_유안타증권_삼성SDI,2026-05-06,유안타증권,삼성SDI,전자재료,전자재료,2025,3Q,영업이익,39,십억원,excl,2
2026-05-06_유안타증권_삼성SDI,2026-05-06,유안타증권,삼성SDI,매출액,전사,2025,4Q,매출,3859,십억원,excl,2
2026-05-06_유안타증권_삼성SDI,2026-05-06,유안타증권,삼성SDI,소형,소형,2025,4Q,매출,977,십억원,excl,2
2026-05-06_유안타증권_삼성SDI,2026-05-06,유안타증권,삼성SDI,ESS,ESS,2025,4Q,매출,1058,십억원,excl,2
2026-05-06_유안타증권_삼성SDI,2026-05-06,유안타증권,삼성SDI,EV,EV,2025,4Q,매출,1587,십억원,excl,2
2026-05-06_유안타증권_삼성SDI,2026-05-06,유안타증권,삼성SDI,전자재료,전자재료,2025,4Q,매출,237,십억원,excl,2
2026-05-06_유안타증권_삼성SDI,2026-05-06,유안타증권,삼성SDI,영업이익,전사,2025,4Q,영업이익,-299,십억원,incl,2
2026-05-06_유안타증권_삼성SDI,2026-05-06,유안타증권,삼성SDI,소형,소형,2025,4Q,영업이익,-137,십억원,excl,2
2026-05-06_유안타증권_삼성SDI,2026-05-06,유안타증권,삼성SDI,중대형,중대형,2025,4Q,영업이익,-282,십억원,excl,2
2026-05-06_유안타증권_삼성SDI,2026-05-06,유안타증권,삼성SDI,AMPC,전사,2025,4Q,AMPC,80,십억원,na,2
2026-05-06_유안타증권_삼성SDI,2026-05-06,유안타증권,삼성SDI,전자재료,전자재료,2025,4Q,영업이익,39,십억원,excl,2
2026-05-06_유안타증권_삼성SDI,2026-05-06,유안타증권,삼성SDI,매출액,전사,2026,1Q,매출,3576,십억원,excl,2
2026-05-06_유안타증권_삼성SDI,2026-05-06,유안타증권,삼성SDI,소형,소형,2026,1Q,매출,1067,십억원,excl,2
2026-05-06_유안타증권_삼성SDI,2026-05-06,유안타증권,삼성SDI,ESS,ESS,2026,1Q,매출,908,십억원,excl,2
2026-05-06_유안타증권_삼성SDI,2026-05-06,유안타증권,삼성SDI,EV,EV,2026,1Q,매출,1380,십억원,excl,2
2026-05-06_유안타증권_삼성SDI,2026-05-06,유안타증권,삼성SDI,전자재료,전자재료,2026,1Q,매출,222,십억원,excl,2
2026-05-06_유안타증권_삼성SDI,2026-05-06,유안타증권,삼성SDI,영업이익,전사,2026,1Q,영업이익,-156,십억원,incl,2
2026-05-06_유안타증권_삼성SDI,2026-05-06,유안타증권,삼성SDI,소형,소형,2026,1Q,영업이익,-220,십억원,excl,2
2026-05-06_유안타증권_삼성SDI,2026-05-06,유안타증권,삼성SDI,중대형,중대형,2026,1Q,영업이익,-37,십억원,excl,2
2026-05-06_유안타증권_삼성SDI,2026-05-06,유안타증권,삼성SDI,AMPC,전사,2026,1Q,AMPC,81,십억원,na,2
2026-05-06_유안타증권_삼성SDI,2026-05-06,유안타증권,삼성SDI,전자재료,전자재료,2026,1Q,영업이익,21,십억원,excl,2
2026-05-06_유안타증권_삼성SDI,2026-05-06,유안타증권,삼성SDI,매출액,전사,2026,2Q,매출,3698,십억원,excl,2
2026-05-06_유안타증권_삼성SDI,2026-05-06,유안타증권,삼성SDI,소형,소형,2026,2Q,매출,1149,십억원,excl,2
2026-05-06_유안타증권_삼성SDI,2026-05-06,유안타증권,삼성SDI,ESS,ESS,2026,2Q,매출,927,십억원,excl,2
2026-05-06_유안타증권_삼성SDI,2026-05-06,유안타증권,삼성SDI,EV,EV,2026,2Q,매출,1397,십억원,excl,2
2026-05-06_유안타증권_삼성SDI,2026-05-06,유안타증권,삼성SDI,전자재료,전자재료,2026,2Q,매출,225,십억원,excl,2
2026-05-06_유안타증권_삼성SDI,2026-05-06,유안타증권,삼성SDI,영업이익,전사,2026,2Q,영업이익,-118,십억원,incl,2
2026-05-06_유안타증권_삼성SDI,2026-05-06,유안타증권,삼성SDI,소형,소형,2026,2Q,영업이익,-230,십억원,excl,2
2026-05-06_유안타증권_삼성SDI,2026-05-06,유안타증권,삼성SDI,중대형,중대형,2026,2Q,영업이익,-23,십억원,excl,2
2026-05-06_유안타증권_삼성SDI,2026-05-06,유안타증권,삼성SDI,AMPC,전사,2026,2Q,AMPC,97,십억원,na,2
2026-05-06_유안타증권_삼성SDI,2026-05-06,유안타증권,삼성SDI,전자재료,전자재료,2026,2Q,영업이익,38,십억원,excl,2
2026-05-06_유안타증권_삼성SDI,2026-05-06,유안타증권,삼성SDI,매출액,전사,2026,3Q,매출,3788,십억원,excl,2
2026-05-06_유안타증권_삼성SDI,2026-05-06,유안타증권,삼성SDI,소형,소형,2026,3Q,매출,1155,십억원,excl,2
2026-05-06_유안타증권_삼성SDI,2026-05-06,유안타증권,삼성SDI,ESS,ESS,2026,3Q,매출,973,십억원,excl,2
2026-05-06_유안타증권_삼성SDI,2026-05-06,유안타증권,삼성SDI,EV,EV,2026,3Q,매출,1425,십억원,excl,2
2026-05-06_유안타증권_삼성SDI,2026-05-06,유안타증권,삼성SDI,전자재료,전자재료,2026,3Q,매출,234,십억원,excl,2
2026-05-06_유안타증권_삼성SDI,2026-05-06,유안타증권,삼성SDI,영업이익,전사,2026,3Q,영업이익,41,십억원,incl,2
2026-05-06_유안타증권_삼성SDI,2026-05-06,유안타증권,삼성SDI,소형,소형,2026,3Q,영업이익,-208,십억원,excl,2
2026-05-06_유안타증권_삼성SDI,2026-05-06,유안타증권,삼성SDI,중대형,중대형,2026,3Q,영업이익,-17,십억원,excl,2
2026-05-06_유안타증권_삼성SDI,2026-05-06,유안타증권,삼성SDI,AMPC,전사,2026,3Q,AMPC,228,십억원,na,2
2026-05-06_유안타증권_삼성SDI,2026-05-06,유안타증권,삼성SDI,전자재료,전자재료,2026,3Q,영업이익,39,십억원,excl,2
2026-05-06_유안타증권_삼성SDI,2026-05-06,유안타증권,삼성SDI,매출액,전사,2026,4Q,매출,3850,십억원,excl,2
2026-05-06_유안타증권_삼성SDI,2026-05-06,유안타증권,삼성SDI,소형,소형,2026,4Q,매출,1077,십억원,excl,2
2026-05-06_유안타증권_삼성SDI,2026-05-06,유안타증권,삼성SDI,ESS,ESS,2026,4Q,매출,1054,십억원,excl,2
2026-05-06_유안타증권_삼성SDI,2026-05-06,유안타증권,삼성SDI,EV,EV,2026,4Q,매출,1500,십억원,excl,2
2026-05-06_유안타증권_삼성SDI,2026-05-06,유안타증권,삼성SDI,전자재료,전자재료,2026,4Q,매출,219,십억원,excl,2
2026-05-06_유안타증권_삼성SDI,2026-05-06,유안타증권,삼성SDI,영업이익,전사,2026,4Q,영업이익,384,십억원,incl,2
2026-05-06_유안타증권_삼성SDI,2026-05-06,유안타증권,삼성SDI,소형,소형,2026,4Q,영업이익,-143,십억원,excl,2
2026-05-06_유안타증권_삼성SDI,2026-05-06,유안타증권,삼성SDI,중대형,중대형,2026,4Q,영업이익,-16,십억원,excl,2
2026-05-06_유안타증권_삼성SDI,2026-05-06,유안타증권,삼성SDI,AMPC,전사,2026,4Q,AMPC,505,십억원,na,2
2026-05-06_유안타증권_삼성SDI,2026-05-06,유안타증권,삼성SDI,전자재료,전자재료,2026,4Q,영업이익,37,십억원,excl,2
2026-05-06_유진투자증권_LGES,2026-05-06,유진투자증권,LGES,매출액,전사,2025,1Q,매출,6265,십억원,excl,5
2026-05-06_유진투자증권_LGES,2026-05-06,유진투자증권,LGES,매출액,전사,2025,2Q,매출,5565,십억원,excl,5
2026-05-06_유진투자증권_LGES,2026-05-06,유진투자증권,LGES,매출액,전사,2025,3Q,매출,5700,십억원,excl,5
2026-05-06_유진투자증권_LGES,2026-05-06,유진투자증권,LGES,매출액,전사,2025,4Q,매출,6141,십억원,excl,5
2026-05-06_유진투자증권_LGES,2026-05-06,유진투자증권,LGES,매출액,전사,2026,1Q,매출,6555,십억원,excl,5
2026-05-06_유진투자증권_LGES,2026-05-06,유진투자증권,LGES,매출액,전사,2026,2Q,매출,7327,십억원,excl,5
2026-05-06_유진투자증권_LGES,2026-05-06,유진투자증권,LGES,매출액,전사,2026,3Q,매출,8137,십억원,excl,5
2026-05-06_유진투자증권_LGES,2026-05-06,유진투자증권,LGES,매출액,전사,2026,4Q,매출,9156,십억원,excl,5
2026-05-06_유진투자증권_LGES,2026-05-06,유진투자증권,LGES,소형,소형,2025,1Q,매출,1825,십억원,excl,5
2026-05-06_유진투자증권_LGES,2026-05-06,유진투자증권,LGES,소형,소형,2025,2Q,매출,1716,십억원,excl,5
2026-05-06_유진투자증권_LGES,2026-05-06,유진투자증권,LGES,소형,소형,2025,3Q,매출,1853,십억원,excl,5
2026-05-06_유진투자증권_LGES,2026-05-06,유진투자증권,LGES,소형,소형,2025,4Q,매출,2131,십억원,excl,5
2026-05-06_유진투자증권_LGES,2026-05-06,유진투자증권,LGES,소형,소형,2026,1Q,매출,2155,십억원,excl,5
2026-05-06_유진투자증권_LGES,2026-05-06,유진투자증권,LGES,소형,소형,2026,2Q,매출,2231,십억원,excl,5
2026-05-06_유진투자증권_LGES,2026-05-06,유진투자증권,LGES,소형,소형,2026,3Q,매출,2252,십억원,excl,5
2026-05-06_유진투자증권_LGES,2026-05-06,유진투자증권,LGES,소형,소형,2026,4Q,매출,2312,십억원,excl,5
2026-05-06_유진투자증권_LGES,2026-05-06,유진투자증권,LGES,중대형,중대형,2025,1Q,매출,4440,십억원,excl,5
2026-05-06_유진투자증권_LGES,2026-05-06,유진투자증권,LGES,중대형,중대형,2025,2Q,매출,3850,십억원,excl,5
2026-05-06_유진투자증권_LGES,2026-05-06,유진투자증권,LGES,중대형,중대형,2025,3Q,매출,3847,십억원,excl,5
2026-05-06_유진투자증권_LGES,2026-05-06,유진투자증권,LGES,중대형,중대형,2025,4Q,매출,4011,십억원,excl,5
2026-05-06_유진투자증권_LGES,2026-05-06,유진투자증권,LGES,중대형,중대형,2026,1Q,매출,4400,십억원,excl,5
2026-05-06_유진투자증권_LGES,2026-05-06,유진투자증권,LGES,중대형,중대형,2026,2Q,매출,5096,십억원,excl,5
2026-05-06_유진투자증권_LGES,2026-05-06,유진투자증권,LGES,중대형,중대형,2026,3Q,매출,5885,십억원,excl,5
2026-05-06_유진투자증권_LGES,2026-05-06,유진투자증권,LGES,중대형,중대형,2026,4Q,매출,6844,십억원,excl,5
2026-05-06_유진투자증권_LGES,2026-05-06,유진투자증권,LGES,영업이익,전사,2025,1Q,영업이익,375,십억원,incl_unknown,5
2026-05-06_유진투자증권_LGES,2026-05-06,유진투자증권,LGES,영업이익,전사,2025,2Q,영업이익,492,십억원,incl_unknown,5
2026-05-06_유진투자증권_LGES,2026-05-06,유진투자증권,LGES,영업이익,전사,2025,3Q,영업이익,601,십억원,incl_unknown,5
2026-05-06_유진투자증권_LGES,2026-05-06,유진투자증권,LGES,영업이익,전사,2025,4Q,영업이익,-122,십억원,incl_unknown,5
2026-05-06_유진투자증권_LGES,2026-05-06,유진투자증권,LGES,영업이익,전사,2026,1Q,영업이익,-208,십억원,incl,5
2026-05-06_유진투자증권_LGES,2026-05-06,유진투자증권,LGES,영업이익,전사,2026,2Q,영업이익,255,십억원,incl,5
2026-05-06_유진투자증권_LGES,2026-05-06,유진투자증권,LGES,영업이익,전사,2026,3Q,영업이익,422,십억원,incl,5
2026-05-06_유진투자증권_LGES,2026-05-06,유진투자증권,LGES,영업이익,전사,2026,4Q,영업이익,618,십억원,incl,5
2026-05-06_유진투자증권_LGES,2026-05-06,유진투자증권,LGES,소형,소형,2025,1Q,영업이익,88,십억원,excl,5
2026-05-06_유진투자증권_LGES,2026-05-06,유진투자증권,LGES,소형,소형,2025,2Q,영업이익,74,십억원,excl,5
2026-05-06_유진투자증권_LGES,2026-05-06,유진투자증권,LGES,소형,소형,2025,3Q,영업이익,98,십억원,excl,5
2026-05-06_유진투자증권_LGES,2026-05-06,유진투자증권,LGES,소형,소형,2025,4Q,영업이익,124,십억원,excl,5
2026-05-06_유진투자증권_LGES,2026-05-06,유진투자증권,LGES,소형,소형,2026,1Q,영업이익,129,십억원,excl,5
2026-05-06_유진투자증권_LGES,2026-05-06,유진투자증권,LGES,소형,소형,2026,2Q,영업이익,141,십억원,excl,5
2026-05-06_유진투자증권_LGES,2026-05-06,유진투자증권,LGES,소형,소형,2026,3Q,영업이익,163,십억원,excl,5
2026-05-06_유진투자증권_LGES,2026-05-06,유진투자증권,LGES,소형,소형,2026,4Q,영업이익,171,십억원,excl,5
2026-05-06_유진투자증권_LGES,2026-05-06,유진투자증권,LGES,중대형,중대형,2025,1Q,영업이익,287,십억원,incl_unknown,5
2026-05-06_유진투자증권_LGES,2026-05-06,유진투자증권,LGES,중대형,중대형,2025,2Q,영업이익,418,십억원,incl_unknown,5
2026-05-06_유진투자증권_LGES,2026-05-06,유진투자증권,LGES,중대형,중대형,2025,3Q,영업이익,503,십억원,incl_unknown,5
2026-05-06_유진투자증권_LGES,2026-05-06,유진투자증권,LGES,중대형,중대형,2025,4Q,영업이익,-246,십억원,incl_unknown,5
2026-05-06_유진투자증권_LGES,2026-05-06,유진투자증권,LGES,중대형,중대형,2026,1Q,영업이익,-337,십억원,incl,5
2026-05-06_유진투자증권_LGES,2026-05-06,유진투자증권,LGES,중대형,중대형,2026,2Q,영업이익,115,십억원,incl,5
2026-05-06_유진투자증권_LGES,2026-05-06,유진투자증권,LGES,중대형,중대형,2026,3Q,영업이익,259,십억원,incl,5
2026-05-06_유진투자증권_LGES,2026-05-06,유진투자증권,LGES,중대형,중대형,2026,4Q,영업이익,447,십억원,incl,5
2026-05-06_유진투자증권_LGES,2026-05-06,유진투자증권,LGES,AMPC,EV,2026,1Q,AMPC,190,십억원,na,1
2026-05-06_유진투자증권_LGES,2026-05-06,유진투자증권,LGES,소형,소형,2024,FY,매출,8505,십억원,excl,5
2026-05-06_유진투자증권_LGES,2026-05-06,유진투자증권,LGES,소형,소형,2025,FY,매출,7524,십억원,excl,5
2026-05-06_유진투자증권_LGES,2026-05-06,유진투자증권,LGES,소형,소형,2026,FY,매출,8950,십억원,excl,5
2026-05-06_유진투자증권_LGES,2026-05-06,유진투자증권,LGES,중대형,중대형,2024,FY,매출,17115,십억원,excl,5
2026-05-06_유진투자증권_LGES,2026-05-06,유진투자증권,LGES,중대형,중대형,2025,FY,매출,16148,십억원,excl,5
2026-05-06_유진투자증권_LGES,2026-05-06,유진투자증권,LGES,중대형,중대형,2026,FY,매출,22224,십억원,excl,5
2026-05-06_유진투자증권_LGES,2026-05-06,유진투자증권,LGES,소형,소형,2024,FY,영업이익,215,십억원,excl,5
2026-05-06_유진투자증권_LGES,2026-05-06,유진투자증권,LGES,소형,소형,2025,FY,영업이익,383,십억원,excl,5
2026-05-06_유진투자증권_LGES,2026-05-06,유진투자증권,LGES,소형,소형,2026,FY,영업이익,604,십억원,excl,5
2026-05-06_유진투자증권_LGES,2026-05-06,유진투자증권,LGES,중대형,중대형,2024,FY,영업이익,361,십억원,incl_unknown,5
2026-05-06_유진투자증권_LGES,2026-05-06,유진투자증권,LGES,중대형,중대형,2025,FY,영업이익,963,십억원,incl_unknown,5
2026-05-06_유진투자증권_LGES,2026-05-06,유진투자증권,LGES,중대형,중대형,2026,FY,영업이익,484,십억원,incl,5
2026-05-06_유진투자증권_LGES,2026-05-06,유진투자증권,LGES,전사(재무제표),전사,2024,FY,매출,25620,십억원,excl,10
2026-05-06_유진투자증권_LGES,2026-05-06,유진투자증권,LGES,전사(재무제표),전사,2024,FY,영업이익,-905,십억원,incl_unknown,10
2026-05-06_유진투자증권_LGES,2026-05-06,유진투자증권,LGES,전사(재무제표),전사,2025,FY,매출,23672,십억원,excl,10
2026-05-06_유진투자증권_LGES,2026-05-06,유진투자증권,LGES,전사(재무제표),전사,2025,FY,영업이익,-301,십억원,incl_unknown,10
2026-05-06_유진투자증권_LGES,2026-05-06,유진투자증권,LGES,전사(재무제표),전사,2026,FY,매출,31174,십억원,excl,10
2026-05-06_유진투자증권_LGES,2026-05-06,유진투자증권,LGES,전사(재무제표),전사,2026,FY,영업이익,1088,십억원,incl,10
2026-05-06_유진투자증권_LGES,2026-05-06,유진투자증권,LGES,전사(재무제표),전사,2027,FY,매출,41605,십억원,excl,10
2026-05-06_유진투자증권_LGES,2026-05-06,유진투자증권,LGES,전사(재무제표),전사,2027,FY,영업이익,2667,십억원,incl,10
2026-05-06_유진투자증권_LGES,2026-05-06,유진투자증권,LGES,전사(재무제표),전사,2028,FY,매출,42894,십억원,excl,10
2026-05-06_유진투자증권_LGES,2026-05-06,유진투자증권,LGES,전사(재무제표),전사,2028,FY,영업이익,3164,십억원,incl,10
2026-05-08_상상인증권_삼성SDI,2026-05-08,상상인증권,삼성SDI,매출액,전사,2024,FY,매출,16592,십억원,excl,1
2026-05-08_상상인증권_삼성SDI,2026-05-08,상상인증권,삼성SDI,매출액,전사,2025,FY,매출,13267,십억원,excl,1
2026-05-08_상상인증권_삼성SDI,2026-05-08,상상인증권,삼성SDI,매출액,전사,2026,FY,매출,14924,십억원,excl,3
2026-05-08_상상인증권_삼성SDI,2026-05-08,상상인증권,삼성SDI,매출액,전사,2027,FY,매출,17083,십억원,excl,3
2026-05-08_상상인증권_삼성SDI,2026-05-08,상상인증권,삼성SDI,매출액,전사,2028,FY,매출,21491,십억원,excl,3
2026-05-08_상상인증권_삼성SDI,2026-05-08,상상인증권,삼성SDI,매출액,전사,2026,1Q,매출,3576,십억원,excl,3
2026-05-08_상상인증권_삼성SDI,2026-05-08,상상인증권,삼성SDI,매출액,전사,2026,2Q,매출,3601,십억원,excl,3
2026-05-08_상상인증권_삼성SDI,2026-05-08,상상인증권,삼성SDI,매출액,전사,2026,3Q,매출,3675,십억원,excl,3
2026-05-08_상상인증권_삼성SDI,2026-05-08,상상인증권,삼성SDI,매출액,전사,2026,4Q,매출,4072,십억원,excl,3
2026-05-08_상상인증권_삼성SDI,2026-05-08,상상인증권,삼성SDI,매출액,전사,2027,1Q,매출,4014,십억원,excl,3
2026-05-08_상상인증권_삼성SDI,2026-05-08,상상인증권,삼성SDI,매출액,전사,2027,2Q,매출,4017,십억원,excl,3
2026-05-08_상상인증권_삼성SDI,2026-05-08,상상인증권,삼성SDI,매출액,전사,2027,3Q,매출,4156,십억원,excl,3
2026-05-08_상상인증권_삼성SDI,2026-05-08,상상인증권,삼성SDI,매출액,전사,2027,4Q,매출,4895,십억원,excl,3
2026-05-08_상상인증권_삼성SDI,2026-05-08,상상인증권,삼성SDI,소형전지,소형,2026,FY,매출,3679,십억원,excl,3
2026-05-08_상상인증권_삼성SDI,2026-05-08,상상인증권,삼성SDI,소형전지,소형,2027,FY,매출,4047,십억원,excl,3
2026-05-08_상상인증권_삼성SDI,2026-05-08,상상인증권,삼성SDI,소형전지,소형,2028,FY,매출,4452,십억원,excl,3
2026-05-08_상상인증권_삼성SDI,2026-05-08,상상인증권,삼성SDI,소형전지,소형,2026,1Q,매출,747,십억원,excl,3
2026-05-08_상상인증권_삼성SDI,2026-05-08,상상인증권,삼성SDI,소형전지,소형,2026,2Q,매출,966,십억원,excl,3
2026-05-08_상상인증권_삼성SDI,2026-05-08,상상인증권,삼성SDI,소형전지,소형,2026,3Q,매출,996,십억원,excl,3
2026-05-08_상상인증권_삼성SDI,2026-05-08,상상인증권,삼성SDI,소형전지,소형,2026,4Q,매출,970,십억원,excl,3
2026-05-08_상상인증권_삼성SDI,2026-05-08,상상인증권,삼성SDI,소형전지,소형,2027,1Q,매출,981,십억원,excl,3
2026-05-08_상상인증권_삼성SDI,2026-05-08,상상인증권,삼성SDI,소형전지,소형,2027,2Q,매출,995,십억원,excl,3
2026-05-08_상상인증권_삼성SDI,2026-05-08,상상인증권,삼성SDI,소형전지,소형,2027,3Q,매출,1036,십억원,excl,3
2026-05-08_상상인증권_삼성SDI,2026-05-08,상상인증권,삼성SDI,소형전지,소형,2027,4Q,매출,1019,십억원,excl,3
2026-05-08_상상인증권_삼성SDI,2026-05-08,상상인증권,삼성SDI,중대형전지,중대형,2026,FY,매출,10362,십억원,excl,3
2026-05-08_상상인증권_삼성SDI,2026-05-08,상상인증권,삼성SDI,중대형전지,중대형,2027,FY,매출,12111,십억원,excl,3
2026-05-08_상상인증권_삼성SDI,2026-05-08,상상인증권,삼성SDI,중대형전지,중대형,2028,FY,매출,16072,십억원,excl,3
2026-05-08_상상인증권_삼성SDI,2026-05-08,상상인증권,삼성SDI,중대형전지,중대형,2026,1Q,매출,2235,십억원,excl,3
2026-05-08_상상인증권_삼성SDI,2026-05-08,상상인증권,삼성SDI,중대형전지,중대형,2026,2Q,매출,1995,십억원,excl,3
2026-05-08_상상인증권_삼성SDI,2026-05-08,상상인증권,삼성SDI,중대형전지,중대형,2026,3Q,매출,2079,십억원,excl,3
2026-05-08_상상인증권_삼성SDI,2026-05-08,상상인증권,삼성SDI,중대형전지,중대형,2026,4Q,매출,2652,십억원,excl,3
2026-05-08_상상인증권_삼성SDI,2026-05-08,상상인증권,삼성SDI,중대형전지,중대형,2027,1Q,매출,2373,십억원,excl,3
2026-05-08_상상인증권_삼성SDI,2026-05-08,상상인증권,삼성SDI,중대형전지,중대형,2027,2Q,매출,2381,십억원,excl,3
2026-05-08_상상인증권_삼성SDI,2026-05-08,상상인증권,삼성SDI,중대형전지,중대형,2027,3Q,매출,2398,십억원,excl,3
2026-05-08_상상인증권_삼성SDI,2026-05-08,상상인증권,삼성SDI,중대형전지,중대형,2027,4Q,매출,2805,십억원,excl,3
2026-05-08_상상인증권_삼성SDI,2026-05-08,상상인증권,삼성SDI,전자재료,전자재료,2026,FY,매출,882,십억원,excl,3
2026-05-08_상상인증권_삼성SDI,2026-05-08,상상인증권,삼성SDI,전자재료,전자재료,2027,FY,매출,924,십억원,excl,3
2026-05-08_상상인증권_삼성SDI,2026-05-08,상상인증권,삼성SDI,전자재료,전자재료,2028,FY,매출,968,십억원,excl,3
2026-05-08_상상인증권_삼성SDI,2026-05-08,상상인증권,삼성SDI,전자재료,전자재료,2026,1Q,매출,196,십억원,excl,3
2026-05-08_상상인증권_삼성SDI,2026-05-08,상상인증권,삼성SDI,전자재료,전자재료,2026,2Q,매출,218,십억원,excl,3
2026-05-08_상상인증권_삼성SDI,2026-05-08,상상인증권,삼성SDI,전자재료,전자재료,2026,3Q,매출,232,십억원,excl,3
2026-05-08_상상인증권_삼성SDI,2026-05-08,상상인증권,삼성SDI,전자재료,전자재료,2026,4Q,매출,237,십억원,excl,3
2026-05-08_상상인증권_삼성SDI,2026-05-08,상상인증권,삼성SDI,전자재료,전자재료,2027,1Q,매출,222,십억원,excl,3
2026-05-08_상상인증권_삼성SDI,2026-05-08,상상인증권,삼성SDI,전자재료,전자재료,2027,2Q,매출,225,십억원,excl,3
2026-05-08_상상인증권_삼성SDI,2026-05-08,상상인증권,삼성SDI,전자재료,전자재료,2027,3Q,매출,241,십억원,excl,3
2026-05-08_상상인증권_삼성SDI,2026-05-08,상상인증권,삼성SDI,전자재료,전자재료,2027,4Q,매출,249,십억원,excl,3
2026-05-08_상상인증권_삼성SDI,2026-05-08,상상인증권,삼성SDI,영업이익,전사,2024,FY,영업이익,273,십억원,excl,1
2026-05-08_상상인증권_삼성SDI,2026-05-08,상상인증권,삼성SDI,영업이익,전사,2025,FY,영업이익,-1998,십억원,excl,1
2026-05-08_상상인증권_삼성SDI,2026-05-08,상상인증권,삼성SDI,영업이익,전사,2026,FY,영업이익,-166,십억원,excl,3
2026-05-08_상상인증권_삼성SDI,2026-05-08,상상인증권,삼성SDI,영업이익,전사,2027,FY,영업이익,1377,십억원,excl,3
2026-05-08_상상인증권_삼성SDI,2026-05-08,상상인증권,삼성SDI,영업이익,전사,2028,FY,영업이익,2673,십억원,excl,3
2026-05-08_상상인증권_삼성SDI,2026-05-08,상상인증권,삼성SDI,영업이익,전사,2026,1Q,영업이익,-156,십억원,excl,3
2026-05-08_상상인증권_삼성SDI,2026-05-08,상상인증권,삼성SDI,영업이익,전사,2026,2Q,영업이익,-118,십억원,excl,3
2026-05-08_상상인증권_삼성SDI,2026-05-08,상상인증권,삼성SDI,영업이익,전사,2026,3Q,영업이익,-59,십억원,excl,3
2026-05-08_상상인증권_삼성SDI,2026-05-08,상상인증권,삼성SDI,영업이익,전사,2026,4Q,영업이익,167,십억원,excl,3
2026-05-08_상상인증권_삼성SDI,2026-05-08,상상인증권,삼성SDI,영업이익,전사,2027,1Q,영업이익,259,십억원,excl,3
2026-05-08_상상인증권_삼성SDI,2026-05-08,상상인증권,삼성SDI,영업이익,전사,2027,2Q,영업이익,295,십억원,excl,3
2026-05-08_상상인증권_삼성SDI,2026-05-08,상상인증권,삼성SDI,영업이익,전사,2027,3Q,영업이익,354,십억원,excl,3
2026-05-08_상상인증권_삼성SDI,2026-05-08,상상인증권,삼성SDI,영업이익,전사,2027,4Q,영업이익,470,십억원,excl,3
2026-05-11_iM증권_LGES,2026-05-11,iM증권,LGES,연결,전사,2025,1Q,매출,6723,십억원,incl,2
2026-05-11_iM증권_LGES,2026-05-11,iM증권,LGES,연결,전사,2025,2Q,매출,6056,십억원,incl,2
2026-05-11_iM증권_LGES,2026-05-11,iM증권,LGES,연결,전사,2025,3Q,매출,6065,십억원,incl,2
2026-05-11_iM증권_LGES,2026-05-11,iM증권,LGES,연결,전사,2025,4Q,매출,6474,십억원,incl,2
2026-05-11_iM증권_LGES,2026-05-11,iM증권,LGES,연결,전사,2025,FY,매출,25319,십억원,incl,2
2026-05-11_iM증권_LGES,2026-05-11,iM증권,LGES,연결,전사,2026,1Q,매출,6555,십억원,incl,2
2026-05-11_iM증권_LGES,2026-05-11,iM증권,LGES,연결,전사,2026,2Q,매출,7282,십억원,incl,2
2026-05-11_iM증권_LGES,2026-05-11,iM증권,LGES,연결,전사,2026,3Q,매출,7841,십억원,incl,2
2026-05-11_iM증권_LGES,2026-05-11,iM증권,LGES,연결,전사,2026,4Q,매출,8932,십억원,incl,2
2026-05-11_iM증권_LGES,2026-05-11,iM증권,LGES,연결,전사,2026,FY,매출,30610,십억원,incl,2
2026-05-11_iM증권_LGES,2026-05-11,iM증권,LGES,연결,전사,2027,FY,매출,40966,십억원,incl,2
2026-05-11_iM증권_LGES,2026-05-11,iM증권,LGES,연결,전사,2028,FY,매출,49746,십억원,incl,2
2026-05-11_iM증권_LGES,2026-05-11,iM증권,LGES,xEV(중대형),EV,2025,1Q,매출,4631,십억원,incl,2
2026-05-11_iM증권_LGES,2026-05-11,iM증권,LGES,xEV(중대형),EV,2025,2Q,매출,4056,십억원,incl,2
2026-05-11_iM증권_LGES,2026-05-11,iM증권,LGES,xEV(중대형),EV,2025,3Q,매출,3658,십억원,incl,2
2026-05-11_iM증권_LGES,2026-05-11,iM증권,LGES,xEV(중대형),EV,2025,4Q,매출,2947,십억원,incl,2
2026-05-11_iM증권_LGES,2026-05-11,iM증권,LGES,xEV(중대형),EV,2025,FY,매출,13918,십억원,incl,2
2026-05-11_iM증권_LGES,2026-05-11,iM증권,LGES,xEV(중대형),EV,2026,1Q,매출,2827,십억원,incl,2
2026-05-11_iM증권_LGES,2026-05-11,iM증권,LGES,xEV(중대형),EV,2026,2Q,매출,2928,십억원,incl,2
2026-05-11_iM증권_LGES,2026-05-11,iM증권,LGES,xEV(중대형),EV,2026,3Q,매출,2946,십억원,incl,2
2026-05-11_iM증권_LGES,2026-05-11,iM증권,LGES,xEV(중대형),EV,2026,4Q,매출,3272,십억원,incl,2
2026-05-11_iM증권_LGES,2026-05-11,iM증권,LGES,xEV(중대형),EV,2026,FY,매출,11974,십억원,incl,2
2026-05-11_iM증권_LGES,2026-05-11,iM증권,LGES,xEV(중대형),EV,2027,FY,매출,13312,십억원,incl,2
2026-05-11_iM증권_LGES,2026-05-11,iM증권,LGES,xEV(중대형),EV,2028,FY,매출,14997,십억원,incl,2
2026-05-11_iM증권_LGES,2026-05-11,iM증권,LGES,ESS,ESS,2025,1Q,매출,492,십억원,incl,2
2026-05-11_iM증권_LGES,2026-05-11,iM증권,LGES,ESS,ESS,2025,2Q,매출,502,십억원,incl,2
2026-05-11_iM증권_LGES,2026-05-11,iM증권,LGES,ESS,ESS,2025,3Q,매출,774,십억원,incl,2
2026-05-11_iM증권_LGES,2026-05-11,iM증권,LGES,ESS,ESS,2025,4Q,매출,1645,십억원,incl,2
2026-05-11_iM증권_LGES,2026-05-11,iM증권,LGES,ESS,ESS,2025,FY,매출,3139,십억원,incl,2
2026-05-11_iM증권_LGES,2026-05-11,iM증권,LGES,ESS,ESS,2026,1Q,매출,1765,십억원,incl,2
2026-05-11_iM증권_LGES,2026-05-11,iM증권,LGES,ESS,ESS,2026,2Q,매출,2278,십억원,incl,2
2026-05-11_iM증권_LGES,2026-05-11,iM증권,LGES,ESS,ESS,2026,3Q,매출,2693,십억원,incl,2
2026-05-11_iM증권_LGES,2026-05-11,iM증권,LGES,ESS,ESS,2026,4Q,매출,3280,십억원,incl,2
2026-05-11_iM증권_LGES,2026-05-11,iM증권,LGES,ESS,ESS,2026,FY,매출,10017,십억원,incl,2
2026-05-11_iM증권_LGES,2026-05-11,iM증권,LGES,ESS,ESS,2027,FY,매출,16971,십억원,incl,2
2026-05-11_iM증권_LGES,2026-05-11,iM증권,LGES,ESS,ESS,2028,FY,매출,21734,십억원,incl,2
2026-05-11_iM증권_LGES,2026-05-11,iM증권,LGES,소형,소형,2025,1Q,매출,1600,십억원,incl,2
2026-05-11_iM증권_LGES,2026-05-11,iM증권,LGES,소형,소형,2025,2Q,매출,1498,십억원,incl,2
2026-05-11_iM증권_LGES,2026-05-11,iM증권,LGES,소형,소형,2025,3Q,매출,1633,십억원,incl,2
2026-05-11_iM증권_LGES,2026-05-11,iM증권,LGES,소형,소형,2025,4Q,매출,1883,십억원,incl,2
2026-05-11_iM증권_LGES,2026-05-11,iM증권,LGES,소형,소형,2025,FY,매출,6615,십억원,incl,2
2026-05-11_iM증권_LGES,2026-05-11,iM증권,LGES,소형,소형,2026,1Q,매출,1963,십억원,incl,2
2026-05-11_iM증권_LGES,2026-05-11,iM증권,LGES,소형,소형,2026,2Q,매출,2076,십억원,incl,2
2026-05-11_iM증권_LGES,2026-05-11,iM증권,LGES,소형,소형,2026,3Q,매출,2202,십억원,incl,2
2026-05-11_iM증권_LGES,2026-05-11,iM증권,LGES,소형,소형,2026,4Q,매출,2379,십억원,incl,2
2026-05-11_iM증권_LGES,2026-05-11,iM증권,LGES,소형,소형,2026,FY,매출,8620,십억원,incl,2
2026-05-11_iM증권_LGES,2026-05-11,iM증권,LGES,소형,소형,2027,FY,매출,10684,십억원,incl,2
2026-05-11_iM증권_LGES,2026-05-11,iM증권,LGES,소형,소형,2028,FY,매출,13015,십억원,incl,2
2026-05-11_iM증권_LGES,2026-05-11,iM증권,LGES,연결,전사,2025,1Q,영업이익,375,십억원,incl,2
2026-05-11_iM증권_LGES,2026-05-11,iM증권,LGES,연결,전사,2025,2Q,영업이익,492,십억원,incl,2
2026-05-11_iM증권_LGES,2026-05-11,iM증권,LGES,연결,전사,2025,3Q,영업이익,601,십억원,incl,2
2026-05-11_iM증권_LGES,2026-05-11,iM증권,LGES,연결,전사,2025,4Q,영업이익,-122,십억원,incl,2
2026-05-11_iM증권_LGES,2026-05-11,iM증권,LGES,연결,전사,2025,FY,영업이익,1346,십억원,incl,2
2026-05-11_iM증권_LGES,2026-05-11,iM증권,LGES,연결,전사,2026,1Q,영업이익,-208,십억원,incl,2
2026-05-11_iM증권_LGES,2026-05-11,iM증권,LGES,연결,전사,2026,2Q,영업이익,226,십억원,incl,2
2026-05-11_iM증권_LGES,2026-05-11,iM증권,LGES,연결,전사,2026,3Q,영업이익,286,십억원,incl,2
2026-05-11_iM증권_LGES,2026-05-11,iM증권,LGES,연결,전사,2026,4Q,영업이익,461,십억원,incl,2
2026-05-11_iM증권_LGES,2026-05-11,iM증권,LGES,연결,전사,2026,FY,영업이익,766,십억원,incl,2
2026-05-11_iM증권_LGES,2026-05-11,iM증권,LGES,연결,전사,2027,FY,영업이익,3314,십억원,incl,2
2026-05-11_iM증권_LGES,2026-05-11,iM증권,LGES,연결,전사,2028,FY,영업이익,5528,십억원,incl,2
2026-05-11_iM증권_LGES,2026-05-11,iM증권,LGES,연결,전사,2025,1Q,AMPC,458,십억원,na,2
2026-05-11_iM증권_LGES,2026-05-11,iM증권,LGES,연결,전사,2025,2Q,AMPC,491,십억원,na,2
2026-05-11_iM증권_LGES,2026-05-11,iM증권,LGES,연결,전사,2025,3Q,AMPC,365,십억원,na,2
2026-05-11_iM증권_LGES,2026-05-11,iM증권,LGES,연결,전사,2025,4Q,AMPC,333,십억원,na,2
2026-05-11_iM증권_LGES,2026-05-11,iM증권,LGES,연결,전사,2025,FY,AMPC,1647,십억원,na,2
2026-05-11_iM증권_LGES,2026-05-11,iM증권,LGES,연결,전사,2026,1Q,AMPC,190,십억원,na,2
2026-05-11_iM증권_LGES,2026-05-11,iM증권,LGES,연결,전사,2026,2Q,AMPC,229,십억원,na,2
2026-05-11_iM증권_LGES,2026-05-11,iM증권,LGES,연결,전사,2026,3Q,AMPC,276,십억원,na,2
2026-05-11_iM증권_LGES,2026-05-11,iM증권,LGES,연결,전사,2026,4Q,AMPC,352,십억원,na,2
2026-05-11_iM증권_LGES,2026-05-11,iM증권,LGES,연결,전사,2026,FY,AMPC,1047,십억원,na,2
2026-05-11_iM증권_LGES,2026-05-11,iM증권,LGES,연결,전사,2027,FY,AMPC,1941,십억원,na,2
2026-05-11_iM증권_LGES,2026-05-11,iM증권,LGES,연결,전사,2028,FY,AMPC,2784,십억원,na,2
2026-05-11_iM증권_LGES,2026-05-11,iM증권,LGES,ESS,ESS,2025,FY,영업이익,82.3,십억원,incl_unknown,1
2026-05-11_iM증권_LGES,2026-05-11,iM증권,LGES,ESS,ESS,2028,FY,영업이익,3600,십억원,incl_unknown,1
2026-05-11_iM증권_SK온,2026-05-11,iM증권,SK온,SK-On,배터리합계,2025,1Q,매출,1605,십억원,excl,3
2026-05-11_iM증권_SK온,2026-05-11,iM증권,SK온,SK-On,배터리합계,2025,2Q,매출,2108,십억원,excl,3
2026-05-11_iM증권_SK온,2026-05-11,iM증권,SK온,SK-On,배터리합계,2025,3Q,매출,1808,십억원,excl,3
2026-05-11_iM증권_SK온,2026-05-11,iM증권,SK온,SK-On,배터리합계,2025,4Q,매출,1457,십억원,excl,3
2026-05-11_iM증권_SK온,2026-05-11,iM증권,SK온,SK-On,배터리합계,2026,1Q,매출,2078,십억원,excl,3
2026-05-11_iM증권_SK온,2026-05-11,iM증권,SK온,SK-On,배터리합계,2026,2Q,매출,2383,십억원,excl,3
2026-05-11_iM증권_SK온,2026-05-11,iM증권,SK온,SK-On,배터리합계,2026,3Q,매출,2404,십억원,excl,3
2026-05-11_iM증권_SK온,2026-05-11,iM증권,SK온,SK-On,배터리합계,2026,4Q,매출,2695,십억원,excl,3
2026-05-11_iM증권_SK온,2026-05-11,iM증권,SK온,SK-On,배터리합계,2024,FY,매출,6267,십억원,excl,3
2026-05-11_iM증권_SK온,2026-05-11,iM증권,SK온,SK-On,배터리합계,2025,FY,매출,6978,십억원,excl,3
2026-05-11_iM증권_SK온,2026-05-11,iM증권,SK온,SK-On,배터리합계,2026,FY,매출,9561,십억원,excl,3
2026-05-11_iM증권_SK온,2026-05-11,iM증권,SK온,SK-On(AMPC 반영),배터리합계,2025,1Q,영업이익,-299,십억원,incl,3
2026-05-11_iM증권_SK온,2026-05-11,iM증권,SK온,SK-On(AMPC 반영),배터리합계,2025,2Q,영업이익,-66,십억원,incl,3
2026-05-11_iM증권_SK온,2026-05-11,iM증권,SK온,SK-On(AMPC 반영),배터리합계,2025,3Q,영업이익,-125,십억원,incl,3
2026-05-11_iM증권_SK온,2026-05-11,iM증권,SK온,SK-On(AMPC 반영),배터리합계,2025,4Q,영업이익,-441,십억원,incl,3
2026-05-11_iM증권_SK온,2026-05-11,iM증권,SK온,SK-On(AMPC 반영),배터리합계,2026,1Q,영업이익,-362,십억원,incl,3
2026-05-11_iM증권_SK온,2026-05-11,iM증권,SK온,SK-On(AMPC 반영),배터리합계,2026,2Q,영업이익,-361,십억원,incl,3
2026-05-11_iM증권_SK온,2026-05-11,iM증권,SK온,SK-On(AMPC 반영),배터리합계,2026,3Q,영업이익,-233,십억원,incl,3
2026-05-11_iM증권_SK온,2026-05-11,iM증권,SK온,SK-On(AMPC 반영),배터리합계,2026,4Q,영업이익,-133,십억원,incl,3
2026-05-11_iM증권_SK온,2026-05-11,iM증권,SK온,SK-On(AMPC 반영),배터리합계,2024,FY,영업이익,-1127,십억원,incl,3
2026-05-11_iM증권_SK온,2026-05-11,iM증권,SK온,SK-On(AMPC 반영),배터리합계,2025,FY,영업이익,-932,십억원,incl,3
2026-05-11_iM증권_SK온,2026-05-11,iM증권,SK온,SK-On(AMPC 반영),배터리합계,2026,FY,영업이익,-1089,십억원,incl,3
2026-05-11_iM증권_SK온,2026-05-11,iM증권,SK온,SK-On(AMPC 제외),배터리합계,2025,1Q,영업이익,-477,십억원,excl,3
2026-05-11_iM증권_SK온,2026-05-11,iM증권,SK온,SK-On(AMPC 제외),배터리합계,2025,2Q,영업이익,-340,십억원,excl,3
2026-05-11_iM증권_SK온,2026-05-11,iM증권,SK온,SK-On(AMPC 제외),배터리합계,2025,3Q,영업이익,-298,십억원,excl,3
2026-05-11_iM증권_SK온,2026-05-11,iM증권,SK온,SK-On(AMPC 제외),배터리합계,2025,4Q,영업이익,-543,십억원,excl,3
2026-05-11_iM증권_SK온,2026-05-11,iM증권,SK온,SK-On(AMPC 제외),배터리합계,2026,1Q,영업이익,-488,십억원,excl,3
2026-05-11_iM증권_SK온,2026-05-11,iM증권,SK온,SK-On(AMPC 제외),배터리합계,2026,2Q,영업이익,-501,십억원,excl,3
2026-05-11_iM증권_SK온,2026-05-11,iM증권,SK온,SK-On(AMPC 제외),배터리합계,2026,3Q,영업이익,-397,십억원,excl,3
2026-05-11_iM증권_SK온,2026-05-11,iM증권,SK온,SK-On(AMPC 제외),배터리합계,2026,4Q,영업이익,-323,십억원,excl,3
2026-05-11_iM증권_SK온,2026-05-11,iM증권,SK온,SK-On(AMPC 제외),배터리합계,2024,FY,영업이익,-1420,십억원,excl,3
2026-05-11_iM증권_SK온,2026-05-11,iM증권,SK온,SK-On(AMPC 제외),배터리합계,2025,FY,영업이익,-1658,십억원,excl,3
2026-05-11_iM증권_SK온,2026-05-11,iM증권,SK온,SK-On(AMPC 제외),배터리합계,2026,FY,영업이익,-1709,십억원,excl,3
2026-05-11_iM증권_SK온,2026-05-11,iM증권,SK온,AMPC 추정,배터리합계,2025,1Q,AMPC,178.0,십억원,na,3
2026-05-11_iM증권_SK온,2026-05-11,iM증권,SK온,AMPC 추정,배터리합계,2025,2Q,AMPC,273.4,십억원,na,3
2026-05-11_iM증권_SK온,2026-05-11,iM증권,SK온,AMPC 추정,배터리합계,2025,3Q,AMPC,173.1,십억원,na,3
2026-05-11_iM증권_SK온,2026-05-11,iM증권,SK온,AMPC 추정,배터리합계,2025,4Q,AMPC,101.3,십억원,na,3
2026-05-11_iM증권_SK온,2026-05-11,iM증권,SK온,AMPC 추정,배터리합계,2026,1Q,AMPC,126.8,십억원,na,3
2026-05-11_iM증권_SK온,2026-05-11,iM증권,SK온,AMPC 추정,배터리합계,2026,2Q,AMPC,139.5,십억원,na,3
2026-05-11_iM증권_SK온,2026-05-11,iM증권,SK온,AMPC 추정,배터리합계,2026,3Q,AMPC,163.4,십억원,na,3
2026-05-11_iM증권_SK온,2026-05-11,iM증권,SK온,AMPC 추정,배터리합계,2026,4Q,AMPC,190.6,십억원,na,3
2026-05-11_iM증권_SK온,2026-05-11,iM증권,SK온,AMPC 추정,배터리합계,2024,FY,AMPC,292.5,십억원,na,3
2026-05-11_iM증권_SK온,2026-05-11,iM증권,SK온,AMPC 추정,배터리합계,2025,FY,AMPC,725.8,십억원,na,3
2026-05-11_iM증권_SK온,2026-05-11,iM증권,SK온,AMPC 추정,배터리합계,2026,FY,AMPC,620.3,십억원,na,3
2026-05-11_iM증권_SK온,2026-05-11,iM증권,SK이노베이션,합계,전사,2025,1Q,매출,21147,십억원,excl,3
2026-05-11_iM증권_SK온,2026-05-11,iM증권,SK이노베이션,합계,전사,2025,2Q,매출,19307,십억원,excl,3
2026-05-11_iM증권_SK온,2026-05-11,iM증권,SK이노베이션,합계,전사,2025,3Q,매출,20533,십억원,excl,3
2026-05-11_iM증권_SK온,2026-05-11,iM증권,SK이노베이션,합계,전사,2025,4Q,매출,19671,십억원,excl,3
2026-05-11_iM증권_SK온,2026-05-11,iM증권,SK이노베이션,합계,전사,2026,1Q,매출,26383,십억원,excl,3
2026-05-11_iM증권_SK온,2026-05-11,iM증권,SK이노베이션,합계,전사,2026,2Q,매출,26172,십억원,excl,3
2026-05-11_iM증권_SK온,2026-05-11,iM증권,SK이노베이션,합계,전사,2026,3Q,매출,25903,십억원,excl,3
2026-05-11_iM증권_SK온,2026-05-11,iM증권,SK이노베이션,합계,전사,2026,4Q,매출,25832,십억원,excl,3
2026-05-11_iM증권_SK온,2026-05-11,iM증권,SK이노베이션,합계,전사,2025,1Q,영업이익,-45,십억원,incl,3
2026-05-11_iM증권_SK온,2026-05-11,iM증권,SK이노베이션,합계,전사,2025,2Q,영업이익,-418,십억원,incl,3
2026-05-11_iM증권_SK온,2026-05-11,iM증권,SK이노베이션,합계,전사,2025,3Q,영업이익,573,십억원,incl,3
2026-05-11_iM증권_SK온,2026-05-11,iM증권,SK이노베이션,합계,전사,2025,4Q,영업이익,295,십억원,incl,3
2026-05-11_iM증권_SK온,2026-05-11,iM증권,SK이노베이션,합계,전사,2026,1Q,영업이익,1904,십억원,incl,3
2026-05-11_iM증권_SK온,2026-05-11,iM증권,SK이노베이션,합계,전사,2026,2Q,영업이익,522,십억원,incl,3
2026-05-11_iM증권_SK온,2026-05-11,iM증권,SK이노베이션,합계,전사,2026,3Q,영업이익,496,십억원,incl,3
2026-05-11_iM증권_SK온,2026-05-11,iM증권,SK이노베이션,합계,전사,2026,4Q,영업이익,670,십억원,incl,3
2026-05-11_iM증권_SK온,2026-05-11,iM증권,SK이노베이션,합계,전사,2024,FY,매출,74270,십억원,excl,3
2026-05-11_iM증권_SK온,2026-05-11,iM증권,SK이노베이션,합계,전사,2024,FY,영업이익,356,십억원,incl,3
2026-05-11_iM증권_SK온,2026-05-11,iM증권,SK이노베이션,합계,전사,2025,FY,매출,80658,십억원,excl,3
2026-05-11_iM증권_SK온,2026-05-11,iM증권,SK이노베이션,합계,전사,2025,FY,영업이익,406,십억원,incl,3
2026-05-11_iM증권_SK온,2026-05-11,iM증권,SK이노베이션,합계,전사,2025,FY,매출,80296,십억원,excl,1
2026-05-11_iM증권_SK온,2026-05-11,iM증권,SK이노베이션,합계,전사,2025,FY,영업이익,449,십억원,incl,1
2026-05-11_iM증권_SK온,2026-05-11,iM증권,SK이노베이션,합계,전사,2026,FY,매출,104290,십억원,excl,3
2026-05-11_iM증권_SK온,2026-05-11,iM증권,SK이노베이션,합계,전사,2026,FY,영업이익,3592,십억원,incl,3
2026-05-11_iM증권_SK온,2026-05-11,iM증권,SK이노베이션,합계,전사,2027,FY,매출,93063,십억원,excl,1
2026-05-11_iM증권_SK온,2026-05-11,iM증권,SK이노베이션,합계,전사,2027,FY,영업이익,2488,십억원,incl,1
2026-05-11_iM증권_SK온,2026-05-11,iM증권,SK이노베이션,합계,전사,2028,FY,매출,84917,십억원,excl,1
2026-05-11_iM증권_SK온,2026-05-11,iM증권,SK이노베이션,합계,전사,2028,FY,영업이익,3748,십억원,incl,1
2026-05-11_iM증권_SK온,2026-05-11,iM증권,SK이노베이션,석유,기타,2025,1Q,매출,11918,십억원,na,3
2026-05-11_iM증권_SK온,2026-05-11,iM증권,SK이노베이션,석유,기타,2025,1Q,영업이익,36,십억원,na,3
2026-05-11_iM증권_SK온,2026-05-11,iM증권,SK이노베이션,석유,기타,2025,2Q,매출,11119,십억원,na,3
2026-05-11_iM증권_SK온,2026-05-11,iM증권,SK이노베이션,석유,기타,2025,2Q,영업이익,-466,십억원,na,3
2026-05-11_iM증권_SK온,2026-05-11,iM증권,SK이노베이션,석유,기타,2025,3Q,매출,12442,십억원,na,3
2026-05-11_iM증권_SK온,2026-05-11,iM증권,SK이노베이션,석유,기타,2025,3Q,영업이익,304,십억원,na,3
2026-05-11_iM증권_SK온,2026-05-11,iM증권,SK이노베이션,석유,기타,2025,4Q,매출,11711,십억원,na,3
2026-05-11_iM증권_SK온,2026-05-11,iM증권,SK이노베이션,석유,기타,2025,4Q,영업이익,475,십억원,na,3
2026-05-11_iM증권_SK온,2026-05-11,iM증권,SK이노베이션,석유,기타,2026,1Q,매출,17187,십억원,na,3
2026-05-11_iM증권_SK온,2026-05-11,iM증권,SK이노베이션,석유,기타,2026,1Q,영업이익,1768,십억원,na,3
2026-05-11_iM증권_SK온,2026-05-11,iM증권,SK이노베이션,석유,기타,2026,2Q,매출,16486,십억원,na,3
2026-05-11_iM증권_SK온,2026-05-11,iM증권,SK이노베이션,석유,기타,2026,2Q,영업이익,382,십억원,na,3
2026-05-11_iM증권_SK온,2026-05-11,iM증권,SK이노베이션,석유,기타,2026,3Q,매출,16220,십억원,na,3
2026-05-11_iM증권_SK온,2026-05-11,iM증권,SK이노베이션,석유,기타,2026,3Q,영업이익,152,십억원,na,3
2026-05-11_iM증권_SK온,2026-05-11,iM증권,SK이노베이션,석유,기타,2026,4Q,매출,15579,십억원,na,3
2026-05-11_iM증권_SK온,2026-05-11,iM증권,SK이노베이션,석유,기타,2026,4Q,영업이익,240,십억원,na,3
2026-05-11_iM증권_SK온,2026-05-11,iM증권,SK이노베이션,석유,기타,2024,FY,매출,49840,십억원,na,3
2026-05-11_iM증권_SK온,2026-05-11,iM증권,SK이노베이션,석유,기타,2024,FY,영업이익,461,십억원,na,3
2026-05-11_iM증권_SK온,2026-05-11,iM증권,SK이노베이션,석유,기타,2025,FY,매출,47190,십억원,na,3
2026-05-11_iM증권_SK온,2026-05-11,iM증권,SK이노베이션,석유,기타,2025,FY,영업이익,349,십억원,na,3
2026-05-11_iM증권_SK온,2026-05-11,iM증권,SK이노베이션,석유,기타,2026,FY,매출,65472,십억원,na,3
2026-05-11_iM증권_SK온,2026-05-11,iM증권,SK이노베이션,석유,기타,2026,FY,영업이익,2541,십억원,na,3
2026-05-11_iM증권_SK온,2026-05-11,iM증권,SK이노베이션,화학,기타,2024,FY,매출,10352,십억원,na,3
2026-05-11_iM증권_SK온,2026-05-11,iM증권,SK이노베이션,화학,기타,2024,FY,영업이익,125,십억원,na,3
2026-05-11_iM증권_SK온,2026-05-11,iM증권,SK이노베이션,화학,기타,2025,FY,매출,9168,십억원,na,3
2026-05-11_iM증권_SK온,2026-05-11,iM증권,SK이노베이션,화학,기타,2025,FY,영업이익,-266,십억원,na,3
2026-05-11_iM증권_SK온,2026-05-11,iM증권,SK이노베이션,화학,기타,2026,FY,매출,10787,십억원,na,3
2026-05-11_iM증권_SK온,2026-05-11,iM증권,SK이노베이션,화학,기타,2026,FY,영업이익,329,십억원,na,3
2026-05-11_iM증권_SK온,2026-05-11,iM증권,SK이노베이션,윤활유,기타,2024,FY,매출,4235,십억원,na,3
2026-05-11_iM증권_SK온,2026-05-11,iM증권,SK이노베이션,윤활유,기타,2024,FY,영업이익,687,십억원,na,3
2026-05-11_iM증권_SK온,2026-05-11,iM증권,SK이노베이션,윤활유,기타,2025,FY,매출,3836,십억원,na,3
2026-05-11_iM증권_SK온,2026-05-11,iM증권,SK이노베이션,윤활유,기타,2025,FY,영업이익,608,십억원,na,3
2026-05-11_iM증권_SK온,2026-05-11,iM증권,SK이노베이션,윤활유,기타,2026,FY,매출,4734,십억원,na,3
2026-05-11_iM증권_SK온,2026-05-11,iM증권,SK이노베이션,윤활유,기타,2026,FY,영업이익,655,십억원,na,3
2026-05-11_iM증권_SK온,2026-05-11,iM증권,SK이노베이션,SK E&S,기타,2024,FY,매출,3135,십억원,na,3
2026-05-11_iM증권_SK온,2026-05-11,iM증권,SK이노베이션,SK E&S,기타,2024,FY,영업이익,123,십억원,na,3
2026-05-11_iM증권_SK온,2026-05-11,iM증권,SK이노베이션,SK E&S,기타,2025,FY,매출,11863,십억원,na,3
2026-05-11_iM증권_SK온,2026-05-11,iM증권,SK이노베이션,SK E&S,기타,2025,FY,영업이익,681,십억원,na,3
2026-05-11_iM증권_SK온,2026-05-11,iM증권,SK이노베이션,SK E&S,기타,2026,FY,매출,12380,십억원,na,3
2026-05-11_iM증권_SK온,2026-05-11,iM증권,SK이노베이션,SK E&S,기타,2026,FY,영업이익,921,십억원,na,3
2026-05-11_iM증권_SK온,2026-05-11,iM증권,SK이노베이션,소재 및 기타,기타,2024,FY,매출,441,십억원,na,3
2026-05-11_iM증권_SK온,2026-05-11,iM증권,SK이노베이션,소재 및 기타,기타,2024,FY,영업이익,86,십억원,na,3
2026-05-11_iM증권_SK온,2026-05-11,iM증권,SK이노베이션,소재 및 기타,기타,2025,FY,매출,1623,십억원,na,3
2026-05-11_iM증권_SK온,2026-05-11,iM증권,SK이노베이션,소재 및 기타,기타,2025,FY,영업이익,-34,십억원,na,3
2026-05-11_iM증권_SK온,2026-05-11,iM증권,SK이노베이션,소재 및 기타,기타,2026,FY,매출,1356,십억원,na,3
2026-05-11_iM증권_SK온,2026-05-11,iM증권,SK이노베이션,소재 및 기타,기타,2026,FY,영업이익,235,십억원,na,3
2026-05-11_iM증권_삼성SDI,2026-05-11,iM증권,삼성SDI,매출액,전사,2025,1Q,매출,3177,십억원,na,2
2026-05-11_iM증권_삼성SDI,2026-05-11,iM증권,삼성SDI,영업이익,전사,2025,1Q,영업이익,-434,십억원,incl,2
2026-05-11_iM증권_삼성SDI,2026-05-11,iM증권,삼성SDI,매출액,전사,2025,2Q,매출,3179,십억원,na,2
2026-05-11_iM증권_삼성SDI,2026-05-11,iM증권,삼성SDI,영업이익,전사,2025,2Q,영업이익,-398,십억원,incl,2
2026-05-11_iM증권_삼성SDI,2026-05-11,iM증권,삼성SDI,매출액,전사,2025,3Q,매출,3052,십억원,na,2
2026-05-11_iM증권_삼성SDI,2026-05-11,iM증권,삼성SDI,영업이익,전사,2025,3Q,영업이익,-591,십억원,incl,2
2026-05-11_iM증권_삼성SDI,2026-05-11,iM증권,삼성SDI,매출액,전사,2025,4Q,매출,3859,십억원,na,2
2026-05-11_iM증권_삼성SDI,2026-05-11,iM증권,삼성SDI,영업이익,전사,2025,4Q,영업이익,-299,십억원,incl,2
2026-05-11_iM증권_삼성SDI,2026-05-11,iM증권,삼성SDI,매출액,전사,2026,1Q,매출,3576,십억원,na,2
2026-05-11_iM증권_삼성SDI,2026-05-11,iM증권,삼성SDI,영업이익,전사,2026,1Q,영업이익,-156,십억원,incl,2
2026-05-11_iM증권_삼성SDI,2026-05-11,iM증권,삼성SDI,매출액,전사,2026,2Q,매출,3631,십억원,na,2
2026-05-11_iM증권_삼성SDI,2026-05-11,iM증권,삼성SDI,영업이익,전사,2026,2Q,영업이익,-64,십억원,incl,2
2026-05-11_iM증권_삼성SDI,2026-05-11,iM증권,삼성SDI,매출액,전사,2026,3Q,매출,3967,십억원,na,2
2026-05-11_iM증권_삼성SDI,2026-05-11,iM증권,삼성SDI,영업이익,전사,2026,3Q,영업이익,35,십억원,incl,2
2026-05-11_iM증권_삼성SDI,2026-05-11,iM증권,삼성SDI,매출액,전사,2026,4Q,매출,4486,십억원,na,2
2026-05-11_iM증권_삼성SDI,2026-05-11,iM증권,삼성SDI,영업이익,전사,2026,4Q,영업이익,209,십억원,incl,2
2026-05-11_iM증권_삼성SDI,2026-05-11,iM증권,삼성SDI,매출액,전사,2025,FY,매출,13267,십억원,na,2
2026-05-11_iM증권_삼성SDI,2026-05-11,iM증권,삼성SDI,영업이익,전사,2025,FY,영업이익,-1722,십억원,incl,2
2026-05-11_iM증권_삼성SDI,2026-05-11,iM증권,삼성SDI,매출액,전사,2026,FY,매출,15661,십억원,na,2
2026-05-11_iM증권_삼성SDI,2026-05-11,iM증권,삼성SDI,영업이익,전사,2026,FY,영업이익,24,십억원,incl,2
2026-05-11_iM증권_삼성SDI,2026-05-11,iM증권,삼성SDI,매출액,전사,2027,FY,매출,19940,십억원,na,2
2026-05-11_iM증권_삼성SDI,2026-05-11,iM증권,삼성SDI,영업이익,전사,2027,FY,영업이익,1426,십억원,incl,2
2026-05-11_iM증권_삼성SDI,2026-05-11,iM증권,삼성SDI,매출액,전사,2028,FY,매출,22974,십억원,na,2
2026-05-11_iM증권_삼성SDI,2026-05-11,iM증권,삼성SDI,영업이익,전사,2028,FY,영업이익,2256,십억원,incl,2
2026-05-11_iM증권_삼성SDI,2026-05-11,iM증권,삼성SDI,전지 사업부,배터리합계,2025,1Q,매출,2981,십억원,na,2
2026-05-11_iM증권_삼성SDI,2026-05-11,iM증권,삼성SDI,전지 사업부,배터리합계,2025,1Q,영업이익,-452,십억원,incl,2
2026-05-11_iM증권_삼성SDI,2026-05-11,iM증권,삼성SDI,전지 사업부,배터리합계,2025,2Q,매출,2961,십억원,na,2
2026-05-11_iM증권_삼성SDI,2026-05-11,iM증권,삼성SDI,전지 사업부,배터리합계,2025,2Q,영업이익,-431,십억원,incl,2
2026-05-11_iM증권_삼성SDI,2026-05-11,iM증권,삼성SDI,전지 사업부,배터리합계,2025,3Q,매출,2820,십억원,na,2
2026-05-11_iM증권_삼성SDI,2026-05-11,iM증권,삼성SDI,전지 사업부,배터리합계,2025,3Q,영업이익,-630,십억원,incl,2
2026-05-11_iM증권_삼성SDI,2026-05-11,iM증권,삼성SDI,전지 사업부,배터리합계,2025,4Q,매출,3622,십억원,na,2
2026-05-11_iM증권_삼성SDI,2026-05-11,iM증권,삼성SDI,전지 사업부,배터리합계,2025,4Q,영업이익,-339,십억원,incl,2
2026-05-11_iM증권_삼성SDI,2026-05-11,iM증권,삼성SDI,전지 사업부,배터리합계,2026,1Q,매출,3354,십억원,na,2
2026-05-11_iM증권_삼성SDI,2026-05-11,iM증권,삼성SDI,전지 사업부,배터리합계,2026,1Q,영업이익,-177,십억원,incl,2
2026-05-11_iM증권_삼성SDI,2026-05-11,iM증권,삼성SDI,전지 사업부,배터리합계,2026,2Q,매출,3398,십억원,na,2
2026-05-11_iM증권_삼성SDI,2026-05-11,iM증권,삼성SDI,전지 사업부,배터리합계,2026,2Q,영업이익,-100,십억원,incl,2
2026-05-11_iM증권_삼성SDI,2026-05-11,iM증권,삼성SDI,전지 사업부,배터리합계,2026,3Q,매출,3725,십억원,na,2
2026-05-11_iM증권_삼성SDI,2026-05-11,iM증권,삼성SDI,전지 사업부,배터리합계,2026,3Q,영업이익,-7,십억원,incl,2
2026-05-11_iM증권_삼성SDI,2026-05-11,iM증권,삼성SDI,전지 사업부,배터리합계,2026,4Q,매출,4235,십억원,na,2
2026-05-11_iM증권_삼성SDI,2026-05-11,iM증권,삼성SDI,전지 사업부,배터리합계,2026,4Q,영업이익,165,십억원,incl,2
2026-05-11_iM증권_삼성SDI,2026-05-11,iM증권,삼성SDI,전지 사업부,배터리합계,2025,FY,매출,12390,십억원,na,2
2026-05-11_iM증권_삼성SDI,2026-05-11,iM증권,삼성SDI,전지 사업부,배터리합계,2025,FY,영업이익,-1852,십억원,incl,2
2026-05-11_iM증권_삼성SDI,2026-05-11,iM증권,삼성SDI,전지 사업부,배터리합계,2026,FY,매출,14712,십억원,na,2
2026-05-11_iM증권_삼성SDI,2026-05-11,iM증권,삼성SDI,전지 사업부,배터리합계,2026,FY,영업이익,-119,십억원,incl,2
2026-05-11_iM증권_삼성SDI,2026-05-11,iM증권,삼성SDI,전지 사업부,배터리합계,2027,FY,매출,18906,십억원,na,2
2026-05-11_iM증권_삼성SDI,2026-05-11,iM증권,삼성SDI,전지 사업부,배터리합계,2027,FY,영업이익,1260,십억원,incl,2
2026-05-11_iM증권_삼성SDI,2026-05-11,iM증권,삼성SDI,전지 사업부,배터리합계,2028,FY,매출,21819,십억원,na,2
2026-05-11_iM증권_삼성SDI,2026-05-11,iM증권,삼성SDI,전지 사업부,배터리합계,2028,FY,영업이익,2073,십억원,incl,2
2026-05-11_iM증권_삼성SDI,2026-05-11,iM증권,삼성SDI,소형2차전지,소형,2025,1Q,매출,713,십억원,na,2
2026-05-11_iM증권_삼성SDI,2026-05-11,iM증권,삼성SDI,소형,소형,2025,1Q,영업이익,-230,십억원,na,2
2026-05-11_iM증권_삼성SDI,2026-05-11,iM증권,삼성SDI,소형2차전지,소형,2025,2Q,매출,920,십억원,na,2
2026-05-11_iM증권_삼성SDI,2026-05-11,iM증권,삼성SDI,소형,소형,2025,2Q,영업이익,-75,십억원,na,2
2026-05-11_iM증권_삼성SDI,2026-05-11,iM증권,삼성SDI,소형2차전지,소형,2025,3Q,매출,972,십억원,na,2
2026-05-11_iM증권_삼성SDI,2026-05-11,iM증권,삼성SDI,소형,소형,2025,3Q,영업이익,-68,십억원,na,2
2026-05-11_iM증권_삼성SDI,2026-05-11,iM증권,삼성SDI,소형2차전지,소형,2025,4Q,매출,957,십억원,na,2
2026-05-11_iM증권_삼성SDI,2026-05-11,iM증권,삼성SDI,소형,소형,2025,4Q,영업이익,-121,십억원,na,2
2026-05-11_iM증권_삼성SDI,2026-05-11,iM증권,삼성SDI,소형2차전지,소형,2026,1Q,매출,1100,십억원,na,2
2026-05-11_iM증권_삼성SDI,2026-05-11,iM증권,삼성SDI,소형,소형,2026,1Q,영업이익,-109,십억원,na,2
2026-05-11_iM증권_삼성SDI,2026-05-11,iM증권,삼성SDI,소형2차전지,소형,2026,2Q,매출,1163,십억원,na,2
2026-05-11_iM증권_삼성SDI,2026-05-11,iM증권,삼성SDI,소형,소형,2026,2Q,영업이익,-102,십억원,na,2
2026-05-11_iM증권_삼성SDI,2026-05-11,iM증권,삼성SDI,소형2차전지,소형,2026,3Q,매출,1227,십억원,na,2
2026-05-11_iM증권_삼성SDI,2026-05-11,iM증권,삼성SDI,소형,소형,2026,3Q,영업이익,-97,십억원,na,2
2026-05-11_iM증권_삼성SDI,2026-05-11,iM증권,삼성SDI,소형2차전지,소형,2026,4Q,매출,1183,십억원,na,2
2026-05-11_iM증권_삼성SDI,2026-05-11,iM증권,삼성SDI,소형,소형,2026,4Q,영업이익,-110,십억원,na,2
2026-05-11_iM증권_삼성SDI,2026-05-11,iM증권,삼성SDI,소형2차전지,소형,2025,FY,매출,3567,십억원,na,2
2026-05-11_iM증권_삼성SDI,2026-05-11,iM증권,삼성SDI,소형,소형,2025,FY,영업이익,-494,십억원,na,2
2026-05-11_iM증권_삼성SDI,2026-05-11,iM증권,삼성SDI,소형2차전지,소형,2026,FY,매출,4674,십억원,na,2
2026-05-11_iM증권_삼성SDI,2026-05-11,iM증권,삼성SDI,소형,소형,2026,FY,영업이익,-418,십억원,na,2
2026-05-11_iM증권_삼성SDI,2026-05-11,iM증권,삼성SDI,소형2차전지,소형,2027,FY,매출,5013,십억원,na,2
2026-05-11_iM증권_삼성SDI,2026-05-11,iM증권,삼성SDI,소형,소형,2027,FY,영업이익,-387,십억원,na,2
2026-05-11_iM증권_삼성SDI,2026-05-11,iM증권,삼성SDI,소형2차전지,소형,2028,FY,매출,5488,십억원,na,2
2026-05-11_iM증권_삼성SDI,2026-05-11,iM증권,삼성SDI,소형,소형,2028,FY,영업이익,-316,십억원,na,2
2026-05-11_iM증권_삼성SDI,2026-05-11,iM증권,삼성SDI,자동차,EV,2025,1Q,매출,1666,십억원,na,2
2026-05-11_iM증권_삼성SDI,2026-05-11,iM증권,삼성SDI,자동차(AMPC 포함),EV,2025,1Q,영업이익,-265,십억원,incl,2
2026-05-11_iM증권_삼성SDI,2026-05-11,iM증권,삼성SDI,자동차,EV,2025,2Q,매출,1397,십억원,na,2
2026-05-11_iM증권_삼성SDI,2026-05-11,iM증권,삼성SDI,자동차(AMPC 포함),EV,2025,2Q,영업이익,-370,십억원,incl,2
2026-05-11_iM증권_삼성SDI,2026-05-11,iM증권,삼성SDI,자동차,EV,2025,3Q,매출,1202,십억원,na,2
2026-05-11_iM증권_삼성SDI,2026-05-11,iM증권,삼성SDI,자동차(AMPC 포함),EV,2025,3Q,영업이익,-530,십억원,incl,2
2026-05-11_iM증권_삼성SDI,2026-05-11,iM증권,삼성SDI,자동차,EV,2025,4Q,매출,1662,십억원,na,2
2026-05-11_iM증권_삼성SDI,2026-05-11,iM증권,삼성SDI,자동차(AMPC 포함),EV,2025,4Q,영업이익,-276,십억원,incl,2
2026-05-11_iM증권_삼성SDI,2026-05-11,iM증권,삼성SDI,자동차,EV,2026,1Q,매출,1306,십억원,na,2
2026-05-11_iM증권_삼성SDI,2026-05-11,iM증권,삼성SDI,자동차(AMPC 포함),EV,2026,1Q,영업이익,-140,십억원,incl,2
2026-05-11_iM증권_삼성SDI,2026-05-11,iM증권,삼성SDI,자동차,EV,2026,2Q,매출,1188,십억원,na,2
2026-05-11_iM증권_삼성SDI,2026-05-11,iM증권,삼성SDI,자동차(AMPC 포함),EV,2026,2Q,영업이익,-97,십억원,incl,2
2026-05-11_iM증권_삼성SDI,2026-05-11,iM증권,삼성SDI,자동차,EV,2026,3Q,매출,1336,십억원,na,2
2026-05-11_iM증권_삼성SDI,2026-05-11,iM증권,삼성SDI,자동차(AMPC 포함),EV,2026,3Q,영업이익,-41,십억원,incl,2
2026-05-11_iM증권_삼성SDI,2026-05-11,iM증권,삼성SDI,자동차,EV,2026,4Q,매출,1588,십억원,na,2
2026-05-11_iM증권_삼성SDI,2026-05-11,iM증권,삼성SDI,자동차(AMPC 포함),EV,2026,4Q,영업이익,54,십억원,incl,2
2026-05-11_iM증권_삼성SDI,2026-05-11,iM증권,삼성SDI,자동차,EV,2025,FY,매출,5927,십억원,na,2
2026-05-11_iM증권_삼성SDI,2026-05-11,iM증권,삼성SDI,자동차(AMPC 포함),EV,2025,FY,영업이익,-1441,십억원,incl,2
2026-05-11_iM증권_삼성SDI,2026-05-11,iM증권,삼성SDI,자동차,EV,2026,FY,매출,5418,십억원,na,2
2026-05-11_iM증권_삼성SDI,2026-05-11,iM증권,삼성SDI,자동차(AMPC 포함),EV,2026,FY,영업이익,-224,십억원,incl,2
2026-05-11_iM증권_삼성SDI,2026-05-11,iM증권,삼성SDI,자동차,EV,2027,FY,매출,5942,십억원,na,2
2026-05-11_iM증권_삼성SDI,2026-05-11,iM증권,삼성SDI,자동차(AMPC 포함),EV,2027,FY,영업이익,183,십억원,incl,2
2026-05-11_iM증권_삼성SDI,2026-05-11,iM증권,삼성SDI,자동차,EV,2028,FY,매출,7174,십억원,na,2
2026-05-11_iM증권_삼성SDI,2026-05-11,iM증권,삼성SDI,자동차(AMPC 포함),EV,2028,FY,영업이익,690,십억원,incl,2
2026-05-11_iM증권_삼성SDI,2026-05-11,iM증권,삼성SDI,ESS,ESS,2025,1Q,매출,602,십억원,na,2
2026-05-11_iM증권_삼성SDI,2026-05-11,iM증권,삼성SDI,ESS(AMPC 포함),ESS,2025,1Q,영업이익,43,십억원,incl,2
2026-05-11_iM증권_삼성SDI,2026-05-11,iM증권,삼성SDI,ESS,ESS,2025,2Q,매출,644,십억원,na,2
2026-05-11_iM증권_삼성SDI,2026-05-11,iM증권,삼성SDI,ESS(AMPC 포함),ESS,2025,2Q,영업이익,14,십억원,incl,2
2026-05-11_iM증권_삼성SDI,2026-05-11,iM증권,삼성SDI,ESS,ESS,2025,3Q,매출,646,십억원,na,2
2026-05-11_iM증권_삼성SDI,2026-05-11,iM증권,삼성SDI,ESS(AMPC 포함),ESS,2025,3Q,영업이익,-32,십억원,incl,2
2026-05-11_iM증권_삼성SDI,2026-05-11,iM증권,삼성SDI,ESS,ESS,2025,4Q,매출,1004,십억원,na,2
2026-05-11_iM증권_삼성SDI,2026-05-11,iM증권,삼성SDI,ESS(AMPC 포함),ESS,2025,4Q,영업이익,58,십억원,incl,2
2026-05-11_iM증권_삼성SDI,2026-05-11,iM증권,삼성SDI,ESS,ESS,2026,1Q,매출,948,십억원,na,2
2026-05-11_iM증권_삼성SDI,2026-05-11,iM증권,삼성SDI,ESS(AMPC 포함),ESS,2026,1Q,영업이익,72,십억원,incl,2
2026-05-11_iM증권_삼성SDI,2026-05-11,iM증권,삼성SDI,ESS,ESS,2026,2Q,매출,1047,십억원,na,2
2026-05-11_iM증권_삼성SDI,2026-05-11,iM증권,삼성SDI,ESS(AMPC 포함),ESS,2026,2Q,영업이익,99,십억원,incl,2
2026-05-11_iM증권_삼성SDI,2026-05-11,iM증권,삼성SDI,ESS,ESS,2026,3Q,매출,1162,십억원,na,2
2026-05-11_iM증권_삼성SDI,2026-05-11,iM증권,삼성SDI,ESS(AMPC 포함),ESS,2026,3Q,영업이익,130,십억원,incl,2
2026-05-11_iM증권_삼성SDI,2026-05-11,iM증권,삼성SDI,ESS,ESS,2026,4Q,매출,1464,십억원,na,2
2026-05-11_iM증권_삼성SDI,2026-05-11,iM증권,삼성SDI,ESS(AMPC 포함),ESS,2026,4Q,영업이익,222,십억원,incl,2
2026-05-11_iM증권_삼성SDI,2026-05-11,iM증권,삼성SDI,ESS,ESS,2025,FY,매출,2896,십억원,na,2
2026-05-11_iM증권_삼성SDI,2026-05-11,iM증권,삼성SDI,ESS(AMPC 포함),ESS,2025,FY,영업이익,83,십억원,incl,2
2026-05-11_iM증권_삼성SDI,2026-05-11,iM증권,삼성SDI,ESS,ESS,2026,FY,매출,4621,십억원,na,2
2026-05-11_iM증권_삼성SDI,2026-05-11,iM증권,삼성SDI,ESS(AMPC 포함),ESS,2026,FY,영업이익,522,십억원,incl,2
2026-05-11_iM증권_삼성SDI,2026-05-11,iM증권,삼성SDI,ESS,ESS,2027,FY,매출,7951,십억원,na,2
2026-05-11_iM증권_삼성SDI,2026-05-11,iM증권,삼성SDI,ESS(AMPC 포함),ESS,2027,FY,영업이익,1465,십억원,incl,2
2026-05-11_iM증권_삼성SDI,2026-05-11,iM증권,삼성SDI,ESS,ESS,2028,FY,매출,9158,십억원,na,2
2026-05-11_iM증권_삼성SDI,2026-05-11,iM증권,삼성SDI,ESS(AMPC 포함),ESS,2028,FY,영업이익,1699,십억원,incl,2
2026-05-11_iM증권_삼성SDI,2026-05-11,iM증권,삼성SDI,전자재료 사업부,전자재료,2025,1Q,매출,196,십억원,na,2
2026-05-11_iM증권_삼성SDI,2026-05-11,iM증권,삼성SDI,전자재료 사업부,전자재료,2025,1Q,영업이익,18,십억원,na,2
2026-05-11_iM증권_삼성SDI,2026-05-11,iM증권,삼성SDI,전자재료 사업부,전자재료,2025,2Q,매출,218,십억원,na,2
2026-05-11_iM증권_삼성SDI,2026-05-11,iM증권,삼성SDI,전자재료 사업부,전자재료,2025,2Q,영업이익,33,십억원,na,2
2026-05-11_iM증권_삼성SDI,2026-05-11,iM증권,삼성SDI,전자재료 사업부,전자재료,2025,3Q,매출,232,십억원,na,2
2026-05-11_iM증권_삼성SDI,2026-05-11,iM증권,삼성SDI,전자재료 사업부,전자재료,2025,3Q,영업이익,39,십억원,na,2
2026-05-11_iM증권_삼성SDI,2026-05-11,iM증권,삼성SDI,전자재료 사업부,전자재료,2025,4Q,매출,237,십억원,na,2
2026-05-11_iM증권_삼성SDI,2026-05-11,iM증권,삼성SDI,전자재료 사업부,전자재료,2025,4Q,영업이익,39,십억원,na,2
2026-05-11_iM증권_삼성SDI,2026-05-11,iM증권,삼성SDI,전자재료 사업부,전자재료,2026,1Q,매출,222,십억원,na,2
2026-05-11_iM증권_삼성SDI,2026-05-11,iM증권,삼성SDI,전자재료 사업부,전자재료,2026,1Q,영업이익,21,십억원,na,2
2026-05-11_iM증권_삼성SDI,2026-05-11,iM증권,삼성SDI,전자재료 사업부,전자재료,2026,2Q,매출,233,십억원,na,2
2026-05-11_iM증권_삼성SDI,2026-05-11,iM증권,삼성SDI,전자재료 사업부,전자재료,2026,2Q,영업이익,36,십억원,na,2
2026-05-11_iM증권_삼성SDI,2026-05-11,iM증권,삼성SDI,전자재료 사업부,전자재료,2026,3Q,매출,243,십억원,na,2
2026-05-11_iM증권_삼성SDI,2026-05-11,iM증권,삼성SDI,전자재료 사업부,전자재료,2026,3Q,영업이익,42,십억원,na,2
2026-05-11_iM증권_삼성SDI,2026-05-11,iM증권,삼성SDI,전자재료 사업부,전자재료,2026,4Q,매출,252,십억원,na,2
2026-05-11_iM증권_삼성SDI,2026-05-11,iM증권,삼성SDI,전자재료 사업부,전자재료,2026,4Q,영업이익,44,십억원,na,2
2026-05-11_iM증권_삼성SDI,2026-05-11,iM증권,삼성SDI,전자재료 사업부,전자재료,2025,FY,매출,883,십억원,na,2
2026-05-11_iM증권_삼성SDI,2026-05-11,iM증권,삼성SDI,전자재료 사업부,전자재료,2025,FY,영업이익,129,십억원,na,2
2026-05-11_iM증권_삼성SDI,2026-05-11,iM증권,삼성SDI,전자재료 사업부,전자재료,2026,FY,매출,949,십억원,na,2
2026-05-11_iM증권_삼성SDI,2026-05-11,iM증권,삼성SDI,전자재료 사업부,전자재료,2026,FY,영업이익,143,십억원,na,2
2026-05-11_iM증권_삼성SDI,2026-05-11,iM증권,삼성SDI,전자재료 사업부,전자재료,2027,FY,매출,1035,십억원,na,2
2026-05-11_iM증권_삼성SDI,2026-05-11,iM증권,삼성SDI,전자재료 사업부,전자재료,2027,FY,영업이익,165,십억원,na,2
2026-05-11_iM증권_삼성SDI,2026-05-11,iM증권,삼성SDI,전자재료 사업부,전자재료,2028,FY,매출,1154,십억원,na,2
2026-05-11_iM증권_삼성SDI,2026-05-11,iM증권,삼성SDI,전자재료 사업부,전자재료,2028,FY,영업이익,184,십억원,na,2
2026-05-12_LS증권_LGES,2026-05-12,LS증권,LGES,매출액,전사,2023,FY,매출,33745,십억원,excl,1
2026-05-12_LS증권_LGES,2026-05-12,LS증권,LGES,영업이익,전사,2023,FY,영업이익,2163,십억원,incl,1
2026-05-12_LS증권_LGES,2026-05-12,LS증권,LGES,매출액,전사,2024,FY,매출,25620,십억원,excl,1
2026-05-12_LS증권_LGES,2026-05-12,LS증권,LGES,영업이익,전사,2024,FY,영업이익,575,십억원,incl,1
2026-05-12_LS증권_LGES,2026-05-12,LS증권,LGES,"매출액(Financial Data표, 구기준)",전사,2025,FY,매출,23672,십억원,excl,1
2026-05-12_LS증권_LGES,2026-05-12,LS증권,LGES,영업이익(Financial Data표),전사,2026,FY,영업이익,402,십억원,incl,1
2026-05-12_LS증권_LGES,2026-05-12,LS증권,LGES,소계,전사,2025,2Q,매출,6056,십억원,incl,2
2026-05-12_LS증권_LGES,2026-05-12,LS증권,LGES,자동차향,EV,2025,2Q,매출,3815,십억원,incl,2
2026-05-12_LS증권_LGES,2026-05-12,LS증권,LGES,소형,소형,2025,2Q,매출,1696,십억원,incl,2
2026-05-12_LS증권_LGES,2026-05-12,LS증권,LGES,ESS,ESS,2025,2Q,매출,545,십억원,incl,2
2026-05-12_LS증권_LGES,2026-05-12,LS증권,LGES,소계,전사,2025,3Q,매출,6065,십억원,incl,2
2026-05-12_LS증권_LGES,2026-05-12,LS증권,LGES,자동차향,EV,2025,3Q,매출,3700,십억원,incl,2
2026-05-12_LS증권_LGES,2026-05-12,LS증권,LGES,소형,소형,2025,3Q,매출,1698,십억원,incl,2
2026-05-12_LS증권_LGES,2026-05-12,LS증권,LGES,ESS,ESS,2025,3Q,매출,667,십억원,incl,2
2026-05-12_LS증권_LGES,2026-05-12,LS증권,LGES,소계,전사,2025,4Q,매출,6474,십억원,incl,2
2026-05-12_LS증권_LGES,2026-05-12,LS증권,LGES,자동차향,EV,2025,4Q,매출,2913,십억원,incl,2
2026-05-12_LS증권_LGES,2026-05-12,LS증권,LGES,소형,소형,2025,4Q,매출,2137,십억원,incl,2
2026-05-12_LS증권_LGES,2026-05-12,LS증권,LGES,ESS,ESS,2025,4Q,매출,1424,십억원,incl,2
2026-05-12_LS증권_LGES,2026-05-12,LS증권,LGES,소계(1Q26 잠정),전사,2026,1Q,매출,6555,십억원,incl,2
2026-05-12_LS증권_LGES,2026-05-12,LS증권,LGES,자동차향(1Q26 잠정),EV,2026,1Q,매출,2753,십억원,incl,2
2026-05-12_LS증권_LGES,2026-05-12,LS증권,LGES,소형(1Q26 잠정),소형,2026,1Q,매출,2229,십억원,incl,2
2026-05-12_LS증권_LGES,2026-05-12,LS증권,LGES,ESS(1Q26 잠정),ESS,2026,1Q,매출,1573,십억원,incl,2
2026-05-12_LS증권_LGES,2026-05-12,LS증권,LGES,소계,전사,2026,2Q,매출,7061,십억원,incl,2
2026-05-12_LS증권_LGES,2026-05-12,LS증권,LGES,자동차향,EV,2026,2Q,매출,2827,십억원,incl,2
2026-05-12_LS증권_LGES,2026-05-12,LS증권,LGES,소형,소형,2026,2Q,매출,2340,십억원,incl,2
2026-05-12_LS증권_LGES,2026-05-12,LS증권,LGES,ESS,ESS,2026,2Q,매출,1894,십억원,incl,2
2026-05-12_LS증권_LGES,2026-05-12,LS증권,LGES,소계,전사,2026,3Q,매출,6986,십억원,incl,2
2026-05-12_LS증권_LGES,2026-05-12,LS증권,LGES,자동차향,EV,2026,3Q,매출,2933,십억원,incl,2
2026-05-12_LS증권_LGES,2026-05-12,LS증권,LGES,소형,소형,2026,3Q,매출,2153,십억원,incl,2
2026-05-12_LS증권_LGES,2026-05-12,LS증권,LGES,ESS,ESS,2026,3Q,매출,1900,십억원,incl,2
2026-05-12_LS증권_LGES,2026-05-12,LS증권,LGES,소계,전사,2026,4Q,매출,7590,십억원,incl,2
2026-05-12_LS증권_LGES,2026-05-12,LS증권,LGES,자동차향,EV,2026,4Q,매출,3285,십억원,incl,2
2026-05-12_LS증권_LGES,2026-05-12,LS증권,LGES,소형,소형,2026,4Q,매출,2082,십억원,incl,2
2026-05-12_LS증권_LGES,2026-05-12,LS증권,LGES,ESS,ESS,2026,4Q,매출,2223,십억원,incl,2
2026-05-12_LS증권_LGES,2026-05-12,LS증권,LGES,소계,전사,2025,FY,매출,25319,십억원,incl,2
2026-05-12_LS증권_LGES,2026-05-12,LS증권,LGES,자동차향,EV,2025,FY,매출,14798,십억원,incl,2
2026-05-12_LS증권_LGES,2026-05-12,LS증권,LGES,소형,소형,2025,FY,매출,7413,십억원,incl,2
2026-05-12_LS증권_LGES,2026-05-12,LS증권,LGES,ESS,ESS,2025,FY,매출,3107,십억원,incl,2
2026-05-12_LS증권_LGES,2026-05-12,LS증권,LGES,소계,전사,2026,FY,매출,28191,십억원,incl,2
2026-05-12_LS증권_LGES,2026-05-12,LS증권,LGES,자동차향,EV,2026,FY,매출,11798,십억원,incl,2
2026-05-12_LS증권_LGES,2026-05-12,LS증권,LGES,소형,소형,2026,FY,매출,8803,십억원,incl,2
2026-05-12_LS증권_LGES,2026-05-12,LS증권,LGES,ESS,ESS,2026,FY,매출,7590,십억원,incl,2
2026-05-12_LS증권_LGES,2026-05-12,LS증권,LGES,소계,전사,2027,FY,매출,31831,십억원,incl,2
2026-05-12_LS증권_LGES,2026-05-12,LS증권,LGES,자동차향,EV,2027,FY,매출,13568,십억원,incl,2
2026-05-12_LS증권_LGES,2026-05-12,LS증권,LGES,소형,소형,2027,FY,매출,9155,십억원,incl,2
2026-05-12_LS증권_LGES,2026-05-12,LS증권,LGES,ESS,ESS,2027,FY,매출,9108,십억원,incl,2
2026-05-12_LS증권_LGES,2026-05-12,LS증권,LGES,영업이익,전사,2025,2Q,영업이익,492,십억원,incl,2
2026-05-12_LS증권_LGES,2026-05-12,LS증권,LGES,AMPC,전사,2025,2Q,AMPC,491,십억원,na,2
2026-05-12_LS증권_LGES,2026-05-12,LS증권,LGES,영업이익,전사,2025,3Q,영업이익,601,십억원,incl,2
2026-05-12_LS증권_LGES,2026-05-12,LS증권,LGES,AMPC,전사,2025,3Q,AMPC,365,십억원,na,2
2026-05-12_LS증권_LGES,2026-05-12,LS증권,LGES,영업이익,전사,2025,4Q,영업이익,-122,십억원,incl,2
2026-05-12_LS증권_LGES,2026-05-12,LS증권,LGES,AMPC,전사,2025,4Q,AMPC,333,십억원,na,2
2026-05-12_LS증권_LGES,2026-05-12,LS증권,LGES,영업이익(1Q26 잠정),전사,2026,1Q,영업이익,-208,십억원,incl,2
2026-05-12_LS증권_LGES,2026-05-12,LS증권,LGES,AMPC(1Q26 잠정),전사,2026,1Q,AMPC,190,십억원,na,2
2026-05-12_LS증권_LGES,2026-05-12,LS증권,LGES,영업이익,전사,2026,2Q,영업이익,-103,십억원,incl,2
2026-05-12_LS증권_LGES,2026-05-12,LS증권,LGES,AMPC,전사,2026,2Q,AMPC,257,십억원,na,2
2026-05-12_LS증권_LGES,2026-05-12,LS증권,LGES,영업이익,전사,2026,3Q,영업이익,302,십억원,incl,2
2026-05-12_LS증권_LGES,2026-05-12,LS증권,LGES,AMPC,전사,2026,3Q,AMPC,313,십억원,na,2
2026-05-12_LS증권_LGES,2026-05-12,LS증권,LGES,영업이익,전사,2026,4Q,영업이익,206,십억원,incl,2
2026-05-12_LS증권_LGES,2026-05-12,LS증권,LGES,AMPC,전사,2026,4Q,AMPC,293,십억원,na,2
2026-05-12_LS증권_LGES,2026-05-12,LS증권,LGES,영업이익,전사,2025,FY,영업이익,1346,십억원,incl,2
2026-05-12_LS증권_LGES,2026-05-12,LS증권,LGES,AMPC,전사,2025,FY,AMPC,1647,십억원,na,2
2026-05-12_LS증권_LGES,2026-05-12,LS증권,LGES,영업이익,전사,2026,FY,영업이익,197,십억원,incl,2
2026-05-12_LS증권_LGES,2026-05-12,LS증권,LGES,AMPC,전사,2026,FY,AMPC,1052,십억원,na,2
2026-05-12_LS증권_LGES,2026-05-12,LS증권,LGES,영업이익,전사,2027,FY,영업이익,997,십억원,incl,2
2026-05-12_LS증권_LGES,2026-05-12,LS증권,LGES,AMPC,전사,2027,FY,AMPC,1641,십억원,na,2
2026-05-12_LS증권_삼성SDI,2026-05-12,LS증권,삼성SDI,매출액,전사,2026,1Q,매출,3576,십억원,incl_unknown,2
2026-05-12_LS증권_삼성SDI,2026-05-12,LS증권,삼성SDI,매출액,전사,2026,2Q,매출,3814,십억원,incl_unknown,2
2026-05-12_LS증권_삼성SDI,2026-05-12,LS증권,삼성SDI,매출액,전사,2026,3Q,매출,4119,십억원,incl_unknown,2
2026-05-12_LS증권_삼성SDI,2026-05-12,LS증권,삼성SDI,매출액,전사,2026,4Q,매출,3747,십억원,incl_unknown,2
2026-05-12_LS증권_삼성SDI,2026-05-12,LS증권,삼성SDI,매출액,전사,2025,FY,매출,13267,십억원,incl_unknown,2
2026-05-12_LS증권_삼성SDI,2026-05-12,LS증권,삼성SDI,매출액,전사,2026,FY,매출,15257,십억원,incl_unknown,2
2026-05-12_LS증권_삼성SDI,2026-05-12,LS증권,삼성SDI,매출액,전사,2024,FY,매출,16592,십억원,incl_unknown,1
2026-05-12_LS증권_삼성SDI,2026-05-12,LS증권,삼성SDI,매출액,전사,2027,FY,매출,16935,십억원,incl_unknown,1
2026-05-12_LS증권_삼성SDI,2026-05-12,LS증권,삼성SDI,에너지솔루션,배터리합계,2026,1Q,매출,3354,십억원,incl_unknown,2
2026-05-12_LS증권_삼성SDI,2026-05-12,LS증권,삼성SDI,에너지솔루션,배터리합계,2026,2Q,매출,3579,십억원,incl_unknown,2
2026-05-12_LS증권_삼성SDI,2026-05-12,LS증권,삼성SDI,에너지솔루션,배터리합계,2026,3Q,매출,3873,십억원,incl_unknown,2
2026-05-12_LS증권_삼성SDI,2026-05-12,LS증권,삼성SDI,에너지솔루션,배터리합계,2026,4Q,매출,3493,십억원,incl_unknown,2
2026-05-12_LS증권_삼성SDI,2026-05-12,LS증권,삼성SDI,에너지솔루션,배터리합계,2025,FY,매출,12384,십억원,incl_unknown,2
2026-05-12_LS증권_삼성SDI,2026-05-12,LS증권,삼성SDI,에너지솔루션,배터리합계,2026,FY,매출,14299,십억원,incl_unknown,2
2026-05-12_LS증권_삼성SDI,2026-05-12,LS증권,삼성SDI,중대형 전지,중대형,2026,1Q,매출,2304,십억원,incl_unknown,2
2026-05-12_LS증권_삼성SDI,2026-05-12,LS증권,삼성SDI,중대형 전지,중대형,2026,2Q,매출,2454,십억원,incl_unknown,2
2026-05-12_LS증권_삼성SDI,2026-05-12,LS증권,삼성SDI,중대형 전지,중대형,2026,3Q,매출,2698,십억원,incl_unknown,2
2026-05-12_LS증권_삼성SDI,2026-05-12,LS증권,삼성SDI,중대형 전지,중대형,2026,4Q,매출,2278,십억원,incl_unknown,2
2026-05-12_LS증권_삼성SDI,2026-05-12,LS증권,삼성SDI,중대형 전지,중대형,2025,FY,매출,8569,십억원,incl_unknown,2
2026-05-12_LS증권_삼성SDI,2026-05-12,LS증권,삼성SDI,중대형 전지,중대형,2026,FY,매출,9734,십억원,incl_unknown,2
2026-05-12_LS증권_삼성SDI,2026-05-12,LS증권,삼성SDI,소형전지,소형,2026,1Q,매출,1050,십억원,incl_unknown,2
2026-05-12_LS증권_삼성SDI,2026-05-12,LS증권,삼성SDI,소형전지,소형,2026,2Q,매출,1125,십억원,incl_unknown,2
2026-05-12_LS증권_삼성SDI,2026-05-12,LS증권,삼성SDI,소형전지,소형,2026,3Q,매출,1175,십억원,incl_unknown,2
2026-05-12_LS증권_삼성SDI,2026-05-12,LS증권,삼성SDI,소형전지,소형,2026,4Q,매출,1215,십억원,incl_unknown,2
2026-05-12_LS증권_삼성SDI,2026-05-12,LS증권,삼성SDI,소형전지,소형,2025,FY,매출,3816,십억원,incl_unknown,2
2026-05-12_LS증권_삼성SDI,2026-05-12,LS증권,삼성SDI,소형전지,소형,2026,FY,매출,4565,십억원,incl_unknown,2
2026-05-12_LS증권_삼성SDI,2026-05-12,LS증권,삼성SDI,전자재료,전자재료,2026,1Q,매출,222,십억원,na,2
2026-05-12_LS증권_삼성SDI,2026-05-12,LS증권,삼성SDI,전자재료,전자재료,2026,2Q,매출,235.2,십억원,na,2
2026-05-12_LS증권_삼성SDI,2026-05-12,LS증권,삼성SDI,전자재료,전자재료,2026,3Q,매출,246.8,십억원,na,2
2026-05-12_LS증권_삼성SDI,2026-05-12,LS증권,삼성SDI,전자재료,전자재료,2026,4Q,매출,254.1,십억원,na,2
2026-05-12_LS증권_삼성SDI,2026-05-12,LS증권,삼성SDI,전자재료,전자재료,2025,FY,매출,883,십억원,na,2
2026-05-12_LS증권_삼성SDI,2026-05-12,LS증권,삼성SDI,전자재료,전자재료,2026,FY,매출,958,십억원,na,2
2026-05-12_LS증권_삼성SDI,2026-05-12,LS증권,삼성SDI,영업이익,전사,2026,1Q,영업이익,-156,십억원,incl_unknown,2
2026-05-12_LS증권_삼성SDI,2026-05-12,LS증권,삼성SDI,영업이익,전사,2026,2Q,영업이익,-111,십억원,incl_unknown,2
2026-05-12_LS증권_삼성SDI,2026-05-12,LS증권,삼성SDI,영업이익,전사,2026,3Q,영업이익,60,십억원,incl_unknown,2
2026-05-12_LS증권_삼성SDI,2026-05-12,LS증권,삼성SDI,영업이익,전사,2026,4Q,영업이익,-315,십억원,incl_unknown,2
2026-05-12_LS증권_삼성SDI,2026-05-12,LS증권,삼성SDI,영업이익,전사,2025,FY,영업이익,-1722,십억원,incl_unknown,2
2026-05-12_LS증권_삼성SDI,2026-05-12,LS증권,삼성SDI,영업이익,전사,2026,FY,영업이익,-522,십억원,incl_unknown,2
2026-05-12_LS증권_삼성SDI,2026-05-12,LS증권,삼성SDI,영업이익,전사,2024,FY,영업이익,363,십억원,incl_unknown,1
2026-05-12_LS증권_삼성SDI,2026-05-12,LS증권,삼성SDI,영업이익,전사,2027,FY,영업이익,453,십억원,incl_unknown,1
2026-05-12_LS증권_삼성SDI,2026-05-12,LS증권,삼성SDI,에너지솔루션,배터리합계,2026,1Q,영업이익,-177,십억원,incl_unknown,2
2026-05-12_LS증권_삼성SDI,2026-05-12,LS증권,삼성SDI,에너지솔루션,배터리합계,2026,2Q,영업이익,-138,십억원,incl_unknown,2
2026-05-12_LS증권_삼성SDI,2026-05-12,LS증권,삼성SDI,에너지솔루션,배터리합계,2026,3Q,영업이익,28,십억원,incl_unknown,2
2026-05-12_LS증권_삼성SDI,2026-05-12,LS증권,삼성SDI,에너지솔루션,배터리합계,2026,4Q,영업이익,-356,십억원,incl_unknown,2
2026-05-12_LS증권_삼성SDI,2026-05-12,LS증권,삼성SDI,에너지솔루션,배터리합계,2025,FY,영업이익,-1852,십억원,incl_unknown,2
2026-05-12_LS증권_삼성SDI,2026-05-12,LS증권,삼성SDI,에너지솔루션,배터리합계,2026,FY,영업이익,-643,십억원,incl_unknown,2
2026-05-12_LS증권_삼성SDI,2026-05-12,LS증권,삼성SDI,중대형 전지,중대형,2026,1Q,영업이익,-76,십억원,incl_unknown,2
2026-05-12_LS증권_삼성SDI,2026-05-12,LS증권,삼성SDI,중대형 전지,중대형,2026,2Q,영업이익,-50,십억원,incl_unknown,2
2026-05-12_LS증권_삼성SDI,2026-05-12,LS증권,삼성SDI,중대형 전지,중대형,2026,3Q,영업이익,102,십억원,incl_unknown,2
2026-05-12_LS증권_삼성SDI,2026-05-12,LS증권,삼성SDI,중대형 전지,중대형,2026,4Q,영업이익,15,십억원,incl_unknown,2
2026-05-12_LS증권_삼성SDI,2026-05-12,LS증권,삼성SDI,중대형 전지,중대형,2025,FY,영업이익,-1348,십억원,incl_unknown,2
2026-05-12_LS증권_삼성SDI,2026-05-12,LS증권,삼성SDI,중대형 전지,중대형,2026,FY,영업이익,-9,십억원,incl_unknown,2
2026-05-12_LS증권_삼성SDI,2026-05-12,LS증권,삼성SDI,소형전지,소형,2026,1Q,영업이익,-101,십억원,incl_unknown,2
2026-05-12_LS증권_삼성SDI,2026-05-12,LS증권,삼성SDI,소형전지,소형,2026,2Q,영업이익,-88,십억원,incl_unknown,2
2026-05-12_LS증권_삼성SDI,2026-05-12,LS증권,삼성SDI,소형전지,소형,2026,3Q,영업이익,-74,십억원,incl_unknown,2
2026-05-12_LS증권_삼성SDI,2026-05-12,LS증권,삼성SDI,소형전지,소형,2026,4Q,영업이익,-371,십억원,incl_unknown,2
2026-05-12_LS증권_삼성SDI,2026-05-12,LS증권,삼성SDI,소형전지,소형,2025,FY,영업이익,-504,십억원,incl_unknown,2
2026-05-12_LS증권_삼성SDI,2026-05-12,LS증권,삼성SDI,소형전지,소형,2026,FY,영업이익,-634,십억원,incl_unknown,2
2026-05-12_LS증권_삼성SDI,2026-05-12,LS증권,삼성SDI,전자재료,전자재료,2026,1Q,영업이익,21,십억원,na,2
2026-05-12_LS증권_삼성SDI,2026-05-12,LS증권,삼성SDI,전자재료,전자재료,2026,2Q,영업이익,26,십억원,na,2
2026-05-12_LS증권_삼성SDI,2026-05-12,LS증권,삼성SDI,전자재료,전자재료,2026,3Q,영업이익,32,십억원,na,2
2026-05-12_LS증권_삼성SDI,2026-05-12,LS증권,삼성SDI,전자재료,전자재료,2026,4Q,영업이익,42,십억원,na,2
2026-05-12_LS증권_삼성SDI,2026-05-12,LS증권,삼성SDI,전자재료,전자재료,2025,FY,영업이익,129,십억원,na,2
2026-05-12_LS증권_삼성SDI,2026-05-12,LS증권,삼성SDI,전자재료,전자재료,2026,FY,영업이익,121,십억원,na,2
2026-05-12_LS증권_삼성SDI,2026-05-12,LS증권,삼성SDI,전사,전사,2026,1Q,AMPC,80.5,십억원,na,1
2026-05-13_KB증권_SK온,2026-05-13,KB증권,SK이노베이션,전사,전사,2024,FY,매출,74270,십억원,na,8
2026-05-13_KB증권_SK온,2026-05-13,KB증권,SK이노베이션,전사,전사,2024,FY,영업이익,356,십억원,na,8
2026-05-13_KB증권_SK온,2026-05-13,KB증권,SK이노베이션,전사,전사,2025,FY,매출,80296,십억원,na,1
2026-05-13_KB증권_SK온,2026-05-13,KB증권,SK이노베이션,전사,전사,2025,FY,영업이익,449,십억원,na,1
2026-05-13_KB증권_SK온,2026-05-13,KB증권,SK이노베이션,전사,전사,2026,FY,매출,108357,십억원,na,1
2026-05-13_KB증권_SK온,2026-05-13,KB증권,SK이노베이션,전사,전사,2026,FY,영업이익,6093,십억원,na,1
2026-05-13_KB증권_SK온,2026-05-13,KB증권,SK이노베이션,전사,전사,2027,FY,매출,98329,십억원,na,1
2026-05-13_KB증권_SK온,2026-05-13,KB증권,SK이노베이션,전사,전사,2027,FY,영업이익,3774,십억원,na,1
2026-05-13_KB증권_SK온,2026-05-13,KB증권,SK이노베이션,전사,전사,2028,FY,매출,97364,십억원,na,1
2026-05-13_KB증권_SK온,2026-05-13,KB증권,SK이노베이션,전사,전사,2028,FY,영업이익,4190,십억원,na,1
2026-05-13_KB증권_SK온,2026-05-13,KB증권,SK온,배터리(SK 온),배터리합계,2025,1Q,매출,1605.4,십억원,excl,6
2026-05-13_KB증권_SK온,2026-05-13,KB증권,SK온,배터리(SK 온),배터리합계,2025,2Q,매출,2107.7,십억원,excl,6
2026-05-13_KB증권_SK온,2026-05-13,KB증권,SK온,배터리(SK 온),배터리합계,2025,3Q,매출,1807.9,십억원,excl,6
2026-05-13_KB증권_SK온,2026-05-13,KB증권,SK온,배터리(SK 온),배터리합계,2025,4Q,매출,1457.2,십억원,excl,6
2026-05-13_KB증권_SK온,2026-05-13,KB증권,SK온,배터리(SK 온),배터리합계,2026,1Q,매출,1791.2,십억원,excl,6
2026-05-13_KB증권_SK온,2026-05-13,KB증권,SK온,배터리(SK 온),배터리합계,2026,2Q,매출,1683.7,십억원,excl,6
2026-05-13_KB증권_SK온,2026-05-13,KB증권,SK온,배터리(SK 온),배터리합계,2026,3Q,매출,1602.6,십억원,excl,6
2026-05-13_KB증권_SK온,2026-05-13,KB증권,SK온,배터리(SK 온),배터리합계,2026,4Q,매출,1716.0,십억원,excl,6
2026-05-13_KB증권_SK온,2026-05-13,KB증권,SK온,배터리(SK 온),배터리합계,2024,FY,매출,6266.6,십억원,excl,6
2026-05-13_KB증권_SK온,2026-05-13,KB증권,SK온,배터리(SK 온),배터리합계,2025,FY,매출,6978.2,십억원,excl,6
2026-05-13_KB증권_SK온,2026-05-13,KB증권,SK온,배터리(SK 온),배터리합계,2026,FY,매출,6793.5,십억원,excl,6
2026-05-13_KB증권_SK온,2026-05-13,KB증권,SK온,배터리(SK 온),배터리합계,2027,FY,매출,10135.9,십억원,excl,6
2026-05-13_KB증권_SK온,2026-05-13,KB증권,SK온,SK온 (+AMPC),배터리합계,2025,1Q,영업이익,-299.3,십억원,incl,6
2026-05-13_KB증권_SK온,2026-05-13,KB증권,SK온,SK온 (+AMPC),배터리합계,2025,2Q,영업이익,-66.4,십억원,incl,6
2026-05-13_KB증권_SK온,2026-05-13,KB증권,SK온,SK온 (+AMPC),배터리합계,2025,3Q,영업이익,-124.8,십억원,incl,6
2026-05-13_KB증권_SK온,2026-05-13,KB증권,SK온,SK온 (+AMPC),배터리합계,2025,4Q,영업이익,-441.4,십억원,incl,6
2026-05-13_KB증권_SK온,2026-05-13,KB증권,SK온,SK온 (+AMPC),배터리합계,2026,1Q,영업이익,-349.2,십억원,incl,6
2026-05-13_KB증권_SK온,2026-05-13,KB증권,SK온,SK온 (+AMPC),배터리합계,2026,2Q,영업이익,-325.0,십억원,incl,6
2026-05-13_KB증권_SK온,2026-05-13,KB증권,SK온,SK온 (+AMPC),배터리합계,2026,3Q,영업이익,-323.3,십억원,incl,6
2026-05-13_KB증권_SK온,2026-05-13,KB증권,SK온,SK온 (+AMPC),배터리합계,2026,4Q,영업이익,-284.1,십억원,incl,6
2026-05-13_KB증권_SK온,2026-05-13,KB증권,SK온,SK온 (+AMPC),배터리합계,2024,FY,영업이익,-1127.0,십억원,incl,6
2026-05-13_KB증권_SK온,2026-05-13,KB증권,SK온,SK온 (+AMPC),배터리합계,2025,FY,영업이익,-931.9,십억원,incl,6
2026-05-13_KB증권_SK온,2026-05-13,KB증권,SK온,SK온 (+AMPC),배터리합계,2026,FY,영업이익,-1281.6,십억원,incl,6
2026-05-13_KB증권_SK온,2026-05-13,KB증권,SK온,SK온 (+AMPC),배터리합계,2027,FY,영업이익,41.7,십억원,incl,6
2026-05-13_KB증권_SK온,2026-05-13,KB증권,SK온,(AMPC),배터리합계,2025,1Q,AMPC,170.8,십억원,na,6
2026-05-13_KB증권_SK온,2026-05-13,KB증권,SK온,(AMPC),배터리합계,2025,2Q,AMPC,273.4,십억원,na,6
2026-05-13_KB증권_SK온,2026-05-13,KB증권,SK온,(AMPC),배터리합계,2025,3Q,AMPC,173.1,십억원,na,6
2026-05-13_KB증권_SK온,2026-05-13,KB증권,SK온,(AMPC),배터리합계,2025,4Q,AMPC,101.3,십억원,na,6
2026-05-13_KB증권_SK온,2026-05-13,KB증권,SK온,(AMPC),배터리합계,2026,1Q,AMPC,79.0,십억원,na,6
2026-05-13_KB증권_SK온,2026-05-13,KB증권,SK온,(AMPC),배터리합계,2026,2Q,AMPC,80.1,십억원,na,6
2026-05-13_KB증권_SK온,2026-05-13,KB증권,SK온,(AMPC),배터리합계,2026,3Q,AMPC,136.4,십억원,na,6
2026-05-13_KB증권_SK온,2026-05-13,KB증권,SK온,(AMPC),배터리합계,2026,4Q,AMPC,181.6,십억원,na,6
2026-05-13_KB증권_SK온,2026-05-13,KB증권,SK온,(AMPC),배터리합계,2024,FY,AMPC,292.5,십억원,na,6
2026-05-13_KB증권_SK온,2026-05-13,KB증권,SK온,(AMPC),배터리합계,2025,FY,AMPC,718.6,십억원,na,6
2026-05-13_KB증권_SK온,2026-05-13,KB증권,SK온,(AMPC),배터리합계,2026,FY,AMPC,477.0,십억원,na,6
2026-05-13_KB증권_SK온,2026-05-13,KB증권,SK온,(AMPC),배터리합계,2027,FY,AMPC,1628.3,십억원,na,6
2026-05-14_IBK투자증권_SK온,2026-05-14,IBK투자증권,SK이노베이션,전사,전사,2024,FY,매출,74270,십억원,na,1
2026-05-14_IBK투자증권_SK온,2026-05-14,IBK투자증권,SK이노베이션,전사,전사,2025,FY,매출,80296,십억원,na,1
2026-05-14_IBK투자증권_SK온,2026-05-14,IBK투자증권,SK이노베이션,전사,전사,2026,FY,매출,96662,십억원,na,1
2026-05-14_IBK투자증권_SK온,2026-05-14,IBK투자증권,SK이노베이션,전사,전사,2027,FY,매출,114877,십억원,na,1
2026-05-14_IBK투자증권_SK온,2026-05-14,IBK투자증권,SK이노베이션,전사,전사,2028,FY,매출,96611,십억원,na,1
2026-05-14_IBK투자증권_SK온,2026-05-14,IBK투자증권,SK이노베이션,전사,전사,2024,FY,영업이익,356,십억원,na,1
2026-05-14_IBK투자증권_SK온,2026-05-14,IBK투자증권,SK이노베이션,전사,전사,2025,FY,영업이익,449,십억원,na,1
2026-05-14_IBK투자증권_SK온,2026-05-14,IBK투자증권,SK이노베이션,전사,전사,2026,FY,영업이익,4827,십억원,na,1
2026-05-14_IBK투자증권_SK온,2026-05-14,IBK투자증권,SK이노베이션,전사,전사,2027,FY,영업이익,3895,십억원,na,1
2026-05-14_IBK투자증권_SK온,2026-05-14,IBK투자증권,SK이노베이션,전사,전사,2028,FY,영업이익,4279,십억원,na,1
2026-05-14_IBK투자증권_SK온,2026-05-14,IBK투자증권,SK이노베이션,전사,전사,2025,1Q,매출,21147,십억원,na,2
2026-05-14_IBK투자증권_SK온,2026-05-14,IBK투자증권,SK이노베이션,전사,전사,2025,2Q,매출,19307,십억원,na,2
2026-05-14_IBK투자증권_SK온,2026-05-14,IBK투자증권,SK이노베이션,전사,전사,2025,3Q,매출,20533,십억원,na,2
2026-05-14_IBK투자증권_SK온,2026-05-14,IBK투자증권,SK이노베이션,전사,전사,2025,4Q,매출,19310,십억원,na,2
2026-05-14_IBK투자증권_SK온,2026-05-14,IBK투자증권,SK이노베이션,전사,전사,2026,1Q,매출,24212,십억원,na,2
2026-05-14_IBK투자증권_SK온,2026-05-14,IBK투자증권,SK이노베이션,전사,전사,2026,2Q,매출,23694,십억원,na,2
2026-05-14_IBK투자증권_SK온,2026-05-14,IBK투자증권,SK이노베이션,전사,전사,2026,3Q,매출,24351,십억원,na,2
2026-05-14_IBK투자증권_SK온,2026-05-14,IBK투자증권,SK이노베이션,전사,전사,2026,4Q,매출,24405,십억원,na,2
2026-05-14_IBK투자증권_SK온,2026-05-14,IBK투자증권,SK이노베이션,전사,전사,2025,1Q,영업이익,-45,십억원,na,2
2026-05-14_IBK투자증권_SK온,2026-05-14,IBK투자증권,SK이노베이션,전사,전사,2025,2Q,영업이익,-418,십억원,na,2
2026-05-14_IBK투자증권_SK온,2026-05-14,IBK투자증권,SK이노베이션,전사,전사,2025,3Q,영업이익,573,십억원,na,2
2026-05-14_IBK투자증권_SK온,2026-05-14,IBK투자증권,SK이노베이션,전사,전사,2025,4Q,영업이익,337,십억원,na,2
2026-05-14_IBK투자증권_SK온,2026-05-14,IBK투자증권,SK이노베이션,전사,전사,2026,1Q,영업이익,2162,십억원,na,2
2026-05-14_IBK투자증권_SK온,2026-05-14,IBK투자증권,SK이노베이션,전사,전사,2026,2Q,영업이익,978,십억원,na,2
2026-05-14_IBK투자증권_SK온,2026-05-14,IBK투자증권,SK이노베이션,전사,전사,2026,3Q,영업이익,982,십억원,na,2
2026-05-14_IBK투자증권_SK온,2026-05-14,IBK투자증권,SK이노베이션,전사,전사,2026,4Q,영업이익,705,십억원,na,2
2026-05-14_IBK투자증권_SK온,2026-05-14,IBK투자증권,SK온,배터리(SK온),배터리합계,2026,1Q,영업이익,-349.2,십억원,incl_unknown,1
2026-05-14_iM증권_SK온,2026-05-14,iM증권,SK온,SK-On,배터리합계,2025,1Q,매출,1605,십억원,excl,3
2026-05-14_iM증권_SK온,2026-05-14,iM증권,SK온,SK-On,배터리합계,2025,2Q,매출,2108,십억원,excl,3
2026-05-14_iM증권_SK온,2026-05-14,iM증권,SK온,SK-On,배터리합계,2025,3Q,매출,1808,십억원,excl,3
2026-05-14_iM증권_SK온,2026-05-14,iM증권,SK온,SK-On,배터리합계,2025,4Q,매출,1457,십억원,excl,3
2026-05-14_iM증권_SK온,2026-05-14,iM증권,SK온,SK-On,배터리합계,2026,1Q,매출,1791,십억원,excl,3
2026-05-14_iM증권_SK온,2026-05-14,iM증권,SK온,SK-On,배터리합계,2026,2Q,매출,2383,십억원,excl,3
2026-05-14_iM증권_SK온,2026-05-14,iM증권,SK온,SK-On,배터리합계,2026,3Q,매출,2404,십억원,excl,3
2026-05-14_iM증권_SK온,2026-05-14,iM증권,SK온,SK-On,배터리합계,2026,4Q,매출,2695,십억원,excl,3
2026-05-14_iM증권_SK온,2026-05-14,iM증권,SK온,SK-On,배터리합계,2024,FY,매출,6267,십억원,excl,3
2026-05-14_iM증권_SK온,2026-05-14,iM증권,SK온,SK-On,배터리합계,2025,FY,매출,6978,십억원,excl,3
2026-05-14_iM증권_SK온,2026-05-14,iM증권,SK온,SK-On,배터리합계,2026,FY,매출,9274,십억원,excl,3
2026-05-14_iM증권_SK온,2026-05-14,iM증권,SK온,SK-On (AMPC 반영),배터리합계,2025,1Q,영업이익,-299,십억원,incl,3
2026-05-14_iM증권_SK온,2026-05-14,iM증권,SK온,SK-On (AMPC 반영),배터리합계,2025,2Q,영업이익,-66,십억원,incl,3
2026-05-14_iM증권_SK온,2026-05-14,iM증권,SK온,SK-On (AMPC 반영),배터리합계,2025,3Q,영업이익,-125,십억원,incl,3
2026-05-14_iM증권_SK온,2026-05-14,iM증권,SK온,SK-On (AMPC 반영),배터리합계,2025,4Q,영업이익,-441,십억원,incl,3
2026-05-14_iM증권_SK온,2026-05-14,iM증권,SK온,SK-On (AMPC 반영),배터리합계,2026,1Q,영업이익,-349,십억원,incl,3
2026-05-14_iM증권_SK온,2026-05-14,iM증권,SK온,SK-On (AMPC 반영),배터리합계,2026,2Q,영업이익,-303,십억원,incl,3
2026-05-14_iM증권_SK온,2026-05-14,iM증권,SK온,SK-On (AMPC 반영),배터리합계,2026,3Q,영업이익,-200,십억원,incl,3
2026-05-14_iM증권_SK온,2026-05-14,iM증권,SK온,SK-On (AMPC 반영),배터리합계,2026,4Q,영업이익,-140,십억원,incl,3
2026-05-14_iM증권_SK온,2026-05-14,iM증권,SK온,SK-On (AMPC 반영),배터리합계,2024,FY,영업이익,-1127,십억원,incl,3
2026-05-14_iM증권_SK온,2026-05-14,iM증권,SK온,SK-On (AMPC 반영),배터리합계,2025,FY,영업이익,-932,십억원,incl,3
2026-05-14_iM증권_SK온,2026-05-14,iM증권,SK온,SK-On (AMPC 반영),배터리합계,2026,FY,영업이익,-992,십억원,incl,3
2026-05-14_iM증권_SK온,2026-05-14,iM증권,SK온,SK-On(AMPC 제외),배터리합계,2025,1Q,영업이익,-477,십억원,excl,3
2026-05-14_iM증권_SK온,2026-05-14,iM증권,SK온,SK-On(AMPC 제외),배터리합계,2025,2Q,영업이익,-340,십억원,excl,3
2026-05-14_iM증권_SK온,2026-05-14,iM증권,SK온,SK-On(AMPC 제외),배터리합계,2025,3Q,영업이익,-298,십억원,excl,3
2026-05-14_iM증권_SK온,2026-05-14,iM증권,SK온,SK-On(AMPC 제외),배터리합계,2025,4Q,영업이익,-543,십억원,excl,3
2026-05-14_iM증권_SK온,2026-05-14,iM증권,SK온,SK-On(AMPC 제외),배터리합계,2026,1Q,영업이익,-428,십억원,excl,3
2026-05-14_iM증권_SK온,2026-05-14,iM증권,SK온,SK-On(AMPC 제외),배터리합계,2026,2Q,영업이익,-393,십억원,excl,3
2026-05-14_iM증권_SK온,2026-05-14,iM증권,SK온,SK-On(AMPC 제외),배터리합계,2026,3Q,영업이익,-361,십억원,excl,3
2026-05-14_iM증권_SK온,2026-05-14,iM증권,SK온,SK-On(AMPC 제외),배터리합계,2026,4Q,영업이익,-323,십억원,excl,3
2026-05-14_iM증권_SK온,2026-05-14,iM증권,SK온,SK-On(AMPC 제외),배터리합계,2024,FY,영업이익,-1420,십억원,excl,3
2026-05-14_iM증권_SK온,2026-05-14,iM증권,SK온,SK-On(AMPC 제외),배터리합계,2025,FY,영업이익,-1658,십억원,excl,3
2026-05-14_iM증권_SK온,2026-05-14,iM증권,SK온,SK-On(AMPC 제외),배터리합계,2026,FY,영업이익,-1505,십억원,excl,3
2026-05-14_iM증권_SK온,2026-05-14,iM증권,SK온,AMPC 추정,배터리합계,2025,1Q,AMPC,178.0,십억원,na,3
2026-05-14_iM증권_SK온,2026-05-14,iM증권,SK온,AMPC 추정,배터리합계,2025,2Q,AMPC,273.4,십억원,na,3
2026-05-14_iM증권_SK온,2026-05-14,iM증권,SK온,AMPC 추정,배터리합계,2025,3Q,AMPC,173.1,십억원,na,3
2026-05-14_iM증권_SK온,2026-05-14,iM증권,SK온,AMPC 추정,배터리합계,2025,4Q,AMPC,101.3,십억원,na,3
2026-05-14_iM증권_SK온,2026-05-14,iM증권,SK온,AMPC 추정,배터리합계,2026,1Q,AMPC,79.0,십억원,na,3
2026-05-14_iM증권_SK온,2026-05-14,iM증권,SK온,AMPC 추정,배터리합계,2026,2Q,AMPC,90.2,십억원,na,3
2026-05-14_iM증권_SK온,2026-05-14,iM증권,SK온,AMPC 추정,배터리합계,2026,3Q,AMPC,160.7,십억원,na,3
2026-05-14_iM증권_SK온,2026-05-14,iM증권,SK온,AMPC 추정,배터리합계,2026,4Q,AMPC,183.6,십억원,na,3
2026-05-14_iM증권_SK온,2026-05-14,iM증권,SK온,AMPC 추정,배터리합계,2024,FY,AMPC,292.5,십억원,na,3
2026-05-14_iM증권_SK온,2026-05-14,iM증권,SK온,AMPC 추정,배터리합계,2025,FY,AMPC,725.8,십억원,na,3
2026-05-14_iM증권_SK온,2026-05-14,iM증권,SK온,AMPC 추정,배터리합계,2026,FY,AMPC,513.5,십억원,na,3
2026-05-14_iM증권_SK온,2026-05-14,iM증권,SK이노베이션,합계,전사,2025,1Q,매출,21147,십억원,excl,3
2026-05-14_iM증권_SK온,2026-05-14,iM증권,SK이노베이션,합계,전사,2025,1Q,영업이익,-45,십억원,incl,3
2026-05-14_iM증권_SK온,2026-05-14,iM증권,SK이노베이션,합계,전사,2025,2Q,매출,19307,십억원,excl,3
2026-05-14_iM증권_SK온,2026-05-14,iM증권,SK이노베이션,합계,전사,2025,2Q,영업이익,-418,십억원,incl,3
2026-05-14_iM증권_SK온,2026-05-14,iM증권,SK이노베이션,합계,전사,2025,3Q,매출,20533,십억원,excl,3
2026-05-14_iM증권_SK온,2026-05-14,iM증권,SK이노베이션,합계,전사,2025,3Q,영업이익,573,십억원,incl,3
2026-05-14_iM증권_SK온,2026-05-14,iM증권,SK이노베이션,합계,전사,2025,4Q,매출,19671,십억원,excl,3
2026-05-14_iM증권_SK온,2026-05-14,iM증권,SK이노베이션,합계,전사,2025,4Q,영업이익,295,십억원,incl,3
2026-05-14_iM증권_SK온,2026-05-14,iM증권,SK이노베이션,합계,전사,2026,1Q,매출,24212,십억원,excl,3
2026-05-14_iM증권_SK온,2026-05-14,iM증권,SK이노베이션,합계,전사,2026,1Q,영업이익,2162,십억원,incl,3
2026-05-14_iM증권_SK온,2026-05-14,iM증권,SK이노베이션,합계,전사,2026,2Q,매출,26926,십억원,excl,3
2026-05-14_iM증권_SK온,2026-05-14,iM증권,SK이노베이션,합계,전사,2026,2Q,영업이익,644,십억원,incl,3
2026-05-14_iM증권_SK온,2026-05-14,iM증권,SK이노베이션,합계,전사,2026,3Q,매출,25528,십억원,excl,3
2026-05-14_iM증권_SK온,2026-05-14,iM증권,SK이노베이션,합계,전사,2026,3Q,영업이익,444,십억원,incl,3
2026-05-14_iM증권_SK온,2026-05-14,iM증권,SK이노베이션,합계,전사,2026,4Q,매출,25634,십억원,excl,3
2026-05-14_iM증권_SK온,2026-05-14,iM증권,SK이노베이션,합계,전사,2026,4Q,영업이익,615,십억원,incl,3
2026-05-14_iM증권_SK온,2026-05-14,iM증권,SK이노베이션,합계,전사,2024,FY,매출,74270,십억원,excl,3
2026-05-14_iM증권_SK온,2026-05-14,iM증권,SK이노베이션,합계,전사,2024,FY,영업이익,356,십억원,incl,3
2026-05-14_iM증권_SK온,2026-05-14,iM증권,SK이노베이션,합계,전사,2025,FY,매출,80658,십억원,excl,3
2026-05-14_iM증권_SK온,2026-05-14,iM증권,SK이노베이션,합계,전사,2025,FY,영업이익,406,십억원,incl,3
2026-05-14_iM증권_SK온,2026-05-14,iM증권,SK이노베이션,연결 요약재무제표,전사,2025,FY,매출,80296,십억원,excl,7
2026-05-14_iM증권_SK온,2026-05-14,iM증권,SK이노베이션,연결 요약재무제표,전사,2025,FY,영업이익,449,십억원,incl,7
2026-05-14_iM증권_SK온,2026-05-14,iM증권,SK이노베이션,연결 요약재무제표,전사,2026,FY,매출,102300,십억원,excl,7
2026-05-14_iM증권_SK온,2026-05-14,iM증권,SK이노베이션,연결 요약재무제표,전사,2026,FY,영업이익,3865,십억원,incl,7
2026-05-14_iM증권_SK온,2026-05-14,iM증권,SK이노베이션,연결 요약재무제표,전사,2027,FY,매출,92631,십억원,excl,7
2026-05-14_iM증권_SK온,2026-05-14,iM증권,SK이노베이션,연결 요약재무제표,전사,2027,FY,영업이익,2155,십억원,incl,7
2026-05-14_iM증권_SK온,2026-05-14,iM증권,SK이노베이션,연결 요약재무제표,전사,2028,FY,매출,84473,십억원,excl,7
2026-05-14_iM증권_SK온,2026-05-14,iM증권,SK이노베이션,연결 요약재무제표,전사,2028,FY,영업이익,3457,십억원,incl,7
2026-05-14_메리츠증권_SK온,2026-05-14,메리츠증권,SK이노베이션,전사,전사,2024,FY,매출,74269.7,십억원,incl_unknown,4
2026-05-14_메리츠증권_SK온,2026-05-14,메리츠증권,SK이노베이션,전사,전사,2024,FY,영업이익,355.7,십억원,incl_unknown,4
2026-05-14_메리츠증권_SK온,2026-05-14,메리츠증권,SK이노베이션,전사,전사,2025,FY,매출,80296.1,십억원,incl_unknown,3
2026-05-14_메리츠증권_SK온,2026-05-14,메리츠증권,SK이노베이션,전사,전사,2025,FY,영업이익,448.7,십억원,incl,3
2026-05-14_메리츠증권_SK온,2026-05-14,메리츠증권,SK이노베이션,전사,전사,2026,FY,매출,100072.5,십억원,incl_unknown,3
2026-05-14_메리츠증권_SK온,2026-05-14,메리츠증권,SK이노베이션,전사,전사,2026,FY,영업이익,5298.4,십억원,incl,3
2026-05-14_메리츠증권_SK온,2026-05-14,메리츠증권,SK이노베이션,전사,전사,2027,FY,매출,95780.6,십억원,incl_unknown,3
2026-05-14_메리츠증권_SK온,2026-05-14,메리츠증권,SK이노베이션,전사,전사,2027,FY,영업이익,3154.5,십억원,incl,3
2026-05-14_메리츠증권_SK온,2026-05-14,메리츠증권,SK이노베이션,전사,전사,2028,FY,매출,92205.6,십억원,incl_unknown,4
2026-05-14_메리츠증권_SK온,2026-05-14,메리츠증권,SK이노베이션,전사,전사,2028,FY,영업이익,2944.9,십억원,incl,4
2026-05-14_메리츠증권_SK온,2026-05-14,메리츠증권,SK이노베이션,전사,전사,2025,1Q,매출,21146.6,십억원,incl_unknown,3
2026-05-14_메리츠증권_SK온,2026-05-14,메리츠증권,SK이노베이션,전사,전사,2025,1Q,영업이익,-44.6,십억원,incl,3
2026-05-14_메리츠증권_SK온,2026-05-14,메리츠증권,SK이노베이션,전사,전사,2025,2Q,매출,19306.6,십억원,incl_unknown,3
2026-05-14_메리츠증권_SK온,2026-05-14,메리츠증권,SK이노베이션,전사,전사,2025,2Q,영업이익,-417.6,십억원,incl,3
2026-05-14_메리츠증권_SK온,2026-05-14,메리츠증권,SK이노베이션,전사,전사,2025,3Q,매출,20533.2,십억원,incl_unknown,3
2026-05-14_메리츠증권_SK온,2026-05-14,메리츠증권,SK이노베이션,전사,전사,2025,3Q,영업이익,573.5,십억원,incl,3
2026-05-14_메리츠증권_SK온,2026-05-14,메리츠증권,SK이노베이션,전사,전사,2025,4Q,매출,19309.7,십억원,incl_unknown,3
2026-05-14_메리츠증권_SK온,2026-05-14,메리츠증권,SK이노베이션,전사,전사,2025,4Q,영업이익,337.4,십억원,incl,3
2026-05-14_메리츠증권_SK온,2026-05-14,메리츠증권,SK이노베이션,전사,전사,2026,1Q,매출,24212.1,십억원,incl_unknown,2
2026-05-14_메리츠증권_SK온,2026-05-14,메리츠증권,SK이노베이션,전사,전사,2026,1Q,영업이익,2162.2,십억원,incl,2
2026-05-14_메리츠증권_SK온,2026-05-14,메리츠증권,SK이노베이션,전사,전사,2026,2Q,매출,25567.7,십억원,incl_unknown,3
2026-05-14_메리츠증권_SK온,2026-05-14,메리츠증권,SK이노베이션,전사,전사,2026,2Q,영업이익,1179.5,십억원,incl,3
2026-05-14_메리츠증권_SK온,2026-05-14,메리츠증권,SK이노베이션,전사,전사,2026,3Q,매출,25237.0,십억원,incl_unknown,3
2026-05-14_메리츠증권_SK온,2026-05-14,메리츠증권,SK이노베이션,전사,전사,2026,3Q,영업이익,1063.5,십억원,incl,3
2026-05-14_메리츠증권_SK온,2026-05-14,메리츠증권,SK이노베이션,전사,전사,2026,4Q,매출,25055.7,십억원,incl_unknown,3
2026-05-14_메리츠증권_SK온,2026-05-14,메리츠증권,SK이노베이션,전사,전사,2026,4Q,영업이익,893.2,십억원,incl,3
2026-05-14_메리츠증권_SK온,2026-05-14,메리츠증권,SK온,SK On(배터리),배터리합계,2025,1Q,매출,1605.4,십억원,incl_unknown,3
2026-05-14_메리츠증권_SK온,2026-05-14,메리츠증권,SK온,SK On(배터리),배터리합계,2025,1Q,영업이익,-299.3,십억원,incl,3
2026-05-14_메리츠증권_SK온,2026-05-14,메리츠증권,SK온,SK On(배터리),배터리합계,2025,1Q,AMPC,170.8,십억원,na,3
2026-05-14_메리츠증권_SK온,2026-05-14,메리츠증권,SK온,SK On(배터리),배터리합계,2025,2Q,매출,2107.7,십억원,incl_unknown,3
2026-05-14_메리츠증권_SK온,2026-05-14,메리츠증권,SK온,SK On(배터리),배터리합계,2025,2Q,영업이익,-66.4,십억원,incl,3
2026-05-14_메리츠증권_SK온,2026-05-14,메리츠증권,SK온,SK On(배터리),배터리합계,2025,2Q,AMPC,173.2,십억원,na,3
2026-05-14_메리츠증권_SK온,2026-05-14,메리츠증권,SK온,SK On(배터리),배터리합계,2025,3Q,매출,1807.9,십억원,incl_unknown,3
2026-05-14_메리츠증권_SK온,2026-05-14,메리츠증권,SK온,SK On(배터리),배터리합계,2025,3Q,영업이익,-124.8,십억원,incl,3
2026-05-14_메리츠증권_SK온,2026-05-14,메리츠증권,SK온,SK On(배터리),배터리합계,2025,3Q,AMPC,143.3,십억원,na,3
2026-05-14_메리츠증권_SK온,2026-05-14,메리츠증권,SK온,SK On(배터리),배터리합계,2025,4Q,매출,1457.2,십억원,incl_unknown,3
2026-05-14_메리츠증권_SK온,2026-05-14,메리츠증권,SK온,SK On(배터리),배터리합계,2025,4Q,영업이익,-441.4,십억원,incl,3
2026-05-14_메리츠증권_SK온,2026-05-14,메리츠증권,SK온,SK On(배터리),배터리합계,2025,4Q,AMPC,115.0,십억원,na,3
2026-05-14_메리츠증권_SK온,2026-05-14,메리츠증권,SK온,SK On(배터리),배터리합계,2026,1Q,매출,1791.2,십억원,incl_unknown,1
2026-05-14_메리츠증권_SK온,2026-05-14,메리츠증권,SK온,SK On(배터리),배터리합계,2026,1Q,영업이익,-349.2,십억원,incl,1
2026-05-14_메리츠증권_SK온,2026-05-14,메리츠증권,SK온,SK On(배터리),배터리합계,2026,1Q,AMPC,97.7,십억원,na,3
2026-05-14_메리츠증권_SK온,2026-05-14,메리츠증권,SK온,SK On(배터리),배터리합계,2026,2Q,매출,1790.5,십억원,incl_unknown,3
2026-05-14_메리츠증권_SK온,2026-05-14,메리츠증권,SK온,SK On(배터리),배터리합계,2026,2Q,영업이익,-324.6,십억원,incl,3
2026-05-14_메리츠증권_SK온,2026-05-14,메리츠증권,SK온,SK On(배터리),배터리합계,2026,2Q,AMPC,97.5,십억원,na,3
2026-05-14_메리츠증권_SK온,2026-05-14,메리츠증권,SK온,SK On(배터리),배터리합계,2026,3Q,매출,1883.0,십억원,incl_unknown,3
2026-05-14_메리츠증권_SK온,2026-05-14,메리츠증권,SK온,SK On(배터리),배터리합계,2026,3Q,영업이익,-317.3,십억원,incl,3
2026-05-14_메리츠증권_SK온,2026-05-14,메리츠증권,SK온,SK On(배터리),배터리합계,2026,3Q,AMPC,97.4,십억원,na,3
2026-05-14_메리츠증권_SK온,2026-05-14,메리츠증권,SK온,SK On(배터리),배터리합계,2026,4Q,매출,1862.0,십억원,incl_unknown,3
2026-05-14_메리츠증권_SK온,2026-05-14,메리츠증권,SK온,SK On(배터리),배터리합계,2026,4Q,영업이익,-296.3,십억원,incl,3
2026-05-14_메리츠증권_SK온,2026-05-14,메리츠증권,SK온,SK On(배터리),배터리합계,2026,4Q,AMPC,97.2,십억원,na,3
2026-05-14_메리츠증권_SK온,2026-05-14,메리츠증권,SK온,SK On(배터리),배터리합계,2025,FY,매출,6978.2,십억원,incl_unknown,3
2026-05-14_메리츠증권_SK온,2026-05-14,메리츠증권,SK온,SK On(배터리),배터리합계,2025,FY,영업이익,-931.9,십억원,incl,3
2026-05-14_메리츠증권_SK온,2026-05-14,메리츠증권,SK온,SK On(배터리),배터리합계,2025,FY,AMPC,602.3,십억원,na,3
2026-05-14_메리츠증권_SK온,2026-05-14,메리츠증권,SK온,SK On(배터리),배터리합계,2026,FY,매출,7326.7,십억원,incl_unknown,3
2026-05-14_메리츠증권_SK온,2026-05-14,메리츠증권,SK온,SK On(배터리),배터리합계,2026,FY,영업이익,-1287.4,십억원,incl,3
2026-05-14_메리츠증권_SK온,2026-05-14,메리츠증권,SK온,SK On(배터리),배터리합계,2026,FY,AMPC,389.9,십억원,na,3
2026-05-14_메리츠증권_SK온,2026-05-14,메리츠증권,SK온,SK On(배터리),배터리합계,2027,FY,매출,8093.0,십억원,incl_unknown,3
2026-05-14_메리츠증권_SK온,2026-05-14,메리츠증권,SK온,SK On(배터리),배터리합계,2027,FY,영업이익,-1035.3,십억원,incl,3
2026-05-14_메리츠증권_SK온,2026-05-14,메리츠증권,SK온,SK On(배터리),배터리합계,2027,FY,AMPC,402.8,십억원,na,3
2026-05-14_신한투자증권_SK온,2026-05-14,신한투자증권,SK이노베이션,전사,전사,2024,FY,매출,74717.0,십억원,incl_unknown,1
2026-05-14_신한투자증권_SK온,2026-05-14,신한투자증권,SK이노베이션,전사,전사,2024,FY,영업이익,315.5,십억원,incl,1
2026-05-14_신한투자증권_SK온,2026-05-14,신한투자증권,SK이노베이션,전사,전사,2025,FY,매출,80543.3,십억원,incl_unknown,1
2026-05-14_신한투자증권_SK온,2026-05-14,신한투자증권,SK이노베이션,전사,전사,2025,FY,영업이익,418.2,십억원,incl,1
2026-05-14_신한투자증권_SK온,2026-05-14,신한투자증권,SK이노베이션,전사,전사,2026,FY,매출,100896.0,십억원,incl_unknown,1
2026-05-14_신한투자증권_SK온,2026-05-14,신한투자증권,SK이노베이션,전사,전사,2026,FY,영업이익,4611.9,십억원,incl,1
2026-05-14_신한투자증권_SK온,2026-05-14,신한투자증권,SK이노베이션,전사,전사,2027,FY,매출,87685.3,십억원,incl_unknown,1
2026-05-14_신한투자증권_SK온,2026-05-14,신한투자증권,SK이노베이션,전사,전사,2027,FY,영업이익,2979.1,십억원,incl,1
2026-05-14_신한투자증권_SK온,2026-05-14,신한투자증권,SK이노베이션,전사,전사,2028,FY,매출,84442.8,십억원,incl_unknown,1
2026-05-14_신한투자증권_SK온,2026-05-14,신한투자증권,SK이노베이션,전사,전사,2028,FY,영업이익,4811.4,십억원,incl,1
2026-05-14_신한투자증권_SK온,2026-05-14,신한투자증권,SK이노베이션,전사,전사,2025,1Q,매출,21146.6,십억원,incl_unknown,2
2026-05-14_신한투자증권_SK온,2026-05-14,신한투자증권,SK이노베이션,전사,전사,2025,1Q,영업이익,-44.6,십억원,incl,2
2026-05-14_신한투자증권_SK온,2026-05-14,신한투자증권,SK이노베이션,전사,전사,2025,2Q,매출,19306.6,십억원,incl_unknown,2
2026-05-14_신한투자증권_SK온,2026-05-14,신한투자증권,SK이노베이션,전사,전사,2025,2Q,영업이익,-417.6,십억원,incl,2
2026-05-14_신한투자증권_SK온,2026-05-14,신한투자증권,SK이노베이션,전사,전사,2025,3Q,매출,20418.8,십억원,incl_unknown,2
2026-05-14_신한투자증권_SK온,2026-05-14,신한투자증권,SK이노베이션,전사,전사,2025,3Q,영업이익,585.7,십억원,incl,2
2026-05-14_신한투자증권_SK온,2026-05-14,신한투자증권,SK이노베이션,전사,전사,2025,4Q,매출,19671.3,십억원,incl_unknown,2
2026-05-14_신한투자증권_SK온,2026-05-14,신한투자증권,SK이노베이션,전사,전사,2025,4Q,영업이익,294.7,십억원,incl,2
2026-05-14_신한투자증권_SK온,2026-05-14,신한투자증권,SK이노베이션,전사,전사,2026,1Q,매출,24212.1,십억원,incl_unknown,2
2026-05-14_신한투자증권_SK온,2026-05-14,신한투자증권,SK이노베이션,전사,전사,2026,1Q,영업이익,2162.2,십억원,incl,2
2026-05-14_신한투자증권_SK온,2026-05-14,신한투자증권,SK이노베이션,전사,전사,2026,2Q,매출,28032.0,십억원,incl_unknown,2
2026-05-14_신한투자증권_SK온,2026-05-14,신한투자증권,SK이노베이션,전사,전사,2026,2Q,영업이익,921.6,십억원,incl,2
2026-05-14_신한투자증권_SK온,2026-05-14,신한투자증권,SK이노베이션,전사,전사,2026,3Q,매출,24863.4,십억원,incl_unknown,2
2026-05-14_신한투자증권_SK온,2026-05-14,신한투자증권,SK이노베이션,전사,전사,2026,3Q,영업이익,907.0,십억원,incl,2
2026-05-14_신한투자증권_SK온,2026-05-14,신한투자증권,SK이노베이션,전사,전사,2026,4Q,매출,23788.5,십억원,incl_unknown,2
2026-05-14_신한투자증권_SK온,2026-05-14,신한투자증권,SK이노베이션,전사,전사,2026,4Q,영업이익,621.1,십억원,incl,2
2026-05-14_신한투자증권_SK온,2026-05-14,신한투자증권,SK온,배터리,배터리합계,2025,1Q,매출,1605.4,십억원,incl_unknown,2
2026-05-14_신한투자증권_SK온,2026-05-14,신한투자증권,SK온,배터리,배터리합계,2025,1Q,영업이익,-299.3,십억원,incl,2
2026-05-14_신한투자증권_SK온,2026-05-14,신한투자증권,SK온,배터리,배터리합계,2025,1Q,AMPC,170.8,십억원,na,2
2026-05-14_신한투자증권_SK온,2026-05-14,신한투자증권,SK온,배터리,배터리합계,2025,2Q,매출,2107.7,십억원,incl_unknown,2
2026-05-14_신한투자증권_SK온,2026-05-14,신한투자증권,SK온,배터리,배터리합계,2025,2Q,영업이익,-66.4,십억원,incl,2
2026-05-14_신한투자증권_SK온,2026-05-14,신한투자증권,SK온,배터리,배터리합계,2025,2Q,AMPC,273.4,십억원,na,2
2026-05-14_신한투자증권_SK온,2026-05-14,신한투자증권,SK온,배터리,배터리합계,2025,3Q,매출,1807.9,십억원,incl_unknown,2
2026-05-14_신한투자증권_SK온,2026-05-14,신한투자증권,SK온,배터리,배터리합계,2025,3Q,영업이익,-124.8,십억원,incl,2
2026-05-14_신한투자증권_SK온,2026-05-14,신한투자증권,SK온,배터리,배터리합계,2025,3Q,AMPC,173.1,십억원,na,2
2026-05-14_신한투자증권_SK온,2026-05-14,신한투자증권,SK온,배터리,배터리합계,2025,4Q,매출,1457.2,십억원,incl_unknown,2
2026-05-14_신한투자증권_SK온,2026-05-14,신한투자증권,SK온,배터리,배터리합계,2025,4Q,영업이익,-441.4,십억원,incl,2
2026-05-14_신한투자증권_SK온,2026-05-14,신한투자증권,SK온,배터리,배터리합계,2025,4Q,AMPC,101.3,십억원,na,2
2026-05-14_신한투자증권_SK온,2026-05-14,신한투자증권,SK온,배터리,배터리합계,2026,1Q,매출,1791.2,십억원,incl_unknown,2
2026-05-14_신한투자증권_SK온,2026-05-14,신한투자증권,SK온,배터리,배터리합계,2026,1Q,영업이익,-349.2,십억원,incl,2
2026-05-14_신한투자증권_SK온,2026-05-14,신한투자증권,SK온,배터리,배터리합계,2026,1Q,AMPC,79.0,십억원,na,2
2026-05-14_신한투자증권_SK온,2026-05-14,신한투자증권,SK온,배터리,배터리합계,2026,2Q,매출,1567.0,십억원,incl_unknown,2
2026-05-14_신한투자증권_SK온,2026-05-14,신한투자증권,SK온,배터리,배터리합계,2026,2Q,영업이익,-375.7,십억원,incl,2
2026-05-14_신한투자증권_SK온,2026-05-14,신한투자증권,SK온,배터리,배터리합계,2026,2Q,AMPC,77.2,십억원,na,2
2026-05-14_신한투자증권_SK온,2026-05-14,신한투자증권,SK온,배터리,배터리합계,2026,3Q,매출,1776.7,십억원,incl_unknown,2
2026-05-14_신한투자증권_SK온,2026-05-14,신한투자증권,SK온,배터리,배터리합계,2026,3Q,영업이익,-254.0,십억원,incl,2
2026-05-14_신한투자증권_SK온,2026-05-14,신한투자증권,SK온,배터리,배터리합계,2026,3Q,AMPC,81.9,십억원,na,2
2026-05-14_신한투자증권_SK온,2026-05-14,신한투자증권,SK온,배터리,배터리합계,2026,4Q,매출,1726.9,십억원,incl_unknown,2
2026-05-14_신한투자증권_SK온,2026-05-14,신한투자증권,SK온,배터리,배터리합계,2026,4Q,영업이익,-214.9,십억원,incl,2
2026-05-14_신한투자증권_SK온,2026-05-14,신한투자증권,SK온,배터리,배터리합계,2026,4Q,AMPC,111.6,십억원,na,2
2026-05-14_신한투자증권_SK온,2026-05-14,신한투자증권,SK온,배터리,배터리합계,2024,FY,매출,6266.6,십억원,incl_unknown,2
2026-05-14_신한투자증권_SK온,2026-05-14,신한투자증권,SK온,배터리,배터리합계,2024,FY,영업이익,-1127.0,십억원,incl,2
2026-05-14_신한투자증권_SK온,2026-05-14,신한투자증권,SK온,배터리,배터리합계,2024,FY,AMPC,292.4,십억원,na,2
2026-05-14_신한투자증권_SK온,2026-05-14,신한투자증권,SK온,배터리,배터리합계,2025,FY,매출,6978.2,십억원,incl_unknown,2
2026-05-14_신한투자증권_SK온,2026-05-14,신한투자증권,SK온,배터리,배터리합계,2025,FY,영업이익,-931.9,십억원,incl,2
2026-05-14_신한투자증권_SK온,2026-05-14,신한투자증권,SK온,배터리,배터리합계,2025,FY,AMPC,718.6,십억원,na,2
2026-05-14_신한투자증권_SK온,2026-05-14,신한투자증권,SK온,배터리,배터리합계,2026,FY,매출,6861.8,십억원,incl_unknown,2
2026-05-14_신한투자증권_SK온,2026-05-14,신한투자증권,SK온,배터리,배터리합계,2026,FY,영업이익,-1193.8,십억원,incl,2
2026-05-14_신한투자증권_SK온,2026-05-14,신한투자증권,SK온,배터리,배터리합계,2026,FY,AMPC,349.7,십억원,na,2
2026-05-14_신한투자증권_SK온,2026-05-14,신한투자증권,SK온,배터리,배터리합계,2027,FY,매출,10159.8,십억원,incl_unknown,2
2026-05-14_신한투자증권_SK온,2026-05-14,신한투자증권,SK온,배터리,배터리합계,2027,FY,영업이익,159.1,십억원,incl,2
2026-05-14_신한투자증권_SK온,2026-05-14,신한투자증권,SK온,배터리,배터리합계,2027,FY,AMPC,434.5,십억원,na,2
2026-05-14_유진투자증권_SK온,2026-05-14,유진투자증권,SK이노베이션,전사,전사,2025,1Q,매출,21147,십억원,incl_unknown,6
2026-05-14_유진투자증권_SK온,2026-05-14,유진투자증권,SK이노베이션,전사,전사,2025,1Q,영업이익,-45,십억원,incl_unknown,6
2026-05-14_유진투자증권_SK온,2026-05-14,유진투자증권,SK이노베이션,전사,전사,2025,2Q,매출,19059,십억원,incl_unknown,6
2026-05-14_유진투자증권_SK온,2026-05-14,유진투자증권,SK이노베이션,전사,전사,2025,2Q,영업이익,-418,십억원,incl_unknown,6
2026-05-14_유진투자증권_SK온,2026-05-14,유진투자증권,SK이노베이션,전사,전사,2025,3Q,매출,20419,십억원,incl_unknown,6
2026-05-14_유진투자증권_SK온,2026-05-14,유진투자증권,SK이노베이션,전사,전사,2025,3Q,영업이익,586,십억원,incl_unknown,6
2026-05-14_유진투자증권_SK온,2026-05-14,유진투자증권,SK이노베이션,전사,전사,2025,4Q,매출,19310,십억원,incl_unknown,6
2026-05-14_유진투자증권_SK온,2026-05-14,유진투자증권,SK이노베이션,전사,전사,2025,4Q,영업이익,337,십억원,incl_unknown,6
2026-05-14_유진투자증권_SK온,2026-05-14,유진투자증권,SK이노베이션,전사,전사,2026,1Q,매출,24212,십억원,excl,6
2026-05-14_유진투자증권_SK온,2026-05-14,유진투자증권,SK이노베이션,전사,전사,2026,1Q,영업이익,2162,십억원,incl,6
2026-05-14_유진투자증권_SK온,2026-05-14,유진투자증권,SK이노베이션,전사,전사,2026,2Q,매출,25355,십억원,incl_unknown,6
2026-05-14_유진투자증권_SK온,2026-05-14,유진투자증권,SK이노베이션,전사,전사,2026,2Q,영업이익,913,십억원,incl_unknown,6
2026-05-14_유진투자증권_SK온,2026-05-14,유진투자증권,SK이노베이션,전사,전사,2026,3Q,매출,25669,십억원,incl_unknown,6
2026-05-14_유진투자증권_SK온,2026-05-14,유진투자증권,SK이노베이션,전사,전사,2026,3Q,영업이익,869,십억원,incl_unknown,6
2026-05-14_유진투자증권_SK온,2026-05-14,유진투자증권,SK이노베이션,전사,전사,2026,4Q,매출,24575,십억원,incl_unknown,6
2026-05-14_유진투자증권_SK온,2026-05-14,유진투자증권,SK이노베이션,전사,전사,2026,4Q,영업이익,739,십억원,incl_unknown,6
2026-05-14_유진투자증권_SK온,2026-05-14,유진투자증권,SK이노베이션,전사,전사,2024,FY,매출,74270,십억원,incl_unknown,7
2026-05-14_유진투자증권_SK온,2026-05-14,유진투자증권,SK이노베이션,전사,전사,2024,FY,영업이익,63,십억원,incl_unknown,7
2026-05-14_유진투자증권_SK온,2026-05-14,유진투자증권,SK이노베이션,전사,전사,2025,FY,매출,80296,십억원,incl_unknown,6
2026-05-14_유진투자증권_SK온,2026-05-14,유진투자증권,SK이노베이션,전사,전사,2025,FY,영업이익,-270,십억원,incl_unknown,6
2026-05-14_유진투자증권_SK온,2026-05-14,유진투자증권,SK이노베이션,전사,전사,2026,FY,매출,99811,십억원,excl,6
2026-05-14_유진투자증권_SK온,2026-05-14,유진투자증권,SK이노베이션,전사,전사,2026,FY,영업이익,4683,십억원,incl,6
2026-05-14_유진투자증권_SK온,2026-05-14,유진투자증권,SK이노베이션,전사,전사,2027,FY,매출,95946,십억원,incl_unknown,6
2026-05-14_유진투자증권_SK온,2026-05-14,유진투자증권,SK이노베이션,전사,전사,2027,FY,영업이익,2182,십억원,incl_unknown,6
2026-05-14_유진투자증권_SK온,2026-05-14,유진투자증권,SK이노베이션,전사,전사,2028,FY,매출,101127,십억원,incl_unknown,7
2026-05-14_유진투자증권_SK온,2026-05-14,유진투자증권,SK이노베이션,전사,전사,2028,FY,영업이익,2409,십억원,incl_unknown,7
2026-05-14_유진투자증권_SK온,2026-05-14,유진투자증권,SK온,배터리,배터리합계,2025,1Q,매출,1605,십억원,excl,6
2026-05-14_유진투자증권_SK온,2026-05-14,유진투자증권,SK온,배터리,배터리합계,2025,1Q,영업이익,-299,십억원,incl_unknown,6
2026-05-14_유진투자증권_SK온,2026-05-14,유진투자증권,SK온,배터리,배터리합계,2025,2Q,매출,2108,십억원,excl,6
2026-05-14_유진투자증권_SK온,2026-05-14,유진투자증권,SK온,배터리,배터리합계,2025,2Q,영업이익,-66,십억원,incl_unknown,6
2026-05-14_유진투자증권_SK온,2026-05-14,유진투자증권,SK온,배터리,배터리합계,2025,3Q,매출,1808,십억원,excl,6
2026-05-14_유진투자증권_SK온,2026-05-14,유진투자증권,SK온,배터리,배터리합계,2025,3Q,영업이익,-125,십억원,incl_unknown,6
2026-05-14_유진투자증권_SK온,2026-05-14,유진투자증권,SK온,배터리,배터리합계,2025,4Q,매출,1457,십억원,excl,6
2026-05-14_유진투자증권_SK온,2026-05-14,유진투자증권,SK온,배터리,배터리합계,2025,4Q,영업이익,-441,십억원,incl_unknown,6
2026-05-14_유진투자증권_SK온,2026-05-14,유진투자증권,SK온,배터리,배터리합계,2026,1Q,매출,1791,십억원,excl,6
2026-05-14_유진투자증권_SK온,2026-05-14,유진투자증권,SK온,배터리,배터리합계,2026,1Q,영업이익,-349,십억원,incl,6
2026-05-14_유진투자증권_SK온,2026-05-14,유진투자증권,SK온,배터리,배터리합계,2026,2Q,매출,1988,십억원,excl,6
2026-05-14_유진투자증권_SK온,2026-05-14,유진투자증권,SK온,배터리,배터리합계,2026,2Q,영업이익,-119,십억원,incl_unknown,6
2026-05-14_유진투자증권_SK온,2026-05-14,유진투자증권,SK온,배터리,배터리합계,2026,3Q,매출,2758,십억원,excl,6
2026-05-14_유진투자증권_SK온,2026-05-14,유진투자증권,SK온,배터리,배터리합계,2026,3Q,영업이익,-82,십억원,incl_unknown,6
2026-05-14_유진투자증권_SK온,2026-05-14,유진투자증권,SK온,배터리,배터리합계,2026,4Q,매출,3752,십억원,excl,6
2026-05-14_유진투자증권_SK온,2026-05-14,유진투자증권,SK온,배터리,배터리합계,2026,4Q,영업이익,32,십억원,incl_unknown,6
2026-05-14_유진투자증권_SK온,2026-05-14,유진투자증권,SK온,배터리,배터리합계,2025,FY,매출,6978,십억원,excl,6
2026-05-14_유진투자증권_SK온,2026-05-14,유진투자증권,SK온,배터리,배터리합계,2025,FY,영업이익,-932,십억원,incl_unknown,6
2026-05-14_유진투자증권_SK온,2026-05-14,유진투자증권,SK온,배터리,배터리합계,2026,FY,매출,10289,십억원,excl,6
2026-05-14_유진투자증권_SK온,2026-05-14,유진투자증권,SK온,배터리,배터리합계,2026,FY,영업이익,-518,십억원,incl_unknown,6
2026-05-14_유진투자증권_SK온,2026-05-14,유진투자증권,SK온,배터리,배터리합계,2027,FY,매출,12818,십억원,excl,6
2026-05-14_유진투자증권_SK온,2026-05-14,유진투자증권,SK온,배터리,배터리합계,2027,FY,영업이익,-448,십억원,incl_unknown,6
2026-05-14_유진투자증권_SK온,2026-05-14,유진투자증권,SK온,배터리,배터리합계,2026,1Q,AMPC,79,십억원,na,1
2026-05-14_하나증권_SK온,2026-05-14,하나증권,SK이노베이션,매출액(연결),전사,2025,1Q,매출,21146.6,십억원,na,3
2026-05-14_하나증권_SK온,2026-05-14,하나증권,SK이노베이션,매출액(연결),전사,2025,2Q,매출,19306.6,십억원,na,3
2026-05-14_하나증권_SK온,2026-05-14,하나증권,SK이노베이션,매출액(연결),전사,2025,3Q,매출,20533.2,십억원,na,3
2026-05-14_하나증권_SK온,2026-05-14,하나증권,SK이노베이션,매출액(연결),전사,2025,4Q,매출,19671.3,십억원,na,3
2026-05-14_하나증권_SK온,2026-05-14,하나증권,SK이노베이션,매출액(연결),전사,2026,1Q,매출,24212.1,십억원,na,3
2026-05-14_하나증권_SK온,2026-05-14,하나증권,SK이노베이션,매출액(연결),전사,2026,2Q,매출,29338.9,십억원,na,3
2026-05-14_하나증권_SK온,2026-05-14,하나증권,SK이노베이션,매출액(연결),전사,2026,3Q,매출,25629.1,십억원,na,3
2026-05-14_하나증권_SK온,2026-05-14,하나증권,SK이노베이션,매출액(연결),전사,2026,4Q,매출,25126.4,십억원,na,3
2026-05-14_하나증권_SK온,2026-05-14,하나증권,SK이노베이션,매출액(연결),전사,2024,FY,매출,74717.0,십억원,na,3
2026-05-14_하나증권_SK온,2026-05-14,하나증권,SK이노베이션,매출액(연결),전사,2025,FY,매출,80657.7,십억원,na,3
2026-05-14_하나증권_SK온,2026-05-14,하나증권,SK이노베이션,매출액(연결),전사,2026,FY,매출,104306.5,십억원,na,3
2026-05-14_하나증권_SK온,2026-05-14,하나증권,SK이노베이션,매출액(연결),전사,2027,FY,매출,86948.7,십억원,na,3
2026-05-14_하나증권_SK온,2026-05-14,하나증권,SK이노베이션,매출액(연결),전사,2028,FY,매출,91703.4,십억원,na,4
2026-05-14_하나증권_SK온,2026-05-14,하나증권,SK이노베이션,영업이익(연결),전사,2025,1Q,영업이익,-44.6,십억원,na,3
2026-05-14_하나증권_SK온,2026-05-14,하나증권,SK이노베이션,영업이익(연결),전사,2025,2Q,영업이익,-417.6,십억원,na,3
2026-05-14_하나증권_SK온,2026-05-14,하나증권,SK이노베이션,영업이익(연결),전사,2025,3Q,영업이익,573.5,십억원,na,3
2026-05-14_하나증권_SK온,2026-05-14,하나증권,SK이노베이션,영업이익(연결),전사,2025,4Q,영업이익,295.3,십억원,na,3
2026-05-14_하나증권_SK온,2026-05-14,하나증권,SK이노베이션,영업이익(연결),전사,2026,1Q,영업이익,2162.2,십억원,na,3
2026-05-14_하나증권_SK온,2026-05-14,하나증권,SK이노베이션,영업이익(연결),전사,2026,2Q,영업이익,940.0,십억원,na,3
2026-05-14_하나증권_SK온,2026-05-14,하나증권,SK이노베이션,영업이익(연결),전사,2026,3Q,영업이익,294.7,십억원,na,3
2026-05-14_하나증권_SK온,2026-05-14,하나증권,SK이노베이션,영업이익(연결),전사,2026,4Q,영업이익,623.8,십억원,na,3
2026-05-14_하나증권_SK온,2026-05-14,하나증권,SK이노베이션,영업이익(연결),전사,2024,FY,영업이익,315.5,십억원,na,3
2026-05-14_하나증권_SK온,2026-05-14,하나증권,SK이노베이션,영업이익(연결),전사,2025,FY,영업이익,406.6,십억원,na,3
2026-05-14_하나증권_SK온,2026-05-14,하나증권,SK이노베이션,영업이익(연결),전사,2026,FY,영업이익,4020.7,십억원,na,3
2026-05-14_하나증권_SK온,2026-05-14,하나증권,SK이노베이션,영업이익(연결),전사,2027,FY,영업이익,3865.7,십억원,na,3
2026-05-14_하나증권_SK온,2026-05-14,하나증권,SK이노베이션,영업이익(연결),전사,2028,FY,영업이익,4666.1,십억원,na,4
2026-05-14_하나증권_SK온,2026-05-14,하나증권,SK온,배터리,배터리합계,2025,1Q,매출,1605.4,십억원,incl_unknown,3
2026-05-14_하나증권_SK온,2026-05-14,하나증권,SK온,배터리,배터리합계,2025,2Q,매출,2107.7,십억원,incl_unknown,3
2026-05-14_하나증권_SK온,2026-05-14,하나증권,SK온,배터리,배터리합계,2025,3Q,매출,1807.9,십억원,incl_unknown,3
2026-05-14_하나증권_SK온,2026-05-14,하나증권,SK온,배터리,배터리합계,2025,4Q,매출,1457.2,십억원,incl_unknown,3
2026-05-14_하나증권_SK온,2026-05-14,하나증권,SK온,배터리,배터리합계,2026,1Q,매출,1791.2,십억원,incl_unknown,3
2026-05-14_하나증권_SK온,2026-05-14,하나증권,SK온,배터리,배터리합계,2026,2Q,매출,1827.0,십억원,incl_unknown,3
2026-05-14_하나증권_SK온,2026-05-14,하나증권,SK온,배터리,배터리합계,2026,3Q,매출,2009.7,십억원,incl_unknown,3
2026-05-14_하나증권_SK온,2026-05-14,하나증권,SK온,배터리,배터리합계,2026,4Q,매출,2210.7,십억원,incl_unknown,3
2026-05-14_하나증권_SK온,2026-05-14,하나증권,SK온,배터리,배터리합계,2024,FY,매출,6266.6,십억원,incl_unknown,3
2026-05-14_하나증권_SK온,2026-05-14,하나증권,SK온,배터리,배터리합계,2025,FY,매출,6978.2,십억원,incl_unknown,3
2026-05-14_하나증권_SK온,2026-05-14,하나증권,SK온,배터리,배터리합계,2026,FY,매출,7838.6,십억원,incl_unknown,3
2026-05-14_하나증권_SK온,2026-05-14,하나증권,SK온,배터리,배터리합계,2027,FY,매출,11285.8,십억원,incl_unknown,3
2026-05-14_하나증권_SK온,2026-05-14,하나증권,SK온,배터리,배터리합계,2025,1Q,영업이익,-299.3,십억원,incl_unknown,3
2026-05-14_하나증권_SK온,2026-05-14,하나증권,SK온,배터리,배터리합계,2025,2Q,영업이익,-66.4,십억원,incl_unknown,3
2026-05-14_하나증권_SK온,2026-05-14,하나증권,SK온,배터리,배터리합계,2025,3Q,영업이익,-124.8,십억원,incl_unknown,3
2026-05-14_하나증권_SK온,2026-05-14,하나증권,SK온,배터리,배터리합계,2025,4Q,영업이익,-440.8,십억원,incl_unknown,3
2026-05-14_하나증권_SK온,2026-05-14,하나증권,SK온,배터리,배터리합계,2026,1Q,영업이익,-349.2,십억원,incl_unknown,3
2026-05-14_하나증권_SK온,2026-05-14,하나증권,SK온,배터리,배터리합계,2026,2Q,영업이익,-303.0,십억원,incl_unknown,3
2026-05-14_하나증권_SK온,2026-05-14,하나증권,SK온,배터리,배터리합계,2026,3Q,영업이익,-182.9,십억원,incl_unknown,3
2026-05-14_하나증권_SK온,2026-05-14,하나증권,SK온,배터리,배터리합계,2026,4Q,영업이익,-180.7,십억원,incl_unknown,3
2026-05-14_하나증권_SK온,2026-05-14,하나증권,SK온,배터리,배터리합계,2024,FY,영업이익,-1127.0,십억원,incl_unknown,3
2026-05-14_하나증권_SK온,2026-05-14,하나증권,SK온,배터리,배터리합계,2025,FY,영업이익,-931.3,십억원,incl_unknown,3
2026-05-14_하나증권_SK온,2026-05-14,하나증권,SK온,배터리,배터리합계,2026,FY,영업이익,-1015.8,십억원,incl_unknown,3
2026-05-14_하나증권_SK온,2026-05-14,하나증권,SK온,배터리,배터리합계,2027,FY,영업이익,-536.8,십억원,incl_unknown,3
2026-05-14_하나증권_SK온,2026-05-14,하나증권,SK온,AMPC,배터리합계,2026,1Q,AMPC,97.0,십억원,na,1
2026-05-14_한화투자증권_SK온,2026-05-14,한화투자증권,SK이노베이션,전사,전사,2025,1Q,매출,21147,십억원,excl,2
2026-05-14_한화투자증권_SK온,2026-05-14,한화투자증권,SK이노베이션,전사,전사,2025,2Q,매출,19307,십억원,excl,2
2026-05-14_한화투자증권_SK온,2026-05-14,한화투자증권,SK이노베이션,전사,전사,2025,3Q,매출,20419,십억원,excl,2
2026-05-14_한화투자증권_SK온,2026-05-14,한화투자증권,SK이노베이션,전사,전사,2025,4Q,매출,19671,십억원,excl,2
2026-05-14_한화투자증권_SK온,2026-05-14,한화투자증권,SK이노베이션,전사,전사,2026,1Q,매출,24212,십억원,excl,2
2026-05-14_한화투자증권_SK온,2026-05-14,한화투자증권,SK이노베이션,전사,전사,2026,2Q,매출,27044,십억원,excl,2
2026-05-14_한화투자증권_SK온,2026-05-14,한화투자증권,SK이노베이션,전사,전사,2026,3Q,매출,27465,십억원,excl,2
2026-05-14_한화투자증권_SK온,2026-05-14,한화투자증권,SK이노베이션,전사,전사,2026,4Q,매출,26385,십억원,excl,2
2026-05-14_한화투자증권_SK온,2026-05-14,한화투자증권,SK이노베이션,전사,전사,2024,FY,매출,74717,십억원,excl,2
2026-05-14_한화투자증권_SK온,2026-05-14,한화투자증권,SK이노베이션,전사,전사,2025,FY,매출,80543,십억원,excl,2
2026-05-14_한화투자증권_SK온,2026-05-14,한화투자증권,SK이노베이션,전사,전사,2026,FY,매출,105105,십억원,excl,2
2026-05-14_한화투자증권_SK온,2026-05-14,한화투자증권,SK이노베이션,전사,전사,2027,FY,매출,99129,십억원,excl,2
2026-05-14_한화투자증권_SK온,2026-05-14,한화투자증권,SK이노베이션,전사,전사,2025,1Q,영업이익,-45,십억원,incl,2
2026-05-14_한화투자증권_SK온,2026-05-14,한화투자증권,SK이노베이션,전사,전사,2025,2Q,영업이익,-418,십억원,incl,2
2026-05-14_한화투자증권_SK온,2026-05-14,한화투자증권,SK이노베이션,전사,전사,2025,3Q,영업이익,586,십억원,incl,2
2026-05-14_한화투자증권_SK온,2026-05-14,한화투자증권,SK이노베이션,전사,전사,2025,4Q,영업이익,295,십억원,incl,2
2026-05-14_한화투자증권_SK온,2026-05-14,한화투자증권,SK이노베이션,전사,전사,2026,1Q,영업이익,2162,십억원,incl,2
2026-05-14_한화투자증권_SK온,2026-05-14,한화투자증권,SK이노베이션,전사,전사,2026,2Q,영업이익,1797,십억원,incl,2
2026-05-14_한화투자증권_SK온,2026-05-14,한화투자증권,SK이노베이션,전사,전사,2026,3Q,영업이익,754,십억원,incl,2
2026-05-14_한화투자증권_SK온,2026-05-14,한화투자증권,SK이노베이션,전사,전사,2026,4Q,영업이익,414,십억원,incl,2
2026-05-14_한화투자증권_SK온,2026-05-14,한화투자증권,SK이노베이션,전사,전사,2024,FY,영업이익,316,십억원,incl,2
2026-05-14_한화투자증권_SK온,2026-05-14,한화투자증권,SK이노베이션,전사,전사,2025,FY,영업이익,418,십억원,incl,2
2026-05-14_한화투자증권_SK온,2026-05-14,한화투자증권,SK이노베이션,전사,전사,2026,FY,영업이익,5128,십억원,incl,2
2026-05-14_한화투자증권_SK온,2026-05-14,한화투자증권,SK이노베이션,전사,전사,2027,FY,영업이익,2446,십억원,incl,2
2026-05-14_한화투자증권_SK온,2026-05-14,한화투자증권,SK온,배터리(SK온),배터리합계,2025,1Q,매출,1605,십억원,excl,2
2026-05-14_한화투자증권_SK온,2026-05-14,한화투자증권,SK온,배터리(SK온),배터리합계,2025,2Q,매출,2108,십억원,excl,2
2026-05-14_한화투자증권_SK온,2026-05-14,한화투자증권,SK온,배터리(SK온),배터리합계,2025,3Q,매출,1808,십억원,excl,2
2026-05-14_한화투자증권_SK온,2026-05-14,한화투자증권,SK온,배터리(SK온),배터리합계,2025,4Q,매출,1457,십억원,excl,2
2026-05-14_한화투자증권_SK온,2026-05-14,한화투자증권,SK온,배터리(SK온),배터리합계,2026,1Q,매출,1791,십억원,excl,2
2026-05-14_한화투자증권_SK온,2026-05-14,한화투자증권,SK온,배터리(SK온),배터리합계,2026,2Q,매출,1692,십억원,excl,2
2026-05-14_한화투자증권_SK온,2026-05-14,한화투자증권,SK온,배터리(SK온),배터리합계,2026,3Q,매출,1567,십억원,excl,2
2026-05-14_한화투자증권_SK온,2026-05-14,한화투자증권,SK온,배터리(SK온),배터리합계,2026,4Q,매출,1746,십억원,excl,2
2026-05-14_한화투자증권_SK온,2026-05-14,한화투자증권,SK온,배터리(SK온),배터리합계,2024,FY,매출,6267,십억원,excl,2
2026-05-14_한화투자증권_SK온,2026-05-14,한화투자증권,SK온,배터리(SK온),배터리합계,2025,FY,매출,6978,십억원,excl,2
2026-05-14_한화투자증권_SK온,2026-05-14,한화투자증권,SK온,배터리(SK온),배터리합계,2026,FY,매출,6796,십억원,excl,2
2026-05-14_한화투자증권_SK온,2026-05-14,한화투자증권,SK온,배터리(SK온),배터리합계,2027,FY,매출,8753,십억원,excl,2
2026-05-14_한화투자증권_SK온,2026-05-14,한화투자증권,SK온,배터리(SK온),배터리합계,2025,1Q,영업이익,-299,십억원,incl,2
2026-05-14_한화투자증권_SK온,2026-05-14,한화투자증권,SK온,배터리(SK온),배터리합계,2025,2Q,영업이익,-66,십억원,incl,2
2026-05-14_한화투자증권_SK온,2026-05-14,한화투자증권,SK온,배터리(SK온),배터리합계,2025,3Q,영업이익,-125,십억원,incl,2
2026-05-14_한화투자증권_SK온,2026-05-14,한화투자증권,SK온,배터리(SK온),배터리합계,2025,4Q,영업이익,-441,십억원,incl,2
2026-05-14_한화투자증권_SK온,2026-05-14,한화투자증권,SK온,배터리(SK온),배터리합계,2026,1Q,영업이익,-349,십억원,incl,2
2026-05-14_한화투자증권_SK온,2026-05-14,한화투자증권,SK온,배터리(SK온),배터리합계,2026,2Q,영업이익,-391,십억원,incl,2
2026-05-14_한화투자증권_SK온,2026-05-14,한화투자증권,SK온,배터리(SK온),배터리합계,2026,3Q,영업이익,-398,십억원,incl,2
2026-05-14_한화투자증권_SK온,2026-05-14,한화투자증권,SK온,배터리(SK온),배터리합계,2026,4Q,영업이익,-357,십억원,incl,2
2026-05-14_한화투자증권_SK온,2026-05-14,한화투자증권,SK온,배터리(SK온),배터리합계,2024,FY,영업이익,-1127,십억원,incl,2
2026-05-14_한화투자증권_SK온,2026-05-14,한화투자증권,SK온,배터리(SK온),배터리합계,2025,FY,영업이익,-932,십억원,incl,2
2026-05-14_한화투자증권_SK온,2026-05-14,한화투자증권,SK온,배터리(SK온),배터리합계,2026,FY,영업이익,-1495,십억원,incl,2
2026-05-14_한화투자증권_SK온,2026-05-14,한화투자증권,SK온,배터리(SK온),배터리합계,2027,FY,영업이익,-994,십억원,incl,2
2026-05-14_한화투자증권_SK온,2026-05-14,한화투자증권,SK온,배터리(SK온),배터리합계,2025,1Q,AMPC,171,십억원,na,2
2026-05-14_한화투자증권_SK온,2026-05-14,한화투자증권,SK온,배터리(SK온),배터리합계,2025,2Q,AMPC,273,십억원,na,2
2026-05-14_한화투자증권_SK온,2026-05-14,한화투자증권,SK온,배터리(SK온),배터리합계,2025,3Q,AMPC,173,십억원,na,2
2026-05-14_한화투자증권_SK온,2026-05-14,한화투자증권,SK온,배터리(SK온),배터리합계,2025,4Q,AMPC,101,십억원,na,2
2026-05-14_한화투자증권_SK온,2026-05-14,한화투자증권,SK온,배터리(SK온),배터리합계,2026,1Q,AMPC,79,십억원,na,2
2026-05-14_한화투자증권_SK온,2026-05-14,한화투자증권,SK온,배터리(SK온),배터리합계,2026,2Q,AMPC,78,십억원,na,2
2026-05-14_한화투자증권_SK온,2026-05-14,한화투자증권,SK온,배터리(SK온),배터리합계,2026,3Q,AMPC,105,십억원,na,2
2026-05-14_한화투자증권_SK온,2026-05-14,한화투자증권,SK온,배터리(SK온),배터리합계,2026,4Q,AMPC,152,십억원,na,2
2026-05-14_한화투자증권_SK온,2026-05-14,한화투자증권,SK온,배터리(SK온),배터리합계,2024,FY,AMPC,292,십억원,na,2
2026-05-14_한화투자증권_SK온,2026-05-14,한화투자증권,SK온,배터리(SK온),배터리합계,2025,FY,AMPC,719,십억원,na,2
2026-05-14_한화투자증권_SK온,2026-05-14,한화투자증권,SK온,배터리(SK온),배터리합계,2026,FY,AMPC,414,십억원,na,2
2026-05-14_한화투자증권_SK온,2026-05-14,한화투자증권,SK온,배터리(SK온),배터리합계,2027,FY,AMPC,753,십억원,na,2
2026-05-21_버핏연구소_삼성SDI,2026-05-21,버핏연구소,삼성SDI,연결,전사,2022,FY,매출,20124.1,십억원,incl_unknown,1
2026-05-21_버핏연구소_삼성SDI,2026-05-21,버핏연구소,삼성SDI,연결,전사,2022,FY,영업이익,1808.0,십억원,incl_unknown,1
2026-05-21_버핏연구소_삼성SDI,2026-05-21,버핏연구소,삼성SDI,연결,전사,2023,FY,매출,21436.8,십억원,incl_unknown,1
2026-05-21_버핏연구소_삼성SDI,2026-05-21,버핏연구소,삼성SDI,연결,전사,2023,FY,영업이익,1545.5,십억원,incl_unknown,1
2026-05-21_버핏연구소_삼성SDI,2026-05-21,버핏연구소,삼성SDI,연결,전사,2024,FY,매출,16592.2,십억원,incl_unknown,1
2026-05-21_버핏연구소_삼성SDI,2026-05-21,버핏연구소,삼성SDI,연결,전사,2024,FY,영업이익,363.3,십억원,incl_unknown,1
2026-05-21_버핏연구소_삼성SDI,2026-05-21,버핏연구소,삼성SDI,연결,전사,2025,FY,매출,13266.7,십억원,incl_unknown,1
2026-05-21_버핏연구소_삼성SDI,2026-05-21,버핏연구소,삼성SDI,연결,전사,2025,FY,영업이익,-1722.4,십억원,incl_unknown,1
2026-05-21_버핏연구소_삼성SDI,2026-05-21,버핏연구소,삼성SDI,연결,전사,2026,FY,매출,15561.1,십억원,incl_unknown,1
2026-05-21_버핏연구소_삼성SDI,2026-05-21,버핏연구소,삼성SDI,연결,전사,2026,FY,영업이익,-50.6,십억원,incl_unknown,1
2026-05-21_버핏연구소_삼성SDI,2026-05-21,버핏연구소,삼성SDI,연결,전사,2026,1Q,매출,3576.3,십억원,incl_unknown,4
2026-05-21_버핏연구소_삼성SDI,2026-05-21,버핏연구소,삼성SDI,연결,전사,2026,1Q,영업이익,-155.5,십억원,incl_unknown,4
2026-05-22_유안타증권_SK온,2026-05-22,유안타증권,SK이노베이션,매출액,전사,2023,FY,매출,77289,십억원,incl_unknown,1
2026-05-22_유안타증권_SK온,2026-05-22,유안타증권,SK이노베이션,매출액,전사,2024,FY,매출,74270,십억원,incl_unknown,1
2026-05-22_유안타증권_SK온,2026-05-22,유안타증권,SK이노베이션,매출액,전사,2025,FY,매출,80296,십억원,incl_unknown,1
2026-05-22_유안타증권_SK온,2026-05-22,유안타증권,SK이노베이션,매출액,전사,2026,FY,매출,103711,십억원,incl_unknown,1
2026-05-22_유안타증권_SK온,2026-05-22,유안타증권,SK이노베이션,매출액,전사,2027,FY,매출,87173,십억원,incl_unknown,8
2026-05-22_유안타증권_SK온,2026-05-22,유안타증권,SK이노베이션,영업이익,전사,2023,FY,영업이익,1904,십억원,incl,1
2026-05-22_유안타증권_SK온,2026-05-22,유안타증권,SK이노베이션,영업이익,전사,2024,FY,영업이익,356,십억원,incl,1
2026-05-22_유안타증권_SK온,2026-05-22,유안타증권,SK이노베이션,영업이익,전사,2025,FY,영업이익,449,십억원,incl,1
2026-05-22_유안타증권_SK온,2026-05-22,유안타증권,SK이노베이션,영업이익,전사,2026,FY,영업이익,5389,십억원,incl,1
2026-05-22_유안타증권_SK온,2026-05-22,유안타증권,SK이노베이션,영업이익,전사,2027,FY,영업이익,2445,십억원,incl,8
2026-05-22_유안타증권_SK온,2026-05-22,유안타증권,SK이노베이션,매출액,전사,2025,1Q,매출,21147,십억원,incl_unknown,5
2026-05-22_유안타증권_SK온,2026-05-22,유안타증권,SK이노베이션,매출액,전사,2025,2Q,매출,19307,십억원,incl_unknown,5
2026-05-22_유안타증권_SK온,2026-05-22,유안타증권,SK이노베이션,매출액,전사,2025,3Q,매출,20533,십억원,incl_unknown,5
2026-05-22_유안타증권_SK온,2026-05-22,유안타증권,SK이노베이션,매출액,전사,2025,4Q,매출,19310,십억원,incl_unknown,5
2026-05-22_유안타증권_SK온,2026-05-22,유안타증권,SK이노베이션,매출액,전사,2026,1Q,매출,24212,십억원,incl_unknown,5
2026-05-22_유안타증권_SK온,2026-05-22,유안타증권,SK이노베이션,매출액,전사,2026,2Q,매출,26512,십억원,incl_unknown,5
2026-05-22_유안타증권_SK온,2026-05-22,유안타증권,SK이노베이션,매출액,전사,2026,3Q,매출,27342,십억원,incl_unknown,5
2026-05-22_유안타증권_SK온,2026-05-22,유안타증권,SK이노베이션,매출액,전사,2026,4Q,매출,25646,십억원,incl_unknown,5
2026-05-22_유안타증권_SK온,2026-05-22,유안타증권,SK이노베이션,영업이익,전사,2025,1Q,영업이익,-45,십억원,incl,5
2026-05-22_유안타증권_SK온,2026-05-22,유안타증권,SK이노베이션,영업이익,전사,2025,2Q,영업이익,-418,십억원,incl,5
2026-05-22_유안타증권_SK온,2026-05-22,유안타증권,SK이노베이션,영업이익,전사,2025,3Q,영업이익,574,십억원,incl,5
2026-05-22_유안타증권_SK온,2026-05-22,유안타증권,SK이노베이션,영업이익,전사,2025,4Q,영업이익,337,십억원,incl,5
2026-05-22_유안타증권_SK온,2026-05-22,유안타증권,SK이노베이션,영업이익,전사,2026,1Q,영업이익,2162,십억원,incl,5
2026-05-22_유안타증권_SK온,2026-05-22,유안타증권,SK이노베이션,영업이익,전사,2026,2Q,영업이익,2431,십억원,incl,5
2026-05-22_유안타증권_SK온,2026-05-22,유안타증권,SK이노베이션,영업이익,전사,2026,3Q,영업이익,896,십억원,incl,5
2026-05-22_유안타증권_SK온,2026-05-22,유안타증권,SK이노베이션,영업이익,전사,2026,4Q,영업이익,-100,십억원,incl,5
2026-05-22_유안타증권_SK온,2026-05-22,유안타증권,SK온,배터리사업,배터리합계,2023,FY,매출,12897,십억원,incl_unknown,5
2026-05-22_유안타증권_SK온,2026-05-22,유안타증권,SK온,배터리사업,배터리합계,2024,FY,매출,6249,십억원,incl_unknown,5
2026-05-22_유안타증권_SK온,2026-05-22,유안타증권,SK온,배터리사업,배터리합계,2025,FY,매출,6978,십억원,incl_unknown,5
2026-05-22_유안타증권_SK온,2026-05-22,유안타증권,SK온,배터리사업,배터리합계,2026,FY,매출,7228,십억원,incl_unknown,5
2026-05-22_유안타증권_SK온,2026-05-22,유안타증권,SK온,배터리사업,배터리합계,2027,FY,매출,8056,십억원,incl_unknown,5
2026-05-22_유안타증권_SK온,2026-05-22,유안타증권,SK온,배터리사업,배터리합계,2025,1Q,매출,1605,십억원,incl_unknown,5
2026-05-22_유안타증권_SK온,2026-05-22,유안타증권,SK온,배터리사업,배터리합계,2025,2Q,매출,2108,십억원,incl_unknown,5
2026-05-22_유안타증권_SK온,2026-05-22,유안타증권,SK온,배터리사업,배터리합계,2025,3Q,매출,1808,십억원,incl_unknown,5
2026-05-22_유안타증권_SK온,2026-05-22,유안타증권,SK온,배터리사업,배터리합계,2025,4Q,매출,1457,십억원,incl_unknown,5
2026-05-22_유안타증권_SK온,2026-05-22,유안타증권,SK온,배터리사업,배터리합계,2026,1Q,매출,1791,십억원,incl_unknown,5
2026-05-22_유안타증권_SK온,2026-05-22,유안타증권,SK온,배터리사업,배터리합계,2026,2Q,매출,1698,십억원,incl_unknown,5
2026-05-22_유안타증권_SK온,2026-05-22,유안타증권,SK온,배터리사업,배터리합계,2026,3Q,매출,1792,십억원,incl_unknown,5
2026-05-22_유안타증권_SK온,2026-05-22,유안타증권,SK온,배터리사업,배터리합계,2026,4Q,매출,1946,십억원,incl_unknown,5
2026-05-22_유안타증권_SK온,2026-05-22,유안타증권,SK온,배터리사업(미국 IRA 보조금 반영후),배터리합계,2023,FY,영업이익,-581,십억원,incl,5
2026-05-22_유안타증권_SK온,2026-05-22,유안타증권,SK온,배터리사업(미국 IRA 보조금 반영후),배터리합계,2024,FY,영업이익,-1079,십억원,incl,5
2026-05-22_유안타증권_SK온,2026-05-22,유안타증권,SK온,배터리사업(미국 IRA 보조금 반영후),배터리합계,2025,FY,영업이익,-924,십억원,incl,5
2026-05-22_유안타증권_SK온,2026-05-22,유안타증권,SK온,배터리사업(미국 IRA 보조금 반영후),배터리합계,2026,FY,영업이익,-1061,십억원,incl,5
2026-05-22_유안타증권_SK온,2026-05-22,유안타증권,SK온,배터리사업(미국 IRA 보조금 반영후),배터리합계,2027,FY,영업이익,-526,십억원,incl,5
2026-05-22_유안타증권_SK온,2026-05-22,유안타증권,SK온,배터리사업(미국 IRA 보조금 반영후),배터리합계,2025,1Q,영업이익,-299,십억원,incl,5
2026-05-22_유안타증권_SK온,2026-05-22,유안타증권,SK온,배터리사업(미국 IRA 보조금 반영후),배터리합계,2025,2Q,영업이익,-66,십억원,incl,5
2026-05-22_유안타증권_SK온,2026-05-22,유안타증권,SK온,배터리사업(미국 IRA 보조금 반영후),배터리합계,2025,3Q,영업이익,-125,십억원,incl,5
2026-05-22_유안타증권_SK온,2026-05-22,유안타증권,SK온,배터리사업(미국 IRA 보조금 반영후),배터리합계,2025,4Q,영업이익,-433,십억원,incl,5
2026-05-22_유안타증권_SK온,2026-05-22,유안타증권,SK온,배터리사업(미국 IRA 보조금 반영후),배터리합계,2026,1Q,영업이익,-349,십억원,incl,5
2026-05-22_유안타증권_SK온,2026-05-22,유안타증권,SK온,배터리사업(미국 IRA 보조금 반영후),배터리합계,2026,2Q,영업이익,-288,십억원,incl,5
2026-05-22_유안타증권_SK온,2026-05-22,유안타증권,SK온,배터리사업(미국 IRA 보조금 반영후),배터리합계,2026,3Q,영업이익,-182,십억원,incl,5
2026-05-22_유안타증권_SK온,2026-05-22,유안타증권,SK온,배터리사업(미국 IRA 보조금 반영후),배터리합계,2026,4Q,영업이익,-242,십억원,incl,5
2026-05-26_미래에셋증권_LGES,2026-05-26,미래에셋증권,LGES,매출액(연결),전사,2024,FY,매출,25620,십억원,excl,1
2026-05-26_미래에셋증권_LGES,2026-05-26,미래에셋증권,LGES,영업이익(연결),전사,2024,FY,영업이익,575,십억원,incl,1
2026-05-26_미래에셋증권_LGES,2026-05-26,미래에셋증권,LGES,매출액(연결),전사,2025,FY,매출,23672,십억원,excl,1
2026-05-26_미래에셋증권_LGES,2026-05-26,미래에셋증권,LGES,영업이익(연결),전사,2025,FY,영업이익,1346,십억원,incl,1
2026-05-26_미래에셋증권_LGES,2026-05-26,미래에셋증권,LGES,매출액,전사,2026,1Q,매출,6555,십억원,excl,2
2026-05-26_미래에셋증권_LGES,2026-05-26,미래에셋증권,LGES,Small,소형,2026,1Q,매출,2064,십억원,excl,2
2026-05-26_미래에셋증권_LGES,2026-05-26,미래에셋증권,LGES,EV,EV,2026,1Q,매출,2818,십억원,excl,2
2026-05-26_미래에셋증권_LGES,2026-05-26,미래에셋증권,LGES,ESS,ESS,2026,1Q,매출,1673,십억원,excl,2
2026-05-26_미래에셋증권_LGES,2026-05-26,미래에셋증권,LGES,OP,전사,2026,1Q,영업이익,-208,십억원,incl,2
2026-05-26_미래에셋증권_LGES,2026-05-26,미래에셋증권,LGES,Small,소형,2026,1Q,영업이익,120,십억원,excl,2
2026-05-26_미래에셋증권_LGES,2026-05-26,미래에셋증권,LGES,EV,EV,2026,1Q,영업이익,-308,십억원,excl,2
2026-05-26_미래에셋증권_LGES,2026-05-26,미래에셋증권,LGES,ESS,ESS,2026,1Q,영업이익,-209,십억원,excl,2
2026-05-26_미래에셋증권_LGES,2026-05-26,미래에셋증권,LGES,AMPC,전사,2026,1Q,AMPC,190,십억원,na,2
2026-05-26_미래에셋증권_LGES,2026-05-26,미래에셋증권,LGES,매출액,전사,2026,2Q,매출,7143,십억원,excl,2
2026-05-26_미래에셋증권_LGES,2026-05-26,미래에셋증권,LGES,Small,소형,2026,2Q,매출,2097,십억원,excl,2
2026-05-26_미래에셋증권_LGES,2026-05-26,미래에셋증권,LGES,EV,EV,2026,2Q,매출,2686,십억원,excl,2
2026-05-26_미래에셋증권_LGES,2026-05-26,미래에셋증권,LGES,ESS,ESS,2026,2Q,매출,2360,십억원,excl,2
2026-05-26_미래에셋증권_LGES,2026-05-26,미래에셋증권,LGES,OP,전사,2026,2Q,영업이익,288,십억원,incl,2
2026-05-26_미래에셋증권_LGES,2026-05-26,미래에셋증권,LGES,Small,소형,2026,2Q,영업이익,128,십억원,excl,2
2026-05-26_미래에셋증권_LGES,2026-05-26,미래에셋증권,LGES,EV,EV,2026,2Q,영업이익,34,십억원,excl,2
2026-05-26_미래에셋증권_LGES,2026-05-26,미래에셋증권,LGES,ESS,ESS,2026,2Q,영업이익,-158,십억원,excl,2
2026-05-26_미래에셋증권_LGES,2026-05-26,미래에셋증권,LGES,AMPC,전사,2026,2Q,AMPC,284,십억원,na,2
2026-05-26_미래에셋증권_LGES,2026-05-26,미래에셋증권,LGES,매출액,전사,2026,3Q,매출,7974,십억원,excl,2
2026-05-26_미래에셋증권_LGES,2026-05-26,미래에셋증권,LGES,Small,소형,2026,3Q,매출,2090,십억원,excl,2
2026-05-26_미래에셋증권_LGES,2026-05-26,미래에셋증권,LGES,EV,EV,2026,3Q,매출,2860,십억원,excl,2
2026-05-26_미래에셋증권_LGES,2026-05-26,미래에셋증권,LGES,ESS,ESS,2026,3Q,매출,3024,십억원,excl,2
2026-05-26_미래에셋증권_LGES,2026-05-26,미래에셋증권,LGES,OP,전사,2026,3Q,영업이익,652,십억원,incl,2
2026-05-26_미래에셋증권_LGES,2026-05-26,미래에셋증권,LGES,Small,소형,2026,3Q,영업이익,124,십억원,excl,2
2026-05-26_미래에셋증권_LGES,2026-05-26,미래에셋증권,LGES,EV,EV,2026,3Q,영업이익,14,십억원,excl,2
2026-05-26_미래에셋증권_LGES,2026-05-26,미래에셋증권,LGES,ESS,ESS,2026,3Q,영업이익,30,십억원,excl,2
2026-05-26_미래에셋증권_LGES,2026-05-26,미래에셋증권,LGES,AMPC,전사,2026,3Q,AMPC,483,십억원,na,2
2026-05-26_미래에셋증권_LGES,2026-05-26,미래에셋증권,LGES,매출액,전사,2026,4Q,매출,9832,십억원,excl,2
2026-05-26_미래에셋증권_LGES,2026-05-26,미래에셋증권,LGES,Small,소형,2026,4Q,매출,2092,십억원,excl,2
2026-05-26_미래에셋증권_LGES,2026-05-26,미래에셋증권,LGES,EV,EV,2026,4Q,매출,3203,십억원,excl,2
2026-05-26_미래에셋증권_LGES,2026-05-26,미래에셋증권,LGES,ESS,ESS,2026,4Q,매출,4537,십억원,excl,2
2026-05-26_미래에셋증권_LGES,2026-05-26,미래에셋증권,LGES,OP,전사,2026,4Q,영업이익,941,십억원,incl,2
2026-05-26_미래에셋증권_LGES,2026-05-26,미래에셋증권,LGES,Small,소형,2026,4Q,영업이익,125,십억원,excl,2
2026-05-26_미래에셋증권_LGES,2026-05-26,미래에셋증권,LGES,EV,EV,2026,4Q,영업이익,40,십억원,excl,2
2026-05-26_미래에셋증권_LGES,2026-05-26,미래에셋증권,LGES,ESS,ESS,2026,4Q,영업이익,91,십억원,excl,2
2026-05-26_미래에셋증권_LGES,2026-05-26,미래에셋증권,LGES,AMPC,전사,2026,4Q,AMPC,686,십억원,na,2
2026-05-26_미래에셋증권_LGES,2026-05-26,미래에셋증권,LGES,매출액,전사,2027,1Q,매출,8256,십억원,excl,2
2026-05-26_미래에셋증권_LGES,2026-05-26,미래에셋증권,LGES,Small,소형,2027,1Q,매출,2107,십억원,excl,2
2026-05-26_미래에셋증권_LGES,2026-05-26,미래에셋증권,LGES,EV,EV,2027,1Q,매출,2883,십억원,excl,2
2026-05-26_미래에셋증권_LGES,2026-05-26,미래에셋증권,LGES,ESS,ESS,2027,1Q,매출,3266,십억원,excl,2
2026-05-26_미래에셋증권_LGES,2026-05-26,미래에셋증권,LGES,OP,전사,2027,1Q,영업이익,762,십억원,incl,2
2026-05-26_미래에셋증권_LGES,2026-05-26,미래에셋증권,LGES,Small,소형,2027,1Q,영업이익,142,십억원,excl,2
2026-05-26_미래에셋증권_LGES,2026-05-26,미래에셋증권,LGES,EV,EV,2027,1Q,영업이익,26,십억원,excl,2
2026-05-26_미래에셋증권_LGES,2026-05-26,미래에셋증권,LGES,ESS,ESS,2027,1Q,영업이익,98,십억원,excl,2
2026-05-26_미래에셋증권_LGES,2026-05-26,미래에셋증권,LGES,AMPC,전사,2027,1Q,AMPC,497,십억원,na,2
2026-05-26_미래에셋증권_LGES,2026-05-26,미래에셋증권,LGES,매출액,전사,2027,2Q,매출,8685,십억원,excl,2
2026-05-26_미래에셋증권_LGES,2026-05-26,미래에셋증권,LGES,Small,소형,2027,2Q,매출,2228,십억원,excl,2
2026-05-26_미래에셋증권_LGES,2026-05-26,미래에셋증권,LGES,EV,EV,2027,2Q,매출,3027,십억원,excl,2
2026-05-26_미래에셋증권_LGES,2026-05-26,미래에셋증권,LGES,ESS,ESS,2027,2Q,매출,3430,십억원,excl,2
2026-05-26_미래에셋증권_LGES,2026-05-26,미래에셋증권,LGES,OP,전사,2027,2Q,영업이익,901,십억원,incl,2
2026-05-26_미래에셋증권_LGES,2026-05-26,미래에셋증권,LGES,Small,소형,2027,2Q,영업이익,152,십억원,excl,2
2026-05-26_미래에셋증권_LGES,2026-05-26,미래에셋증권,LGES,EV,EV,2027,2Q,영업이익,44,십억원,excl,2
2026-05-26_미래에셋증권_LGES,2026-05-26,미래에셋증권,LGES,ESS,ESS,2027,2Q,영업이익,137,십억원,excl,2
2026-05-26_미래에셋증권_LGES,2026-05-26,미래에셋증권,LGES,AMPC,전사,2027,2Q,AMPC,567,십억원,na,2
2026-05-26_미래에셋증권_LGES,2026-05-26,미래에셋증권,LGES,매출액,전사,2027,3Q,매출,9471,십억원,excl,2
2026-05-26_미래에셋증권_LGES,2026-05-26,미래에셋증권,LGES,Small,소형,2027,3Q,매출,2368,십억원,excl,2
2026-05-26_미래에셋증권_LGES,2026-05-26,미래에셋증권,LGES,EV,EV,2027,3Q,매출,3330,십억원,excl,2
2026-05-26_미래에셋증권_LGES,2026-05-26,미래에셋증권,LGES,ESS,ESS,2027,3Q,매출,3773,십억원,excl,2
2026-05-26_미래에셋증권_LGES,2026-05-26,미래에셋증권,LGES,OP,전사,2027,3Q,영업이익,996,십억원,incl,2
2026-05-26_미래에셋증권_LGES,2026-05-26,미래에셋증권,LGES,Small,소형,2027,3Q,영업이익,172,십억원,excl,2
2026-05-26_미래에셋증권_LGES,2026-05-26,미래에셋증권,LGES,EV,EV,2027,3Q,영업이익,70,십억원,excl,2
2026-05-26_미래에셋증권_LGES,2026-05-26,미래에셋증권,LGES,ESS,ESS,2027,3Q,영업이익,151,십억원,excl,2
2026-05-26_미래에셋증권_LGES,2026-05-26,미래에셋증권,LGES,AMPC,전사,2027,3Q,AMPC,602,십억원,na,2
2026-05-26_미래에셋증권_LGES,2026-05-26,미래에셋증권,LGES,매출액,전사,2027,4Q,매출,10607,십억원,excl,2
2026-05-26_미래에셋증권_LGES,2026-05-26,미래에셋증권,LGES,Small,소형,2027,4Q,매출,2628,십억원,excl,2
2026-05-26_미래에셋증권_LGES,2026-05-26,미래에셋증권,LGES,EV,EV,2027,4Q,매출,3829,십억원,excl,2
2026-05-26_미래에셋증권_LGES,2026-05-26,미래에셋증권,LGES,ESS,ESS,2027,4Q,매출,4150,십억원,excl,2
2026-05-26_미래에셋증권_LGES,2026-05-26,미래에셋증권,LGES,OP,전사,2027,4Q,영업이익,1263,십억원,incl,2
2026-05-26_미래에셋증권_LGES,2026-05-26,미래에셋증권,LGES,Small,소형,2027,4Q,영업이익,195,십억원,excl,2
2026-05-26_미래에셋증권_LGES,2026-05-26,미래에셋증권,LGES,EV,EV,2027,4Q,영업이익,132,십억원,excl,2
2026-05-26_미래에셋증권_LGES,2026-05-26,미래에셋증권,LGES,ESS,ESS,2027,4Q,영업이익,166,십억원,excl,2
2026-05-26_미래에셋증권_LGES,2026-05-26,미래에셋증권,LGES,AMPC,전사,2027,4Q,AMPC,770,십억원,na,2
2026-05-26_미래에셋증권_LGES,2026-05-26,미래에셋증권,LGES,매출액,전사,2026,FY,매출,31505,십억원,excl,2
2026-05-26_미래에셋증권_LGES,2026-05-26,미래에셋증권,LGES,Small,소형,2026,FY,매출,8343,십억원,excl,2
2026-05-26_미래에셋증권_LGES,2026-05-26,미래에셋증권,LGES,EV,EV,2026,FY,매출,11567,십억원,excl,2
2026-05-26_미래에셋증권_LGES,2026-05-26,미래에셋증권,LGES,ESS,ESS,2026,FY,매출,11594,십억원,excl,2
2026-05-26_미래에셋증권_LGES,2026-05-26,미래에셋증권,LGES,OP,전사,2026,FY,영업이익,1673,십억원,incl,2
2026-05-26_미래에셋증권_LGES,2026-05-26,미래에셋증권,LGES,Small,소형,2026,FY,영업이익,497,십억원,excl,2
2026-05-26_미래에셋증권_LGES,2026-05-26,미래에셋증권,LGES,EV,EV,2026,FY,영업이익,-220,십억원,excl,2
2026-05-26_미래에셋증권_LGES,2026-05-26,미래에셋증권,LGES,ESS,ESS,2026,FY,영업이익,-246,십억원,excl,2
2026-05-26_미래에셋증권_LGES,2026-05-26,미래에셋증권,LGES,AMPC,전사,2026,FY,AMPC,1643,십억원,na,2
2026-05-26_미래에셋증권_LGES,2026-05-26,미래에셋증권,LGES,매출액,전사,2027,FY,매출,37019,십억원,excl,2
2026-05-26_미래에셋증권_LGES,2026-05-26,미래에셋증권,LGES,Small,소형,2027,FY,매출,9331,십억원,excl,2
2026-05-26_미래에셋증권_LGES,2026-05-26,미래에셋증권,LGES,EV,EV,2027,FY,매출,13069,십억원,excl,2
2026-05-26_미래에셋증권_LGES,2026-05-26,미래에셋증권,LGES,ESS,ESS,2027,FY,매출,14619,십억원,excl,2
2026-05-26_미래에셋증권_LGES,2026-05-26,미래에셋증권,LGES,OP,전사,2027,FY,영업이익,3921,십억원,incl,2
2026-05-26_미래에셋증권_LGES,2026-05-26,미래에셋증권,LGES,Small,소형,2027,FY,영업이익,662,십억원,excl,2
2026-05-26_미래에셋증권_LGES,2026-05-26,미래에셋증권,LGES,EV,EV,2027,FY,영업이익,272,십억원,excl,2
2026-05-26_미래에셋증권_LGES,2026-05-26,미래에셋증권,LGES,ESS,ESS,2027,FY,영업이익,552,십억원,excl,2
2026-05-26_미래에셋증권_LGES,2026-05-26,미래에셋증권,LGES,AMPC,전사,2027,FY,AMPC,2436,십억원,na,2
2026-05-26_미래에셋증권_LGES,2026-05-26,미래에셋증권,LGES,매출액,전사,2028,FY,매출,43307,십억원,excl,2
2026-05-26_미래에셋증권_LGES,2026-05-26,미래에셋증권,LGES,Small,소형,2028,FY,매출,10304,십억원,excl,2
2026-05-26_미래에셋증권_LGES,2026-05-26,미래에셋증권,LGES,EV,EV,2028,FY,매출,15424,십억원,excl,2
2026-05-26_미래에셋증권_LGES,2026-05-26,미래에셋증권,LGES,ESS,ESS,2028,FY,매출,17579,십억원,excl,2
2026-05-26_미래에셋증권_LGES,2026-05-26,미래에셋증권,LGES,OP,전사,2028,FY,영업이익,5371,십억원,incl,2
2026-05-26_미래에셋증권_LGES,2026-05-26,미래에셋증권,LGES,Small,소형,2028,FY,영업이익,787,십억원,excl,2
2026-05-26_미래에셋증권_LGES,2026-05-26,미래에셋증권,LGES,EV,EV,2028,FY,영업이익,416,십억원,excl,2
2026-05-26_미래에셋증권_LGES,2026-05-26,미래에셋증권,LGES,ESS,ESS,2028,FY,영업이익,703,십억원,excl,2
2026-05-26_미래에셋증권_LGES,2026-05-26,미래에셋증권,LGES,AMPC,전사,2028,FY,AMPC,3465,십억원,na,2
2026-05-26_미래에셋증권_삼성SDI,2026-05-26,미래에셋증권,삼성SDI,연결,전사,2024,FY,매출,16592,십억원,excl,1
2026-05-26_미래에셋증권_삼성SDI,2026-05-26,미래에셋증권,삼성SDI,연결,전사,2025,FY,매출,13267,십억원,excl,1
2026-05-26_미래에셋증권_삼성SDI,2026-05-26,미래에셋증권,삼성SDI,연결,전사,2026,FY,매출,15575,십억원,excl,1
2026-05-26_미래에셋증권_삼성SDI,2026-05-26,미래에셋증권,삼성SDI,연결,전사,2027,FY,매출,19141,십억원,excl,1
2026-05-26_미래에셋증권_삼성SDI,2026-05-26,미래에셋증권,삼성SDI,연결,전사,2028,FY,매출,23343,십억원,excl,1
2026-05-26_미래에셋증권_삼성SDI,2026-05-26,미래에셋증권,삼성SDI,연결,전사,2024,FY,영업이익,363,십억원,incl_unknown,1
2026-05-26_미래에셋증권_삼성SDI,2026-05-26,미래에셋증권,삼성SDI,연결,전사,2025,FY,영업이익,-1722,십억원,incl_unknown,1
2026-05-26_미래에셋증권_삼성SDI,2026-05-26,미래에셋증권,삼성SDI,연결,전사,2026,FY,영업이익,182,십억원,incl,1
2026-05-26_미래에셋증권_삼성SDI,2026-05-26,미래에셋증권,삼성SDI,연결,전사,2027,FY,영업이익,1722,십억원,incl,1
2026-05-26_미래에셋증권_삼성SDI,2026-05-26,미래에셋증권,삼성SDI,연결,전사,2028,FY,영업이익,2669,십억원,incl,1
2026-05-26_미래에셋증권_삼성SDI,2026-05-26,미래에셋증권,삼성SDI,전사(연결),전사,2026,1Q,매출,3576,십억원,excl,2
2026-05-26_미래에셋증권_삼성SDI,2026-05-26,미래에셋증권,삼성SDI,전지,배터리합계,2026,1Q,매출,3354,십억원,excl,2
2026-05-26_미래에셋증권_삼성SDI,2026-05-26,미래에셋증권,삼성SDI,소형전지(IT),소형,2026,1Q,매출,1067,십억원,excl,2
2026-05-26_미래에셋증권_삼성SDI,2026-05-26,미래에셋증권,삼성SDI,"중대형전지(EV, ESS)",중대형,2026,1Q,매출,2287,십억원,excl,2
2026-05-26_미래에셋증권_삼성SDI,2026-05-26,미래에셋증권,삼성SDI,전자재료,전자재료,2026,1Q,매출,222,십억원,excl,2
2026-05-26_미래에셋증권_삼성SDI,2026-05-26,미래에셋증권,삼성SDI,전사(연결),전사,2026,1Q,영업이익,-156,십억원,incl,2
2026-05-26_미래에셋증권_삼성SDI,2026-05-26,미래에셋증권,삼성SDI,전지,배터리합계,2026,1Q,영업이익,-257,십억원,excl,2
2026-05-26_미래에셋증권_삼성SDI,2026-05-26,미래에셋증권,삼성SDI,소형전지(IT),소형,2026,1Q,영업이익,-101,십억원,excl,2
2026-05-26_미래에셋증권_삼성SDI,2026-05-26,미래에셋증권,삼성SDI,"중대형전지(EV, ESS)",중대형,2026,1Q,영업이익,-156,십억원,excl,2
2026-05-26_미래에셋증권_삼성SDI,2026-05-26,미래에셋증권,삼성SDI,전자재료,전자재료,2026,1Q,영업이익,21,십억원,excl,2
2026-05-26_미래에셋증권_삼성SDI,2026-05-26,미래에셋증권,삼성SDI,기타(AMPC),기타,2026,1Q,AMPC,80,십억원,na,2
2026-05-26_미래에셋증권_삼성SDI,2026-05-26,미래에셋증권,삼성SDI,전사(연결),전사,2026,2Q,매출,3641,십억원,excl,2
2026-05-26_미래에셋증권_삼성SDI,2026-05-26,미래에셋증권,삼성SDI,전지,배터리합계,2026,2Q,매출,3407,십억원,excl,2
2026-05-26_미래에셋증권_삼성SDI,2026-05-26,미래에셋증권,삼성SDI,소형전지(IT),소형,2026,2Q,매출,1135,십억원,excl,2
2026-05-26_미래에셋증권_삼성SDI,2026-05-26,미래에셋증권,삼성SDI,"중대형전지(EV, ESS)",중대형,2026,2Q,매출,2272,십억원,excl,2
2026-05-26_미래에셋증권_삼성SDI,2026-05-26,미래에셋증권,삼성SDI,전자재료,전자재료,2026,2Q,매출,234,십억원,excl,2
2026-05-26_미래에셋증권_삼성SDI,2026-05-26,미래에셋증권,삼성SDI,전사(연결),전사,2026,2Q,영업이익,4,십억원,incl,2
2026-05-26_미래에셋증권_삼성SDI,2026-05-26,미래에셋증권,삼성SDI,전지,배터리합계,2026,2Q,영업이익,-150,십억원,excl,2
2026-05-26_미래에셋증권_삼성SDI,2026-05-26,미래에셋증권,삼성SDI,소형전지(IT),소형,2026,2Q,영업이익,-81,십억원,excl,2
2026-05-26_미래에셋증권_삼성SDI,2026-05-26,미래에셋증권,삼성SDI,"중대형전지(EV, ESS)",중대형,2026,2Q,영업이익,-70,십억원,excl,2
2026-05-26_미래에셋증권_삼성SDI,2026-05-26,미래에셋증권,삼성SDI,전자재료,전자재료,2026,2Q,영업이익,27,십억원,excl,2
2026-05-26_미래에셋증권_삼성SDI,2026-05-26,미래에셋증권,삼성SDI,기타(AMPC),기타,2026,2Q,AMPC,127,십억원,na,2
2026-05-26_미래에셋증권_삼성SDI,2026-05-26,미래에셋증권,삼성SDI,전사(연결),전사,2026,3Q,매출,3882,십억원,excl,2
2026-05-26_미래에셋증권_삼성SDI,2026-05-26,미래에셋증권,삼성SDI,전지,배터리합계,2026,3Q,매출,3611,십억원,excl,2
2026-05-26_미래에셋증권_삼성SDI,2026-05-26,미래에셋증권,삼성SDI,소형전지(IT),소형,2026,3Q,매출,1219,십억원,excl,2
2026-05-26_미래에셋증권_삼성SDI,2026-05-26,미래에셋증권,삼성SDI,"중대형전지(EV, ESS)",중대형,2026,3Q,매출,2392,십억원,excl,2
2026-05-26_미래에셋증권_삼성SDI,2026-05-26,미래에셋증권,삼성SDI,전자재료,전자재료,2026,3Q,매출,271,십억원,excl,2
2026-05-26_미래에셋증권_삼성SDI,2026-05-26,미래에셋증권,삼성SDI,전사(연결),전사,2026,3Q,영업이익,71,십억원,incl,2
2026-05-26_미래에셋증권_삼성SDI,2026-05-26,미래에셋증권,삼성SDI,전지,배터리합계,2026,3Q,영업이익,-83,십억원,excl,2
2026-05-26_미래에셋증권_삼성SDI,2026-05-26,미래에셋증권,삼성SDI,소형전지(IT),소형,2026,3Q,영업이익,-21,십억원,excl,2
2026-05-26_미래에셋증권_삼성SDI,2026-05-26,미래에셋증권,삼성SDI,"중대형전지(EV, ESS)",중대형,2026,3Q,영업이익,-62,십억원,excl,2
2026-05-26_미래에셋증권_삼성SDI,2026-05-26,미래에셋증권,삼성SDI,전자재료,전자재료,2026,3Q,영업이익,41,십억원,excl,2
2026-05-26_미래에셋증권_삼성SDI,2026-05-26,미래에셋증권,삼성SDI,기타(AMPC),기타,2026,3Q,AMPC,113,십억원,na,2
2026-05-26_미래에셋증권_삼성SDI,2026-05-26,미래에셋증권,삼성SDI,전사(연결),전사,2026,4Q,매출,4476,십억원,excl,2
2026-05-26_미래에셋증권_삼성SDI,2026-05-26,미래에셋증권,삼성SDI,전지,배터리합계,2026,4Q,매출,4143,십억원,excl,2
2026-05-26_미래에셋증권_삼성SDI,2026-05-26,미래에셋증권,삼성SDI,소형전지(IT),소형,2026,4Q,매출,1365,십억원,excl,2
2026-05-26_미래에셋증권_삼성SDI,2026-05-26,미래에셋증권,삼성SDI,"중대형전지(EV, ESS)",중대형,2026,4Q,매출,2778,십억원,excl,2
2026-05-26_미래에셋증권_삼성SDI,2026-05-26,미래에셋증권,삼성SDI,전자재료,전자재료,2026,4Q,매출,333,십억원,excl,2
2026-05-26_미래에셋증권_삼성SDI,2026-05-26,미래에셋증권,삼성SDI,전사(연결),전사,2026,4Q,영업이익,264,십억원,incl,2
2026-05-26_미래에셋증권_삼성SDI,2026-05-26,미래에셋증권,삼성SDI,전지,배터리합계,2026,4Q,영업이익,-16,십억원,excl,2
2026-05-26_미래에셋증권_삼성SDI,2026-05-26,미래에셋증권,삼성SDI,소형전지(IT),소형,2026,4Q,영업이익,7,십억원,excl,2
2026-05-26_미래에셋증권_삼성SDI,2026-05-26,미래에셋증권,삼성SDI,"중대형전지(EV, ESS)",중대형,2026,4Q,영업이익,-23,십억원,excl,2
2026-05-26_미래에셋증권_삼성SDI,2026-05-26,미래에셋증권,삼성SDI,전자재료,전자재료,2026,4Q,영업이익,53,십억원,excl,2
2026-05-26_미래에셋증권_삼성SDI,2026-05-26,미래에셋증권,삼성SDI,기타(AMPC),기타,2026,4Q,AMPC,227,십억원,na,2
2026-05-26_미래에셋증권_삼성SDI,2026-05-26,미래에셋증권,삼성SDI,전사(연결),전사,2027,1Q,매출,4102,십억원,excl,2
2026-05-26_미래에셋증권_삼성SDI,2026-05-26,미래에셋증권,삼성SDI,전지,배터리합계,2027,1Q,매출,3840,십억원,excl,2
2026-05-26_미래에셋증권_삼성SDI,2026-05-26,미래에셋증권,삼성SDI,소형전지(IT),소형,2027,1Q,매출,1311,십억원,excl,2
2026-05-26_미래에셋증권_삼성SDI,2026-05-26,미래에셋증권,삼성SDI,"중대형전지(EV, ESS)",중대형,2027,1Q,매출,2528,십억원,excl,2
2026-05-26_미래에셋증권_삼성SDI,2026-05-26,미래에셋증권,삼성SDI,전자재료,전자재료,2027,1Q,매출,262,십억원,excl,2
2026-05-26_미래에셋증권_삼성SDI,2026-05-26,미래에셋증권,삼성SDI,전사(연결),전사,2027,1Q,영업이익,294,십억원,incl,2
2026-05-26_미래에셋증권_삼성SDI,2026-05-26,미래에셋증권,삼성SDI,전지,배터리합계,2027,1Q,영업이익,-5,십억원,excl,2
2026-05-26_미래에셋증권_삼성SDI,2026-05-26,미래에셋증권,삼성SDI,소형전지(IT),소형,2027,1Q,영업이익,80,십억원,excl,2
2026-05-26_미래에셋증권_삼성SDI,2026-05-26,미래에셋증권,삼성SDI,"중대형전지(EV, ESS)",중대형,2027,1Q,영업이익,-84,십억원,excl,2
2026-05-26_미래에셋증권_삼성SDI,2026-05-26,미래에셋증권,삼성SDI,전자재료,전자재료,2027,1Q,영업이익,36,십억원,excl,2
2026-05-26_미래에셋증권_삼성SDI,2026-05-26,미래에셋증권,삼성SDI,기타(AMPC),기타,2027,1Q,AMPC,263,십억원,na,2
2026-05-26_미래에셋증권_삼성SDI,2026-05-26,미래에셋증권,삼성SDI,전사(연결),전사,2027,2Q,매출,4401,십억원,excl,2
2026-05-26_미래에셋증권_삼성SDI,2026-05-26,미래에셋증권,삼성SDI,전지,배터리합계,2027,2Q,매출,4123,십억원,excl,2
2026-05-26_미래에셋증권_삼성SDI,2026-05-26,미래에셋증권,삼성SDI,소형전지(IT),소형,2027,2Q,매출,1342,십억원,excl,2
2026-05-26_미래에셋증권_삼성SDI,2026-05-26,미래에셋증권,삼성SDI,"중대형전지(EV, ESS)",중대형,2027,2Q,매출,2781,십억원,excl,2
2026-05-26_미래에셋증권_삼성SDI,2026-05-26,미래에셋증권,삼성SDI,전자재료,전자재료,2027,2Q,매출,278,십억원,excl,2
2026-05-26_미래에셋증권_삼성SDI,2026-05-26,미래에셋증권,삼성SDI,전사(연결),전사,2027,2Q,영업이익,381,십억원,incl,2
2026-05-26_미래에셋증권_삼성SDI,2026-05-26,미래에셋증권,삼성SDI,전지,배터리합계,2027,2Q,영업이익,42,십억원,excl,2
2026-05-26_미래에셋증권_삼성SDI,2026-05-26,미래에셋증권,삼성SDI,소형전지(IT),소형,2027,2Q,영업이익,85,십억원,excl,2
2026-05-26_미래에셋증권_삼성SDI,2026-05-26,미래에셋증권,삼성SDI,"중대형전지(EV, ESS)",중대형,2027,2Q,영업이익,-43,십억원,excl,2
2026-05-26_미래에셋증권_삼성SDI,2026-05-26,미래에셋증권,삼성SDI,전자재료,전자재료,2027,2Q,영업이익,39,십억원,excl,2
2026-05-26_미래에셋증권_삼성SDI,2026-05-26,미래에셋증권,삼성SDI,기타(AMPC),기타,2027,2Q,AMPC,300,십억원,na,2
2026-05-26_미래에셋증권_삼성SDI,2026-05-26,미래에셋증권,삼성SDI,전사(연결),전사,2027,3Q,매출,4894,십억원,excl,2
2026-05-26_미래에셋증권_삼성SDI,2026-05-26,미래에셋증권,삼성SDI,전지,배터리합계,2027,3Q,매출,4598,십억원,excl,2
2026-05-26_미래에셋증권_삼성SDI,2026-05-26,미래에셋증권,삼성SDI,소형전지(IT),소형,2027,3Q,매출,1421,십억원,excl,2
2026-05-26_미래에셋증권_삼성SDI,2026-05-26,미래에셋증권,삼성SDI,"중대형전지(EV, ESS)",중대형,2027,3Q,매출,3178,십억원,excl,2
2026-05-26_미래에셋증권_삼성SDI,2026-05-26,미래에셋증권,삼성SDI,전자재료,전자재료,2027,3Q,매출,296,십억원,excl,2
2026-05-26_미래에셋증권_삼성SDI,2026-05-26,미래에셋증권,삼성SDI,전사(연결),전사,2027,3Q,영업이익,499,십억원,incl,2
2026-05-26_미래에셋증권_삼성SDI,2026-05-26,미래에셋증권,삼성SDI,전지,배터리합계,2027,3Q,영업이익,129,십억원,excl,2
2026-05-26_미래에셋증권_삼성SDI,2026-05-26,미래에셋증권,삼성SDI,소형전지(IT),소형,2027,3Q,영업이익,99,십억원,excl,2
2026-05-26_미래에셋증권_삼성SDI,2026-05-26,미래에셋증권,삼성SDI,"중대형전지(EV, ESS)",중대형,2027,3Q,영업이익,31,십억원,excl,2
2026-05-26_미래에셋증권_삼성SDI,2026-05-26,미래에셋증권,삼성SDI,전자재료,전자재료,2027,3Q,영업이익,42,십억원,excl,2
2026-05-26_미래에셋증권_삼성SDI,2026-05-26,미래에셋증권,삼성SDI,기타(AMPC),기타,2027,3Q,AMPC,329,십억원,na,2
2026-05-26_미래에셋증권_삼성SDI,2026-05-26,미래에셋증권,삼성SDI,전사(연결),전사,2027,4Q,매출,5744,십억원,excl,2
2026-05-26_미래에셋증권_삼성SDI,2026-05-26,미래에셋증권,삼성SDI,전지,배터리합계,2027,4Q,매출,5419,십억원,excl,2
2026-05-26_미래에셋증권_삼성SDI,2026-05-26,미래에셋증권,삼성SDI,소형전지(IT),소형,2027,4Q,매출,1523,십억원,excl,2
2026-05-26_미래에셋증권_삼성SDI,2026-05-26,미래에셋증권,삼성SDI,"중대형전지(EV, ESS)",중대형,2027,4Q,매출,3896,십억원,excl,2
2026-05-26_미래에셋증권_삼성SDI,2026-05-26,미래에셋증권,삼성SDI,전자재료,전자재료,2027,4Q,매출,325,십억원,excl,2
2026-05-26_미래에셋증권_삼성SDI,2026-05-26,미래에셋증권,삼성SDI,전사(연결),전사,2027,4Q,영업이익,548,십억원,incl,2
2026-05-26_미래에셋증권_삼성SDI,2026-05-26,미래에셋증권,삼성SDI,전지,배터리합계,2027,4Q,영업이익,143,십억원,excl,2
2026-05-26_미래에셋증권_삼성SDI,2026-05-26,미래에셋증권,삼성SDI,소형전지(IT),소형,2027,4Q,영업이익,101,십억원,excl,2
2026-05-26_미래에셋증권_삼성SDI,2026-05-26,미래에셋증권,삼성SDI,"중대형전지(EV, ESS)",중대형,2027,4Q,영업이익,42,십억원,excl,2
2026-05-26_미래에셋증권_삼성SDI,2026-05-26,미래에셋증권,삼성SDI,전자재료,전자재료,2027,4Q,영업이익,46,십억원,excl,2
2026-05-26_미래에셋증권_삼성SDI,2026-05-26,미래에셋증권,삼성SDI,기타(AMPC),기타,2027,4Q,AMPC,359,십억원,na,2
2026-05-26_미래에셋증권_삼성SDI,2026-05-26,미래에셋증권,삼성SDI,전지,배터리합계,2026,FY,매출,14515,십억원,excl,2
2026-05-26_미래에셋증권_삼성SDI,2026-05-26,미래에셋증권,삼성SDI,소형전지(IT),소형,2026,FY,매출,4786,십억원,excl,2
2026-05-26_미래에셋증권_삼성SDI,2026-05-26,미래에셋증권,삼성SDI,"중대형전지(EV, ESS)",중대형,2026,FY,매출,9729,십억원,excl,2
2026-05-26_미래에셋증권_삼성SDI,2026-05-26,미래에셋증권,삼성SDI,전자재료,전자재료,2026,FY,매출,1060,십억원,excl,2
2026-05-26_미래에셋증권_삼성SDI,2026-05-26,미래에셋증권,삼성SDI,전지,배터리합계,2026,FY,영업이익,-506,십억원,excl,2
2026-05-26_미래에셋증권_삼성SDI,2026-05-26,미래에셋증권,삼성SDI,소형전지(IT),소형,2026,FY,영업이익,-196,십억원,excl,2
2026-05-26_미래에셋증권_삼성SDI,2026-05-26,미래에셋증권,삼성SDI,"중대형전지(EV, ESS)",중대형,2026,FY,영업이익,-310,십억원,excl,2
2026-05-26_미래에셋증권_삼성SDI,2026-05-26,미래에셋증권,삼성SDI,전자재료,전자재료,2026,FY,영업이익,141,십억원,excl,2
2026-05-26_미래에셋증권_삼성SDI,2026-05-26,미래에셋증권,삼성SDI,기타(AMPC),기타,2026,FY,AMPC,547,십억원,na,2
2026-05-26_미래에셋증권_삼성SDI,2026-05-26,미래에셋증권,삼성SDI,전지,배터리합계,2027,FY,매출,17979,십억원,excl,2
2026-05-26_미래에셋증권_삼성SDI,2026-05-26,미래에셋증권,삼성SDI,소형전지(IT),소형,2027,FY,매출,5596,십억원,excl,2
2026-05-26_미래에셋증권_삼성SDI,2026-05-26,미래에셋증권,삼성SDI,"중대형전지(EV, ESS)",중대형,2027,FY,매출,12383,십억원,excl,2
2026-05-26_미래에셋증권_삼성SDI,2026-05-26,미래에셋증권,삼성SDI,전자재료,전자재료,2027,FY,매출,1162,십억원,excl,2
2026-05-26_미래에셋증권_삼성SDI,2026-05-26,미래에셋증권,삼성SDI,전지,배터리합계,2027,FY,영업이익,310,십억원,excl,2
2026-05-26_미래에셋증권_삼성SDI,2026-05-26,미래에셋증권,삼성SDI,소형전지(IT),소형,2027,FY,영업이익,364,십억원,excl,2
2026-05-26_미래에셋증권_삼성SDI,2026-05-26,미래에셋증권,삼성SDI,"중대형전지(EV, ESS)",중대형,2027,FY,영업이익,-54,십억원,excl,2
2026-05-26_미래에셋증권_삼성SDI,2026-05-26,미래에셋증권,삼성SDI,전자재료,전자재료,2027,FY,영업이익,162,십억원,excl,2
2026-05-26_미래에셋증권_삼성SDI,2026-05-26,미래에셋증권,삼성SDI,기타(AMPC),기타,2027,FY,AMPC,1251,십억원,na,2
2026-05-26_미래에셋증권_삼성SDI,2026-05-26,미래에셋증권,삼성SDI,전지,배터리합계,2028,FY,매출,22209,십억원,excl,2
2026-05-26_미래에셋증권_삼성SDI,2026-05-26,미래에셋증권,삼성SDI,소형전지(IT),소형,2028,FY,매출,6404,십억원,excl,2
2026-05-26_미래에셋증권_삼성SDI,2026-05-26,미래에셋증권,삼성SDI,"중대형전지(EV, ESS)",중대형,2028,FY,매출,15805,십억원,excl,2
2026-05-26_미래에셋증권_삼성SDI,2026-05-26,미래에셋증권,삼성SDI,전자재료,전자재료,2028,FY,매출,1134,십억원,excl,2
2026-05-26_미래에셋증권_삼성SDI,2026-05-26,미래에셋증권,삼성SDI,전지,배터리합계,2028,FY,영업이익,317,십억원,excl,2
2026-05-26_미래에셋증권_삼성SDI,2026-05-26,미래에셋증권,삼성SDI,소형전지(IT),소형,2028,FY,영업이익,0,십억원,excl,2
2026-05-26_미래에셋증권_삼성SDI,2026-05-26,미래에셋증권,삼성SDI,"중대형전지(EV, ESS)",중대형,2028,FY,영업이익,317,십억원,excl,2
2026-05-26_미래에셋증권_삼성SDI,2026-05-26,미래에셋증권,삼성SDI,전자재료,전자재료,2028,FY,영업이익,137,십억원,excl,2
2026-05-26_미래에셋증권_삼성SDI,2026-05-26,미래에셋증권,삼성SDI,기타(AMPC),기타,2028,FY,AMPC,2215,십억원,na,2
2026-05-28_키움증권_삼성SDI,2026-05-28,키움증권,삼성SDI,매출액,전사,2024,FY,매출,16592.2,십억원,na,1
2026-05-28_키움증권_삼성SDI,2026-05-28,키움증권,삼성SDI,매출액,전사,2027,FY,매출,18823.1,십억원,na,1
2026-05-28_키움증권_삼성SDI,2026-05-28,키움증권,삼성SDI,매출액,전사,2028,FY,매출,22837.1,십억원,na,1
2026-05-28_키움증권_삼성SDI,2026-05-28,키움증권,삼성SDI,영업이익,전사,2024,FY,영업이익,363.3,십억원,incl,1
2026-05-28_키움증권_삼성SDI,2026-05-28,키움증권,삼성SDI,영업이익,전사,2027,FY,영업이익,1304.5,십억원,incl,1
2026-05-28_키움증권_삼성SDI,2026-05-28,키움증권,삼성SDI,영업이익,전사,2028,FY,영업이익,2044.7,십억원,incl,1
2026-05-28_키움증권_삼성SDI,2026-05-28,키움증권,삼성SDI,매출액,전사,2025,FY,매출,13266.7,십억원,na,2
2026-05-28_키움증권_삼성SDI,2026-05-28,키움증권,삼성SDI,매출액,전사,2026,FY,매출,15010.4,십억원,na,2
2026-05-28_키움증권_삼성SDI,2026-05-28,키움증권,삼성SDI,매출액,전사,2025,1Q,매출,3176.8,십억원,na,2
2026-05-28_키움증권_삼성SDI,2026-05-28,키움증권,삼성SDI,매출액,전사,2025,2Q,매출,3179.4,십억원,na,2
2026-05-28_키움증권_삼성SDI,2026-05-28,키움증권,삼성SDI,매출액,전사,2025,3Q,매출,3051.8,십억원,na,2
2026-05-28_키움증권_삼성SDI,2026-05-28,키움증권,삼성SDI,매출액,전사,2025,4Q,매출,3858.7,십억원,na,2
2026-05-28_키움증권_삼성SDI,2026-05-28,키움증권,삼성SDI,매출액,전사,2026,1Q,매출,3576.4,십억원,na,2
2026-05-28_키움증권_삼성SDI,2026-05-28,키움증권,삼성SDI,매출액,전사,2026,2Q,매출,3629.6,십억원,na,2
2026-05-28_키움증권_삼성SDI,2026-05-28,키움증권,삼성SDI,매출액,전사,2026,3Q,매출,3839.7,십억원,na,2
2026-05-28_키움증권_삼성SDI,2026-05-28,키움증권,삼성SDI,매출액,전사,2026,4Q,매출,3964.7,십억원,na,2
2026-05-28_키움증권_삼성SDI,2026-05-28,키움증권,삼성SDI,영업이익(AMPC 포함),전사,2025,FY,영업이익,-1722.4,십억원,incl,2
2026-05-28_키움증권_삼성SDI,2026-05-28,키움증권,삼성SDI,영업이익(AMPC 포함),전사,2026,FY,영업이익,-247.6,십억원,incl,2
2026-05-28_키움증권_삼성SDI,2026-05-28,키움증권,삼성SDI,영업이익(AMPC 포함),전사,2025,1Q,영업이익,-434.1,십억원,incl,2
2026-05-28_키움증권_삼성SDI,2026-05-28,키움증권,삼성SDI,영업이익(AMPC 포함),전사,2025,2Q,영업이익,-397.8,십억원,incl,2
2026-05-28_키움증권_삼성SDI,2026-05-28,키움증권,삼성SDI,영업이익(AMPC 포함),전사,2025,3Q,영업이익,-591.3,십억원,incl,2
2026-05-28_키움증권_삼성SDI,2026-05-28,키움증권,삼성SDI,영업이익(AMPC 포함),전사,2025,4Q,영업이익,-299.2,십억원,incl,2
2026-05-28_키움증권_삼성SDI,2026-05-28,키움증권,삼성SDI,영업이익(AMPC 포함),전사,2026,1Q,영업이익,-155.6,십억원,incl,2
2026-05-28_키움증권_삼성SDI,2026-05-28,키움증권,삼성SDI,영업이익(AMPC 포함),전사,2026,2Q,영업이익,-77.6,십억원,incl,2
2026-05-28_키움증권_삼성SDI,2026-05-28,키움증권,삼성SDI,영업이익(AMPC 포함),전사,2026,3Q,영업이익,-24.3,십억원,incl,2
2026-05-28_키움증권_삼성SDI,2026-05-28,키움증권,삼성SDI,영업이익(AMPC 포함),전사,2026,4Q,영업이익,10.0,십억원,incl,2
2026-05-28_키움증권_삼성SDI,2026-05-28,키움증권,삼성SDI,소형전지,소형,2025,FY,매출,3774.1,십억원,na,2
2026-05-28_키움증권_삼성SDI,2026-05-28,키움증권,삼성SDI,소형전지,소형,2026,FY,매출,4495.3,십억원,na,2
2026-05-28_키움증권_삼성SDI,2026-05-28,키움증권,삼성SDI,소형전지,소형,2025,1Q,매출,775.0,십억원,na,2
2026-05-28_키움증권_삼성SDI,2026-05-28,키움증권,삼성SDI,소형전지,소형,2025,2Q,매출,947.6,십억원,na,2
2026-05-28_키움증권_삼성SDI,2026-05-28,키움증권,삼성SDI,소형전지,소형,2025,3Q,매출,1001.1,십억원,na,2
2026-05-28_키움증권_삼성SDI,2026-05-28,키움증권,삼성SDI,소형전지,소형,2025,4Q,매출,1050.4,십억원,na,2
2026-05-28_키움증권_삼성SDI,2026-05-28,키움증권,삼성SDI,소형전지,소형,2026,1Q,매출,1073.4,십억원,na,2
2026-05-28_키움증권_삼성SDI,2026-05-28,키움증권,삼성SDI,소형전지,소형,2026,2Q,매출,1137.8,십억원,na,2
2026-05-28_키움증권_삼성SDI,2026-05-28,키움증권,삼성SDI,소형전지,소형,2026,3Q,매출,1140.8,십억원,na,2
2026-05-28_키움증권_삼성SDI,2026-05-28,키움증권,삼성SDI,소형전지,소형,2026,4Q,매출,1143.3,십억원,na,2
2026-05-28_키움증권_삼성SDI,2026-05-28,키움증권,삼성SDI,소형전지,소형,2025,FY,영업이익,-493.5,십억원,incl,2
2026-05-28_키움증권_삼성SDI,2026-05-28,키움증권,삼성SDI,소형전지,소형,2026,FY,영업이익,-369.6,십억원,incl,2
2026-05-28_키움증권_삼성SDI,2026-05-28,키움증권,삼성SDI,소형전지,소형,2025,1Q,영업이익,-233.7,십억원,incl,2
2026-05-28_키움증권_삼성SDI,2026-05-28,키움증권,삼성SDI,소형전지,소형,2025,2Q,영업이익,-77.3,십억원,incl,2
2026-05-28_키움증권_삼성SDI,2026-05-28,키움증권,삼성SDI,소형전지,소형,2025,3Q,영업이익,-46.9,십억원,incl,2
2026-05-28_키움증권_삼성SDI,2026-05-28,키움증권,삼성SDI,소형전지,소형,2025,4Q,영업이익,-135.6,십억원,incl,2
2026-05-28_키움증권_삼성SDI,2026-05-28,키움증권,삼성SDI,소형전지,소형,2026,1Q,영업이익,-100.9,십억원,incl,2
2026-05-28_키움증권_삼성SDI,2026-05-28,키움증권,삼성SDI,소형전지,소형,2026,2Q,영업이익,-98.5,십억원,incl,2
2026-05-28_키움증권_삼성SDI,2026-05-28,키움증권,삼성SDI,소형전지,소형,2026,3Q,영업이익,-93.7,십억원,incl,2
2026-05-28_키움증권_삼성SDI,2026-05-28,키움증권,삼성SDI,소형전지,소형,2026,4Q,영업이익,-76.5,십억원,incl,2
2026-05-28_키움증권_삼성SDI,2026-05-28,키움증권,삼성SDI,중대형전지,중대형,2025,FY,매출,8610.0,십억원,na,2
2026-05-28_키움증권_삼성SDI,2026-05-28,키움증권,삼성SDI,중대형전지,중대형,2026,FY,매출,9559.2,십억원,na,2
2026-05-28_키움증권_삼성SDI,2026-05-28,키움증권,삼성SDI,중대형전지,중대형,2025,1Q,매출,2205.9,십억원,na,2
2026-05-28_키움증권_삼성SDI,2026-05-28,키움증권,삼성SDI,중대형전지,중대형,2025,2Q,매출,2013.6,십억원,na,2
2026-05-28_키움증권_삼성SDI,2026-05-28,키움증권,삼성SDI,중대형전지,중대형,2025,3Q,매출,1818.9,십억원,na,2
2026-05-28_키움증권_삼성SDI,2026-05-28,키움증권,삼성SDI,중대형전지,중대형,2025,4Q,매출,2571.6,십억원,na,2
2026-05-28_키움증권_삼성SDI,2026-05-28,키움증권,삼성SDI,중대형전지,중대형,2026,1Q,매출,2281.0,십억원,na,2
2026-05-28_키움증권_삼성SDI,2026-05-28,키움증권,삼성SDI,중대형전지,중대형,2026,2Q,매출,2256.6,십억원,na,2
2026-05-28_키움증권_삼성SDI,2026-05-28,키움증권,삼성SDI,중대형전지,중대형,2026,3Q,매출,2454.1,십억원,na,2
2026-05-28_키움증권_삼성SDI,2026-05-28,키움증권,삼성SDI,중대형전지,중대형,2026,4Q,매출,2567.6,십억원,na,2
2026-05-28_키움증권_삼성SDI,2026-05-28,키움증권,삼성SDI,중대형전지,중대형,2025,FY,영업이익,-1358.3,십억원,incl,2
2026-05-28_키움증권_삼성SDI,2026-05-28,키움증권,삼성SDI,중대형전지,중대형,2026,FY,영업이익,-25.1,십억원,incl,2
2026-05-28_키움증권_삼성SDI,2026-05-28,키움증권,삼성SDI,중대형전지,중대형,2025,1Q,영업이익,-218.8,십억원,incl,2
2026-05-28_키움증권_삼성SDI,2026-05-28,키움증권,삼성SDI,중대형전지,중대형,2025,2Q,영업이익,-353.5,십억원,incl,2
2026-05-28_키움증권_삼성SDI,2026-05-28,키움증권,삼성SDI,중대형전지,중대형,2025,3Q,영업이익,-583.2,십억원,incl,2
2026-05-28_키움증권_삼성SDI,2026-05-28,키움증권,삼성SDI,중대형전지,중대형,2025,4Q,영업이익,-202.8,십억원,incl,2
2026-05-28_키움증권_삼성SDI,2026-05-28,키움증권,삼성SDI,중대형전지,중대형,2026,1Q,영업이익,-75.8,십억원,incl,2
2026-05-28_키움증권_삼성SDI,2026-05-28,키움증권,삼성SDI,중대형전지,중대형,2026,2Q,영업이익,-5.4,십억원,incl,2
2026-05-28_키움증권_삼성SDI,2026-05-28,키움증권,삼성SDI,중대형전지,중대형,2026,3Q,영업이익,21.4,십억원,incl,2
2026-05-28_키움증권_삼성SDI,2026-05-28,키움증권,삼성SDI,중대형전지,중대형,2026,4Q,영업이익,34.7,십억원,incl,2
2026-05-28_키움증권_삼성SDI,2026-05-28,키움증권,삼성SDI,전자재료,전자재료,2025,FY,매출,882.6,십억원,na,2
2026-05-28_키움증권_삼성SDI,2026-05-28,키움증권,삼성SDI,전자재료,전자재료,2026,FY,매출,955.9,십억원,na,2
2026-05-28_키움증권_삼성SDI,2026-05-28,키움증권,삼성SDI,전자재료,전자재료,2025,1Q,매출,195.9,십억원,na,2
2026-05-28_키움증권_삼성SDI,2026-05-28,키움증권,삼성SDI,전자재료,전자재료,2025,2Q,매출,218.2,십억원,na,2
2026-05-28_키움증권_삼성SDI,2026-05-28,키움증권,삼성SDI,전자재료,전자재료,2025,3Q,매출,231.8,십억원,na,2
2026-05-28_키움증권_삼성SDI,2026-05-28,키움증권,삼성SDI,전자재료,전자재료,2025,4Q,매출,236.7,십억원,na,2
2026-05-28_키움증권_삼성SDI,2026-05-28,키움증권,삼성SDI,전자재료,전자재료,2026,1Q,매출,222.0,십억원,na,2
2026-05-28_키움증권_삼성SDI,2026-05-28,키움증권,삼성SDI,전자재료,전자재료,2026,2Q,매출,235.2,십억원,na,2
2026-05-28_키움증권_삼성SDI,2026-05-28,키움증권,삼성SDI,전자재료,전자재료,2026,3Q,매출,244.8,십억원,na,2
2026-05-28_키움증권_삼성SDI,2026-05-28,키움증권,삼성SDI,전자재료,전자재료,2026,4Q,매출,253.8,십억원,na,2
2026-05-28_키움증권_삼성SDI,2026-05-28,키움증권,삼성SDI,전자재료,전자재료,2025,FY,영업이익,129.4,십억원,na,2
2026-05-28_키움증권_삼성SDI,2026-05-28,키움증권,삼성SDI,전자재료,전자재료,2026,FY,영업이익,147.1,십억원,na,2
2026-05-28_키움증권_삼성SDI,2026-05-28,키움증권,삼성SDI,전자재료,전자재료,2025,1Q,영업이익,18.3,십억원,na,2
2026-05-28_키움증권_삼성SDI,2026-05-28,키움증권,삼성SDI,전자재료,전자재료,2025,2Q,영업이익,33.0,십억원,na,2
2026-05-28_키움증권_삼성SDI,2026-05-28,키움증권,삼성SDI,전자재료,전자재료,2025,3Q,영업이익,38.8,십억원,na,2
2026-05-28_키움증권_삼성SDI,2026-05-28,키움증권,삼성SDI,전자재료,전자재료,2025,4Q,영업이익,39.3,십억원,na,2
2026-05-28_키움증권_삼성SDI,2026-05-28,키움증권,삼성SDI,전자재료,전자재료,2026,1Q,영업이익,21.0,십억원,na,2
2026-05-28_키움증권_삼성SDI,2026-05-28,키움증권,삼성SDI,전자재료,전자재료,2026,2Q,영업이익,26.3,십억원,na,2
2026-05-28_키움증권_삼성SDI,2026-05-28,키움증권,삼성SDI,전자재료,전자재료,2026,3Q,영업이익,47.9,십억원,na,2
2026-05-28_키움증권_삼성SDI,2026-05-28,키움증권,삼성SDI,전자재료,전자재료,2026,4Q,영업이익,51.8,십억원,na,2
2026-05-28_키움증권_삼성SDI,2026-05-28,키움증권,삼성SDI,AMPC,전사,2025,FY,AMPC,275.1,십억원,na,2
2026-05-28_키움증권_삼성SDI,2026-05-28,키움증권,삼성SDI,AMPC,전사,2026,FY,AMPC,460,십억원,na,2
2026-05-28_키움증권_삼성SDI,2026-05-28,키움증권,삼성SDI,AMPC,전사,2025,1Q,AMPC,109.4,십억원,na,2
2026-05-28_키움증권_삼성SDI,2026-05-28,키움증권,삼성SDI,AMPC,전사,2025,2Q,AMPC,66.4,십억원,na,2
2026-05-28_키움증권_삼성SDI,2026-05-28,키움증권,삼성SDI,AMPC,전사,2025,3Q,AMPC,19.5,십억원,na,2
2026-05-28_키움증권_삼성SDI,2026-05-28,키움증권,삼성SDI,AMPC,전사,2025,4Q,AMPC,79.8,십억원,na,2
2026-05-28_키움증권_삼성SDI,2026-05-28,키움증권,삼성SDI,AMPC,전사,2026,1Q,AMPC,80.5,십억원,na,2
2026-05-28_키움증권_삼성SDI,2026-05-28,키움증권,삼성SDI,AMPC,전사,2026,2Q,AMPC,98.8,십억원,na,2
2026-05-28_키움증권_삼성SDI,2026-05-28,키움증권,삼성SDI,AMPC,전사,2026,3Q,AMPC,112.3,십억원,na,2
2026-05-28_키움증권_삼성SDI,2026-05-28,키움증권,삼성SDI,AMPC,전사,2026,4Q,AMPC,168.5,십억원,na,2
2026-06-02_LS증권_LGES,2026-06-02,LS증권,LGES,소계,전사,2025,2Q,매출,6056,십억원,excl,13
2026-06-02_LS증권_LGES,2026-06-02,LS증권,LGES,소계,전사,2025,3Q,매출,6065,십억원,excl,13
2026-06-02_LS증권_LGES,2026-06-02,LS증권,LGES,소계,전사,2025,4Q,매출,6474,십억원,excl,13
2026-06-02_LS증권_LGES,2026-06-02,LS증권,LGES,소계,전사,2026,1Q,매출,6555,십억원,incl,13
2026-06-02_LS증권_LGES,2026-06-02,LS증권,LGES,소계,전사,2026,2Q,매출,7516,십억원,incl,13
2026-06-02_LS증권_LGES,2026-06-02,LS증권,LGES,소계,전사,2026,3Q,매출,7967,십억원,incl,13
2026-06-02_LS증권_LGES,2026-06-02,LS증권,LGES,소계,전사,2026,4Q,매출,8026,십억원,incl,13
2026-06-02_LS증권_LGES,2026-06-02,LS증권,LGES,소계,전사,2025,FY,매출,25319,십억원,excl,13
2026-06-02_LS증권_LGES,2026-06-02,LS증권,LGES,소계,전사,2026,FY,매출,30063,십억원,incl,13
2026-06-02_LS증권_LGES,2026-06-02,LS증권,LGES,소계,전사,2027,FY,매출,34603,십억원,incl,13
2026-06-02_LS증권_LGES,2026-06-02,LS증권,LGES,자동차향,EV,2025,2Q,매출,3815,십억원,excl,13
2026-06-02_LS증권_LGES,2026-06-02,LS증권,LGES,자동차향,EV,2025,3Q,매출,3700,십억원,excl,13
2026-06-02_LS증권_LGES,2026-06-02,LS증권,LGES,자동차향,EV,2025,4Q,매출,2913,십억원,excl,13
2026-06-02_LS증권_LGES,2026-06-02,LS증권,LGES,자동차향,EV,2026,1Q,매출,2753,십억원,incl_unknown,13
2026-06-02_LS증권_LGES,2026-06-02,LS증권,LGES,자동차향,EV,2026,2Q,매출,2827,십억원,incl_unknown,13
2026-06-02_LS증권_LGES,2026-06-02,LS증권,LGES,자동차향,EV,2026,3Q,매출,2933,십억원,incl_unknown,13
2026-06-02_LS증권_LGES,2026-06-02,LS증권,LGES,자동차향,EV,2026,4Q,매출,3285,십억원,incl_unknown,13
2026-06-02_LS증권_LGES,2026-06-02,LS증권,LGES,자동차향,EV,2025,FY,매출,14798,십억원,excl,13
2026-06-02_LS증권_LGES,2026-06-02,LS증권,LGES,자동차향,EV,2026,FY,매출,11798,십억원,incl_unknown,13
2026-06-02_LS증권_LGES,2026-06-02,LS증권,LGES,자동차향,EV,2027,FY,매출,13568,십억원,incl_unknown,13
2026-06-02_LS증권_LGES,2026-06-02,LS증권,LGES,소형,소형,2025,2Q,매출,1696,십억원,excl,13
2026-06-02_LS증권_LGES,2026-06-02,LS증권,LGES,소형,소형,2025,3Q,매출,1698,십억원,excl,13
2026-06-02_LS증권_LGES,2026-06-02,LS증권,LGES,소형,소형,2025,4Q,매출,2137,십억원,excl,13
2026-06-02_LS증권_LGES,2026-06-02,LS증권,LGES,소형,소형,2026,1Q,매출,2229,십억원,incl_unknown,13
2026-06-02_LS증권_LGES,2026-06-02,LS증권,LGES,소형,소형,2026,2Q,매출,2795,십억원,incl_unknown,13
2026-06-02_LS증권_LGES,2026-06-02,LS증권,LGES,소형,소형,2026,3Q,매출,2934,십억원,incl_unknown,13
2026-06-02_LS증권_LGES,2026-06-02,LS증권,LGES,소형,소형,2026,4Q,매출,2518,십억원,incl_unknown,13
2026-06-02_LS증권_LGES,2026-06-02,LS증권,LGES,소형,소형,2025,FY,매출,7413,십억원,excl,13
2026-06-02_LS증권_LGES,2026-06-02,LS증권,LGES,소형,소형,2026,FY,매출,10475,십억원,incl_unknown,13
2026-06-02_LS증권_LGES,2026-06-02,LS증권,LGES,소형,소형,2027,FY,매출,10894,십억원,incl_unknown,13
2026-06-02_LS증권_LGES,2026-06-02,LS증권,LGES,ESS,ESS,2025,2Q,매출,545,십억원,excl,13
2026-06-02_LS증권_LGES,2026-06-02,LS증권,LGES,ESS,ESS,2025,3Q,매출,667,십억원,excl,13
2026-06-02_LS증권_LGES,2026-06-02,LS증권,LGES,ESS,ESS,2025,4Q,매출,1424,십억원,excl,13
2026-06-02_LS증권_LGES,2026-06-02,LS증권,LGES,ESS,ESS,2026,1Q,매출,1573,십억원,incl_unknown,13
2026-06-02_LS증권_LGES,2026-06-02,LS증권,LGES,ESS,ESS,2026,2Q,매출,1894,십억원,incl_unknown,13
2026-06-02_LS증권_LGES,2026-06-02,LS증권,LGES,ESS,ESS,2026,3Q,매출,2100,십억원,incl_unknown,13
2026-06-02_LS증권_LGES,2026-06-02,LS증권,LGES,ESS,ESS,2026,4Q,매출,2223,십억원,incl_unknown,13
2026-06-02_LS증권_LGES,2026-06-02,LS증권,LGES,ESS,ESS,2025,FY,매출,3107,십억원,excl,13
2026-06-02_LS증권_LGES,2026-06-02,LS증권,LGES,ESS,ESS,2026,FY,매출,7789,십억원,incl_unknown,13
2026-06-02_LS증권_LGES,2026-06-02,LS증권,LGES,ESS,ESS,2027,FY,매출,10140,십억원,incl_unknown,13
2026-06-02_LS증권_LGES,2026-06-02,LS증권,LGES,소계,전사,2025,2Q,영업이익,492,십억원,incl,13
2026-06-02_LS증권_LGES,2026-06-02,LS증권,LGES,소계,전사,2025,3Q,영업이익,601,십억원,incl,13
2026-06-02_LS증권_LGES,2026-06-02,LS증권,LGES,소계,전사,2025,4Q,영업이익,-122,십억원,incl,13
2026-06-02_LS증권_LGES,2026-06-02,LS증권,LGES,소계,전사,2026,1Q,영업이익,-208,십억원,incl,13
2026-06-02_LS증권_LGES,2026-06-02,LS증권,LGES,소계,전사,2026,2Q,영업이익,31,십억원,incl,13
2026-06-02_LS증권_LGES,2026-06-02,LS증권,LGES,소계,전사,2026,3Q,영업이익,283,십억원,incl,13
2026-06-02_LS증권_LGES,2026-06-02,LS증권,LGES,소계,전사,2026,4Q,영업이익,373,십억원,incl,13
2026-06-02_LS증권_LGES,2026-06-02,LS증권,LGES,소계,전사,2025,FY,영업이익,1346,십억원,incl,13
2026-06-02_LS증권_LGES,2026-06-02,LS증권,LGES,소계,전사,2026,FY,영업이익,479,십억원,incl,13
2026-06-02_LS증권_LGES,2026-06-02,LS증권,LGES,소계,전사,2027,FY,영업이익,1406,십억원,incl,13
2026-06-02_LS증권_LGES,2026-06-02,LS증권,LGES,소계,전사,2025,2Q,AMPC,491,십억원,na,13
2026-06-02_LS증권_LGES,2026-06-02,LS증권,LGES,소계,전사,2025,3Q,AMPC,365,십억원,na,13
2026-06-02_LS증권_LGES,2026-06-02,LS증권,LGES,소계,전사,2025,4Q,AMPC,333,십억원,na,13
2026-06-02_LS증권_LGES,2026-06-02,LS증권,LGES,소계,전사,2026,1Q,AMPC,190,십억원,na,13
2026-06-02_LS증권_LGES,2026-06-02,LS증권,LGES,소계,전사,2026,2Q,AMPC,257,십억원,na,13
2026-06-02_LS증권_LGES,2026-06-02,LS증권,LGES,소계,전사,2026,3Q,AMPC,313,십억원,na,13
2026-06-02_LS증권_LGES,2026-06-02,LS증권,LGES,소계,전사,2026,4Q,AMPC,318,십억원,na,13
2026-06-02_LS증권_LGES,2026-06-02,LS증권,LGES,소계,전사,2025,FY,AMPC,1647,십억원,na,13
2026-06-02_LS증권_LGES,2026-06-02,LS증권,LGES,소계,전사,2026,FY,AMPC,1077,십억원,na,13
2026-06-02_LS증권_LGES,2026-06-02,LS증권,LGES,소계,전사,2027,FY,AMPC,1680,십억원,na,13
2026-06-02_LS증권_LGES,2026-06-02,LS증권,LGES,소계,전사,2025,2Q,영업이익,1,십억원,excl,13
2026-06-02_LS증권_LGES,2026-06-02,LS증권,LGES,소계,전사,2025,3Q,영업이익,236,십억원,excl,13
2026-06-02_LS증권_LGES,2026-06-02,LS증권,LGES,소계,전사,2025,4Q,영업이익,-455,십억원,excl,13
2026-06-02_LS증권_LGES,2026-06-02,LS증권,LGES,소계,전사,2026,1Q,영업이익,-398,십억원,excl,13
2026-06-02_LS증권_LGES,2026-06-02,LS증권,LGES,소계,전사,2026,2Q,영업이익,-226,십억원,excl,13
2026-06-02_LS증권_LGES,2026-06-02,LS증권,LGES,소계,전사,2026,3Q,영업이익,-30,십억원,excl,13
2026-06-02_LS증권_LGES,2026-06-02,LS증권,LGES,소계,전사,2026,4Q,영업이익,56,십억원,excl,13
2026-06-02_LS증권_LGES,2026-06-02,LS증권,LGES,소계,전사,2025,FY,영업이익,-301,십억원,excl,13
2026-06-02_LS증권_LGES,2026-06-02,LS증권,LGES,소계,전사,2026,FY,영업이익,-597,십억원,excl,13
2026-06-02_LS증권_LGES,2026-06-02,LS증권,LGES,소계,전사,2027,FY,영업이익,-274,십억원,excl,13
2026-06-04_KB증권_LGES,2026-06-04,KB증권,LGES,매출액,전사,2024,FY,매출,25620,십억원,excl,9
2026-06-04_KB증권_LGES,2026-06-04,KB증권,LGES,매출액,전사,2025,FY,매출,23672,십억원,excl,1
2026-06-04_KB증권_LGES,2026-06-04,KB증권,LGES,매출액,전사,2026,FY,매출,33022,십억원,incl,1
2026-06-04_KB증권_LGES,2026-06-04,KB증권,LGES,매출액,전사,2027,FY,매출,46269,십억원,incl,1
2026-06-04_KB증권_LGES,2026-06-04,KB증권,LGES,매출액,전사,2028,FY,매출,57136,십억원,incl,1
2026-06-04_KB증권_LGES,2026-06-04,KB증권,LGES,영업이익,전사,2024,FY,영업이익,575,십억원,incl,9
2026-06-04_KB증권_LGES,2026-06-04,KB증권,LGES,영업이익,전사,2025,FY,영업이익,1346,십억원,incl,1
2026-06-04_KB증권_LGES,2026-06-04,KB증권,LGES,영업이익,전사,2026,FY,영업이익,1290,십억원,incl,1
2026-06-04_KB증권_LGES,2026-06-04,KB증권,LGES,영업이익,전사,2027,FY,영업이익,4587,십억원,incl,1
2026-06-04_KB증권_LGES,2026-06-04,KB증권,LGES,영업이익,전사,2028,FY,영업이익,6828,십억원,incl,1
2026-06-04_KB증권_LGES,2026-06-04,KB증권,LGES,AMPC,전사,2024,FY,AMPC,1480.0,십억원,na,6
2026-06-04_KB증권_LGES,2026-06-04,KB증권,LGES,AMPC,전사,2025,FY,AMPC,1647.0,십억원,na,6
2026-06-04_KB증권_LGES,2026-06-04,KB증권,LGES,AMPC,전사,2026,FY,AMPC,1468.6,십억원,na,6
2026-06-04_KB증권_LGES,2026-06-04,KB증권,LGES,AMPC,전사,2027,FY,AMPC,3493.8,십억원,na,6
2026-06-04_KB증권_LGES,2026-06-04,KB증권,LGES,매출액(+AMPC),전사,2025,1Q,매출,6723.0,십억원,incl,6
2026-06-04_KB증권_LGES,2026-06-04,KB증권,LGES,영업이익(+AMPC),전사,2025,1Q,영업이익,832.4,십억원,incl,6
2026-06-04_KB증권_LGES,2026-06-04,KB증권,LGES,AMPC,전사,2025,1Q,AMPC,457.7,십억원,na,6
2026-06-04_KB증권_LGES,2026-06-04,KB증권,LGES,매출액(+AMPC),전사,2025,2Q,매출,6056.0,십억원,incl,6
2026-06-04_KB증권_LGES,2026-06-04,KB증권,LGES,영업이익(+AMPC),전사,2025,2Q,영업이익,492.4,십억원,incl,6
2026-06-04_KB증권_LGES,2026-06-04,KB증권,LGES,AMPC,전사,2025,2Q,AMPC,491.0,십억원,na,6
2026-06-04_KB증권_LGES,2026-06-04,KB증권,LGES,매출액(+AMPC),전사,2025,3Q,매출,6065.0,십억원,incl,6
2026-06-04_KB증권_LGES,2026-06-04,KB증권,LGES,영업이익(+AMPC),전사,2025,3Q,영업이익,601.3,십억원,incl,6
2026-06-04_KB증권_LGES,2026-06-04,KB증권,LGES,AMPC,전사,2025,3Q,AMPC,365.5,십억원,na,6
2026-06-04_KB증권_LGES,2026-06-04,KB증권,LGES,매출액(+AMPC),전사,2025,4Q,매출,6474.0,십억원,incl,6
2026-06-04_KB증권_LGES,2026-06-04,KB증권,LGES,영업이익(+AMPC),전사,2025,4Q,영업이익,-579.8,십억원,incl,6
2026-06-04_KB증권_LGES,2026-06-04,KB증권,LGES,AMPC,전사,2025,4Q,AMPC,332.8,십억원,na,6
2026-06-04_KB증권_LGES,2026-06-04,KB증권,LGES,매출액(+AMPC),전사,2026,1Q,매출,6555.0,십억원,incl,6
2026-06-04_KB증권_LGES,2026-06-04,KB증권,LGES,영업이익(+AMPC),전사,2026,1Q,영업이익,-208.0,십억원,incl,6
2026-06-04_KB증권_LGES,2026-06-04,KB증권,LGES,AMPC,전사,2026,1Q,AMPC,189.1,십억원,na,6
2026-06-04_KB증권_LGES,2026-06-04,KB증권,LGES,매출액(+AMPC),전사,2026,2Q,매출,7619.7,십억원,incl,6
2026-06-04_KB증권_LGES,2026-06-04,KB증권,LGES,영업이익(+AMPC),전사,2026,2Q,영업이익,310.7,십억원,incl,6
2026-06-04_KB증권_LGES,2026-06-04,KB증권,LGES,AMPC,전사,2026,2Q,AMPC,266.7,십억원,na,6
2026-06-04_KB증권_LGES,2026-06-04,KB증권,LGES,매출액(+AMPC),전사,2026,3Q,매출,9011.0,십억원,incl,6
2026-06-04_KB증권_LGES,2026-06-04,KB증권,LGES,영업이익(+AMPC),전사,2026,3Q,영업이익,551.6,십억원,incl,6
2026-06-04_KB증권_LGES,2026-06-04,KB증권,LGES,AMPC,전사,2026,3Q,AMPC,428.7,십억원,na,6
2026-06-04_KB증권_LGES,2026-06-04,KB증권,LGES,매출액(+AMPC),전사,2026,4Q,매출,9836.7,십억원,incl,6
2026-06-04_KB증권_LGES,2026-06-04,KB증권,LGES,영업이익(+AMPC),전사,2026,4Q,영업이익,635.8,십억원,incl,6
2026-06-04_KB증권_LGES,2026-06-04,KB증권,LGES,AMPC,전사,2026,4Q,AMPC,584.0,십억원,na,6
2026-06-04_KB증권_LGES,2026-06-04,KB증권,LGES,중대형(EV),EV,2025,1Q,매출,4530.0,십억원,incl,6
2026-06-04_KB증권_LGES,2026-06-04,KB증권,LGES,중대형(EV),EV,2025,1Q,영업이익,-93.7,십억원,excl,6
2026-06-04_KB증권_LGES,2026-06-04,KB증권,LGES,EV AMPC,EV,2025,1Q,AMPC,457.7,십억원,na,6
2026-06-04_KB증권_LGES,2026-06-04,KB증권,LGES,중대형(EV),EV,2025,2Q,매출,4087.9,십억원,incl,6
2026-06-04_KB증권_LGES,2026-06-04,KB증권,LGES,중대형(EV),EV,2025,2Q,영업이익,-76.4,십억원,excl,6
2026-06-04_KB증권_LGES,2026-06-04,KB증권,LGES,EV AMPC,EV,2025,2Q,AMPC,470.6,십억원,na,6
2026-06-04_KB증권_LGES,2026-06-04,KB증권,LGES,중대형(EV),EV,2025,3Q,매출,3825.8,십억원,incl,6
2026-06-04_KB증권_LGES,2026-06-04,KB증권,LGES,중대형(EV),EV,2025,3Q,영업이익,105.8,십억원,excl,6
2026-06-04_KB증권_LGES,2026-06-04,KB증권,LGES,EV AMPC,EV,2025,3Q,AMPC,291.8,십억원,na,6
2026-06-04_KB증권_LGES,2026-06-04,KB증권,LGES,중대형(EV),EV,2025,4Q,매출,2851.4,십억원,incl,6
2026-06-04_KB증권_LGES,2026-06-04,KB증권,LGES,중대형(EV),EV,2025,4Q,영업이익,-469.8,십억원,excl,6
2026-06-04_KB증권_LGES,2026-06-04,KB증권,LGES,EV AMPC,EV,2025,4Q,AMPC,87.7,십억원,na,6
2026-06-04_KB증권_LGES,2026-06-04,KB증권,LGES,중대형(EV),EV,2026,1Q,매출,2884.2,십억원,incl,6
2026-06-04_KB증권_LGES,2026-06-04,KB증권,LGES,중대형(EV),EV,2026,1Q,영업이익,-312.0,십억원,excl,6
2026-06-04_KB증권_LGES,2026-06-04,KB증권,LGES,EV AMPC,EV,2026,1Q,AMPC,28.3,십억원,na,6
2026-06-04_KB증권_LGES,2026-06-04,KB증권,LGES,중대형(EV),EV,2026,2Q,매출,3042.8,십억원,incl,6
2026-06-04_KB증권_LGES,2026-06-04,KB증권,LGES,중대형(EV),EV,2026,2Q,영업이익,-36.7,십억원,excl,6
2026-06-04_KB증권_LGES,2026-06-04,KB증권,LGES,EV AMPC,EV,2026,2Q,AMPC,31.5,십억원,na,6
2026-06-04_KB증권_LGES,2026-06-04,KB증권,LGES,중대형(EV),EV,2026,3Q,매출,3269.8,십억원,incl,6
2026-06-04_KB증권_LGES,2026-06-04,KB증권,LGES,중대형(EV),EV,2026,3Q,영업이익,-116.7,십억원,excl,6
2026-06-04_KB증권_LGES,2026-06-04,KB증권,LGES,EV AMPC,EV,2026,3Q,AMPC,81.8,십억원,na,6
2026-06-04_KB증권_LGES,2026-06-04,KB증권,LGES,중대형(EV),EV,2026,4Q,매출,3623.9,십억원,incl,6
2026-06-04_KB증권_LGES,2026-06-04,KB증권,LGES,중대형(EV),EV,2026,4Q,영업이익,-210.3,십억원,excl,6
2026-06-04_KB증권_LGES,2026-06-04,KB증권,LGES,EV AMPC,EV,2026,4Q,AMPC,182.3,십억원,na,6
2026-06-04_KB증권_LGES,2026-06-04,KB증권,LGES,중대형(EV),EV,2024,FY,매출,16840.1,십억원,incl,6
2026-06-04_KB증권_LGES,2026-06-04,KB증권,LGES,중대형(EV),EV,2024,FY,영업이익,-849.3,십억원,excl,6
2026-06-04_KB증권_LGES,2026-06-04,KB증권,LGES,EV AMPC,EV,2024,FY,AMPC,1480.0,십억원,na,6
2026-06-04_KB증권_LGES,2026-06-04,KB증권,LGES,중대형(EV),EV,2025,FY,매출,15295.0,십억원,incl,6
2026-06-04_KB증권_LGES,2026-06-04,KB증권,LGES,중대형(EV),EV,2025,FY,영업이익,-534.0,십억원,excl,6
2026-06-04_KB증권_LGES,2026-06-04,KB증권,LGES,EV AMPC,EV,2025,FY,AMPC,1307.9,십억원,na,6
2026-06-04_KB증권_LGES,2026-06-04,KB증권,LGES,중대형(EV),EV,2026,FY,매출,12820.7,십억원,incl,6
2026-06-04_KB증권_LGES,2026-06-04,KB증권,LGES,중대형(EV),EV,2026,FY,영업이익,-675.8,십억원,excl,6
2026-06-04_KB증권_LGES,2026-06-04,KB증권,LGES,EV AMPC,EV,2026,FY,AMPC,323.9,십억원,na,6
2026-06-04_KB증권_LGES,2026-06-04,KB증권,LGES,중대형(EV),EV,2027,FY,매출,17448.9,십억원,incl,6
2026-06-04_KB증권_LGES,2026-06-04,KB증권,LGES,중대형(EV),EV,2027,FY,영업이익,-592.1,십억원,excl,6
2026-06-04_KB증권_LGES,2026-06-04,KB증권,LGES,EV AMPC,EV,2027,FY,AMPC,1600.3,십억원,na,6
2026-06-04_KB증권_LGES,2026-06-04,KB증권,LGES,중대형(ESS),ESS,2025,1Q,매출,563.9,십억원,incl,6
2026-06-04_KB증권_LGES,2026-06-04,KB증권,LGES,중대형(ESS),ESS,2025,1Q,영업이익,-5.6,십억원,excl,6
2026-06-04_KB증권_LGES,2026-06-04,KB증권,LGES,ESS AMPC,ESS,2025,1Q,AMPC,0.0,십억원,na,6
2026-06-04_KB증권_LGES,2026-06-04,KB증권,LGES,중대형(ESS),ESS,2025,2Q,매출,465.6,십억원,incl,6
2026-06-04_KB증권_LGES,2026-06-04,KB증권,LGES,중대형(ESS),ESS,2025,2Q,영업이익,2.2,십억원,excl,6
2026-06-04_KB증권_LGES,2026-06-04,KB증권,LGES,ESS AMPC,ESS,2025,2Q,AMPC,20.4,십억원,na,6
2026-06-04_KB증권_LGES,2026-06-04,KB증권,LGES,중대형(ESS),ESS,2025,3Q,매출,643.6,십억원,incl,6
2026-06-04_KB증권_LGES,2026-06-04,KB증권,LGES,중대형(ESS),ESS,2025,3Q,영업이익,34.2,십억원,excl,6
2026-06-04_KB증권_LGES,2026-06-04,KB증권,LGES,ESS AMPC,ESS,2025,3Q,AMPC,73.7,십억원,na,6
2026-06-04_KB증권_LGES,2026-06-04,KB증권,LGES,중대형(ESS),ESS,2025,4Q,매출,1626.9,십억원,incl,6
2026-06-04_KB증권_LGES,2026-06-04,KB증권,LGES,중대형(ESS),ESS,2025,4Q,영업이익,-124.4,십억원,excl,6
2026-06-04_KB증권_LGES,2026-06-04,KB증권,LGES,ESS AMPC,ESS,2025,4Q,AMPC,245.1,십억원,na,6
2026-06-04_KB증권_LGES,2026-06-04,KB증권,LGES,중대형(ESS),ESS,2026,1Q,매출,1573.2,십억원,incl,6
2026-06-04_KB증권_LGES,2026-06-04,KB증권,LGES,중대형(ESS),ESS,2026,1Q,영업이익,-200.0,십억원,excl,6
2026-06-04_KB증권_LGES,2026-06-04,KB증권,LGES,ESS AMPC,ESS,2026,1Q,AMPC,163.9,십억원,na,6
2026-06-04_KB증권_LGES,2026-06-04,KB증권,LGES,중대형(ESS),ESS,2026,2Q,매출,2270.0,십억원,incl,6
2026-06-04_KB증권_LGES,2026-06-04,KB증권,LGES,중대형(ESS),ESS,2026,2Q,영업이익,-56.9,십억원,excl,6
2026-06-04_KB증권_LGES,2026-06-04,KB증권,LGES,ESS AMPC,ESS,2026,2Q,AMPC,235.2,십억원,na,6
2026-06-04_KB증권_LGES,2026-06-04,KB증권,LGES,중대형(ESS),ESS,2026,3Q,매출,3353.0,십억원,incl,6
2026-06-04_KB증권_LGES,2026-06-04,KB증권,LGES,중대형(ESS),ESS,2026,3Q,영업이익,83.6,십억원,excl,6
2026-06-04_KB증권_LGES,2026-06-04,KB증권,LGES,ESS AMPC,ESS,2026,3Q,AMPC,347.0,십억원,na,6
2026-06-04_KB증권_LGES,2026-06-04,KB증권,LGES,중대형(ESS),ESS,2026,4Q,매출,3758.8,십억원,incl,6
2026-06-04_KB증권_LGES,2026-06-04,KB증권,LGES,중대형(ESS),ESS,2026,4Q,영업이익,111.5,십억원,excl,6
2026-06-04_KB증권_LGES,2026-06-04,KB증권,LGES,ESS AMPC,ESS,2026,4Q,AMPC,390.1,십억원,na,6
2026-06-04_KB증권_LGES,2026-06-04,KB증권,LGES,중대형(ESS),ESS,2024,FY,매출,2097.5,십억원,incl,6
2026-06-04_KB증권_LGES,2026-06-04,KB증권,LGES,중대형(ESS),ESS,2024,FY,영업이익,-196.0,십억원,excl,6
2026-06-04_KB증권_LGES,2026-06-04,KB증권,LGES,ESS AMPC,ESS,2024,FY,AMPC,0.0,십억원,na,6
2026-06-04_KB증권_LGES,2026-06-04,KB증권,LGES,중대형(ESS),ESS,2025,FY,매출,3300.0,십억원,incl,6
2026-06-04_KB증권_LGES,2026-06-04,KB증권,LGES,중대형(ESS),ESS,2025,FY,영업이익,-93.6,십억원,excl,6
2026-06-04_KB증권_LGES,2026-06-04,KB증권,LGES,ESS AMPC,ESS,2025,FY,AMPC,339.1,십억원,na,6
2026-06-04_KB증권_LGES,2026-06-04,KB증권,LGES,중대형(ESS),ESS,2026,FY,매출,10954.9,십억원,incl,6
2026-06-04_KB증권_LGES,2026-06-04,KB증권,LGES,중대형(ESS),ESS,2026,FY,영업이익,-61.8,십억원,excl,6
2026-06-04_KB증권_LGES,2026-06-04,KB증권,LGES,ESS AMPC,ESS,2026,FY,AMPC,1136.2,십억원,na,6
2026-06-04_KB증권_LGES,2026-06-04,KB증권,LGES,중대형(ESS),ESS,2027,FY,매출,17710.3,십억원,incl,6
2026-06-04_KB증권_LGES,2026-06-04,KB증권,LGES,중대형(ESS),ESS,2027,FY,영업이익,899.1,십억원,excl,6
2026-06-04_KB증권_LGES,2026-06-04,KB증권,LGES,ESS AMPC,ESS,2027,FY,AMPC,1846.7,십억원,na,6
2026-06-04_KB증권_LGES,2026-06-04,KB증권,LGES,소형,소형,2025,1Q,매출,1628.9,십억원,incl,6
2026-06-04_KB증권_LGES,2026-06-04,KB증권,LGES,소형,소형,2025,1Q,영업이익,16.3,십억원,excl,6
2026-06-04_KB증권_LGES,2026-06-04,KB증권,LGES,소형,소형,2025,2Q,매출,1502.6,십억원,incl,6
2026-06-04_KB증권_LGES,2026-06-04,KB증권,LGES,소형,소형,2025,2Q,영업이익,75.1,십억원,excl,6
2026-06-04_KB증권_LGES,2026-06-04,KB증권,LGES,소형,소형,2025,3Q,매출,1596.0,십억원,incl,6
2026-06-04_KB증권_LGES,2026-06-04,KB증권,LGES,소형,소형,2025,3Q,영업이익,95.8,십억원,excl,6
2026-06-04_KB증권_LGES,2026-06-04,KB증권,LGES,소형,소형,2025,4Q,매출,1996.0,십억원,incl,6
2026-06-04_KB증권_LGES,2026-06-04,KB증권,LGES,소형,소형,2025,4Q,영업이익,139.7,십억원,excl,6
2026-06-04_KB증권_LGES,2026-06-04,KB증권,LGES,소형,소형,2026,1Q,매출,2097.6,십억원,incl,6
2026-06-04_KB증권_LGES,2026-06-04,KB증권,LGES,소형,소형,2026,1Q,영업이익,115.0,십억원,excl,6
2026-06-04_KB증권_LGES,2026-06-04,KB증권,LGES,소형,소형,2026,2Q,매출,2306.9,십억원,incl,6
2026-06-04_KB증권_LGES,2026-06-04,KB증권,LGES,소형,소형,2026,2Q,영업이익,137.6,십억원,excl,6
2026-06-04_KB증권_LGES,2026-06-04,KB증권,LGES,소형,소형,2026,3Q,매출,2388.3,십억원,incl,6
2026-06-04_KB증권_LGES,2026-06-04,KB증권,LGES,소형,소형,2026,3Q,영업이익,156.0,십억원,excl,6
2026-06-04_KB증권_LGES,2026-06-04,KB증권,LGES,소형,소형,2026,4Q,매출,2454.1,십억원,incl,6
2026-06-04_KB증권_LGES,2026-06-04,KB증권,LGES,소형,소형,2026,4Q,영업이익,150.5,십억원,excl,6
2026-06-04_KB증권_LGES,2026-06-04,KB증권,LGES,소형 AMPC,소형,2026,4Q,AMPC,11.7,십억원,na,6
2026-06-04_KB증권_LGES,2026-06-04,KB증권,LGES,소형,소형,2024,FY,매출,8175.2,십억원,incl,6
2026-06-04_KB증권_LGES,2026-06-04,KB증권,LGES,소형,소형,2024,FY,영업이익,140.7,십억원,excl,6
2026-06-04_KB증권_LGES,2026-06-04,KB증권,LGES,소형,소형,2025,FY,매출,6723.4,십억원,incl,6
2026-06-04_KB증권_LGES,2026-06-04,KB증권,LGES,소형,소형,2025,FY,영업이익,326.9,십억원,excl,6
2026-06-04_KB증권_LGES,2026-06-04,KB증권,LGES,소형,소형,2026,FY,매출,9246.8,십억원,incl,6
2026-06-04_KB증권_LGES,2026-06-04,KB증권,LGES,소형,소형,2026,FY,영업이익,559.2,십억원,excl,6
2026-06-04_KB증권_LGES,2026-06-04,KB증권,LGES,소형 AMPC,소형,2026,FY,AMPC,11.7,십억원,na,6
2026-06-04_KB증권_LGES,2026-06-04,KB증권,LGES,소형,소형,2027,FY,매출,11109.4,십억원,incl,6
2026-06-04_KB증권_LGES,2026-06-04,KB증권,LGES,소형,소형,2027,FY,영업이익,786.5,십억원,excl,6
2026-06-04_KB증권_LGES,2026-06-04,KB증권,LGES,소형 AMPC,소형,2027,FY,AMPC,46.8,십억원,na,6
2026-06-05_LS증권_삼성SDI,2026-06-05,LS증권,삼성SDI,매출액,전사,2026,1Q,매출,3576,십억원,incl_unknown,10
2026-06-05_LS증권_삼성SDI,2026-06-05,LS증권,삼성SDI,매출액,전사,2026,2Q,매출,3395,십억원,incl_unknown,10
2026-06-05_LS증권_삼성SDI,2026-06-05,LS증권,삼성SDI,매출액,전사,2026,3Q,매출,3165,십억원,incl_unknown,10
2026-06-05_LS증권_삼성SDI,2026-06-05,LS증권,삼성SDI,매출액,전사,2026,4Q,매출,3904,십억원,incl_unknown,10
2026-06-05_LS증권_삼성SDI,2026-06-05,LS증권,삼성SDI,매출액,전사,2025,FY,매출,13267,십억원,incl_unknown,10
2026-06-05_LS증권_삼성SDI,2026-06-05,LS증권,삼성SDI,매출액,전사,2026,FY,매출,14040,십억원,incl_unknown,10
2026-06-05_LS증권_삼성SDI,2026-06-05,LS증권,삼성SDI,에너지솔루션,배터리합계,2026,1Q,매출,3354,십억원,incl_unknown,10
2026-06-05_LS증권_삼성SDI,2026-06-05,LS증권,삼성SDI,에너지솔루션,배터리합계,2026,2Q,매출,3150,십억원,incl_unknown,10
2026-06-05_LS증권_삼성SDI,2026-06-05,LS증권,삼성SDI,에너지솔루션,배터리합계,2026,3Q,매출,2927,십억원,incl_unknown,10
2026-06-05_LS증권_삼성SDI,2026-06-05,LS증권,삼성SDI,에너지솔루션,배터리합계,2026,4Q,매출,3650,십억원,incl_unknown,10
2026-06-05_LS증권_삼성SDI,2026-06-05,LS증권,삼성SDI,에너지솔루션,배터리합계,2025,FY,매출,12384,십억원,incl_unknown,10
2026-06-05_LS증권_삼성SDI,2026-06-05,LS증권,삼성SDI,에너지솔루션,배터리합계,2026,FY,매출,13081,십억원,incl_unknown,10
2026-06-05_LS증권_삼성SDI,2026-06-05,LS증권,삼성SDI,중대형 전지,중대형,2026,1Q,매출,2304,십억원,incl_unknown,10
2026-06-05_LS증권_삼성SDI,2026-06-05,LS증권,삼성SDI,중대형 전지,중대형,2026,2Q,매출,1945,십억원,incl_unknown,10
2026-06-05_LS증권_삼성SDI,2026-06-05,LS증권,삼성SDI,중대형 전지,중대형,2026,3Q,매출,1752,십억원,incl_unknown,10
2026-06-05_LS증권_삼성SDI,2026-06-05,LS증권,삼성SDI,중대형 전지,중대형,2026,4Q,매출,2375,십억원,incl_unknown,10
2026-06-05_LS증권_삼성SDI,2026-06-05,LS증권,삼성SDI,중대형 전지,중대형,2025,FY,매출,8569,십억원,incl_unknown,10
2026-06-05_LS증권_삼성SDI,2026-06-05,LS증권,삼성SDI,중대형 전지,중대형,2026,FY,매출,8376,십억원,incl_unknown,10
2026-06-05_LS증권_삼성SDI,2026-06-05,LS증권,삼성SDI,소형전지,소형,2026,1Q,매출,1050,십억원,incl_unknown,10
2026-06-05_LS증권_삼성SDI,2026-06-05,LS증권,삼성SDI,소형전지,소형,2026,2Q,매출,1205,십억원,incl_unknown,10
2026-06-05_LS증권_삼성SDI,2026-06-05,LS증권,삼성SDI,소형전지,소형,2026,3Q,매출,1175,십억원,incl_unknown,10
2026-06-05_LS증권_삼성SDI,2026-06-05,LS증권,삼성SDI,소형전지,소형,2026,4Q,매출,1275,십억원,incl_unknown,10
2026-06-05_LS증권_삼성SDI,2026-06-05,LS증권,삼성SDI,소형전지,소형,2025,FY,매출,3816,십억원,incl_unknown,10
2026-06-05_LS증권_삼성SDI,2026-06-05,LS증권,삼성SDI,소형전지,소형,2026,FY,매출,4705,십억원,incl_unknown,10
2026-06-05_LS증권_삼성SDI,2026-06-05,LS증권,삼성SDI,전자재료,전자재료,2026,1Q,매출,222,십억원,na,10
2026-06-05_LS증권_삼성SDI,2026-06-05,LS증권,삼성SDI,전자재료,전자재료,2026,2Q,매출,245,십억원,na,10
2026-06-05_LS증권_삼성SDI,2026-06-05,LS증권,삼성SDI,전자재료,전자재료,2026,3Q,매출,238,십억원,na,10
2026-06-05_LS증권_삼성SDI,2026-06-05,LS증권,삼성SDI,전자재료,전자재료,2026,4Q,매출,254.1,십억원,na,10
2026-06-05_LS증권_삼성SDI,2026-06-05,LS증권,삼성SDI,전자재료,전자재료,2025,FY,매출,883,십억원,na,10
2026-06-05_LS증권_삼성SDI,2026-06-05,LS증권,삼성SDI,전자재료,전자재료,2026,FY,매출,959,십억원,na,10
2026-06-05_LS증권_삼성SDI,2026-06-05,LS증권,삼성SDI,영업이익,전사,2026,1Q,영업이익,-156,십억원,incl_unknown,10
2026-06-05_LS증권_삼성SDI,2026-06-05,LS증권,삼성SDI,영업이익,전사,2026,2Q,영업이익,-130,십억원,incl_unknown,10
2026-06-05_LS증권_삼성SDI,2026-06-05,LS증권,삼성SDI,영업이익,전사,2026,3Q,영업이익,-99,십억원,incl_unknown,10
2026-06-05_LS증권_삼성SDI,2026-06-05,LS증권,삼성SDI,영업이익,전사,2026,4Q,영업이익,4,십억원,incl_unknown,10
2026-06-05_LS증권_삼성SDI,2026-06-05,LS증권,삼성SDI,영업이익,전사,2025,FY,영업이익,-1722,십억원,incl_unknown,10
2026-06-05_LS증권_삼성SDI,2026-06-05,LS증권,삼성SDI,영업이익,전사,2026,FY,영업이익,-381,십억원,incl_unknown,10
2026-06-05_LS증권_삼성SDI,2026-06-05,LS증권,삼성SDI,에너지솔루션,배터리합계,2026,1Q,영업이익,-177,십억원,incl_unknown,10
2026-06-05_LS증권_삼성SDI,2026-06-05,LS증권,삼성SDI,에너지솔루션,배터리합계,2026,2Q,영업이익,-155,십억원,incl_unknown,10
2026-06-05_LS증권_삼성SDI,2026-06-05,LS증권,삼성SDI,에너지솔루션,배터리합계,2026,3Q,영업이익,-126,십억원,incl_unknown,10
2026-06-05_LS증권_삼성SDI,2026-06-05,LS증권,삼성SDI,에너지솔루션,배터리합계,2026,4Q,영업이익,-38,십억원,incl_unknown,10
2026-06-05_LS증권_삼성SDI,2026-06-05,LS증권,삼성SDI,에너지솔루션,배터리합계,2025,FY,영업이익,-1852,십억원,incl_unknown,10
2026-06-05_LS증권_삼성SDI,2026-06-05,LS증권,삼성SDI,에너지솔루션,배터리합계,2026,FY,영업이익,-496,십억원,incl_unknown,10
2026-06-05_LS증권_삼성SDI,2026-06-05,LS증권,삼성SDI,중대형 전지,중대형,2026,1Q,영업이익,-76,십억원,incl_unknown,10
2026-06-05_LS증권_삼성SDI,2026-06-05,LS증권,삼성SDI,중대형 전지,중대형,2026,2Q,영업이익,-101,십억원,incl_unknown,10
2026-06-05_LS증권_삼성SDI,2026-06-05,LS증권,삼성SDI,중대형 전지,중대형,2026,3Q,영업이익,-150,십억원,incl_unknown,10
2026-06-05_LS증권_삼성SDI,2026-06-05,LS증권,삼성SDI,중대형 전지,중대형,2026,4Q,영업이익,-75,십억원,incl_unknown,10
2026-06-05_LS증권_삼성SDI,2026-06-05,LS증권,삼성SDI,중대형 전지,중대형,2025,FY,영업이익,-1348,십억원,incl_unknown,10
2026-06-05_LS증권_삼성SDI,2026-06-05,LS증권,삼성SDI,중대형 전지,중대형,2026,FY,영업이익,-402,십억원,incl_unknown,10
2026-06-05_LS증권_삼성SDI,2026-06-05,LS증권,삼성SDI,소형전지,소형,2026,1Q,영업이익,-101,십억원,incl_unknown,10
2026-06-05_LS증권_삼성SDI,2026-06-05,LS증권,삼성SDI,소형전지,소형,2026,2Q,영업이익,-54,십억원,incl_unknown,10
2026-06-05_LS증권_삼성SDI,2026-06-05,LS증권,삼성SDI,소형전지,소형,2026,3Q,영업이익,24,십억원,incl_unknown,10
2026-06-05_LS증권_삼성SDI,2026-06-05,LS증권,삼성SDI,소형전지,소형,2026,4Q,영업이익,37,십억원,incl_unknown,10
2026-06-05_LS증권_삼성SDI,2026-06-05,LS증권,삼성SDI,소형전지,소형,2025,FY,영업이익,-504,십억원,incl_unknown,10
2026-06-05_LS증권_삼성SDI,2026-06-05,LS증권,삼성SDI,소형전지,소형,2026,FY,영업이익,-94,십억원,incl_unknown,10
2026-06-05_LS증권_삼성SDI,2026-06-05,LS증권,삼성SDI,전자재료,전자재료,2026,1Q,영업이익,21,십억원,na,10
2026-06-05_LS증권_삼성SDI,2026-06-05,LS증권,삼성SDI,전자재료,전자재료,2026,2Q,영업이익,25,십억원,na,10
2026-06-05_LS증권_삼성SDI,2026-06-05,LS증권,삼성SDI,전자재료,전자재료,2026,3Q,영업이익,27,십억원,na,10
2026-06-05_LS증권_삼성SDI,2026-06-05,LS증권,삼성SDI,전자재료,전자재료,2026,4Q,영업이익,42,십억원,na,10
2026-06-05_LS증권_삼성SDI,2026-06-05,LS증권,삼성SDI,전자재료,전자재료,2025,FY,영업이익,129,십억원,na,10
2026-06-05_LS증권_삼성SDI,2026-06-05,LS증권,삼성SDI,전자재료,전자재료,2026,FY,영업이익,115,십억원,na,10
2026-06-08_하나증권_산업,2026-06-08,하나증권,LGES,,기타,2025,,매출,13973,십억원,,27
2026-06-08_하나증권_산업,2026-06-08,하나증권,LGES,,기타,2026,,매출,10770,십억원,,27
2026-06-08_하나증권_산업,2026-06-08,하나증권,LGES,,기타,2027,,매출,11355,십억원,,27
2026-06-08_하나증권_산업,2026-06-08,하나증권,LGES,,기타,2028,,매출,11893,십억원,,27
2026-06-08_하나증권_산업,2026-06-08,하나증권,LGES,,기타,2025,,영업이익,-562,십억원,,27
2026-06-08_하나증권_산업,2026-06-08,하나증권,LGES,,기타,2026,,영업이익,-452,십억원,,27
2026-06-08_하나증권_산업,2026-06-08,하나증권,LGES,,기타,2027,,영업이익,-136,십억원,,27
2026-06-08_하나증권_산업,2026-06-08,하나증권,LGES,,기타,2028,,영업이익,133,십억원,,27
2026-06-08_하나증권_산업,2026-06-08,하나증권,LGES,,기타,2025,,AMPC,1356,십억원,AMPC,27
2026-06-08_하나증권_산업,2026-06-08,하나증권,LGES,,기타,2026,,AMPC,50,십억원,AMPC,27
2026-06-08_하나증권_산업,2026-06-08,하나증권,LGES,,기타,2027,,AMPC,923,십억원,AMPC,27
2026-06-08_하나증권_산업,2026-06-08,하나증권,LGES,,기타,2028,,AMPC,1153,십억원,AMPC,27
2026-06-08_하나증권_산업,2026-06-08,하나증권,LGES,,기타,2025,,매출,5269,십억원,,27
2026-06-08_하나증권_산업,2026-06-08,하나증권,LGES,,기타,2026,,매출,6863,십억원,,27
2026-06-08_하나증권_산업,2026-06-08,하나증권,LGES,,기타,2027,,매출,7271,십억원,,27
2026-06-08_하나증권_산업,2026-06-08,하나증권,LGES,,기타,2028,,매출,7755,십억원,,27
2026-06-08_하나증권_산업,2026-06-08,하나증권,LGES,,기타,2025,,영업이익,320,십억원,,27
2026-06-08_하나증권_산업,2026-06-08,하나증권,LGES,,기타,2026,,영업이익,441,십억원,,27
2026-06-08_하나증권_산업,2026-06-08,하나증권,LGES,,기타,2027,,영업이익,498,십억원,,27
2026-06-08_하나증권_산업,2026-06-08,하나증권,LGES,,기타,2028,,영업이익,609,십억원,,27
2026-06-08_하나증권_산업,2026-06-08,하나증권,LGES,,ESS,2025,,매출,2406,십억원,,27
2026-06-08_하나증권_산업,2026-06-08,하나증권,LGES,,ESS,2026,,매출,9225,십억원,,27
2026-06-08_하나증권_산업,2026-06-08,하나증권,LGES,,ESS,2027,,매출,10194,십억원,,27
2026-06-08_하나증권_산업,2026-06-08,하나증권,LGES,,ESS,2028,,매출,12884,십억원,,27
2026-06-08_하나증권_산업,2026-06-08,하나증권,LGES,,ESS,2025,,영업이익,-69,십억원,,27
2026-06-08_하나증권_산업,2026-06-08,하나증권,LGES,,ESS,2026,,영업이익,-323,십억원,,27
2026-06-08_하나증권_산업,2026-06-08,하나증권,LGES,,ESS,2027,,영업이익,500,십억원,,27
2026-06-08_하나증권_산업,2026-06-08,하나증권,LGES,,ESS,2028,,영업이익,670,십억원,,27
2026-06-08_하나증권_산업,2026-06-08,하나증권,LGES,,ESS,2025,,AMPC,290,십억원,AMPC,27
2026-06-08_하나증권_산업,2026-06-08,하나증권,LGES,,ESS,2026,,AMPC,1008,십억원,AMPC,27
2026-06-08_하나증권_산업,2026-06-08,하나증권,LGES,,ESS,2027,,AMPC,1296,십억원,AMPC,27
2026-06-08_하나증권_산업,2026-06-08,하나증권,LGES,,ESS,2028,,AMPC,1748,십억원,AMPC,27
2026-06-08_하나증권_산업,2026-06-08,하나증권,LGES,,기타,2025,,매출,2024,십억원,,27
2026-06-08_하나증권_산업,2026-06-08,하나증권,LGES,,기타,2026,,매출,1822,십억원,,27
2026-06-08_하나증권_산업,2026-06-08,하나증권,LGES,,기타,2027,,매출,1804,십억원,,27
2026-06-08_하나증권_산업,2026-06-08,하나증권,LGES,,기타,2028,,매출,1768,십억원,,27
2026-06-08_하나증권_산업,2026-06-08,하나증권,LGES,,기타,2025,,매출,23672,십억원,,27
2026-06-08_하나증권_산업,2026-06-08,하나증권,LGES,,기타,2026,,매출,28681,십억원,,27
2026-06-08_하나증권_산업,2026-06-08,하나증권,LGES,,기타,2027,,매출,30624,십억원,,27
2026-06-08_하나증권_산업,2026-06-08,하나증권,LGES,,기타,2028,,매출,34299,십억원,,27
2026-06-08_하나증권_산업,2026-06-08,하나증권,LGES,,기타,2025,,영업이익,1346,십억원,,27
2026-06-08_하나증권_산업,2026-06-08,하나증권,LGES,,기타,2026,,영업이익,728,십억원,,27
2026-06-08_하나증권_산업,2026-06-08,하나증권,LGES,,기타,2027,,영업이익,3084,십억원,,27
2026-06-08_하나증권_산업,2026-06-08,하나증권,LGES,,기타,2028,,영업이익,4340,십억원,,27
2026-06-08_하나증권_산업,2026-06-08,하나증권,LGES,,기타,2025,,영업이익,-301,십억원,excl,27
2026-06-08_하나증권_산업,2026-06-08,하나증권,LGES,,기타,2026,,영업이익,-329,십억원,excl,27
2026-06-08_하나증권_산업,2026-06-08,하나증권,LGES,,기타,2027,,영업이익,865,십억원,excl,27
2026-06-08_하나증권_산업,2026-06-08,하나증권,LGES,,기타,2028,,영업이익,1439,십억원,excl,27
2026-06-08_하나증권_산업,2026-06-08,하나증권,LGES,,기타,2025,,지배주주순이익,-1073,십억원,,27
2026-06-08_하나증권_산업,2026-06-08,하나증권,LGES,,기타,2026,,지배주주순이익,-329,십억원,,27
2026-06-08_하나증권_산업,2026-06-08,하나증권,LGES,,기타,2027,,지배주주순이익,2055,십억원,,27
2026-06-08_하나증권_산업,2026-06-08,하나증권,LGES,,기타,2028,,지배주주순이익,3090,십억원,,27
2026-06-08_하나증권_산업,2026-06-08,하나증권,LGES,,기타,2026,,매출,6555,십억원,,27
2026-06-08_하나증권_산업,2026-06-08,하나증권,LGES,,기타,2026,,매출,7283,십억원,,27
2026-06-08_하나증권_산업,2026-06-08,하나증권,LGES,,기타,2026,,매출,7638,십억원,,27
2026-06-08_하나증권_산업,2026-06-08,하나증권,LGES,,기타,2026,,매출,7484,십억원,,27
2026-06-08_하나증권_산업,2026-06-08,하나증권,삼성SDI,,EV,2025,,매출,5620,십억원,,28
2026-06-08_하나증권_산업,2026-06-08,하나증권,삼성SDI,,EV,2026,,매출,5611,십억원,,28
2026-06-08_하나증권_산업,2026-06-08,하나증권,삼성SDI,,EV,2027,,매출,5931,십억원,,28
2026-06-08_하나증권_산업,2026-06-08,하나증권,삼성SDI,,EV,2028,,매출,6510,십억원,,28
2026-06-08_하나증권_산업,2026-06-08,하나증권,삼성SDI,,EV,2025,,영업이익,-1625,십억원,excl,28
2026-06-08_하나증권_산업,2026-06-08,하나증권,삼성SDI,,EV,2026,,영업이익,-617,십억원,excl,28
2026-06-08_하나증권_산업,2026-06-08,하나증권,삼성SDI,,EV,2027,,영업이익,-445,십억원,excl,28
2026-06-08_하나증권_산업,2026-06-08,하나증권,삼성SDI,,EV,2028,,영업이익,36,십억원,excl,28
2026-06-08_하나증권_산업,2026-06-08,하나증권,삼성SDI,,EV,2025,,AMPC,195,십억원,AMPC,28
2026-06-08_하나증권_산업,2026-06-08,하나증권,삼성SDI,,EV,2026,,AMPC,85,십억원,AMPC,28
2026-06-08_하나증권_산업,2026-06-08,하나증권,삼성SDI,,EV,2027,,AMPC,141,십억원,AMPC,28
2026-06-08_하나증권_산업,2026-06-08,하나증권,삼성SDI,,EV,2028,,AMPC,204,십억원,AMPC,28
2026-06-08_하나증권_산업,2026-06-08,하나증권,삼성SDI,,ESS,2025,,매출,2935,십억원,,28
2026-06-08_하나증권_산업,2026-06-08,하나증권,삼성SDI,,ESS,2026,,매출,4475,십억원,,28
2026-06-08_하나증권_산업,2026-06-08,하나증권,삼성SDI,,ESS,2027,,매출,6586,십억원,,28
2026-06-08_하나증권_산업,2026-06-08,하나증권,삼성SDI,,ESS,2028,,매출,7155,십억원,,28
2026-06-08_하나증권_산업,2026-06-08,하나증권,삼성SDI,,ESS,2025,,AMPC,80,십억원,AMPC,28
2026-06-08_하나증권_산업,2026-06-08,하나증권,삼성SDI,,ESS,2026,,AMPC,544,십억원,AMPC,28
2026-06-08_하나증권_산업,2026-06-08,하나증권,삼성SDI,,ESS,2027,,AMPC,1265,십억원,AMPC,28
2026-06-08_하나증권_산업,2026-06-08,하나증권,삼성SDI,,ESS,2028,,AMPC,1457,십억원,AMPC,28
2026-06-08_하나증권_산업,2026-06-08,하나증권,삼성SDI,,기타,2025,,매출,3829,십억원,,28
2026-06-08_하나증권_산업,2026-06-08,하나증권,삼성SDI,,기타,2026,,매출,5143,십억원,,28
2026-06-08_하나증권_산업,2026-06-08,하나증권,삼성SDI,,기타,2027,,매출,5256,십억원,,28
2026-06-08_하나증권_산업,2026-06-08,하나증권,삼성SDI,,기타,2025,,매출,883,십억원,,28
2026-06-08_하나증권_산업,2026-06-08,하나증권,삼성SDI,,기타,2026,,매출,982,십억원,,28
2026-06-08_하나증권_산업,2026-06-08,하나증권,삼성SDI,,기타,2027,,매출,1056,십억원,,28
2026-06-08_하나증권_산업,2026-06-08,하나증권,삼성SDI,,기타,2028,,매출,1149,십억원,,28
2026-06-08_하나증권_산업,2026-06-08,하나증권,삼성SDI,,기타,2025,,매출,13267,십억원,,28
2026-06-08_하나증권_산업,2026-06-08,하나증권,삼성SDI,,기타,2026,,매출,15701,십억원,,28
2026-06-08_하나증권_산업,2026-06-08,하나증권,삼성SDI,,기타,2027,,매출,18715,십억원,,28
2026-06-08_하나증권_산업,2026-06-08,하나증권,삼성SDI,,기타,2028,,매출,20069,십억원,,28
2026-06-08_하나증권_산업,2026-06-08,하나증권,삼성SDI,,기타,2025,,영업이익,-1722,십억원,,28
2026-06-08_하나증권_산업,2026-06-08,하나증권,삼성SDI,,기타,2026,,영업이익,-106,십억원,,28
2026-06-08_하나증권_산업,2026-06-08,하나증권,삼성SDI,,기타,2027,,영업이익,1246,십억원,,28
2026-06-08_하나증권_산업,2026-06-08,하나증권,삼성SDI,,기타,2028,,영업이익,2367,십억원,,28
2026-06-08_하나증권_산업,2026-06-08,하나증권,삼성SDI,,기타,2025,,지배주주순이익,-650,십억원,,28
2026-06-08_하나증권_산업,2026-06-08,하나증권,삼성SDI,,기타,2026,,지배주주순이익,353,십억원,,28
2026-06-08_하나증권_산업,2026-06-08,하나증권,삼성SDI,,기타,2027,,지배주주순이익,1298,십억원,,28
2026-06-08_하나증권_산업,2026-06-08,하나증권,삼성SDI,,기타,2028,,지배주주순이익,2092,십억원,,28
2026-06-08_하나증권_산업,2026-06-08,하나증권,에코프로비엠,,기타,2025,,매출,2531.6,십억원,,29
2026-06-08_하나증권_산업,2026-06-08,하나증권,에코프로비엠,,기타,2026,,매출,2853.2,십억원,,29
2026-06-08_하나증권_산업,2026-06-08,하나증권,에코프로비엠,,기타,2027,,매출,3688.0,십억원,,29
2026-06-08_하나증권_산업,2026-06-08,하나증권,에코프로비엠,,기타,2028,,매출,4150.9,십억원,,29
2026-06-08_하나증권_산업,2026-06-08,하나증권,에코프로비엠,,기타,2025,,영업이익,143.3,십억원,,29
2026-06-08_하나증권_산업,2026-06-08,하나증권,에코프로비엠,,기타,2026,,영업이익,104.0,십억원,,29
2026-06-08_하나증권_산업,2026-06-08,하나증권,에코프로비엠,,기타,2027,,영업이익,228.9,십억원,,29
2026-06-08_하나증권_산업,2026-06-08,하나증권,에코프로비엠,,기타,2028,,영업이익,286.1,십억원,,29
2026-06-08_하나증권_산업,2026-06-08,하나증권,에코프로비엠,,기타,2025,,지배주주순이익,39.4,십억원,,29
2026-06-08_하나증권_산업,2026-06-08,하나증권,에코프로비엠,,기타,2026,,지배주주순이익,40.5,십억원,,29
2026-06-08_하나증권_산업,2026-06-08,하나증권,에코프로비엠,,기타,2027,,지배주주순이익,114.7,십억원,,29
2026-06-08_하나증권_산업,2026-06-08,하나증권,에코프로비엠,,기타,2028,,지배주주순이익,147.7,십억원,,29
2026-06-08_하나증권_산업,2026-06-08,하나증권,포스코퓨처엠,,기타,2025,,매출,2938.7,십억원,,29
2026-06-08_하나증권_산업,2026-06-08,하나증권,포스코퓨처엠,,기타,2026,,매출,3168.4,십억원,,29
2026-06-08_하나증권_산업,2026-06-08,하나증권,포스코퓨처엠,,기타,2027,,매출,4010.7,십억원,,29
2026-06-08_하나증권_산업,2026-06-08,하나증권,포스코퓨처엠,,기타,2028,,매출,5620.0,십억원,,29
2026-06-08_하나증권_산업,2026-06-08,하나증권,포스코퓨처엠,,기타,2025,,매출,1461.9,십억원,,29
2026-06-08_하나증권_산업,2026-06-08,하나증권,포스코퓨처엠,,기타,2026,,매출,1998.9,십억원,,29
2026-06-08_하나증권_산업,2026-06-08,하나증권,포스코퓨처엠,,기타,2027,,매출,2791.1,십억원,,29
2026-06-08_하나증권_산업,2026-06-08,하나증권,포스코퓨처엠,,기타,2028,,매출,4269.2,십억원,,29
2026-06-08_하나증권_산업,2026-06-08,하나증권,포스코퓨처엠,,기타,2025,,영업이익,32.8,십억원,,29
2026-06-08_하나증권_산업,2026-06-08,하나증권,포스코퓨처엠,,기타,2026,,영업이익,71.3,십억원,,29
2026-06-08_하나증권_산업,2026-06-08,하나증권,포스코퓨처엠,,기타,2027,,영업이익,96.2,십억원,,29
2026-06-08_하나증권_산업,2026-06-08,하나증권,포스코퓨처엠,,기타,2028,,영업이익,155.4,십억원,,29
2026-06-08_하나증권_산업,2026-06-08,하나증권,포스코퓨처엠,,기타,2025,,순이익,32.3,십억원,,29
2026-06-08_하나증권_산업,2026-06-08,하나증권,포스코퓨처엠,,기타,2026,,순이익,20.4,십억원,,29
2026-06-08_하나증권_산업,2026-06-08,하나증권,포스코퓨처엠,,기타,2027,,순이익,30.7,십억원,,29
2026-06-08_하나증권_산업,2026-06-08,하나증권,포스코퓨처엠,,기타,2028,,순이익,65.1,십억원,,29
2026-06-08_하나증권_산업,2026-06-08,하나증권,LGES,EV(대형),EV,2025,1Q,매출,4041.0,십억원,excl,27
2026-06-08_하나증권_산업,2026-06-08,하나증권,LGES,EV(대형),EV,2025,2Q,매출,3645.0,십억원,excl,27
2026-06-08_하나증권_산업,2026-06-08,하나증권,LGES,EV(대형),EV,2025,3Q,매출,3477.0,십억원,excl,27
2026-06-08_하나증권_산업,2026-06-08,하나증권,LGES,EV(대형),EV,2025,4Q,매출,2810.0,십억원,excl,27
2026-06-08_하나증권_산업,2026-06-08,하나증권,LGES,EV(대형),EV,2026,1Q,매출,2754.0,십억원,excl,27
2026-06-08_하나증권_산업,2026-06-08,하나증권,LGES,EV(대형),EV,2026,2Q,매출,2644.0,십억원,excl,27
2026-06-08_하나증권_산업,2026-06-08,하나증권,LGES,EV(대형),EV,2026,3Q,매출,2670.0,십억원,excl,27
2026-06-08_하나증권_산업,2026-06-08,하나증권,LGES,EV(대형),EV,2026,4Q,매출,2703.0,십억원,excl,27
2026-06-08_하나증권_산업,2026-06-08,하나증권,LGES,EV(대형),EV,2025,FY,매출,13973.0,십억원,excl,27
2026-06-08_하나증권_산업,2026-06-08,하나증권,LGES,EV(대형),EV,2026,FY,매출,10770.0,십억원,excl,27
2026-06-08_하나증권_산업,2026-06-08,하나증권,LGES,EV(대형),EV,2027,FY,매출,11355.0,십억원,excl,27
2026-06-08_하나증권_산업,2026-06-08,하나증권,LGES,EV(대형),EV,2028,FY,매출,11893.0,십억원,excl,27
2026-06-08_하나증권_산업,2026-06-08,하나증권,LGES,EV(대형),EV,2025,1Q,영업이익,-141.0,십억원,excl,27
2026-06-08_하나증권_산업,2026-06-08,하나증권,LGES,EV(대형),EV,2025,2Q,영업이익,-66.0,십억원,excl,27
2026-06-08_하나증권_산업,2026-06-08,하나증권,LGES,EV(대형),EV,2025,3Q,영업이익,80.0,십억원,excl,27
2026-06-08_하나증권_산업,2026-06-08,하나증권,LGES,EV(대형),EV,2025,4Q,영업이익,-435.0,십억원,excl,27
2026-06-08_하나증권_산업,2026-06-08,하나증권,LGES,EV(대형),EV,2026,1Q,영업이익,-328.0,십억원,excl,27
2026-06-08_하나증권_산업,2026-06-08,하나증권,LGES,EV(대형),EV,2026,2Q,영업이익,-66.0,십억원,excl,27
2026-06-08_하나증권_산업,2026-06-08,하나증권,LGES,EV(대형),EV,2026,3Q,영업이익,-59.0,십억원,excl,27
2026-06-08_하나증권_산업,2026-06-08,하나증권,LGES,EV(대형),EV,2026,4Q,영업이익,0.0,십억원,excl,27
2026-06-08_하나증권_산업,2026-06-08,하나증권,LGES,EV(대형),EV,2025,FY,영업이익,-562.0,십억원,excl,27
2026-06-08_하나증권_산업,2026-06-08,하나증권,LGES,EV(대형),EV,2026,FY,영업이익,-452.0,십억원,excl,27
2026-06-08_하나증권_산업,2026-06-08,하나증권,LGES,EV(대형),EV,2027,FY,영업이익,-136.0,십억원,excl,27
2026-06-08_하나증권_산업,2026-06-08,하나증권,LGES,EV(대형),EV,2028,FY,영업이익,133.0,십억원,excl,27
2026-06-08_하나증권_산업,2026-06-08,하나증권,LGES,EV(대형),EV,2025,1Q,AMPC,458.0,십억원,na,27
2026-06-08_하나증권_산업,2026-06-08,하나증권,LGES,EV(대형),EV,2025,2Q,AMPC,444.0,십억원,na,27
2026-06-08_하나증권_산업,2026-06-08,하나증권,LGES,EV(대형),EV,2025,3Q,AMPC,297.0,십억원,na,27
2026-06-08_하나증권_산업,2026-06-08,하나증권,LGES,EV(대형),EV,2025,4Q,AMPC,157.0,십억원,na,27
2026-06-08_하나증권_산업,2026-06-08,하나증권,LGES,EV(대형),EV,2026,1Q,AMPC,2.0,십억원,na,27
2026-06-08_하나증권_산업,2026-06-08,하나증권,LGES,EV(대형),EV,2026,2Q,AMPC,2.0,십억원,na,27
2026-06-08_하나증권_산업,2026-06-08,하나증권,LGES,EV(대형),EV,2026,3Q,AMPC,19.0,십억원,na,27
2026-06-08_하나증권_산업,2026-06-08,하나증권,LGES,EV(대형),EV,2026,4Q,AMPC,28.0,십억원,na,27
2026-06-08_하나증권_산업,2026-06-08,하나증권,LGES,EV(대형),EV,2025,FY,AMPC,1356.0,십억원,na,27
2026-06-08_하나증권_산업,2026-06-08,하나증권,LGES,EV(대형),EV,2026,FY,AMPC,50.0,십억원,na,27
2026-06-08_하나증권_산업,2026-06-08,하나증권,LGES,EV(대형),EV,2027,FY,AMPC,923.0,십억원,na,27
2026-06-08_하나증권_산업,2026-06-08,하나증권,LGES,EV(대형),EV,2028,FY,AMPC,1153.0,십억원,na,27
2026-06-08_하나증권_산업,2026-06-08,하나증권,LGES,EV(소형),소형,2025,1Q,매출,1277.0,십억원,na,27
2026-06-08_하나증권_산업,2026-06-08,하나증권,LGES,EV(소형),소형,2025,2Q,매출,1210.0,십억원,na,27
2026-06-08_하나증권_산업,2026-06-08,하나증권,LGES,EV(소형),소형,2025,3Q,매출,1201.0,십억원,na,27
2026-06-08_하나증권_산업,2026-06-08,하나증권,LGES,EV(소형),소형,2025,4Q,매출,1581.0,십억원,na,27
2026-06-08_하나증권_산업,2026-06-08,하나증권,LGES,EV(소형),소형,2026,1Q,매출,1644.0,십억원,na,27
2026-06-08_하나증권_산업,2026-06-08,하나증권,LGES,EV(소형),소형,2026,2Q,매출,1729.0,십억원,na,27
2026-06-08_하나증권_산업,2026-06-08,하나증권,LGES,EV(소형),소형,2026,3Q,매출,1747.0,십억원,na,27
2026-06-08_하나증권_산업,2026-06-08,하나증권,LGES,EV(소형),소형,2026,4Q,매출,1744.0,십억원,na,27
2026-06-08_하나증권_산업,2026-06-08,하나증권,LGES,EV(소형),소형,2025,FY,매출,5269.0,십억원,na,27
2026-06-08_하나증권_산업,2026-06-08,하나증권,LGES,EV(소형),소형,2026,FY,매출,6863.0,십억원,na,27
2026-06-08_하나증권_산업,2026-06-08,하나증권,LGES,EV(소형),소형,2027,FY,매출,7271.0,십억원,na,27
2026-06-08_하나증권_산업,2026-06-08,하나증권,LGES,EV(소형),소형,2028,FY,매출,7755.0,십억원,na,27
2026-06-08_하나증권_산업,2026-06-08,하나증권,LGES,EV(소형),소형,2025,1Q,영업이익,65.0,십억원,na,27
2026-06-08_하나증권_산업,2026-06-08,하나증권,LGES,EV(소형),소형,2025,2Q,영업이익,50.0,십억원,na,27
2026-06-08_하나증권_산업,2026-06-08,하나증권,LGES,EV(소형),소형,2025,3Q,영업이익,87.0,십억원,na,27
2026-06-08_하나증권_산업,2026-06-08,하나증권,LGES,EV(소형),소형,2025,4Q,영업이익,118.0,십억원,na,27
2026-06-08_하나증권_산업,2026-06-08,하나증권,LGES,EV(소형),소형,2026,1Q,영업이익,120.0,십억원,na,27
2026-06-08_하나증권_산업,2026-06-08,하나증권,LGES,EV(소형),소형,2026,2Q,영업이익,128.0,십억원,na,27
2026-06-08_하나증권_산업,2026-06-08,하나증권,LGES,EV(소형),소형,2026,3Q,영업이익,129.0,십억원,na,27
2026-06-08_하나증권_산업,2026-06-08,하나증권,LGES,EV(소형),소형,2026,4Q,영업이익,65.0,십억원,na,27
2026-06-08_하나증권_산업,2026-06-08,하나증권,LGES,EV(소형),소형,2025,FY,영업이익,320.0,십억원,na,27
2026-06-08_하나증권_산업,2026-06-08,하나증권,LGES,EV(소형),소형,2026,FY,영업이익,441.0,십억원,na,27
2026-06-08_하나증권_산업,2026-06-08,하나증권,LGES,EV(소형),소형,2027,FY,영업이익,498.0,십억원,na,27
2026-06-08_하나증권_산업,2026-06-08,하나증권,LGES,EV(소형),소형,2028,FY,영업이익,609.0,십억원,na,27
2026-06-08_하나증권_산업,2026-06-08,하나증권,LGES,ESS,ESS,2025,1Q,매출,191.0,십억원,excl,27
2026-06-08_하나증권_산업,2026-06-08,하나증권,LGES,ESS,ESS,2025,2Q,매출,287.0,십억원,excl,27
2026-06-08_하나증권_산업,2026-06-08,하나증권,LGES,ESS,ESS,2025,3Q,매출,627.0,십억원,excl,27
2026-06-08_하나증권_산업,2026-06-08,하나증권,LGES,ESS,ESS,2025,4Q,매출,1301.0,십억원,excl,27
2026-06-08_하나증권_산업,2026-06-08,하나증권,LGES,ESS,ESS,2026,1Q,매출,1735.0,십억원,excl,27
2026-06-08_하나증권_산업,2026-06-08,하나증권,LGES,ESS,ESS,2026,2Q,매출,2466.0,십억원,excl,27
2026-06-08_하나증권_산업,2026-06-08,하나증권,LGES,ESS,ESS,2026,3Q,매출,2755.0,십억원,excl,27
2026-06-08_하나증권_산업,2026-06-08,하나증권,LGES,ESS,ESS,2026,4Q,매출,2548.0,십억원,excl,27
2026-06-08_하나증권_산업,2026-06-08,하나증권,LGES,ESS,ESS,2025,FY,매출,2406.0,십억원,excl,27
2026-06-08_하나증권_산업,2026-06-08,하나증권,LGES,ESS,ESS,2026,FY,매출,9225.0,십억원,excl,27
2026-06-08_하나증권_산업,2026-06-08,하나증권,LGES,ESS,ESS,2027,FY,매출,10194.0,십억원,excl,27
2026-06-08_하나증권_산업,2026-06-08,하나증권,LGES,ESS,ESS,2028,FY,매출,12884.0,십억원,excl,27
2026-06-08_하나증권_산업,2026-06-08,하나증권,LGES,ESS,ESS,2025,1Q,영업이익,-29.0,십억원,excl,27
2026-06-08_하나증권_산업,2026-06-08,하나증권,LGES,ESS,ESS,2025,2Q,영업이익,0.0,십억원,excl,27
2026-06-08_하나증권_산업,2026-06-08,하나증권,LGES,ESS,ESS,2025,3Q,영업이익,40.0,십억원,excl,27
2026-06-08_하나증권_산업,2026-06-08,하나증권,LGES,ESS,ESS,2025,4Q,영업이익,-81.0,십억원,excl,27
2026-06-08_하나증권_산업,2026-06-08,하나증권,LGES,ESS,ESS,2026,1Q,영업이익,-200.0,십억원,excl,27
2026-06-08_하나증권_산업,2026-06-08,하나증권,LGES,ESS,ESS,2026,2Q,영업이익,-126.0,십억원,excl,27
2026-06-08_하나증권_산업,2026-06-08,하나증권,LGES,ESS,ESS,2026,3Q,영업이익,-55.0,십억원,excl,27
2026-06-08_하나증권_산업,2026-06-08,하나증권,LGES,ESS,ESS,2026,4Q,영업이익,58.0,십억원,excl,27
2026-06-08_하나증권_산업,2026-06-08,하나증권,LGES,ESS,ESS,2025,FY,영업이익,-69.0,십억원,excl,27
2026-06-08_하나증권_산업,2026-06-08,하나증권,LGES,ESS,ESS,2026,FY,영업이익,-323.0,십억원,excl,27
2026-06-08_하나증권_산업,2026-06-08,하나증권,LGES,ESS,ESS,2027,FY,영업이익,500.0,십억원,excl,27
2026-06-08_하나증권_산업,2026-06-08,하나증권,LGES,ESS,ESS,2028,FY,영업이익,670.0,십억원,excl,27
2026-06-08_하나증권_산업,2026-06-08,하나증권,LGES,ESS,ESS,2025,1Q,AMPC,0.0,십억원,na,27
2026-06-08_하나증권_산업,2026-06-08,하나증권,LGES,ESS,ESS,2025,2Q,AMPC,47.0,십억원,na,27
2026-06-08_하나증권_산업,2026-06-08,하나증권,LGES,ESS,ESS,2025,3Q,AMPC,68.0,십억원,na,27
2026-06-08_하나증권_산업,2026-06-08,하나증권,LGES,ESS,ESS,2025,4Q,AMPC,176.0,십억원,na,27
2026-06-08_하나증권_산업,2026-06-08,하나증권,LGES,ESS,ESS,2026,1Q,AMPC,188.0,십억원,na,27
2026-06-08_하나증권_산업,2026-06-08,하나증권,LGES,ESS,ESS,2026,2Q,AMPC,263.0,십억원,na,27
2026-06-08_하나증권_산업,2026-06-08,하나증권,LGES,ESS,ESS,2026,3Q,AMPC,277.0,십억원,na,27
2026-06-08_하나증권_산업,2026-06-08,하나증권,LGES,ESS,ESS,2026,4Q,AMPC,279.0,십억원,na,27
2026-06-08_하나증권_산업,2026-06-08,하나증권,LGES,ESS,ESS,2025,FY,AMPC,290.0,십억원,na,27
2026-06-08_하나증권_산업,2026-06-08,하나증권,LGES,ESS,ESS,2026,FY,AMPC,1008.0,십억원,na,27
2026-06-08_하나증권_산업,2026-06-08,하나증권,LGES,ESS,ESS,2027,FY,AMPC,1296.0,십억원,na,27
2026-06-08_하나증권_산업,2026-06-08,하나증권,LGES,ESS,ESS,2028,FY,AMPC,1748.0,십억원,na,27
2026-06-08_하나증권_산업,2026-06-08,하나증권,LGES,Battery Others,기타,2025,1Q,매출,756.0,십억원,na,27
2026-06-08_하나증권_산업,2026-06-08,하나증권,LGES,Battery Others,기타,2025,2Q,매출,423.0,십억원,na,27
2026-06-08_하나증권_산업,2026-06-08,하나증권,LGES,Battery Others,기타,2025,3Q,매출,395.0,십억원,na,27
2026-06-08_하나증권_산업,2026-06-08,하나증권,LGES,Battery Others,기타,2025,4Q,매출,450.0,십억원,na,27
2026-06-08_하나증권_산업,2026-06-08,하나증권,LGES,Battery Others,기타,2026,1Q,매출,423.0,십억원,na,27
2026-06-08_하나증권_산업,2026-06-08,하나증권,LGES,Battery Others,기타,2026,2Q,매출,444.0,십억원,na,27
2026-06-08_하나증권_산업,2026-06-08,하나증권,LGES,Battery Others,기타,2026,3Q,매출,466.0,십억원,na,27
2026-06-08_하나증권_산업,2026-06-08,하나증권,LGES,Battery Others,기타,2026,4Q,매출,489.0,십억원,na,27
2026-06-08_하나증권_산업,2026-06-08,하나증권,LGES,Battery Others,기타,2025,FY,매출,2024.0,십억원,na,27
2026-06-08_하나증권_산업,2026-06-08,하나증권,LGES,Battery Others,기타,2026,FY,매출,1822.0,십억원,na,27
2026-06-08_하나증권_산업,2026-06-08,하나증권,LGES,Battery Others,기타,2027,FY,매출,1804.0,십억원,na,27
2026-06-08_하나증권_산업,2026-06-08,하나증권,LGES,Battery Others,기타,2028,FY,매출,1768.0,십억원,na,27
2026-06-08_하나증권_산업,2026-06-08,하나증권,LGES,Battery Others,기타,2025,1Q,영업이익,22.0,십억원,na,27
2026-06-08_하나증권_산업,2026-06-08,하나증권,LGES,Battery Others,기타,2025,2Q,영업이익,17.0,십억원,na,27
2026-06-08_하나증권_산업,2026-06-08,하나증권,LGES,Battery Others,기타,2025,3Q,영업이익,29.0,십억원,na,27
2026-06-08_하나증권_산업,2026-06-08,하나증권,LGES,Battery Others,기타,2025,4Q,영업이익,-57.0,십억원,na,27
2026-06-08_하나증권_산업,2026-06-08,하나증권,LGES,Battery Others,기타,2026,1Q,영업이익,10.0,십억원,na,27
2026-06-08_하나증권_산업,2026-06-08,하나증권,LGES,Battery Others,기타,2026,2Q,영업이익,1.0,십억원,na,27
2026-06-08_하나증권_산업,2026-06-08,하나증권,LGES,Battery Others,기타,2026,3Q,영업이익,11.0,십억원,na,27
2026-06-08_하나증권_산업,2026-06-08,하나증권,LGES,Battery Others,기타,2026,4Q,영업이익,-17.0,십억원,na,27
2026-06-08_하나증권_산업,2026-06-08,하나증권,LGES,Battery Others,기타,2025,FY,영업이익,10.0,십억원,na,27
2026-06-08_하나증권_산업,2026-06-08,하나증권,LGES,Battery Others,기타,2026,FY,영업이익,5.0,십억원,na,27
2026-06-08_하나증권_산업,2026-06-08,하나증권,LGES,Battery Others,기타,2027,FY,영업이익,4.0,십억원,na,27
2026-06-08_하나증권_산업,2026-06-08,하나증권,LGES,Battery Others,기타,2028,FY,영업이익,27.0,십억원,na,27
2026-06-08_하나증권_산업,2026-06-08,하나증권,LGES,Total,전사,2025,1Q,매출,6265.0,십억원,excl,27
2026-06-08_하나증권_산업,2026-06-08,하나증권,LGES,Total,전사,2025,2Q,매출,5565.0,십억원,excl,27
2026-06-08_하나증권_산업,2026-06-08,하나증권,LGES,Total,전사,2025,3Q,매출,5700.0,십억원,excl,27
2026-06-08_하나증권_산업,2026-06-08,하나증권,LGES,Total,전사,2025,4Q,매출,6142.0,십억원,excl,27
2026-06-08_하나증권_산업,2026-06-08,하나증권,LGES,Total,전사,2026,1Q,매출,6555.0,십억원,excl,27
2026-06-08_하나증권_산업,2026-06-08,하나증권,LGES,Total,전사,2026,2Q,매출,7283.0,십억원,excl,27
2026-06-08_하나증권_산업,2026-06-08,하나증권,LGES,Total,전사,2026,3Q,매출,7638.0,십억원,excl,27
2026-06-08_하나증권_산업,2026-06-08,하나증권,LGES,Total,전사,2026,4Q,매출,7484.0,십억원,excl,27
2026-06-08_하나증권_산업,2026-06-08,하나증권,LGES,Total,전사,2025,FY,매출,23672.0,십억원,excl,27
2026-06-08_하나증권_산업,2026-06-08,하나증권,LGES,Total,전사,2026,FY,매출,28681.0,십억원,excl,27
2026-06-08_하나증권_산업,2026-06-08,하나증권,LGES,Total,전사,2027,FY,매출,30624.0,십억원,excl,27
2026-06-08_하나증권_산업,2026-06-08,하나증권,LGES,Total,전사,2028,FY,매출,34299.0,십억원,excl,27
2026-06-08_하나증권_산업,2026-06-08,하나증권,LGES,Total,전사,2025,1Q,영업이익,375.0,십억원,incl,27
2026-06-08_하나증권_산업,2026-06-08,하나증권,LGES,Total,전사,2025,2Q,영업이익,492.0,십억원,incl,27
2026-06-08_하나증권_산업,2026-06-08,하나증권,LGES,Total,전사,2025,3Q,영업이익,601.0,십억원,incl,27
2026-06-08_하나증권_산업,2026-06-08,하나증권,LGES,Total,전사,2025,4Q,영업이익,-122.0,십억원,incl,27
2026-06-08_하나증권_산업,2026-06-08,하나증권,LGES,Total,전사,2026,1Q,영업이익,-208.0,십억원,incl,27
2026-06-08_하나증권_산업,2026-06-08,하나증권,LGES,Total,전사,2026,2Q,영업이익,202.0,십억원,incl,27
2026-06-08_하나증권_산업,2026-06-08,하나증권,LGES,Total,전사,2026,3Q,영업이익,321.0,십억원,incl,27
2026-06-08_하나증권_산업,2026-06-08,하나증권,LGES,Total,전사,2026,4Q,영업이익,414.0,십억원,incl,27
2026-06-08_하나증권_산업,2026-06-08,하나증권,LGES,Total,전사,2025,FY,영업이익,1346.0,십억원,incl,27
2026-06-08_하나증권_산업,2026-06-08,하나증권,LGES,Total,전사,2026,FY,영업이익,728.0,십억원,incl,27
2026-06-08_하나증권_산업,2026-06-08,하나증권,LGES,Total,전사,2027,FY,영업이익,3084.0,십억원,incl,27
2026-06-08_하나증권_산업,2026-06-08,하나증권,LGES,Total,전사,2028,FY,영업이익,4340.0,십억원,incl,27
2026-06-08_하나증권_산업,2026-06-08,하나증권,LGES,Total,전사,2025,1Q,AMPC,458.0,십억원,na,27
2026-06-08_하나증권_산업,2026-06-08,하나증권,LGES,Total,전사,2025,2Q,AMPC,491.0,십억원,na,27
2026-06-08_하나증권_산업,2026-06-08,하나증권,LGES,Total,전사,2025,3Q,AMPC,366.0,십억원,na,27
2026-06-08_하나증권_산업,2026-06-08,하나증권,LGES,Total,전사,2025,4Q,AMPC,333.0,십억원,na,27
2026-06-08_하나증권_산업,2026-06-08,하나증권,LGES,Total,전사,2026,1Q,AMPC,190.0,십억원,na,27
2026-06-08_하나증권_산업,2026-06-08,하나증권,LGES,Total,전사,2026,2Q,AMPC,265.0,십억원,na,27
2026-06-08_하나증권_산업,2026-06-08,하나증권,LGES,Total,전사,2026,3Q,AMPC,295.0,십억원,na,27
2026-06-08_하나증권_산업,2026-06-08,하나증권,LGES,Total,전사,2026,4Q,AMPC,307.0,십억원,na,27
2026-06-08_하나증권_산업,2026-06-08,하나증권,LGES,Total,전사,2025,FY,AMPC,1647.0,십억원,na,27
2026-06-08_하나증권_산업,2026-06-08,하나증권,LGES,Total,전사,2026,FY,AMPC,1057.0,십억원,na,27
2026-06-08_하나증권_산업,2026-06-08,하나증권,LGES,Total,전사,2027,FY,AMPC,2219.0,십억원,na,27
2026-06-08_하나증권_산업,2026-06-08,하나증권,LGES,Total,전사,2028,FY,AMPC,2902.0,십억원,na,27
2026-06-08_하나증권_산업,2026-06-08,하나증권,삼성SDI,EV,EV,2025,1Q,매출,1565.0,십억원,excl,28
2026-06-08_하나증권_산업,2026-06-08,하나증권,삼성SDI,EV,EV,2025,2Q,매출,1337.0,십억원,excl,28
2026-06-08_하나증권_산업,2026-06-08,하나증권,삼성SDI,EV,EV,2025,3Q,매출,1090.0,십억원,excl,28
2026-06-08_하나증권_산업,2026-06-08,하나증권,삼성SDI,EV,EV,2025,4Q,매출,1628.0,십억원,excl,28
2026-06-08_하나증권_산업,2026-06-08,하나증권,삼성SDI,EV,EV,2026,1Q,매출,1415.0,십억원,excl,28
2026-06-08_하나증권_산업,2026-06-08,하나증권,삼성SDI,EV,EV,2026,2Q,매출,1276.0,십억원,excl,28
2026-06-08_하나증권_산업,2026-06-08,하나증권,삼성SDI,EV,EV,2026,3Q,매출,1403.0,십억원,excl,28
2026-06-08_하나증권_산업,2026-06-08,하나증권,삼성SDI,EV,EV,2026,4Q,매출,1518.0,십억원,excl,28
2026-06-08_하나증권_산업,2026-06-08,하나증권,삼성SDI,EV,EV,2025,FY,매출,5620.0,십억원,excl,28
2026-06-08_하나증권_산업,2026-06-08,하나증권,삼성SDI,EV,EV,2026,FY,매출,5611.0,십억원,excl,28
2026-06-08_하나증권_산업,2026-06-08,하나증권,삼성SDI,EV,EV,2027,FY,매출,5931.0,십억원,excl,28
2026-06-08_하나증권_산업,2026-06-08,하나증권,삼성SDI,EV,EV,2028,FY,매출,6510.0,십억원,excl,28
2026-06-08_하나증권_산업,2026-06-08,하나증권,삼성SDI,EV,EV,2025,1Q,영업이익,-391.0,십억원,excl,28
2026-06-08_하나증권_산업,2026-06-08,하나증권,삼성SDI,EV,EV,2025,2Q,영업이익,-435.0,십억원,excl,28
2026-06-08_하나증권_산업,2026-06-08,하나증권,삼성SDI,EV,EV,2025,3Q,영업이익,-556.0,십억원,excl,28
2026-06-08_하나증권_산업,2026-06-08,하나증권,삼성SDI,EV,EV,2025,4Q,영업이익,-243.0,십억원,excl,28
2026-06-08_하나증권_산업,2026-06-08,하나증권,삼성SDI,EV,EV,2026,1Q,영업이익,-173.0,십억원,excl,28
2026-06-08_하나증권_산업,2026-06-08,하나증권,삼성SDI,EV,EV,2026,2Q,영업이익,-140.0,십억원,excl,28
2026-06-08_하나증권_산업,2026-06-08,하나증권,삼성SDI,EV,EV,2026,3Q,영업이익,-151.0,십억원,excl,28
2026-06-08_하나증권_산업,2026-06-08,하나증권,삼성SDI,EV,EV,2026,4Q,영업이익,-153.0,십억원,excl,28
2026-06-08_하나증권_산업,2026-06-08,하나증권,삼성SDI,EV,EV,2025,FY,영업이익,-1625.0,십억원,excl,28
2026-06-08_하나증권_산업,2026-06-08,하나증권,삼성SDI,EV,EV,2026,FY,영업이익,-617.0,십억원,excl,28
2026-06-08_하나증권_산업,2026-06-08,하나증권,삼성SDI,EV,EV,2027,FY,영업이익,-445.0,십억원,excl,28
2026-06-08_하나증권_산업,2026-06-08,하나증권,삼성SDI,EV,EV,2028,FY,영업이익,36.0,십억원,excl,28
2026-06-08_하나증권_산업,2026-06-08,하나증권,삼성SDI,EV,EV,2025,1Q,AMPC,109.0,십억원,na,28
2026-06-08_하나증권_산업,2026-06-08,하나증권,삼성SDI,EV,EV,2025,2Q,AMPC,66.0,십억원,na,28
2026-06-08_하나증권_산업,2026-06-08,하나증권,삼성SDI,EV,EV,2025,3Q,AMPC,20.0,십억원,na,28
2026-06-08_하나증권_산업,2026-06-08,하나증권,삼성SDI,EV,EV,2025,4Q,AMPC,0.0,십억원,na,28
2026-06-08_하나증권_산업,2026-06-08,하나증권,삼성SDI,EV,EV,2026,1Q,AMPC,40.0,십억원,na,28
2026-06-08_하나증권_산업,2026-06-08,하나증권,삼성SDI,EV,EV,2026,2Q,AMPC,46.0,십억원,na,28
2026-06-08_하나증권_산업,2026-06-08,하나증권,삼성SDI,EV,EV,2026,3Q,AMPC,1.0,십억원,na,28
2026-06-08_하나증권_산업,2026-06-08,하나증권,삼성SDI,EV,EV,2026,4Q,AMPC,-2.0,십억원,na,28
2026-06-08_하나증권_산업,2026-06-08,하나증권,삼성SDI,EV,EV,2025,FY,AMPC,195.0,십억원,na,28
2026-06-08_하나증권_산업,2026-06-08,하나증권,삼성SDI,EV,EV,2026,FY,AMPC,85.0,십억원,na,28
2026-06-08_하나증권_산업,2026-06-08,하나증권,삼성SDI,EV,EV,2027,FY,AMPC,141.0,십억원,na,28
2026-06-08_하나증권_산업,2026-06-08,하나증권,삼성SDI,EV,EV,2028,FY,AMPC,204.0,십억원,na,28
2026-06-08_하나증권_산업,2026-06-08,하나증권,삼성SDI,ESS,ESS,2025,1Q,매출,665.0,십억원,excl,28
2026-06-08_하나증권_산업,2026-06-08,하나증권,삼성SDI,ESS,ESS,2025,2Q,매출,673.0,십억원,excl,28
2026-06-08_하나증권_산업,2026-06-08,하나증권,삼성SDI,ESS,ESS,2025,3Q,매출,667.0,십억원,excl,28
2026-06-08_하나증권_산업,2026-06-08,하나증권,삼성SDI,ESS,ESS,2025,4Q,매출,931.0,십억원,excl,28
2026-06-08_하나증권_산업,2026-06-08,하나증권,삼성SDI,ESS,ESS,2026,1Q,매출,845.0,십억원,excl,28
2026-06-08_하나증권_산업,2026-06-08,하나증권,삼성SDI,ESS,ESS,2026,2Q,매출,932.0,십억원,excl,28
2026-06-08_하나증권_산업,2026-06-08,하나증권,삼성SDI,ESS,ESS,2026,3Q,매출,979.0,십억원,excl,28
2026-06-08_하나증권_산업,2026-06-08,하나증권,삼성SDI,ESS,ESS,2026,4Q,매출,1718.0,십억원,excl,28
2026-06-08_하나증권_산업,2026-06-08,하나증권,삼성SDI,ESS,ESS,2025,FY,매출,2935.0,십억원,excl,28
2026-06-08_하나증권_산업,2026-06-08,하나증권,삼성SDI,ESS,ESS,2026,FY,매출,4475.0,십억원,excl,28
2026-06-08_하나증권_산업,2026-06-08,하나증권,삼성SDI,ESS,ESS,2027,FY,매출,6586.0,십억원,excl,28
2026-06-08_하나증권_산업,2026-06-08,하나증권,삼성SDI,ESS,ESS,2028,FY,매출,7155.0,십억원,excl,28
2026-06-08_하나증권_산업,2026-06-08,하나증권,삼성SDI,ESS,ESS,2025,1Q,영업이익,45.0,십억원,excl,28
2026-06-08_하나증권_산업,2026-06-08,하나증권,삼성SDI,ESS,ESS,2025,2Q,영업이익,15.0,십억원,excl,28
2026-06-08_하나증권_산업,2026-06-08,하나증권,삼성SDI,ESS,ESS,2025,3Q,영업이익,-35.0,십억원,excl,28
2026-06-08_하나증권_산업,2026-06-08,하나증권,삼성SDI,ESS,ESS,2025,4Q,영업이익,-72.0,십억원,excl,28
2026-06-08_하나증권_산업,2026-06-08,하나증권,삼성SDI,ESS,ESS,2026,1Q,영업이익,19.0,십억원,excl,28
2026-06-08_하나증권_산업,2026-06-08,하나증권,삼성SDI,ESS,ESS,2026,2Q,영업이익,21.0,십억원,excl,28
2026-06-08_하나증권_산업,2026-06-08,하나증권,삼성SDI,ESS,ESS,2026,3Q,영업이익,4.0,십억원,excl,28
2026-06-08_하나증권_산업,2026-06-08,하나증권,삼성SDI,ESS,ESS,2026,4Q,영업이익,4.0,십억원,excl,28
2026-06-08_하나증권_산업,2026-06-08,하나증권,삼성SDI,ESS,ESS,2025,FY,영업이익,-47.0,십억원,excl,28
2026-06-08_하나증권_산업,2026-06-08,하나증권,삼성SDI,ESS,ESS,2026,FY,영업이익,49.0,십억원,excl,28
2026-06-08_하나증권_산업,2026-06-08,하나증권,삼성SDI,ESS,ESS,2027,FY,영업이익,278.0,십억원,excl,28
2026-06-08_하나증권_산업,2026-06-08,하나증권,삼성SDI,ESS,ESS,2028,FY,영업이익,394.0,십억원,excl,28
2026-06-08_하나증권_산업,2026-06-08,하나증권,삼성SDI,ESS,ESS,2025,1Q,AMPC,0.0,십억원,na,28
2026-06-08_하나증권_산업,2026-06-08,하나증권,삼성SDI,ESS,ESS,2025,2Q,AMPC,0.0,십억원,na,28
2026-06-08_하나증권_산업,2026-06-08,하나증권,삼성SDI,ESS,ESS,2025,3Q,AMPC,0.0,십억원,na,28
2026-06-08_하나증권_산업,2026-06-08,하나증권,삼성SDI,ESS,ESS,2025,4Q,AMPC,80.0,십억원,na,28
2026-06-08_하나증권_산업,2026-06-08,하나증권,삼성SDI,ESS,ESS,2026,1Q,AMPC,40.0,십억원,na,28
2026-06-08_하나증권_산업,2026-06-08,하나증권,삼성SDI,ESS,ESS,2026,2Q,AMPC,70.0,십억원,na,28
2026-06-08_하나증권_산업,2026-06-08,하나증권,삼성SDI,ESS,ESS,2026,3Q,AMPC,135.0,십억원,na,28
2026-06-08_하나증권_산업,2026-06-08,하나증권,삼성SDI,ESS,ESS,2026,4Q,AMPC,299.0,십억원,na,28
2026-06-08_하나증권_산업,2026-06-08,하나증권,삼성SDI,ESS,ESS,2025,FY,AMPC,80.0,십억원,na,28
2026-06-08_하나증권_산업,2026-06-08,하나증권,삼성SDI,ESS,ESS,2026,FY,AMPC,544.0,십억원,na,28
2026-06-08_하나증권_산업,2026-06-08,하나증권,삼성SDI,ESS,ESS,2027,FY,AMPC,1265.0,십억원,na,28
2026-06-08_하나증권_산업,2026-06-08,하나증권,삼성SDI,ESS,ESS,2028,FY,AMPC,1457.0,십억원,na,28
2026-06-08_하나증권_산업,2026-06-08,하나증권,삼성SDI,Battery Others,기타,2025,1Q,매출,751.0,십억원,na,28
2026-06-08_하나증권_산업,2026-06-08,하나증권,삼성SDI,Battery Others,기타,2025,2Q,매출,952.0,십억원,na,28
2026-06-08_하나증권_산업,2026-06-08,하나증권,삼성SDI,Battery Others,기타,2025,3Q,매출,1063.0,십억원,na,28
2026-06-08_하나증권_산업,2026-06-08,하나증권,삼성SDI,Battery Others,기타,2025,4Q,매출,1063.0,십억원,na,28
2026-06-08_하나증권_산업,2026-06-08,하나증권,삼성SDI,Battery Others,기타,2026,1Q,매출,1095.0,십억원,na,28
2026-06-08_하나증권_산업,2026-06-08,하나증권,삼성SDI,Battery Others,기타,2026,2Q,매출,1159.0,십억원,na,28
2026-06-08_하나증권_산업,2026-06-08,하나증권,삼성SDI,Battery Others,기타,2026,3Q,매출,1171.0,십억원,na,28
2026-06-08_하나증권_산업,2026-06-08,하나증권,삼성SDI,Battery Others,기타,2026,4Q,매출,1209.0,십억원,na,28
2026-06-08_하나증권_산업,2026-06-08,하나증권,삼성SDI,Battery Others,기타,2025,FY,매출,3829.0,십억원,na,28
2026-06-08_하나증권_산업,2026-06-08,하나증권,삼성SDI,Battery Others,기타,2026,FY,매출,4633.0,십억원,na,28
2026-06-08_하나증권_산업,2026-06-08,하나증권,삼성SDI,Battery Others,기타,2027,FY,매출,5143.0,십억원,na,28
2026-06-08_하나증권_산업,2026-06-08,하나증권,삼성SDI,Battery Others,기타,2028,FY,매출,5256.0,십억원,na,28
2026-06-08_하나증권_산업,2026-06-08,하나증권,삼성SDI,Battery Others,기타,2025,1Q,영업이익,-216.0,십억원,na,28
2026-06-08_하나증권_산업,2026-06-08,하나증권,삼성SDI,Battery Others,기타,2025,2Q,영업이익,-77.0,십억원,na,28
2026-06-08_하나증권_산업,2026-06-08,하나증권,삼성SDI,Battery Others,기타,2025,3Q,영업이익,-59.0,십억원,na,28
2026-06-08_하나증권_산업,2026-06-08,하나증권,삼성SDI,Battery Others,기타,2025,4Q,영업이익,-103.0,십억원,na,28
2026-06-08_하나증권_산업,2026-06-08,하나증권,삼성SDI,Battery Others,기타,2026,1Q,영업이익,-104.0,십억원,na,28
2026-06-08_하나증권_산업,2026-06-08,하나증권,삼성SDI,Battery Others,기타,2026,2Q,영업이익,-89.0,십억원,na,28
2026-06-08_하나증권_산업,2026-06-08,하나증권,삼성SDI,Battery Others,기타,2026,3Q,영업이익,-83.0,십억원,na,28
2026-06-08_하나증권_산업,2026-06-08,하나증권,삼성SDI,Battery Others,기타,2026,4Q,영업이익,-39.0,십억원,na,28
2026-06-08_하나증권_산업,2026-06-08,하나증권,삼성SDI,Battery Others,기타,2025,FY,영업이익,-455.0,십억원,na,28
2026-06-08_하나증권_산업,2026-06-08,하나증권,삼성SDI,Battery Others,기타,2026,FY,영업이익,-315.0,십억원,na,28
2026-06-08_하나증권_산업,2026-06-08,하나증권,삼성SDI,Battery Others,기타,2027,FY,영업이익,-170.0,십억원,na,28
2026-06-08_하나증권_산업,2026-06-08,하나증권,삼성SDI,Battery Others,기타,2028,FY,영업이익,79.0,십억원,na,28
2026-06-08_하나증권_산업,2026-06-08,하나증권,삼성SDI,Non-Battery,전자재료,2025,1Q,매출,196.0,십억원,na,28
2026-06-08_하나증권_산업,2026-06-08,하나증권,삼성SDI,Non-Battery,전자재료,2025,2Q,매출,218.0,십억원,na,28
2026-06-08_하나증권_산업,2026-06-08,하나증권,삼성SDI,Non-Battery,전자재료,2025,3Q,매출,232.0,십억원,na,28
2026-06-08_하나증권_산업,2026-06-08,하나증권,삼성SDI,Non-Battery,전자재료,2025,4Q,매출,237.0,십억원,na,28
2026-06-08_하나증권_산업,2026-06-08,하나증권,삼성SDI,Non-Battery,전자재료,2026,1Q,매출,222.0,십억원,na,28
2026-06-08_하나증권_산업,2026-06-08,하나증권,삼성SDI,Non-Battery,전자재료,2026,2Q,매출,234.0,십억원,na,28
2026-06-08_하나증권_산업,2026-06-08,하나증권,삼성SDI,Non-Battery,전자재료,2026,3Q,매출,252.0,십억원,na,28
2026-06-08_하나증권_산업,2026-06-08,하나증권,삼성SDI,Non-Battery,전자재료,2026,4Q,매출,274.0,십억원,na,28
2026-06-08_하나증권_산업,2026-06-08,하나증권,삼성SDI,Non-Battery,전자재료,2025,FY,매출,883.0,십억원,na,28
2026-06-08_하나증권_산업,2026-06-08,하나증권,삼성SDI,Non-Battery,전자재료,2026,FY,매출,982.0,십억원,na,28
2026-06-08_하나증권_산업,2026-06-08,하나증권,삼성SDI,Non-Battery,전자재료,2027,FY,매출,1056.0,십억원,na,28
2026-06-08_하나증권_산업,2026-06-08,하나증권,삼성SDI,Non-Battery,전자재료,2028,FY,매출,1149.0,십억원,na,28
2026-06-08_하나증권_산업,2026-06-08,하나증권,삼성SDI,Non-Battery,전자재료,2025,1Q,영업이익,18.0,십억원,na,28
2026-06-08_하나증권_산업,2026-06-08,하나증권,삼성SDI,Non-Battery,전자재료,2025,2Q,영업이익,33.0,십억원,na,28
2026-06-08_하나증권_산업,2026-06-08,하나증권,삼성SDI,Non-Battery,전자재료,2025,3Q,영업이익,39.0,십억원,na,28
2026-06-08_하나증권_산업,2026-06-08,하나증권,삼성SDI,Non-Battery,전자재료,2025,4Q,영업이익,39.0,십억원,na,28
2026-06-08_하나증권_산업,2026-06-08,하나증권,삼성SDI,Non-Battery,전자재료,2026,1Q,영업이익,21.0,십억원,na,28
2026-06-08_하나증권_산업,2026-06-08,하나증권,삼성SDI,Non-Battery,전자재료,2026,2Q,영업이익,27.0,십억원,na,28
2026-06-08_하나증권_산업,2026-06-08,하나증권,삼성SDI,Non-Battery,전자재료,2026,3Q,영업이익,42.0,십억원,na,28
2026-06-08_하나증권_산업,2026-06-08,하나증권,삼성SDI,Non-Battery,전자재료,2026,4Q,영업이익,59.0,십억원,na,28
2026-06-08_하나증권_산업,2026-06-08,하나증권,삼성SDI,Non-Battery,전자재료,2025,FY,영업이익,130.0,십억원,na,28
2026-06-08_하나증권_산업,2026-06-08,하나증권,삼성SDI,Non-Battery,전자재료,2026,FY,영업이익,148.0,십억원,na,28
2026-06-08_하나증권_산업,2026-06-08,하나증권,삼성SDI,Non-Battery,전자재료,2027,FY,영업이익,177.0,십억원,na,28
2026-06-08_하나증권_산업,2026-06-08,하나증권,삼성SDI,Non-Battery,전자재료,2028,FY,영업이익,196.0,십억원,na,28
2026-06-08_하나증권_산업,2026-06-08,하나증권,삼성SDI,Total,전사,2025,1Q,매출,3177.0,십억원,excl,28
2026-06-08_하나증권_산업,2026-06-08,하나증권,삼성SDI,Total,전사,2025,2Q,매출,3179.0,십억원,excl,28
2026-06-08_하나증권_산업,2026-06-08,하나증권,삼성SDI,Total,전사,2025,3Q,매출,3052.0,십억원,excl,28
2026-06-08_하나증권_산업,2026-06-08,하나증권,삼성SDI,Total,전사,2025,4Q,매출,3859.0,십억원,excl,28
2026-06-08_하나증권_산업,2026-06-08,하나증권,삼성SDI,Total,전사,2026,1Q,매출,3576.0,십억원,excl,28
2026-06-08_하나증권_산업,2026-06-08,하나증권,삼성SDI,Total,전사,2026,2Q,매출,3602.0,십억원,excl,28
2026-06-08_하나증권_산업,2026-06-08,하나증권,삼성SDI,Total,전사,2026,3Q,매출,3805.0,십억원,excl,28
2026-06-08_하나증권_산업,2026-06-08,하나증권,삼성SDI,Total,전사,2026,4Q,매출,4718.0,십억원,excl,28
2026-06-08_하나증권_산업,2026-06-08,하나증권,삼성SDI,Total,전사,2025,FY,매출,13267.0,십억원,excl,28
2026-06-08_하나증권_산업,2026-06-08,하나증권,삼성SDI,Total,전사,2026,FY,매출,15701.0,십억원,excl,28
2026-06-08_하나증권_산업,2026-06-08,하나증권,삼성SDI,Total,전사,2027,FY,매출,18715.0,십억원,excl,28
2026-06-08_하나증권_산업,2026-06-08,하나증권,삼성SDI,Total,전사,2028,FY,매출,20069.0,십억원,excl,28
2026-06-08_하나증권_산업,2026-06-08,하나증권,삼성SDI,Total,전사,2025,1Q,영업이익,-434.0,십억원,incl,28
2026-06-08_하나증권_산업,2026-06-08,하나증권,삼성SDI,Total,전사,2025,2Q,영업이익,-398.0,십억원,incl,28
2026-06-08_하나증권_산업,2026-06-08,하나증권,삼성SDI,Total,전사,2025,3Q,영업이익,-591.0,십억원,incl,28
2026-06-08_하나증권_산업,2026-06-08,하나증권,삼성SDI,Total,전사,2025,4Q,영업이익,-299.0,십억원,incl,28
2026-06-08_하나증권_산업,2026-06-08,하나증권,삼성SDI,Total,전사,2026,1Q,영업이익,-156.0,십억원,incl,28
2026-06-08_하나증권_산업,2026-06-08,하나증권,삼성SDI,Total,전사,2026,2Q,영업이익,-65.0,십억원,incl,28
2026-06-08_하나증권_산업,2026-06-08,하나증권,삼성SDI,Total,전사,2026,3Q,영업이익,-53.0,십억원,incl,28
2026-06-08_하나증권_산업,2026-06-08,하나증권,삼성SDI,Total,전사,2026,4Q,영업이익,168.0,십억원,incl,28
2026-06-08_하나증권_산업,2026-06-08,하나증권,삼성SDI,Total,전사,2025,FY,영업이익,-1722.0,십억원,incl,28
2026-06-08_하나증권_산업,2026-06-08,하나증권,삼성SDI,Total,전사,2026,FY,영업이익,-106.0,십억원,incl,28
2026-06-08_하나증권_산업,2026-06-08,하나증권,삼성SDI,Total,전사,2027,FY,영업이익,1246.0,십억원,incl,28
2026-06-08_하나증권_산업,2026-06-08,하나증권,삼성SDI,Total,전사,2028,FY,영업이익,2367.0,십억원,incl,28
2026-06-08_하나증권_산업,2026-06-08,하나증권,에코프로비엠,전사,전사,2025,1Q,매출,629.8,십억원,na,29
2026-06-08_하나증권_산업,2026-06-08,하나증권,에코프로비엠,전사,전사,2025,2Q,매출,779.7,십억원,na,29
2026-06-08_하나증권_산업,2026-06-08,하나증권,에코프로비엠,전사,전사,2025,3Q,매출,625.1,십억원,na,29
2026-06-08_하나증권_산업,2026-06-08,하나증권,에코프로비엠,전사,전사,2025,4Q,매출,497.0,십억원,na,29
2026-06-08_하나증권_산업,2026-06-08,하나증권,에코프로비엠,전사,전사,2026,1Q,매출,605.4,십억원,na,29
2026-06-08_하나증권_산업,2026-06-08,하나증권,에코프로비엠,전사,전사,2026,2Q,매출,644.4,십억원,na,29
2026-06-08_하나증권_산업,2026-06-08,하나증권,에코프로비엠,전사,전사,2026,3Q,매출,744.1,십억원,na,29
2026-06-08_하나증권_산업,2026-06-08,하나증권,에코프로비엠,전사,전사,2026,4Q,매출,859.3,십억원,na,29
2026-06-08_하나증권_산업,2026-06-08,하나증권,에코프로비엠,전사,전사,2025,FY,매출,2531.6,십억원,na,29
2026-06-08_하나증권_산업,2026-06-08,하나증권,에코프로비엠,전사,전사,2026,FY,매출,2853.2,십억원,na,29
2026-06-08_하나증권_산업,2026-06-08,하나증권,에코프로비엠,전사,전사,2027,FY,매출,3688.0,십억원,na,29
2026-06-08_하나증권_산업,2026-06-08,하나증권,에코프로비엠,전사,전사,2028,FY,매출,4150.9,십억원,na,29
2026-06-08_하나증권_산업,2026-06-08,하나증권,에코프로비엠,전사,전사,2025,1Q,영업이익,2.3,십억원,na,29
2026-06-08_하나증권_산업,2026-06-08,하나증권,에코프로비엠,전사,전사,2025,2Q,영업이익,49.0,십억원,na,29
2026-06-08_하나증권_산업,2026-06-08,하나증권,에코프로비엠,전사,전사,2025,3Q,영업이익,50.5,십억원,na,29
2026-06-08_하나증권_산업,2026-06-08,하나증권,에코프로비엠,전사,전사,2025,4Q,영업이익,41.6,십억원,na,29
2026-06-08_하나증권_산업,2026-06-08,하나증권,에코프로비엠,전사,전사,2026,1Q,영업이익,20.9,십억원,na,29
2026-06-08_하나증권_산업,2026-06-08,하나증권,에코프로비엠,전사,전사,2026,2Q,영업이익,23.3,십억원,na,29
2026-06-08_하나증권_산업,2026-06-08,하나증권,에코프로비엠,전사,전사,2026,3Q,영업이익,27.1,십억원,na,29
2026-06-08_하나증권_산업,2026-06-08,하나증권,에코프로비엠,전사,전사,2026,4Q,영업이익,32.6,십억원,na,29
2026-06-08_하나증권_산업,2026-06-08,하나증권,에코프로비엠,전사,전사,2025,FY,영업이익,143.3,십억원,na,29
2026-06-08_하나증권_산업,2026-06-08,하나증권,에코프로비엠,전사,전사,2026,FY,영업이익,104.0,십억원,na,29
2026-06-08_하나증권_산업,2026-06-08,하나증권,에코프로비엠,전사,전사,2027,FY,영업이익,228.9,십억원,na,29
2026-06-08_하나증권_산업,2026-06-08,하나증권,에코프로비엠,전사,전사,2028,FY,영업이익,286.1,십억원,na,29
2026-06-08_하나증권_산업,2026-06-08,하나증권,포스코퓨처엠,전사,전사,2025,1Q,매출,845.4,십억원,na,29
2026-06-08_하나증권_산업,2026-06-08,하나증권,포스코퓨처엠,전사,전사,2025,2Q,매출,660.9,십억원,na,29
2026-06-08_하나증권_산업,2026-06-08,하나증권,포스코퓨처엠,전사,전사,2025,3Q,매출,874.8,십억원,na,29
2026-06-08_하나증권_산업,2026-06-08,하나증권,포스코퓨처엠,전사,전사,2025,4Q,매출,557.6,십억원,na,29
2026-06-08_하나증권_산업,2026-06-08,하나증권,포스코퓨처엠,전사,전사,2026,1Q,매출,757.5,십억원,na,29
2026-06-08_하나증권_산업,2026-06-08,하나증권,포스코퓨처엠,전사,전사,2026,2Q,매출,769.8,십억원,na,29
2026-06-08_하나증권_산업,2026-06-08,하나증권,포스코퓨처엠,전사,전사,2026,3Q,매출,805.0,십억원,na,29
2026-06-08_하나증권_산업,2026-06-08,하나증권,포스코퓨처엠,전사,전사,2026,4Q,매출,836.0,십억원,na,29
2026-06-08_하나증권_산업,2026-06-08,하나증권,포스코퓨처엠,전사,전사,2025,FY,매출,2938.7,십억원,na,29
2026-06-08_하나증권_산업,2026-06-08,하나증권,포스코퓨처엠,전사,전사,2026,FY,매출,3168.4,십억원,na,29
2026-06-08_하나증권_산업,2026-06-08,하나증권,포스코퓨처엠,전사,전사,2027,FY,매출,4010.7,십억원,na,29
2026-06-08_하나증권_산업,2026-06-08,하나증권,포스코퓨처엠,전사,전사,2028,FY,매출,5620.0,십억원,na,29
2026-06-08_하나증권_산업,2026-06-08,하나증권,포스코퓨처엠,전사,전사,2025,1Q,영업이익,17.2,십억원,na,29
2026-06-08_하나증권_산업,2026-06-08,하나증권,포스코퓨처엠,전사,전사,2025,2Q,영업이익,0.8,십억원,na,29
2026-06-08_하나증권_산업,2026-06-08,하나증권,포스코퓨처엠,전사,전사,2025,3Q,영업이익,66.7,십억원,na,29
2026-06-08_하나증권_산업,2026-06-08,하나증권,포스코퓨처엠,전사,전사,2025,4Q,영업이익,-51.8,십억원,na,29
2026-06-08_하나증권_산업,2026-06-08,하나증권,포스코퓨처엠,전사,전사,2026,1Q,영업이익,17.7,십억원,na,29
2026-06-08_하나증권_산업,2026-06-08,하나증권,포스코퓨처엠,전사,전사,2026,2Q,영업이익,17.9,십억원,na,29
2026-06-08_하나증권_산업,2026-06-08,하나증권,포스코퓨처엠,전사,전사,2026,3Q,영업이익,19.6,십억원,na,29
2026-06-08_하나증권_산업,2026-06-08,하나증권,포스코퓨처엠,전사,전사,2026,4Q,영업이익,16.1,십억원,na,29
2026-06-08_하나증권_산업,2026-06-08,하나증권,포스코퓨처엠,전사,전사,2025,FY,영업이익,32.8,십억원,na,29
2026-06-08_하나증권_산업,2026-06-08,하나증권,포스코퓨처엠,전사,전사,2026,FY,영업이익,71.3,십억원,na,29
2026-06-08_하나증권_산업,2026-06-08,하나증권,포스코퓨처엠,전사,전사,2027,FY,영업이익,96.2,십억원,na,29
2026-06-08_하나증권_산업,2026-06-08,하나증권,포스코퓨처엠,전사,전사,2028,FY,영업이익,155.4,십억원,na,29
2026-06-08_하나증권_산업,2026-06-08,하나증권,포스코퓨처엠,양극재,기타,2025,1Q,매출,466.7,십억원,na,29
2026-06-08_하나증권_산업,2026-06-08,하나증권,포스코퓨처엠,양극재,기타,2025,2Q,매출,276.8,십억원,na,29
2026-06-08_하나증권_산업,2026-06-08,하나증권,포스코퓨처엠,양극재,기타,2025,3Q,매출,511.0,십억원,na,29
2026-06-08_하나증권_산업,2026-06-08,하나증권,포스코퓨처엠,양극재,기타,2025,4Q,매출,207.4,십억원,na,29
2026-06-08_하나증권_산업,2026-06-08,하나증권,포스코퓨처엠,양극재,기타,2026,1Q,매출,481.8,십억원,na,29
2026-06-08_하나증권_산업,2026-06-08,하나증권,포스코퓨처엠,양극재,기타,2026,2Q,매출,483.7,십억원,na,29
2026-06-08_하나증권_산업,2026-06-08,하나증권,포스코퓨처엠,양극재,기타,2026,3Q,매출,505.4,십억원,na,29
2026-06-08_하나증권_산업,2026-06-08,하나증권,포스코퓨처엠,양극재,기타,2026,4Q,매출,528.0,십억원,na,29
2026-06-08_하나증권_산업,2026-06-08,하나증권,포스코퓨처엠,양극재,기타,2025,FY,매출,1461.9,십억원,na,29
2026-06-08_하나증권_산업,2026-06-08,하나증권,포스코퓨처엠,양극재,기타,2026,FY,매출,1998.9,십억원,na,29
2026-06-08_하나증권_산업,2026-06-08,하나증권,포스코퓨처엠,양극재,기타,2027,FY,매출,2791.1,십억원,na,29
2026-06-08_하나증권_산업,2026-06-08,하나증권,포스코퓨처엠,양극재,기타,2028,FY,매출,4269.2,십억원,na,29
2026-06-09_SK증권_삼성SDI,2026-06-09,SK증권,삼성SDI,매출액,전사,2025,1Q,매출,3176.8,십억원,excl,2
2026-06-09_SK증권_삼성SDI,2026-06-09,SK증권,삼성SDI,매출액,전사,2025,2Q,매출,3179.4,십억원,excl,2
2026-06-09_SK증권_삼성SDI,2026-06-09,SK증권,삼성SDI,매출액,전사,2025,3Q,매출,3051.8,십억원,excl,2
2026-06-09_SK증권_삼성SDI,2026-06-09,SK증권,삼성SDI,매출액,전사,2025,4Q,매출,3858.7,십억원,excl,2
2026-06-09_SK증권_삼성SDI,2026-06-09,SK증권,삼성SDI,매출액,전사,2026,1Q,매출,3576.4,십억원,excl,2
2026-06-09_SK증권_삼성SDI,2026-06-09,SK증권,삼성SDI,매출액,전사,2026,2Q,매출,3589.5,십억원,excl,2
2026-06-09_SK증권_삼성SDI,2026-06-09,SK증권,삼성SDI,매출액,전사,2026,3Q,매출,4016.8,십억원,excl,2
2026-06-09_SK증권_삼성SDI,2026-06-09,SK증권,삼성SDI,매출액,전사,2026,4Q,매출,4885,십억원,excl,2
2026-06-09_SK증권_삼성SDI,2026-06-09,SK증권,삼성SDI,매출액,전사,2025,FY,매출,13266.7,십억원,excl,2
2026-06-09_SK증권_삼성SDI,2026-06-09,SK증권,삼성SDI,매출액,전사,2026,FY,매출,16067.7,십억원,excl,2
2026-06-09_SK증권_삼성SDI,2026-06-09,SK증권,삼성SDI,매출액,전사,2027,FY,매출,22137.4,십억원,excl,2
2026-06-09_SK증권_삼성SDI,2026-06-09,SK증권,삼성SDI,에너지솔루션,배터리합계,2025,1Q,매출,2980.9,십억원,excl,2
2026-06-09_SK증권_삼성SDI,2026-06-09,SK증권,삼성SDI,에너지솔루션,배터리합계,2025,2Q,매출,2961.2,십억원,excl,2
2026-06-09_SK증권_삼성SDI,2026-06-09,SK증권,삼성SDI,에너지솔루션,배터리합계,2025,3Q,매출,2820,십억원,excl,2
2026-06-09_SK증권_삼성SDI,2026-06-09,SK증권,삼성SDI,에너지솔루션,배터리합계,2025,4Q,매출,3622,십억원,excl,2
2026-06-09_SK증권_삼성SDI,2026-06-09,SK증권,삼성SDI,에너지솔루션,배터리합계,2026,1Q,매출,3354.4,십억원,excl,2
2026-06-09_SK증권_삼성SDI,2026-06-09,SK증권,삼성SDI,에너지솔루션,배터리합계,2026,2Q,매출,3349.4,십억원,excl,2
2026-06-09_SK증권_삼성SDI,2026-06-09,SK증권,삼성SDI,에너지솔루션,배터리합계,2026,3Q,매출,3761.8,십억원,excl,2
2026-06-09_SK증권_삼성SDI,2026-06-09,SK증권,삼성SDI,에너지솔루션,배터리합계,2026,4Q,매출,4624.6,십억원,excl,2
2026-06-09_SK증권_삼성SDI,2026-06-09,SK증권,삼성SDI,에너지솔루션,배터리합계,2025,FY,매출,12384.1,십억원,excl,2
2026-06-09_SK증권_삼성SDI,2026-06-09,SK증권,삼성SDI,에너지솔루션,배터리합계,2026,FY,매출,15090.3,십억원,excl,2
2026-06-09_SK증권_삼성SDI,2026-06-09,SK증권,삼성SDI,에너지솔루션,배터리합계,2027,FY,매출,21062.3,십억원,excl,2
2026-06-09_SK증권_삼성SDI,2026-06-09,SK증권,삼성SDI,중대형 전지,중대형,2025,1Q,매출,2205.9,십억원,excl,2
2026-06-09_SK증권_삼성SDI,2026-06-09,SK증권,삼성SDI,중대형 전지,중대형,2025,2Q,매출,1984,십억원,excl,2
2026-06-09_SK증권_삼성SDI,2026-06-09,SK증권,삼성SDI,중대형 전지,중대형,2025,3Q,매출,1796.3,십억원,excl,2
2026-06-09_SK증권_삼성SDI,2026-06-09,SK증권,삼성SDI,중대형 전지,중대형,2025,4Q,매출,2571.6,십억원,excl,2
2026-06-09_SK증권_삼성SDI,2026-06-09,SK증권,삼성SDI,중대형 전지,중대형,2026,1Q,매출,2197.1,십억원,excl,2
2026-06-09_SK증권_삼성SDI,2026-06-09,SK증권,삼성SDI,중대형 전지,중대형,2026,2Q,매출,2134.3,십억원,excl,2
2026-06-09_SK증권_삼성SDI,2026-06-09,SK증권,삼성SDI,중대형 전지,중대형,2026,3Q,매출,2417.3,십억원,excl,2
2026-06-09_SK증권_삼성SDI,2026-06-09,SK증권,삼성SDI,중대형 전지,중대형,2026,4Q,매출,3102.2,십억원,excl,2
2026-06-09_SK증권_삼성SDI,2026-06-09,SK증권,삼성SDI,중대형 전지,중대형,2025,FY,매출,8557.8,십억원,excl,2
2026-06-09_SK증권_삼성SDI,2026-06-09,SK증권,삼성SDI,중대형 전지,중대형,2026,FY,매출,9850.9,십억원,excl,2
2026-06-09_SK증권_삼성SDI,2026-06-09,SK증권,삼성SDI,중대형 전지,중대형,2027,FY,매출,14303.4,십억원,excl,2
2026-06-09_SK증권_삼성SDI,2026-06-09,SK증권,삼성SDI,EV,EV,2025,1Q,매출,1550.1,십억원,excl,2
2026-06-09_SK증권_삼성SDI,2026-06-09,SK증권,삼성SDI,EV,EV,2025,2Q,매출,1302.9,십억원,excl,2
2026-06-09_SK증권_삼성SDI,2026-06-09,SK증권,삼성SDI,EV,EV,2025,3Q,매출,1113.9,십억원,excl,2
2026-06-09_SK증권_삼성SDI,2026-06-09,SK증권,삼성SDI,EV,EV,2025,4Q,매출,1629.9,십억원,excl,2
2026-06-09_SK증권_삼성SDI,2026-06-09,SK증권,삼성SDI,EV,EV,2026,1Q,매출,1325,십억원,excl,2
2026-06-09_SK증권_삼성SDI,2026-06-09,SK증권,삼성SDI,EV,EV,2026,2Q,매출,1174.9,십억원,excl,2
2026-06-09_SK증권_삼성SDI,2026-06-09,SK증권,삼성SDI,EV,EV,2026,3Q,매출,1409.9,십억원,excl,2
2026-06-09_SK증권_삼성SDI,2026-06-09,SK증권,삼성SDI,EV,EV,2026,4Q,매출,1691.9,십억원,excl,2
2026-06-09_SK증권_삼성SDI,2026-06-09,SK증권,삼성SDI,EV,EV,2025,FY,매출,5596.8,십억원,excl,2
2026-06-09_SK증권_삼성SDI,2026-06-09,SK증권,삼성SDI,EV,EV,2026,FY,매출,5601.8,십억원,excl,2
2026-06-09_SK증권_삼성SDI,2026-06-09,SK증권,삼성SDI,EV,EV,2027,FY,매출,8519.9,십억원,excl,2
2026-06-09_SK증권_삼성SDI,2026-06-09,SK증권,삼성SDI,ESS,ESS,2025,1Q,매출,655.8,십억원,excl,2
2026-06-09_SK증권_삼성SDI,2026-06-09,SK증권,삼성SDI,ESS,ESS,2025,2Q,매출,681.1,십억원,excl,2
2026-06-09_SK증권_삼성SDI,2026-06-09,SK증권,삼성SDI,ESS,ESS,2025,3Q,매출,682.4,십억원,excl,2
2026-06-09_SK증권_삼성SDI,2026-06-09,SK증권,삼성SDI,ESS,ESS,2025,4Q,매출,941.7,십억원,excl,2
2026-06-09_SK증권_삼성SDI,2026-06-09,SK증권,삼성SDI,ESS,ESS,2026,1Q,매출,872.1,십억원,excl,2
2026-06-09_SK증권_삼성SDI,2026-06-09,SK증권,삼성SDI,ESS,ESS,2026,2Q,매출,959.4,십억원,excl,2
2026-06-09_SK증권_삼성SDI,2026-06-09,SK증권,삼성SDI,ESS,ESS,2026,3Q,매출,1007.3,십억원,excl,2
2026-06-09_SK증권_삼성SDI,2026-06-09,SK증권,삼성SDI,ESS,ESS,2026,4Q,매출,1410.3,십억원,excl,2
2026-06-09_SK증권_삼성SDI,2026-06-09,SK증권,삼성SDI,ESS,ESS,2025,FY,매출,2961,십억원,excl,2
2026-06-09_SK증권_삼성SDI,2026-06-09,SK증권,삼성SDI,ESS,ESS,2026,FY,매출,4249.1,십억원,excl,2
2026-06-09_SK증권_삼성SDI,2026-06-09,SK증권,삼성SDI,ESS,ESS,2027,FY,매출,5783.5,십억원,excl,2
2026-06-09_SK증권_삼성SDI,2026-06-09,SK증권,삼성SDI,소형전지,소형,2025,1Q,매출,775,십억원,excl,2
2026-06-09_SK증권_삼성SDI,2026-06-09,SK증권,삼성SDI,소형전지,소형,2025,2Q,매출,977.2,십억원,excl,2
2026-06-09_SK증권_삼성SDI,2026-06-09,SK증권,삼성SDI,소형전지,소형,2025,3Q,매출,1023.7,십억원,excl,2
2026-06-09_SK증권_삼성SDI,2026-06-09,SK증권,삼성SDI,소형전지,소형,2025,4Q,매출,1050.4,십억원,excl,2
2026-06-09_SK증권_삼성SDI,2026-06-09,SK증권,삼성SDI,소형전지,소형,2026,1Q,매출,1157.3,십억원,excl,2
2026-06-09_SK증권_삼성SDI,2026-06-09,SK증권,삼성SDI,소형전지,소형,2026,2Q,매출,1215.1,십억원,excl,2
2026-06-09_SK증권_삼성SDI,2026-06-09,SK증권,삼성SDI,소형전지,소형,2026,3Q,매출,1344.6,십억원,excl,2
2026-06-09_SK증권_삼성SDI,2026-06-09,SK증권,삼성SDI,소형전지,소형,2026,4Q,매출,1522.4,십억원,excl,2
2026-06-09_SK증권_삼성SDI,2026-06-09,SK증권,삼성SDI,소형전지,소형,2025,FY,매출,3826.3,십억원,excl,2
2026-06-09_SK증권_삼성SDI,2026-06-09,SK증권,삼성SDI,소형전지,소형,2026,FY,매출,5239.4,십억원,excl,2
2026-06-09_SK증권_삼성SDI,2026-06-09,SK증권,삼성SDI,소형전지,소형,2027,FY,매출,6758.9,십억원,excl,2
2026-06-09_SK증권_삼성SDI,2026-06-09,SK증권,삼성SDI,전자재료,전자재료,2025,1Q,매출,195.9,십억원,excl,2
2026-06-09_SK증권_삼성SDI,2026-06-09,SK증권,삼성SDI,전자재료,전자재료,2025,2Q,매출,218.2,십억원,excl,2
2026-06-09_SK증권_삼성SDI,2026-06-09,SK증권,삼성SDI,전자재료,전자재료,2025,3Q,매출,231.8,십억원,excl,2
2026-06-09_SK증권_삼성SDI,2026-06-09,SK증권,삼성SDI,전자재료,전자재료,2025,4Q,매출,236.7,십억원,excl,2
2026-06-09_SK증권_삼성SDI,2026-06-09,SK증권,삼성SDI,전자재료,전자재료,2026,1Q,매출,222,십억원,excl,2
2026-06-09_SK증권_삼성SDI,2026-06-09,SK증권,삼성SDI,전자재료,전자재료,2026,2Q,매출,240,십억원,excl,2
2026-06-09_SK증권_삼성SDI,2026-06-09,SK증권,삼성SDI,전자재료,전자재료,2026,3Q,매출,255,십억원,excl,2
2026-06-09_SK증권_삼성SDI,2026-06-09,SK증권,삼성SDI,전자재료,전자재료,2026,4Q,매출,260.4,십억원,excl,2
2026-06-09_SK증권_삼성SDI,2026-06-09,SK증권,삼성SDI,전자재료,전자재료,2025,FY,매출,882.6,십억원,excl,2
2026-06-09_SK증권_삼성SDI,2026-06-09,SK증권,삼성SDI,전자재료,전자재료,2026,FY,매출,977.4,십억원,excl,2
2026-06-09_SK증권_삼성SDI,2026-06-09,SK증권,삼성SDI,전자재료,전자재료,2027,FY,매출,1075.1,십억원,excl,2
2026-06-09_SK증권_삼성SDI,2026-06-09,SK증권,삼성SDI,에너지솔루션,배터리합계,2025,1Q,영업이익,-452.4,십억원,incl,2
2026-06-09_SK증권_삼성SDI,2026-06-09,SK증권,삼성SDI,에너지솔루션,배터리합계,2025,2Q,영업이익,-430.8,십억원,incl,2
2026-06-09_SK증권_삼성SDI,2026-06-09,SK증권,삼성SDI,에너지솔루션,배터리합계,2025,3Q,영업이익,-630.1,십억원,incl,2
2026-06-09_SK증권_삼성SDI,2026-06-09,SK증권,삼성SDI,에너지솔루션,배터리합계,2025,4Q,영업이익,-338.5,십억원,incl,2
2026-06-09_SK증권_삼성SDI,2026-06-09,SK증권,삼성SDI,에너지솔루션,배터리합계,2026,1Q,영업이익,-176.6,십억원,incl,2
2026-06-09_SK증권_삼성SDI,2026-06-09,SK증권,삼성SDI,에너지솔루션,배터리합계,2026,2Q,영업이익,-71.3,십억원,incl,2
2026-06-09_SK증권_삼성SDI,2026-06-09,SK증권,삼성SDI,에너지솔루션,배터리합계,2026,3Q,영업이익,20.2,십억원,incl,2
2026-06-09_SK증권_삼성SDI,2026-06-09,SK증권,삼성SDI,에너지솔루션,배터리합계,2026,4Q,영업이익,91,십억원,incl,2
2026-06-09_SK증권_삼성SDI,2026-06-09,SK증권,삼성SDI,에너지솔루션,배터리합계,2025,FY,영업이익,-1851.8,십억원,incl,2
2026-06-09_SK증권_삼성SDI,2026-06-09,SK증권,삼성SDI,에너지솔루션,배터리합계,2026,FY,영업이익,-136.6,십억원,incl,2
2026-06-09_SK증권_삼성SDI,2026-06-09,SK증권,삼성SDI,에너지솔루션,배터리합계,2027,FY,영업이익,963.4,십억원,incl,2
2026-06-09_SK증권_삼성SDI,2026-06-09,SK증권,삼성SDI,중대형 전지,중대형,2025,1Q,영업이익,-219.9,십억원,incl,2
2026-06-09_SK증권_삼성SDI,2026-06-09,SK증권,삼성SDI,중대형 전지,중대형,2025,2Q,영업이익,-342.9,십억원,incl,2
2026-06-09_SK증권_삼성SDI,2026-06-09,SK증권,삼성SDI,중대형 전지,중대형,2025,3Q,영업이익,-568.7,십억원,incl,2
2026-06-09_SK증권_삼성SDI,2026-06-09,SK증권,삼성SDI,중대형 전지,중대형,2025,4Q,영업이익,-217.7,십억원,incl,2
2026-06-09_SK증권_삼성SDI,2026-06-09,SK증권,삼성SDI,중대형 전지,중대형,2026,1Q,영업이익,-84,십억원,incl,2
2026-06-09_SK증권_삼성SDI,2026-06-09,SK증권,삼성SDI,중대형 전지,중대형,2026,2Q,영업이익,6.3,십억원,incl,2
2026-06-09_SK증권_삼성SDI,2026-06-09,SK증권,삼성SDI,중대형 전지,중대형,2026,3Q,영업이익,48.4,십억원,incl,2
2026-06-09_SK증권_삼성SDI,2026-06-09,SK증권,삼성SDI,중대형 전지,중대형,2026,4Q,영업이익,110,십억원,incl,2
2026-06-09_SK증권_삼성SDI,2026-06-09,SK증권,삼성SDI,중대형 전지,중대형,2025,FY,영업이익,-1349.1,십억원,incl,2
2026-06-09_SK증권_삼성SDI,2026-06-09,SK증권,삼성SDI,중대형 전지,중대형,2026,FY,영업이익,80.6,십억원,incl,2
2026-06-09_SK증권_삼성SDI,2026-06-09,SK증권,삼성SDI,중대형 전지,중대형,2027,FY,영업이익,819.1,십억원,incl,2
2026-06-09_SK증권_삼성SDI,2026-06-09,SK증권,삼성SDI,EV,EV,2025,1Q,영업이익,-259.2,십억원,incl,2
2026-06-09_SK증권_삼성SDI,2026-06-09,SK증권,삼성SDI,EV,EV,2025,2Q,영업이익,-349.7,십억원,incl,2
2026-06-09_SK증권_삼성SDI,2026-06-09,SK증권,삼성SDI,EV,EV,2025,3Q,영업이익,-527.7,십억원,incl,2
2026-06-09_SK증권_삼성SDI,2026-06-09,SK증권,삼성SDI,EV,EV,2025,4Q,영업이익,-228.2,십억원,incl,2
2026-06-09_SK증권_삼성SDI,2026-06-09,SK증권,삼성SDI,EV,EV,2026,1Q,영업이익,-144.9,십억원,incl,2
2026-06-09_SK증권_삼성SDI,2026-06-09,SK증권,삼성SDI,EV,EV,2026,2Q,영업이익,-70.5,십억원,incl,2
2026-06-09_SK증권_삼성SDI,2026-06-09,SK증권,삼성SDI,EV,EV,2026,3Q,영업이익,-42.3,십억원,incl,2
2026-06-09_SK증권_삼성SDI,2026-06-09,SK증권,삼성SDI,EV,EV,2026,4Q,영업이익,-16.9,십억원,incl,2
2026-06-09_SK증권_삼성SDI,2026-06-09,SK증권,삼성SDI,EV,EV,2025,FY,영업이익,-1364.8,십억원,incl,2
2026-06-09_SK증권_삼성SDI,2026-06-09,SK증권,삼성SDI,EV,EV,2026,FY,영업이익,-274.6,십억원,incl,2
2026-06-09_SK증권_삼성SDI,2026-06-09,SK증권,삼성SDI,EV,EV,2027,FY,영업이익,283.9,십억원,incl,2
2026-06-09_SK증권_삼성SDI,2026-06-09,SK증권,삼성SDI,ESS,ESS,2025,1Q,영업이익,39.3,십억원,incl,2
2026-06-09_SK증권_삼성SDI,2026-06-09,SK증권,삼성SDI,ESS,ESS,2025,2Q,영업이익,6.8,십억원,incl,2
2026-06-09_SK증권_삼성SDI,2026-06-09,SK증권,삼성SDI,ESS,ESS,2025,3Q,영업이익,-40.9,십억원,incl,2
2026-06-09_SK증권_삼성SDI,2026-06-09,SK증권,삼성SDI,ESS,ESS,2025,4Q,영업이익,10.5,십억원,incl,2
2026-06-09_SK증권_삼성SDI,2026-06-09,SK증권,삼성SDI,ESS,ESS,2026,1Q,영업이익,60.9,십억원,incl,2
2026-06-09_SK증권_삼성SDI,2026-06-09,SK증권,삼성SDI,ESS,ESS,2026,2Q,영업이익,76.7,십억원,incl,2
2026-06-09_SK증권_삼성SDI,2026-06-09,SK증권,삼성SDI,ESS,ESS,2026,3Q,영업이익,90.7,십억원,incl,2
2026-06-09_SK증권_삼성SDI,2026-06-09,SK증권,삼성SDI,ESS,ESS,2026,4Q,영업이익,126.9,십억원,incl,2
2026-06-09_SK증권_삼성SDI,2026-06-09,SK증권,삼성SDI,ESS,ESS,2025,FY,영업이익,15.7,십억원,incl,2
2026-06-09_SK증권_삼성SDI,2026-06-09,SK증권,삼성SDI,ESS,ESS,2026,FY,영업이익,355.2,십억원,incl,2
2026-06-09_SK증권_삼성SDI,2026-06-09,SK증권,삼성SDI,ESS,ESS,2027,FY,영업이익,535.2,십억원,incl,2
2026-06-09_SK증권_삼성SDI,2026-06-09,SK증권,삼성SDI,소형전지,소형,2025,1Q,영업이익,-232.5,십억원,incl,2
2026-06-09_SK증권_삼성SDI,2026-06-09,SK증권,삼성SDI,소형전지,소형,2025,2Q,영업이익,-87.9,십억원,incl,2
2026-06-09_SK증권_삼성SDI,2026-06-09,SK증권,삼성SDI,소형전지,소형,2025,3Q,영업이익,-61.4,십억원,incl,2
2026-06-09_SK증권_삼성SDI,2026-06-09,SK증권,삼성SDI,소형전지,소형,2025,4Q,영업이익,-120.8,십억원,incl,2
2026-06-09_SK증권_삼성SDI,2026-06-09,SK증권,삼성SDI,소형전지,소형,2026,1Q,영업이익,-92.6,십억원,incl,2
2026-06-09_SK증권_삼성SDI,2026-06-09,SK증권,삼성SDI,소형전지,소형,2026,2Q,영업이익,-77.5,십억원,incl,2
2026-06-09_SK증권_삼성SDI,2026-06-09,SK증권,삼성SDI,소형전지,소형,2026,3Q,영업이익,-28.2,십억원,incl,2
2026-06-09_SK증권_삼성SDI,2026-06-09,SK증권,삼성SDI,소형전지,소형,2026,4Q,영업이익,-19,십억원,incl,2
2026-06-09_SK증권_삼성SDI,2026-06-09,SK증권,삼성SDI,소형전지,소형,2025,FY,영업이익,-502.7,십억원,incl,2
2026-06-09_SK증권_삼성SDI,2026-06-09,SK증권,삼성SDI,소형전지,소형,2026,FY,영업이익,-217.2,십억원,incl,2
2026-06-09_SK증권_삼성SDI,2026-06-09,SK증권,삼성SDI,소형전지,소형,2027,FY,영업이익,144.3,십억원,incl,2
2026-06-09_SK증권_삼성SDI,2026-06-09,SK증권,삼성SDI,전자재료,전자재료,2025,1Q,영업이익,18.3,십억원,na,2
2026-06-09_SK증권_삼성SDI,2026-06-09,SK증권,삼성SDI,전자재료,전자재료,2025,2Q,영업이익,33,십억원,na,2
2026-06-09_SK증권_삼성SDI,2026-06-09,SK증권,삼성SDI,전자재료,전자재료,2025,3Q,영업이익,38.8,십억원,na,2
2026-06-09_SK증권_삼성SDI,2026-06-09,SK증권,삼성SDI,전자재료,전자재료,2025,4Q,영업이익,39.3,십억원,na,2
2026-06-09_SK증권_삼성SDI,2026-06-09,SK증권,삼성SDI,전자재료,전자재료,2026,1Q,영업이익,21,십억원,na,2
2026-06-09_SK증권_삼성SDI,2026-06-09,SK증권,삼성SDI,전자재료,전자재료,2026,2Q,영업이익,26.4,십억원,na,2
2026-06-09_SK증권_삼성SDI,2026-06-09,SK증권,삼성SDI,전자재료,전자재료,2026,3Q,영업이익,43.3,십억원,na,2
2026-06-09_SK증권_삼성SDI,2026-06-09,SK증권,삼성SDI,전자재료,전자재료,2026,4Q,영업이익,44.3,십억원,na,2
2026-06-09_SK증권_삼성SDI,2026-06-09,SK증권,삼성SDI,전자재료,전자재료,2025,FY,영업이익,129.4,십억원,na,2
2026-06-09_SK증권_삼성SDI,2026-06-09,SK증권,삼성SDI,전자재료,전자재료,2026,FY,영업이익,135,십억원,na,2
2026-06-09_SK증권_삼성SDI,2026-06-09,SK증권,삼성SDI,전자재료,전자재료,2027,FY,영업이익,170,십억원,na,2
2026-06-09_SK증권_삼성SDI,2026-06-09,SK증권,삼성SDI,AMPC,전사,2025,1Q,AMPC,109.4,십억원,na,2
2026-06-09_SK증권_삼성SDI,2026-06-09,SK증권,삼성SDI,AMPC,전사,2025,2Q,AMPC,66.4,십억원,na,2
2026-06-09_SK증권_삼성SDI,2026-06-09,SK증권,삼성SDI,AMPC,전사,2025,3Q,AMPC,19.5,십억원,na,2
2026-06-09_SK증권_삼성SDI,2026-06-09,SK증권,삼성SDI,AMPC,전사,2025,4Q,AMPC,79.8,십억원,na,2
2026-06-09_SK증권_삼성SDI,2026-06-09,SK증권,삼성SDI,AMPC,전사,2026,1Q,AMPC,80.5,십억원,na,2
2026-06-09_SK증권_삼성SDI,2026-06-09,SK증권,삼성SDI,AMPC,전사,2026,2Q,AMPC,93.5,십억원,na,2
2026-06-09_SK증권_삼성SDI,2026-06-09,SK증권,삼성SDI,AMPC,전사,2026,3Q,AMPC,99.5,십억원,na,2
2026-06-09_SK증권_삼성SDI,2026-06-09,SK증권,삼성SDI,AMPC,전사,2026,4Q,AMPC,195.7,십억원,na,2
2026-06-09_SK증권_삼성SDI,2026-06-09,SK증권,삼성SDI,AMPC,전사,2025,FY,AMPC,275.1,십억원,na,2
2026-06-09_SK증권_삼성SDI,2026-06-09,SK증권,삼성SDI,AMPC,전사,2026,FY,AMPC,469.1,십억원,na,2
2026-06-09_SK증권_삼성SDI,2026-06-09,SK증권,삼성SDI,AMPC,전사,2027,FY,AMPC,1098.2,십억원,na,2
2026-06-09_SK증권_삼성SDI,2026-06-09,SK증권,삼성SDI,AMPC(EV),EV,2026,FY,AMPC,193.0,십억원,na,1
2026-06-09_SK증권_삼성SDI,2026-06-09,SK증권,삼성SDI,AMPC(ESS),ESS,2026,FY,AMPC,276.1,십억원,na,1
2026-06-09_SK증권_삼성SDI,2026-06-09,SK증권,삼성SDI,매출액(연결),전사,2024,FY,매출,16592,십억원,excl,6
2026-06-09_SK증권_삼성SDI,2026-06-09,SK증권,삼성SDI,매출액(연결),전사,2025,FY,매출,13267,십억원,excl,6
2026-06-09_SK증권_삼성SDI,2026-06-09,SK증권,삼성SDI,매출액(연결),전사,2026,FY,매출,16068,십억원,excl,6
2026-06-09_SK증권_삼성SDI,2026-06-09,SK증권,삼성SDI,매출액(연결),전사,2027,FY,매출,22137,십억원,excl,6
2026-06-09_SK증권_삼성SDI,2026-06-09,SK증권,삼성SDI,매출액(연결),전사,2028,FY,매출,28885,십억원,excl,6
2026-06-09_SK증권_삼성SDI,2026-06-09,SK증권,삼성SDI,영업이익(연결),전사,2024,FY,영업이익,363,십억원,incl,6
2026-06-09_SK증권_삼성SDI,2026-06-09,SK증권,삼성SDI,영업이익(연결),전사,2025,FY,영업이익,-1722,십억원,incl,6
2026-06-09_SK증권_삼성SDI,2026-06-09,SK증권,삼성SDI,영업이익(연결),전사,2026,FY,영업이익,-2,십억원,incl,6
2026-06-09_SK증권_삼성SDI,2026-06-09,SK증권,삼성SDI,영업이익(연결),전사,2027,FY,영업이익,1133,십억원,incl,6
2026-06-09_SK증권_삼성SDI,2026-06-09,SK증권,삼성SDI,영업이익(연결),전사,2028,FY,영업이익,2180,십억원,incl,6
2026-06-11_삼성증권_삼성SDI,2026-06-11,삼성증권,삼성SDI,매출액,전사,2025,1Q,매출,3176.8,십억원,excl,2
2026-06-11_삼성증권_삼성SDI,2026-06-11,삼성증권,삼성SDI,전지,배터리합계,2025,1Q,매출,2980.9,십억원,excl,2
2026-06-11_삼성증권_삼성SDI,2026-06-11,삼성증권,삼성SDI,2차전지(IT),소형,2025,1Q,매출,641.6,십억원,excl,2
2026-06-11_삼성증권_삼성SDI,2026-06-11,삼성증권,삼성SDI,2차전지(EV+ESS),중대형,2025,1Q,매출,2339.3,십억원,excl,2
2026-06-11_삼성증권_삼성SDI,2026-06-11,삼성증권,삼성SDI,전자재료,전자재료,2025,1Q,매출,195.9,십억원,excl,2
2026-06-11_삼성증권_삼성SDI,2026-06-11,삼성증권,삼성SDI,전사(합계),전사,2025,1Q,영업이익,-434.1,십억원,incl,2
2026-06-11_삼성증권_삼성SDI,2026-06-11,삼성증권,삼성SDI,전지,배터리합계,2025,1Q,영업이익,-452.4,십억원,incl,2
2026-06-11_삼성증권_삼성SDI,2026-06-11,삼성증권,삼성SDI,2차전지(IT),소형,2025,1Q,영업이익,-224.6,십억원,excl,2
2026-06-11_삼성증권_삼성SDI,2026-06-11,삼성증권,삼성SDI,2차전지(EV+ESS),중대형,2025,1Q,영업이익,-227.8,십억원,incl,2
2026-06-11_삼성증권_삼성SDI,2026-06-11,삼성증권,삼성SDI,전자재료,전자재료,2025,1Q,영업이익,18.3,십억원,excl,2
2026-06-11_삼성증권_삼성SDI,2026-06-11,삼성증권,삼성SDI,* IRA(AMPC),중대형,2025,1Q,AMPC,109.4,십억원,na,2
2026-06-11_삼성증권_삼성SDI,2026-06-11,삼성증권,삼성SDI,매출액,전사,2025,2Q,매출,3179.4,십억원,excl,2
2026-06-11_삼성증권_삼성SDI,2026-06-11,삼성증권,삼성SDI,전지,배터리합계,2025,2Q,매출,2961.2,십억원,excl,2
2026-06-11_삼성증권_삼성SDI,2026-06-11,삼성증권,삼성SDI,2차전지(IT),소형,2025,2Q,매출,833.7,십억원,excl,2
2026-06-11_삼성증권_삼성SDI,2026-06-11,삼성증권,삼성SDI,2차전지(EV+ESS),중대형,2025,2Q,매출,2127.5,십억원,excl,2
2026-06-11_삼성증권_삼성SDI,2026-06-11,삼성증권,삼성SDI,전자재료,전자재료,2025,2Q,매출,218.2,십억원,excl,2
2026-06-11_삼성증권_삼성SDI,2026-06-11,삼성증권,삼성SDI,전사(합계),전사,2025,2Q,영업이익,-397.8,십억원,incl,2
2026-06-11_삼성증권_삼성SDI,2026-06-11,삼성증권,삼성SDI,전지,배터리합계,2025,2Q,영업이익,-430.8,십억원,incl,2
2026-06-11_삼성증권_삼성SDI,2026-06-11,삼성증권,삼성SDI,2차전지(IT),소형,2025,2Q,영업이익,-72.9,십억원,excl,2
2026-06-11_삼성증권_삼성SDI,2026-06-11,삼성증권,삼성SDI,2차전지(EV+ESS),중대형,2025,2Q,영업이익,-357.9,십억원,incl,2
2026-06-11_삼성증권_삼성SDI,2026-06-11,삼성증권,삼성SDI,전자재료,전자재료,2025,2Q,영업이익,33.0,십억원,excl,2
2026-06-11_삼성증권_삼성SDI,2026-06-11,삼성증권,삼성SDI,* IRA(AMPC),중대형,2025,2Q,AMPC,66.4,십억원,na,2
2026-06-11_삼성증권_삼성SDI,2026-06-11,삼성증권,삼성SDI,매출액,전사,2025,3Q,매출,3051.8,십억원,excl,2
2026-06-11_삼성증권_삼성SDI,2026-06-11,삼성증권,삼성SDI,전지,배터리합계,2025,3Q,매출,2820.0,십억원,excl,2
2026-06-11_삼성증권_삼성SDI,2026-06-11,삼성증권,삼성SDI,2차전지(IT),소형,2025,3Q,매출,875.2,십억원,excl,2
2026-06-11_삼성증권_삼성SDI,2026-06-11,삼성증권,삼성SDI,2차전지(EV+ESS),중대형,2025,3Q,매출,1944.8,십억원,excl,2
2026-06-11_삼성증권_삼성SDI,2026-06-11,삼성증권,삼성SDI,전자재료,전자재료,2025,3Q,매출,231.8,십억원,excl,2
2026-06-11_삼성증권_삼성SDI,2026-06-11,삼성증권,삼성SDI,전사(합계),전사,2025,3Q,영업이익,-591.3,십억원,incl,2
2026-06-11_삼성증권_삼성SDI,2026-06-11,삼성증권,삼성SDI,전지,배터리합계,2025,3Q,영업이익,-630.1,십억원,incl,2
2026-06-11_삼성증권_삼성SDI,2026-06-11,삼성증권,삼성SDI,2차전지(IT),소형,2025,3Q,영업이익,-48.1,십억원,excl,2
2026-06-11_삼성증권_삼성SDI,2026-06-11,삼성증권,삼성SDI,2차전지(EV+ESS),중대형,2025,3Q,영업이익,-582.0,십억원,incl,2
2026-06-11_삼성증권_삼성SDI,2026-06-11,삼성증권,삼성SDI,전자재료,전자재료,2025,3Q,영업이익,38.8,십억원,excl,2
2026-06-11_삼성증권_삼성SDI,2026-06-11,삼성증권,삼성SDI,* IRA(AMPC),중대형,2025,3Q,AMPC,19.5,십억원,na,2
2026-06-11_삼성증권_삼성SDI,2026-06-11,삼성증권,삼성SDI,매출액,전사,2025,4Q,매출,3858.7,십억원,excl,2
2026-06-11_삼성증권_삼성SDI,2026-06-11,삼성증권,삼성SDI,전지,배터리합계,2025,4Q,매출,3622.0,십억원,excl,2
2026-06-11_삼성증권_삼성SDI,2026-06-11,삼성증권,삼성SDI,2차전지(IT),소형,2025,4Q,매출,869.6,십억원,excl,2
2026-06-11_삼성증권_삼성SDI,2026-06-11,삼성증권,삼성SDI,2차전지(EV+ESS),중대형,2025,4Q,매출,2752.4,십억원,excl,2
2026-06-11_삼성증권_삼성SDI,2026-06-11,삼성증권,삼성SDI,전자재료,전자재료,2025,4Q,매출,236.7,십억원,excl,2
2026-06-11_삼성증권_삼성SDI,2026-06-11,삼성증권,삼성SDI,전사(합계),전사,2025,4Q,영업이익,-299.2,십억원,incl,2
2026-06-11_삼성증권_삼성SDI,2026-06-11,삼성증권,삼성SDI,전지,배터리합계,2025,4Q,영업이익,-338.5,십억원,incl,2
2026-06-11_삼성증권_삼성SDI,2026-06-11,삼성증권,삼성SDI,2차전지(IT),소형,2025,4Q,영업이익,-95.6,십억원,excl,2
2026-06-11_삼성증권_삼성SDI,2026-06-11,삼성증권,삼성SDI,2차전지(EV+ESS),중대형,2025,4Q,영업이익,-242.8,십억원,incl,2
2026-06-11_삼성증권_삼성SDI,2026-06-11,삼성증권,삼성SDI,전자재료,전자재료,2025,4Q,영업이익,39.3,십억원,excl,2
2026-06-11_삼성증권_삼성SDI,2026-06-11,삼성증권,삼성SDI,* IRA(AMPC),중대형,2025,4Q,AMPC,79.8,십억원,na,2
2026-06-11_삼성증권_삼성SDI,2026-06-11,삼성증권,삼성SDI,매출액,전사,2026,1Q,매출,3576.4,십억원,excl,2
2026-06-11_삼성증권_삼성SDI,2026-06-11,삼성증권,삼성SDI,전지,배터리합계,2026,1Q,매출,3354.4,십억원,excl,2
2026-06-11_삼성증권_삼성SDI,2026-06-11,삼성증권,삼성SDI,2차전지(IT),소형,2026,1Q,매출,964.7,십억원,excl,2
2026-06-11_삼성증권_삼성SDI,2026-06-11,삼성증권,삼성SDI,2차전지(EV+ESS),중대형,2026,1Q,매출,2389.7,십억원,excl,2
2026-06-11_삼성증권_삼성SDI,2026-06-11,삼성증권,삼성SDI,전자재료,전자재료,2026,1Q,매출,222.0,십억원,excl,2
2026-06-11_삼성증권_삼성SDI,2026-06-11,삼성증권,삼성SDI,전사(합계),전사,2026,1Q,영업이익,-155.6,십억원,incl,2
2026-06-11_삼성증권_삼성SDI,2026-06-11,삼성증권,삼성SDI,전지,배터리합계,2026,1Q,영업이익,-176.6,십억원,incl,2
2026-06-11_삼성증권_삼성SDI,2026-06-11,삼성증권,삼성SDI,2차전지(IT),소형,2026,1Q,영업이익,-86.8,십억원,excl,2
2026-06-11_삼성증권_삼성SDI,2026-06-11,삼성증권,삼성SDI,2차전지(EV+ESS),중대형,2026,1Q,영업이익,-89.8,십억원,incl,2
2026-06-11_삼성증권_삼성SDI,2026-06-11,삼성증권,삼성SDI,전자재료,전자재료,2026,1Q,영업이익,21.0,십억원,excl,2
2026-06-11_삼성증권_삼성SDI,2026-06-11,삼성증권,삼성SDI,* IRA(AMPC),중대형,2026,1Q,AMPC,80.5,십억원,na,2
2026-06-11_삼성증권_삼성SDI,2026-06-11,삼성증권,삼성SDI,매출액,전사,2026,2Q,매출,3700.2,십억원,excl,2
2026-06-11_삼성증권_삼성SDI,2026-06-11,삼성증권,삼성SDI,전지,배터리합계,2026,2Q,매출,3422.5,십억원,excl,2
2026-06-11_삼성증권_삼성SDI,2026-06-11,삼성증권,삼성SDI,2차전지(IT),소형,2026,2Q,매출,1012.5,십억원,excl,2
2026-06-11_삼성증권_삼성SDI,2026-06-11,삼성증권,삼성SDI,2차전지(EV+ESS),중대형,2026,2Q,매출,2410.0,십억원,excl,2
2026-06-11_삼성증권_삼성SDI,2026-06-11,삼성증권,삼성SDI,전자재료,전자재료,2026,2Q,매출,277.7,십억원,excl,2
2026-06-11_삼성증권_삼성SDI,2026-06-11,삼성증권,삼성SDI,전사(합계),전사,2026,2Q,영업이익,-73.5,십억원,incl,2
2026-06-11_삼성증권_삼성SDI,2026-06-11,삼성증권,삼성SDI,전지,배터리합계,2026,2Q,영업이익,-107.0,십억원,incl,2
2026-06-11_삼성증권_삼성SDI,2026-06-11,삼성증권,삼성SDI,2차전지(IT),소형,2026,2Q,영업이익,-30.4,십억원,excl,2
2026-06-11_삼성증권_삼성SDI,2026-06-11,삼성증권,삼성SDI,2차전지(EV+ESS),중대형,2026,2Q,영업이익,-76.6,십억원,incl,2
2026-06-11_삼성증권_삼성SDI,2026-06-11,삼성증권,삼성SDI,전자재료,전자재료,2026,2Q,영업이익,33.5,십억원,excl,2
2026-06-11_삼성증권_삼성SDI,2026-06-11,삼성증권,삼성SDI,* IRA(AMPC),중대형,2026,2Q,AMPC,102.9,십억원,na,2
2026-06-11_삼성증권_삼성SDI,2026-06-11,삼성증권,삼성SDI,매출액,전사,2026,3Q,매출,3969.3,십억원,excl,2
2026-06-11_삼성증권_삼성SDI,2026-06-11,삼성증권,삼성SDI,전지,배터리합계,2026,3Q,매출,3669.2,십억원,excl,2
2026-06-11_삼성증권_삼성SDI,2026-06-11,삼성증권,삼성SDI,2차전지(IT),소형,2026,3Q,매출,1062.9,십억원,excl,2
2026-06-11_삼성증권_삼성SDI,2026-06-11,삼성증권,삼성SDI,2차전지(EV+ESS),중대형,2026,3Q,매출,2606.3,십억원,excl,2
2026-06-11_삼성증권_삼성SDI,2026-06-11,삼성증권,삼성SDI,전자재료,전자재료,2026,3Q,매출,300.1,십억원,excl,2
2026-06-11_삼성증권_삼성SDI,2026-06-11,삼성증권,삼성SDI,전사(합계),전사,2026,3Q,영업이익,14.3,십억원,incl,2
2026-06-11_삼성증권_삼성SDI,2026-06-11,삼성증권,삼성SDI,전지,배터리합계,2026,3Q,영업이익,-36.4,십억원,incl,2
2026-06-11_삼성증권_삼성SDI,2026-06-11,삼성증권,삼성SDI,2차전지(IT),소형,2026,3Q,영업이익,10.6,십억원,excl,2
2026-06-11_삼성증권_삼성SDI,2026-06-11,삼성증권,삼성SDI,2차전지(EV+ESS),중대형,2026,3Q,영업이익,-47.0,십억원,incl,2
2026-06-11_삼성증권_삼성SDI,2026-06-11,삼성증권,삼성SDI,전자재료,전자재료,2026,3Q,영업이익,50.7,십억원,excl,2
2026-06-11_삼성증권_삼성SDI,2026-06-11,삼성증권,삼성SDI,* IRA(AMPC),중대형,2026,3Q,AMPC,104.8,십억원,na,2
2026-06-11_삼성증권_삼성SDI,2026-06-11,삼성증권,삼성SDI,매출액,전사,2026,4Q,매출,4682.9,십억원,excl,2
2026-06-11_삼성증권_삼성SDI,2026-06-11,삼성증권,삼성SDI,전지,배터리합계,2026,4Q,매출,4376.9,십억원,excl,2
2026-06-11_삼성증권_삼성SDI,2026-06-11,삼성증권,삼성SDI,2차전지(IT),소형,2026,4Q,매출,1116.1,십억원,excl,2
2026-06-11_삼성증권_삼성SDI,2026-06-11,삼성증권,삼성SDI,2차전지(EV+ESS),중대형,2026,4Q,매출,3260.9,십억원,excl,2
2026-06-11_삼성증권_삼성SDI,2026-06-11,삼성증권,삼성SDI,전자재료,전자재료,2026,4Q,매출,305.9,십억원,excl,2
2026-06-11_삼성증권_삼성SDI,2026-06-11,삼성증권,삼성SDI,전사(합계),전사,2026,4Q,영업이익,122.3,십억원,incl,2
2026-06-11_삼성증권_삼성SDI,2026-06-11,삼성증권,삼성SDI,전지,배터리합계,2026,4Q,영업이익,80.1,십억원,incl,2
2026-06-11_삼성증권_삼성SDI,2026-06-11,삼성증권,삼성SDI,2차전지(IT),소형,2026,4Q,영업이익,22.3,십억원,excl,2
2026-06-11_삼성증권_삼성SDI,2026-06-11,삼성증권,삼성SDI,2차전지(EV+ESS),중대형,2026,4Q,영업이익,57.8,십억원,incl,2
2026-06-11_삼성증권_삼성SDI,2026-06-11,삼성증권,삼성SDI,전자재료,전자재료,2026,4Q,영업이익,42.2,십억원,excl,2
2026-06-11_삼성증권_삼성SDI,2026-06-11,삼성증권,삼성SDI,* IRA(AMPC),중대형,2026,4Q,AMPC,352.1,십억원,na,2
2026-06-11_삼성증권_삼성SDI,2026-06-11,삼성증권,삼성SDI,매출액,전사,2027,1Q,매출,4437.4,십억원,excl,2
2026-06-11_삼성증권_삼성SDI,2026-06-11,삼성증권,삼성SDI,전지,배터리합계,2027,1Q,매출,4163.3,십억원,excl,2
2026-06-11_삼성증권_삼성SDI,2026-06-11,삼성증권,삼성SDI,2차전지(IT),소형,2027,1Q,매출,1059.6,십억원,excl,2
2026-06-11_삼성증권_삼성SDI,2026-06-11,삼성증권,삼성SDI,2차전지(EV+ESS),중대형,2027,1Q,매출,3103.7,십억원,excl,2
2026-06-11_삼성증권_삼성SDI,2026-06-11,삼성증권,삼성SDI,전자재료,전자재료,2027,1Q,매출,274.1,십억원,excl,2
2026-06-11_삼성증권_삼성SDI,2026-06-11,삼성증권,삼성SDI,전사(합계),전사,2027,1Q,영업이익,155.7,십억원,incl,2
2026-06-11_삼성증권_삼성SDI,2026-06-11,삼성증권,삼성SDI,전지,배터리합계,2027,1Q,영업이익,114.9,십억원,incl,2
2026-06-11_삼성증권_삼성SDI,2026-06-11,삼성증권,삼성SDI,2차전지(IT),소형,2027,1Q,영업이익,21.2,십억원,excl,2
2026-06-11_삼성증권_삼성SDI,2026-06-11,삼성증권,삼성SDI,2차전지(EV+ESS),중대형,2027,1Q,영업이익,93.7,십억원,incl,2
2026-06-11_삼성증권_삼성SDI,2026-06-11,삼성증권,삼성SDI,전자재료,전자재료,2027,1Q,영업이익,40.8,십억원,excl,2
2026-06-11_삼성증권_삼성SDI,2026-06-11,삼성증권,삼성SDI,* IRA(AMPC),중대형,2027,1Q,AMPC,353.0,십억원,na,2
2026-06-11_삼성증권_삼성SDI,2026-06-11,삼성증권,삼성SDI,매출액,전사,2027,2Q,매출,4823.9,십억원,excl,2
2026-06-11_삼성증권_삼성SDI,2026-06-11,삼성증권,삼성SDI,전지,배터리합계,2027,2Q,매출,4475.5,십억원,excl,2
2026-06-11_삼성증권_삼성SDI,2026-06-11,삼성증권,삼성SDI,2차전지(IT),소형,2027,2Q,매출,1112.1,십억원,excl,2
2026-06-11_삼성증권_삼성SDI,2026-06-11,삼성증권,삼성SDI,2차전지(EV+ESS),중대형,2027,2Q,매출,3363.3,십억원,excl,2
2026-06-11_삼성증권_삼성SDI,2026-06-11,삼성증권,삼성SDI,전자재료,전자재료,2027,2Q,매출,348.5,십억원,excl,2
2026-06-11_삼성증권_삼성SDI,2026-06-11,삼성증권,삼성SDI,전사(합계),전사,2027,2Q,영업이익,232.6,십억원,incl,2
2026-06-11_삼성증권_삼성SDI,2026-06-11,삼성증권,삼성SDI,전지,배터리합계,2027,2Q,영업이익,176.7,십억원,incl,2
2026-06-11_삼성증권_삼성SDI,2026-06-11,삼성증권,삼성SDI,2차전지(IT),소형,2027,2Q,영업이익,22.2,십억원,excl,2
2026-06-11_삼성증권_삼성SDI,2026-06-11,삼성증권,삼성SDI,2차전지(EV+ESS),중대형,2027,2Q,영업이익,154.5,십억원,incl,2
2026-06-11_삼성증권_삼성SDI,2026-06-11,삼성증권,삼성SDI,전자재료,전자재료,2027,2Q,영업이익,55.8,십억원,excl,2
2026-06-11_삼성증권_삼성SDI,2026-06-11,삼성증권,삼성SDI,* IRA(AMPC),중대형,2027,2Q,AMPC,372.4,십억원,na,2
2026-06-11_삼성증권_삼성SDI,2026-06-11,삼성증권,삼성SDI,매출액,전사,2027,3Q,매출,5285.2,십억원,excl,2
2026-06-11_삼성증권_삼성SDI,2026-06-11,삼성증권,삼성SDI,전지,배터리합계,2027,3Q,매출,4906.5,십억원,excl,2
2026-06-11_삼성증권_삼성SDI,2026-06-11,삼성증권,삼성SDI,2차전지(IT),소형,2027,3Q,매출,1278.7,십억원,excl,2
2026-06-11_삼성증권_삼성SDI,2026-06-11,삼성증권,삼성SDI,2차전지(EV+ESS),중대형,2027,3Q,매출,3627.7,십억원,excl,2
2026-06-11_삼성증권_삼성SDI,2026-06-11,삼성증권,삼성SDI,전자재료,전자재료,2027,3Q,매출,378.7,십억원,excl,2
2026-06-11_삼성증권_삼성SDI,2026-06-11,삼성증권,삼성SDI,전사(합계),전사,2027,3Q,영업이익,391.2,십억원,incl,2
2026-06-11_삼성증권_삼성SDI,2026-06-11,삼성증권,삼성SDI,전지,배터리합계,2027,3Q,영업이익,322.9,십억원,incl,2
2026-06-11_삼성증권_삼성SDI,2026-06-11,삼성증권,삼성SDI,2차전지(IT),소형,2027,3Q,영업이익,51.1,십억원,excl,2
2026-06-11_삼성증권_삼성SDI,2026-06-11,삼성증권,삼성SDI,2차전지(EV+ESS),중대형,2027,3Q,영업이익,271.8,십억원,incl,2
2026-06-11_삼성증권_삼성SDI,2026-06-11,삼성증권,삼성SDI,전자재료,전자재료,2027,3Q,영업이익,68.2,십억원,excl,2
2026-06-11_삼성증권_삼성SDI,2026-06-11,삼성증권,삼성SDI,* IRA(AMPC),중대형,2027,3Q,AMPC,415.7,십억원,na,2
2026-06-11_삼성증권_삼성SDI,2026-06-11,삼성증권,삼성SDI,매출액,전사,2027,4Q,매출,5690.9,십억원,excl,2
2026-06-11_삼성증권_삼성SDI,2026-06-11,삼성증권,삼성SDI,전지,배터리합계,2027,4Q,매출,5315.7,십억원,excl,2
2026-06-11_삼성증권_삼성SDI,2026-06-11,삼성증권,삼성SDI,2차전지(IT),소형,2027,4Q,매출,1406.6,십억원,excl,2
2026-06-11_삼성증권_삼성SDI,2026-06-11,삼성증권,삼성SDI,2차전지(EV+ESS),중대형,2027,4Q,매출,3909.1,십억원,excl,2
2026-06-11_삼성증권_삼성SDI,2026-06-11,삼성증권,삼성SDI,전자재료,전자재료,2027,4Q,매출,375.2,십억원,excl,2
2026-06-11_삼성증권_삼성SDI,2026-06-11,삼성증권,삼성SDI,전사(합계),전사,2027,4Q,영업이익,418.9,십억원,incl,2
2026-06-11_삼성증권_삼성SDI,2026-06-11,삼성증권,삼성SDI,전지,배터리합계,2027,4Q,영업이익,359.9,십억원,incl,2
2026-06-11_삼성증권_삼성SDI,2026-06-11,삼성증권,삼성SDI,2차전지(IT),소형,2027,4Q,영업이익,42.2,십억원,excl,2
2026-06-11_삼성증권_삼성SDI,2026-06-11,삼성증권,삼성SDI,2차전지(EV+ESS),중대형,2027,4Q,영업이익,317.7,십억원,incl,2
2026-06-11_삼성증권_삼성SDI,2026-06-11,삼성증권,삼성SDI,전자재료,전자재료,2027,4Q,영업이익,59.0,십억원,excl,2
2026-06-11_삼성증권_삼성SDI,2026-06-11,삼성증권,삼성SDI,* IRA(AMPC),중대형,2027,4Q,AMPC,411.1,십억원,na,2
2026-06-11_삼성증권_삼성SDI,2026-06-11,삼성증권,삼성SDI,매출액,전사,2025,FY,매출,13266.7,십억원,excl,2
2026-06-11_삼성증권_삼성SDI,2026-06-11,삼성증권,삼성SDI,전지,배터리합계,2025,FY,매출,12384.1,십억원,excl,2
2026-06-11_삼성증권_삼성SDI,2026-06-11,삼성증권,삼성SDI,2차전지(IT),소형,2025,FY,매출,3220.1,십억원,excl,2
2026-06-11_삼성증권_삼성SDI,2026-06-11,삼성증권,삼성SDI,2차전지(EV+ESS),중대형,2025,FY,매출,9163.9,십억원,excl,2
2026-06-11_삼성증권_삼성SDI,2026-06-11,삼성증권,삼성SDI,전자재료,전자재료,2025,FY,매출,882.6,십억원,excl,2
2026-06-11_삼성증권_삼성SDI,2026-06-11,삼성증권,삼성SDI,전사(합계),전사,2025,FY,영업이익,-1722.4,십억원,incl,2
2026-06-11_삼성증권_삼성SDI,2026-06-11,삼성증권,삼성SDI,전지,배터리합계,2025,FY,영업이익,-1851.8,십억원,incl,2
2026-06-11_삼성증권_삼성SDI,2026-06-11,삼성증권,삼성SDI,2차전지(IT),소형,2025,FY,영업이익,-441.2,십억원,excl,2
2026-06-11_삼성증권_삼성SDI,2026-06-11,삼성증권,삼성SDI,2차전지(EV+ESS),중대형,2025,FY,영업이익,-1410.6,십억원,incl,2
2026-06-11_삼성증권_삼성SDI,2026-06-11,삼성증권,삼성SDI,전자재료,전자재료,2025,FY,영업이익,129.4,십억원,excl,2
2026-06-11_삼성증권_삼성SDI,2026-06-11,삼성증권,삼성SDI,* IRA(AMPC),중대형,2025,FY,AMPC,275.1,십억원,na,2
2026-06-11_삼성증권_삼성SDI,2026-06-11,삼성증권,삼성SDI,매출액,전사,2026,FY,매출,15928.8,십억원,excl,2
2026-06-11_삼성증권_삼성SDI,2026-06-11,삼성증권,삼성SDI,전지,배터리합계,2026,FY,매출,14823.0,십억원,excl,2
2026-06-11_삼성증권_삼성SDI,2026-06-11,삼성증권,삼성SDI,2차전지(IT),소형,2026,FY,매출,4156.1,십억원,excl,2
2026-06-11_삼성증권_삼성SDI,2026-06-11,삼성증권,삼성SDI,2차전지(EV+ESS),중대형,2026,FY,매출,10666.9,십억원,excl,2
2026-06-11_삼성증권_삼성SDI,2026-06-11,삼성증권,삼성SDI,전자재료,전자재료,2026,FY,매출,1105.8,십억원,excl,2
2026-06-11_삼성증권_삼성SDI,2026-06-11,삼성증권,삼성SDI,전사(합계),전사,2026,FY,영업이익,-92.4,십억원,incl,2
2026-06-11_삼성증권_삼성SDI,2026-06-11,삼성증권,삼성SDI,전지,배터리합계,2026,FY,영업이익,-239.8,십억원,incl,2
2026-06-11_삼성증권_삼성SDI,2026-06-11,삼성증권,삼성SDI,2차전지(IT),소형,2026,FY,영업이익,-84.2,십억원,excl,2
2026-06-11_삼성증권_삼성SDI,2026-06-11,삼성증권,삼성SDI,2차전지(EV+ESS),중대형,2026,FY,영업이익,-155.6,십억원,incl,2
2026-06-11_삼성증권_삼성SDI,2026-06-11,삼성증권,삼성SDI,전자재료,전자재료,2026,FY,영업이익,147.4,십억원,excl,2
2026-06-11_삼성증권_삼성SDI,2026-06-11,삼성증권,삼성SDI,* IRA(AMPC),중대형,2026,FY,AMPC,640.4,십억원,na,2
2026-06-11_삼성증권_삼성SDI,2026-06-11,삼성증권,삼성SDI,매출액,전사,2027,FY,매출,20237.4,십억원,excl,2
2026-06-11_삼성증권_삼성SDI,2026-06-11,삼성증권,삼성SDI,전지,배터리합계,2027,FY,매출,18860.9,십억원,excl,2
2026-06-11_삼성증권_삼성SDI,2026-06-11,삼성증권,삼성SDI,2차전지(IT),소형,2027,FY,매출,4857.1,십억원,excl,2
2026-06-11_삼성증권_삼성SDI,2026-06-11,삼성증권,삼성SDI,2차전지(EV+ESS),중대형,2027,FY,매출,14003.8,십억원,excl,2
2026-06-11_삼성증권_삼성SDI,2026-06-11,삼성증권,삼성SDI,전자재료,전자재료,2027,FY,매출,1376.5,십억원,excl,2
2026-06-11_삼성증권_삼성SDI,2026-06-11,삼성증권,삼성SDI,전사(합계),전사,2027,FY,영업이익,1198.3,십억원,incl,2
2026-06-11_삼성증권_삼성SDI,2026-06-11,삼성증권,삼성SDI,전지,배터리합계,2027,FY,영업이익,974.4,십억원,incl,2
2026-06-11_삼성증권_삼성SDI,2026-06-11,삼성증권,삼성SDI,2차전지(IT),소형,2027,FY,영업이익,136.8,십억원,excl,2
2026-06-11_삼성증권_삼성SDI,2026-06-11,삼성증권,삼성SDI,2차전지(EV+ESS),중대형,2027,FY,영업이익,837.6,십억원,incl,2
2026-06-11_삼성증권_삼성SDI,2026-06-11,삼성증권,삼성SDI,전자재료,전자재료,2027,FY,영업이익,223.9,십억원,excl,2
2026-06-11_삼성증권_삼성SDI,2026-06-11,삼성증권,삼성SDI,* IRA(AMPC),중대형,2027,FY,AMPC,1552.2,십억원,na,2
2026-06-11_삼성증권_삼성SDI,2026-06-11,삼성증권,삼성SDI,매출액,전사,2024,FY,매출,16592,십억원,excl,4
2026-06-11_삼성증권_삼성SDI,2026-06-11,삼성증권,삼성SDI,영업이익,전사,2024,FY,영업이익,363,십억원,incl,4
2026-06-11_삼성증권_삼성SDI,2026-06-11,삼성증권,삼성SDI,* IRA(AMPC),중대형,2024,FY,AMPC,90,십억원,na,3
2026-06-11_삼성증권_삼성SDI,2026-06-11,삼성증권,삼성SDI,매출액,전사,2028,FY,매출,24694,십억원,excl,1
2026-06-11_삼성증권_삼성SDI,2026-06-11,삼성증권,삼성SDI,영업이익,전사,2028,FY,영업이익,1802,십억원,incl,1
2026-06-15_LS증권_SK온,2026-06-15,LS증권,SK이노베이션,매출액(연결),전사,2024,FY,매출,74270,십억원,incl_unknown,1
2026-06-15_LS증권_SK온,2026-06-15,LS증권,SK이노베이션,매출액(연결),전사,2025,1Q,매출,21026,십억원,incl_unknown,15
2026-06-15_LS증권_SK온,2026-06-15,LS증권,SK이노베이션,매출액(연결),전사,2025,2Q,매출,19427,십억원,incl_unknown,15
2026-06-15_LS증권_SK온,2026-06-15,LS증권,SK이노베이션,매출액(연결),전사,2025,3Q,매출,20533,십억원,incl_unknown,15
2026-06-15_LS증권_SK온,2026-06-15,LS증권,SK이노베이션,매출액(연결),전사,2025,4Q,매출,19310,십억원,incl_unknown,15
2026-06-15_LS증권_SK온,2026-06-15,LS증권,SK이노베이션,매출액(연결),전사,2025,FY,매출,80296,십억원,incl_unknown,1
2026-06-15_LS증권_SK온,2026-06-15,LS증권,SK이노베이션,매출액(연결),전사,2026,1Q,매출,24212,십억원,incl_unknown,15
2026-06-15_LS증권_SK온,2026-06-15,LS증권,SK이노베이션,매출액(연결),전사,2026,2Q,매출,32134,십억원,incl_unknown,15
2026-06-15_LS증권_SK온,2026-06-15,LS증권,SK이노베이션,매출액(연결),전사,2026,3Q,매출,28810,십억원,incl_unknown,15
2026-06-15_LS증권_SK온,2026-06-15,LS증권,SK이노베이션,매출액(연결),전사,2026,4Q,매출,25652,십억원,incl_unknown,15
2026-06-15_LS증권_SK온,2026-06-15,LS증권,SK이노베이션,매출액(연결),전사,2026,FY,매출,110809,십억원,incl_unknown,1
2026-06-15_LS증권_SK온,2026-06-15,LS증권,SK이노베이션,매출액(연결),전사,2027,FY,매출,104160,십억원,incl_unknown,1
2026-06-15_LS증권_SK온,2026-06-15,LS증권,SK이노베이션,매출액(연결),전사,2028,FY,매출,99994,십억원,incl_unknown,1
2026-06-15_LS증권_SK온,2026-06-15,LS증권,SK이노베이션,영업이익(연결),전사,2024,FY,영업이익,356,십억원,incl_unknown,1
2026-06-15_LS증권_SK온,2026-06-15,LS증권,SK이노베이션,영업이익(연결),전사,2025,1Q,영업이익,-31,십억원,incl_unknown,15
2026-06-15_LS증권_SK온,2026-06-15,LS증권,SK이노베이션,영업이익(연결),전사,2025,2Q,영업이익,-431,십억원,incl_unknown,15
2026-06-15_LS증권_SK온,2026-06-15,LS증권,SK이노베이션,영업이익(연결),전사,2025,3Q,영업이익,573,십억원,incl_unknown,15
2026-06-15_LS증권_SK온,2026-06-15,LS증권,SK이노베이션,영업이익(연결),전사,2025,4Q,영업이익,337,십억원,incl_unknown,15
2026-06-15_LS증권_SK온,2026-06-15,LS증권,SK이노베이션,영업이익(연결),전사,2025,FY,영업이익,449,십억원,incl_unknown,1
2026-06-15_LS증권_SK온,2026-06-15,LS증권,SK이노베이션,영업이익(연결),전사,2026,1Q,영업이익,2162,십억원,incl_unknown,15
2026-06-15_LS증권_SK온,2026-06-15,LS증권,SK이노베이션,영업이익(연결),전사,2026,2Q,영업이익,1875,십억원,incl_unknown,15
2026-06-15_LS증권_SK온,2026-06-15,LS증권,SK이노베이션,영업이익(연결),전사,2026,3Q,영업이익,934,십억원,incl_unknown,15
2026-06-15_LS증권_SK온,2026-06-15,LS증권,SK이노베이션,영업이익(연결),전사,2026,4Q,영업이익,568,십억원,incl_unknown,15
2026-06-15_LS증권_SK온,2026-06-15,LS증권,SK이노베이션,영업이익(연결),전사,2026,FY,영업이익,5539,십억원,incl_unknown,1
2026-06-15_LS증권_SK온,2026-06-15,LS증권,SK이노베이션,영업이익(연결),전사,2027,FY,영업이익,2658,십억원,incl_unknown,1
2026-06-15_LS증권_SK온,2026-06-15,LS증권,SK이노베이션,영업이익(연결),전사,2028,FY,영업이익,1582,십억원,incl_unknown,1
2026-06-15_LS증권_SK온,2026-06-15,LS증권,SK온,배터리사업,배터리합계,2025,1Q,매출,1605,십억원,incl_unknown,15
2026-06-15_LS증권_SK온,2026-06-15,LS증권,SK온,배터리사업,배터리합계,2025,2Q,매출,2108,십억원,incl_unknown,15
2026-06-15_LS증권_SK온,2026-06-15,LS증권,SK온,배터리사업,배터리합계,2025,3Q,매출,1808,십억원,incl_unknown,15
2026-06-15_LS증권_SK온,2026-06-15,LS증권,SK온,배터리사업,배터리합계,2025,4Q,매출,1457,십억원,incl_unknown,15
2026-06-15_LS증권_SK온,2026-06-15,LS증권,SK온,배터리사업,배터리합계,2025,FY,매출,6978,십억원,incl_unknown,15
2026-06-15_LS증권_SK온,2026-06-15,LS증권,SK온,배터리사업,배터리합계,2026,1Q,매출,1791,십억원,incl_unknown,15
2026-06-15_LS증권_SK온,2026-06-15,LS증권,SK온,배터리사업,배터리합계,2026,2Q,매출,1902,십억원,incl_unknown,15
2026-06-15_LS증권_SK온,2026-06-15,LS증권,SK온,배터리사업,배터리합계,2026,3Q,매출,1602,십억원,incl_unknown,15
2026-06-15_LS증권_SK온,2026-06-15,LS증권,SK온,배터리사업,배터리합계,2026,4Q,매출,1598,십억원,incl_unknown,15
2026-06-15_LS증권_SK온,2026-06-15,LS증권,SK온,배터리사업,배터리합계,2026,FY,매출,6893,십억원,incl_unknown,15
2026-06-15_LS증권_SK온,2026-06-15,LS증권,SK온,배터리사업,배터리합계,2027,FY,매출,6124,십억원,incl_unknown,15
2026-06-15_LS증권_SK온,2026-06-15,LS증권,SK온,배터리사업,배터리합계,2025,1Q,영업이익,-299,십억원,incl_unknown,15
2026-06-15_LS증권_SK온,2026-06-15,LS증권,SK온,배터리사업,배터리합계,2025,2Q,영업이익,-66,십억원,incl_unknown,15
2026-06-15_LS증권_SK온,2026-06-15,LS증권,SK온,배터리사업,배터리합계,2025,3Q,영업이익,-125,십억원,incl_unknown,15
2026-06-15_LS증권_SK온,2026-06-15,LS증권,SK온,배터리사업,배터리합계,2025,4Q,영업이익,-441,십억원,incl_unknown,15
2026-06-15_LS증권_SK온,2026-06-15,LS증권,SK온,배터리사업,배터리합계,2025,FY,영업이익,-932,십억원,incl_unknown,15
2026-06-15_LS증권_SK온,2026-06-15,LS증권,SK온,배터리사업,배터리합계,2026,1Q,영업이익,-349,십억원,incl_unknown,15
2026-06-15_LS증권_SK온,2026-06-15,LS증권,SK온,배터리사업,배터리합계,2026,2Q,영업이익,-245,십억원,incl_unknown,15
2026-06-15_LS증권_SK온,2026-06-15,LS증권,SK온,배터리사업,배터리합계,2026,3Q,영업이익,-354,십억원,incl_unknown,15
2026-06-15_LS증권_SK온,2026-06-15,LS증권,SK온,배터리사업,배터리합계,2026,4Q,영업이익,-457,십억원,incl_unknown,15
2026-06-15_LS증권_SK온,2026-06-15,LS증권,SK온,배터리사업,배터리합계,2026,FY,영업이익,-1405,십억원,incl_unknown,15
2026-06-15_LS증권_SK온,2026-06-15,LS증권,SK온,배터리사업,배터리합계,2027,FY,영업이익,-1678,십억원,incl_unknown,15
2026-06-15_핀릿_삼성SDI,2026-06-15,핀릿,삼성SDI,연결,전사,2024,FY,매출,16592.3,십억원,incl_unknown,1
2026-06-15_핀릿_삼성SDI,2026-06-15,핀릿,삼성SDI,연결,전사,2024,FY,영업이익,273.5,십억원,incl_unknown,1
2026-06-15_핀릿_삼성SDI,2026-06-15,핀릿,삼성SDI,연결,전사,2025,FY,매출,13266.7,십억원,incl_unknown,1
2026-06-15_핀릿_삼성SDI,2026-06-15,핀릿,삼성SDI,연결,전사,2025,FY,영업이익,-1997.5,십억원,incl_unknown,1
2026-06-15_핀릿_삼성SDI,2026-06-15,핀릿,삼성SDI,연결,전사,2026,FY,매출,15518.8,십억원,incl_unknown,1
2026-06-15_핀릿_삼성SDI,2026-06-15,핀릿,삼성SDI,연결,전사,2026,FY,영업이익,-36.5,십억원,incl_unknown,1
2026-06-15_핀릿_삼성SDI,2026-06-15,핀릿,삼성SDI,연결,전사,2027,FY,매출,19456.4,십억원,incl_unknown,1
2026-06-15_핀릿_삼성SDI,2026-06-15,핀릿,삼성SDI,연결,전사,2027,FY,영업이익,1452.2,십억원,incl_unknown,1
2026-06-15_핀릿_삼성SDI,2026-06-15,핀릿,삼성SDI,연결,전사,2025,2Q,매출,3179.4,십억원,incl_unknown,2
2026-06-15_핀릿_삼성SDI,2026-06-15,핀릿,삼성SDI,연결,전사,2025,2Q,영업이익,-464.2,십억원,incl_unknown,2
2026-06-15_핀릿_삼성SDI,2026-06-15,핀릿,삼성SDI,연결,전사,2026,1Q,매출,3576.4,십억원,incl_unknown,2
2026-06-15_핀릿_삼성SDI,2026-06-15,핀릿,삼성SDI,연결,전사,2026,1Q,영업이익,-236.1,십억원,incl_unknown,2
2026-06-15_핀릿_삼성SDI,2026-06-15,핀릿,삼성SDI,연결,전사,2026,2Q,매출,3668.0,십억원,incl_unknown,2
2026-06-15_핀릿_삼성SDI,2026-06-15,핀릿,삼성SDI,연결,전사,2026,2Q,영업이익,-73.4,십억원,incl_unknown,2
2026-06-16_iM증권_SK온,2026-06-16,iM증권,SK온,SK-On,배터리합계,2025,1Q,매출,1605,십억원,excl,3
2026-06-16_iM증권_SK온,2026-06-16,iM증권,SK온,SK-On,배터리합계,2025,2Q,매출,2108,십억원,excl,3
2026-06-16_iM증권_SK온,2026-06-16,iM증권,SK온,SK-On,배터리합계,2025,3Q,매출,1808,십억원,excl,3
2026-06-16_iM증권_SK온,2026-06-16,iM증권,SK온,SK-On,배터리합계,2025,4Q,매출,1457,십억원,excl,3
2026-06-16_iM증권_SK온,2026-06-16,iM증권,SK온,SK-On,배터리합계,2026,1Q,매출,1791,십억원,excl,3
2026-06-16_iM증권_SK온,2026-06-16,iM증권,SK온,SK-On,배터리합계,2026,2Q,매출,2383,십억원,excl,3
2026-06-16_iM증권_SK온,2026-06-16,iM증권,SK온,SK-On,배터리합계,2026,3Q,매출,2404,십억원,excl,3
2026-06-16_iM증권_SK온,2026-06-16,iM증권,SK온,SK-On,배터리합계,2026,4Q,매출,2695,십억원,excl,3
2026-06-16_iM증권_SK온,2026-06-16,iM증권,SK온,SK-On,배터리합계,2024,FY,매출,6267,십억원,excl,3
2026-06-16_iM증권_SK온,2026-06-16,iM증권,SK온,SK-On,배터리합계,2025,FY,매출,6978,십억원,excl,3
2026-06-16_iM증권_SK온,2026-06-16,iM증권,SK온,SK-On,배터리합계,2026,FY,매출,9274,십억원,excl,3
2026-06-16_iM증권_SK온,2026-06-16,iM증권,SK온,SK-On(AMPC 반영),배터리합계,2025,1Q,영업이익,-299,십억원,incl,3
2026-06-16_iM증권_SK온,2026-06-16,iM증권,SK온,SK-On(AMPC 반영),배터리합계,2025,2Q,영업이익,-66,십억원,incl,3
2026-06-16_iM증권_SK온,2026-06-16,iM증권,SK온,SK-On(AMPC 반영),배터리합계,2025,3Q,영업이익,-125,십억원,incl,3
2026-06-16_iM증권_SK온,2026-06-16,iM증권,SK온,SK-On(AMPC 반영),배터리합계,2025,4Q,영업이익,-441,십억원,incl,3
2026-06-16_iM증권_SK온,2026-06-16,iM증권,SK온,SK-On(AMPC 반영),배터리합계,2026,1Q,영업이익,-349,십억원,incl,3
2026-06-16_iM증권_SK온,2026-06-16,iM증권,SK온,SK-On(AMPC 반영),배터리합계,2026,2Q,영업이익,-303,십억원,incl,3
2026-06-16_iM증권_SK온,2026-06-16,iM증권,SK온,SK-On(AMPC 반영),배터리합계,2026,3Q,영업이익,-200,십억원,incl,3
2026-06-16_iM증권_SK온,2026-06-16,iM증권,SK온,SK-On(AMPC 반영),배터리합계,2026,4Q,영업이익,-140,십억원,incl,3
2026-06-16_iM증권_SK온,2026-06-16,iM증권,SK온,SK-On(AMPC 반영),배터리합계,2024,FY,영업이익,-1127,십억원,incl,3
2026-06-16_iM증권_SK온,2026-06-16,iM증권,SK온,SK-On(AMPC 반영),배터리합계,2025,FY,영업이익,-932,십억원,incl,3
2026-06-16_iM증권_SK온,2026-06-16,iM증권,SK온,SK-On(AMPC 반영),배터리합계,2026,FY,영업이익,-992,십억원,incl,3
2026-06-16_iM증권_SK온,2026-06-16,iM증권,SK온,SK-On(AMPC 제외),배터리합계,2025,1Q,영업이익,-477,십억원,excl,3
2026-06-16_iM증권_SK온,2026-06-16,iM증권,SK온,SK-On(AMPC 제외),배터리합계,2025,2Q,영업이익,-340,십억원,excl,3
2026-06-16_iM증권_SK온,2026-06-16,iM증권,SK온,SK-On(AMPC 제외),배터리합계,2025,3Q,영업이익,-298,십억원,excl,3
2026-06-16_iM증권_SK온,2026-06-16,iM증권,SK온,SK-On(AMPC 제외),배터리합계,2025,4Q,영업이익,-543,십억원,excl,3
2026-06-16_iM증권_SK온,2026-06-16,iM증권,SK온,SK-On(AMPC 제외),배터리합계,2026,1Q,영업이익,-428,십억원,excl,3
2026-06-16_iM증권_SK온,2026-06-16,iM증권,SK온,SK-On(AMPC 제외),배터리합계,2026,2Q,영업이익,-393,십억원,excl,3
2026-06-16_iM증권_SK온,2026-06-16,iM증권,SK온,SK-On(AMPC 제외),배터리합계,2026,3Q,영업이익,-361,십억원,excl,3
2026-06-16_iM증권_SK온,2026-06-16,iM증권,SK온,SK-On(AMPC 제외),배터리합계,2026,4Q,영업이익,-323,십억원,excl,3
2026-06-16_iM증권_SK온,2026-06-16,iM증권,SK온,SK-On(AMPC 제외),배터리합계,2024,FY,영업이익,-1420,십억원,excl,3
2026-06-16_iM증권_SK온,2026-06-16,iM증권,SK온,SK-On(AMPC 제외),배터리합계,2025,FY,영업이익,-1658,십억원,excl,3
2026-06-16_iM증권_SK온,2026-06-16,iM증권,SK온,SK-On(AMPC 제외),배터리합계,2026,FY,영업이익,-1505,십억원,excl,3
2026-06-16_iM증권_SK온,2026-06-16,iM증권,SK온,AMPC 추정,배터리합계,2025,1Q,AMPC,178.0,십억원,na,3
2026-06-16_iM증권_SK온,2026-06-16,iM증권,SK온,AMPC 추정,배터리합계,2025,2Q,AMPC,273.4,십억원,na,3
2026-06-16_iM증권_SK온,2026-06-16,iM증권,SK온,AMPC 추정,배터리합계,2025,3Q,AMPC,173.1,십억원,na,3
2026-06-16_iM증권_SK온,2026-06-16,iM증권,SK온,AMPC 추정,배터리합계,2025,4Q,AMPC,101.3,십억원,na,3
2026-06-16_iM증권_SK온,2026-06-16,iM증권,SK온,AMPC 추정,배터리합계,2026,1Q,AMPC,79.0,십억원,na,3
2026-06-16_iM증권_SK온,2026-06-16,iM증권,SK온,AMPC 추정,배터리합계,2026,2Q,AMPC,90.2,십억원,na,3
2026-06-16_iM증권_SK온,2026-06-16,iM증권,SK온,AMPC 추정,배터리합계,2026,3Q,AMPC,160.7,십억원,na,3
2026-06-16_iM증권_SK온,2026-06-16,iM증권,SK온,AMPC 추정,배터리합계,2026,4Q,AMPC,183.6,십억원,na,3
2026-06-16_iM증권_SK온,2026-06-16,iM증권,SK온,AMPC 추정,배터리합계,2024,FY,AMPC,292.5,십억원,na,3
2026-06-16_iM증권_SK온,2026-06-16,iM증권,SK온,AMPC 추정,배터리합계,2025,FY,AMPC,725.8,십억원,na,3
2026-06-16_iM증권_SK온,2026-06-16,iM증권,SK온,AMPC 추정,배터리합계,2026,FY,AMPC,513.5,십억원,na,3
2026-06-16_iM증권_SK온,2026-06-16,iM증권,SK이노베이션,합계,전사,2024,FY,매출,74270,십억원,incl,3
2026-06-16_iM증권_SK온,2026-06-16,iM증권,SK이노베이션,합계,전사,2024,FY,영업이익,356,십억원,incl,3
2026-06-16_iM증권_SK온,2026-06-16,iM증권,SK이노베이션,합계,전사,2025,FY,매출,80296,십억원,incl,7
2026-06-16_iM증권_SK온,2026-06-16,iM증권,SK이노베이션,합계,전사,2025,FY,영업이익,449,십억원,incl,7
2026-06-16_iM증권_SK온,2026-06-16,iM증권,SK이노베이션,합계,전사,2026,FY,매출,102300,십억원,incl,7
2026-06-16_iM증권_SK온,2026-06-16,iM증권,SK이노베이션,합계,전사,2026,FY,영업이익,3865,십억원,incl,7
2026-06-16_iM증권_SK온,2026-06-16,iM증권,SK이노베이션,합계,전사,2027,FY,매출,92631,십억원,incl,7
2026-06-16_iM증권_SK온,2026-06-16,iM증권,SK이노베이션,합계,전사,2027,FY,영업이익,2155,십억원,incl,7
2026-06-16_iM증권_SK온,2026-06-16,iM증권,SK이노베이션,합계,전사,2028,FY,매출,84473,십억원,incl,7
2026-06-16_iM증권_SK온,2026-06-16,iM증권,SK이노베이션,합계,전사,2028,FY,영업이익,3457,십억원,incl,7
2026-06-17_삼성증권_LGES,2026-06-17,삼성증권,LGES,매출액,전사,2024,FY,매출,25620,십억원,excl,4
2026-06-17_삼성증권_LGES,2026-06-17,삼성증권,LGES,매출액,전사,2025,FY,매출,23672,십억원,excl,4
2026-06-17_삼성증권_LGES,2026-06-17,삼성증권,LGES,매출액,전사,2026,FY,매출,31107,십억원,excl,4
2026-06-17_삼성증권_LGES,2026-06-17,삼성증권,LGES,매출액,전사,2027,FY,매출,40960,십억원,excl,4
2026-06-17_삼성증권_LGES,2026-06-17,삼성증권,LGES,매출액,전사,2028,FY,매출,50565,십억원,excl,1
2026-06-17_삼성증권_LGES,2026-06-17,삼성증권,LGES,영업이익,전사,2024,FY,영업이익,575,십억원,incl,4
2026-06-17_삼성증권_LGES,2026-06-17,삼성증권,LGES,영업이익,전사,2025,FY,영업이익,1346,십억원,incl,4
2026-06-17_삼성증권_LGES,2026-06-17,삼성증권,LGES,영업이익,전사,2026,FY,영업이익,1440,십억원,incl,4
2026-06-17_삼성증권_LGES,2026-06-17,삼성증권,LGES,영업이익,전사,2027,FY,영업이익,5195,십억원,incl,4
2026-06-17_삼성증권_LGES,2026-06-17,삼성증권,LGES,영업이익,전사,2028,FY,영업이익,7839,십억원,incl,1
2026-06-17_삼성증권_LGES,2026-06-17,삼성증권,LGES,IRA AMPC,전사,2024,FY,AMPC,1480,십억원,na,4
2026-06-17_삼성증권_LGES,2026-06-17,삼성증권,LGES,IRA AMPC,전사,2025,FY,AMPC,1647,십억원,na,4
2026-06-17_삼성증권_LGES,2026-06-17,삼성증권,LGES,IRA AMPC,전사,2026,FY,AMPC,1492,십억원,na,4
2026-06-17_삼성증권_LGES,2026-06-17,삼성증권,LGES,IRA AMPC,전사,2027,FY,AMPC,4042,십억원,na,4
2026-06-17_삼성증권_LGES,2026-06-17,삼성증권,LGES,IRA AMPC,전사,2028,FY,AMPC,6705,십억원,na,3
2026-06-17_삼성증권_LGES,2026-06-17,삼성증권,LGES,소형 전지,소형,2024,FY,매출,7363,십억원,excl,4
2026-06-17_삼성증권_LGES,2026-06-17,삼성증권,LGES,소형 전지,소형,2025,FY,매출,6826,십억원,excl,4
2026-06-17_삼성증권_LGES,2026-06-17,삼성증권,LGES,소형 전지,소형,2026,FY,매출,8761,십억원,excl,4
2026-06-17_삼성증권_LGES,2026-06-17,삼성증권,LGES,소형 전지,소형,2027,FY,매출,9364,십억원,excl,4
2026-06-17_삼성증권_LGES,2026-06-17,삼성증권,LGES,소형 전지,소형,2024,FY,영업이익,195,십억원,excl,4
2026-06-17_삼성증권_LGES,2026-06-17,삼성증권,LGES,소형 전지,소형,2025,FY,영업이익,457,십억원,excl,4
2026-06-17_삼성증권_LGES,2026-06-17,삼성증권,LGES,소형 전지,소형,2026,FY,영업이익,626,십억원,excl,4
2026-06-17_삼성증권_LGES,2026-06-17,삼성증권,LGES,소형 전지,소형,2027,FY,영업이익,639,십억원,excl,4
2026-06-17_삼성증권_LGES,2026-06-17,삼성증권,LGES,자동차 전지,EV,2024,FY,매출,16408,십억원,excl,4
2026-06-17_삼성증권_LGES,2026-06-17,삼성증권,LGES,자동차 전지,EV,2025,FY,매출,15508,십억원,excl,4
2026-06-17_삼성증권_LGES,2026-06-17,삼성증권,LGES,자동차 전지,EV,2026,FY,매출,11741,십억원,excl,4
2026-06-17_삼성증권_LGES,2026-06-17,삼성증권,LGES,자동차 전지,EV,2027,FY,매출,12987,십억원,excl,4
2026-06-17_삼성증권_LGES,2026-06-17,삼성증권,LGES,자동차 전지,EV,2024,FY,영업이익,-880,십억원,excl,4
2026-06-17_삼성증권_LGES,2026-06-17,삼성증권,LGES,자동차 전지,EV,2025,FY,영업이익,-599,십억원,excl,4
2026-06-17_삼성증권_LGES,2026-06-17,삼성증권,LGES,자동차 전지,EV,2026,FY,영업이익,-470,십억원,excl,4
2026-06-17_삼성증권_LGES,2026-06-17,삼성증권,LGES,자동차 전지,EV,2027,FY,영업이익,-22,십억원,excl,4
2026-06-17_삼성증권_LGES,2026-06-17,삼성증권,LGES,ESS 전지,ESS,2024,FY,매출,1849,십억원,excl,4
2026-06-17_삼성증권_LGES,2026-06-17,삼성증권,LGES,ESS 전지,ESS,2025,FY,매출,2985,십억원,excl,4
2026-06-17_삼성증권_LGES,2026-06-17,삼성증권,LGES,ESS 전지,ESS,2026,FY,매출,10604,십억원,excl,4
2026-06-17_삼성증권_LGES,2026-06-17,삼성증권,LGES,ESS 전지,ESS,2027,FY,매출,18610,십억원,excl,4
2026-06-17_삼성증권_LGES,2026-06-17,삼성증권,LGES,ESS 전지,ESS,2024,FY,영업이익,-219,십억원,excl,4
2026-06-17_삼성증권_LGES,2026-06-17,삼성증권,LGES,ESS 전지,ESS,2025,FY,영업이익,-158,십억원,excl,4
2026-06-17_삼성증권_LGES,2026-06-17,삼성증권,LGES,ESS 전지,ESS,2026,FY,영업이익,-208,십억원,excl,4
2026-06-17_삼성증권_LGES,2026-06-17,삼성증권,LGES,ESS 전지,ESS,2027,FY,영업이익,536,십억원,excl,4
2026-06-17_삼성증권_LGES,2026-06-17,삼성증권,LGES,매출액,전사,2025,1Q,매출,7180,십억원,excl,4
2026-06-17_삼성증권_LGES,2026-06-17,삼성증권,LGES,매출액,전사,2025,2Q,매출,5598,십억원,excl,4
2026-06-17_삼성증권_LGES,2026-06-17,삼성증권,LGES,매출액,전사,2025,3Q,매출,6065,십억원,excl,4
2026-06-17_삼성증권_LGES,2026-06-17,삼성증권,LGES,매출액,전사,2025,4Q,매출,6474,십억원,excl,4
2026-06-17_삼성증권_LGES,2026-06-17,삼성증권,LGES,매출액,전사,2026,1Q,매출,6555,십억원,excl,4
2026-06-17_삼성증권_LGES,2026-06-17,삼성증권,LGES,매출액,전사,2026,2Q,매출,7887,십억원,excl,4
2026-06-17_삼성증권_LGES,2026-06-17,삼성증권,LGES,매출액,전사,2026,3Q,매출,8134,십억원,excl,4
2026-06-17_삼성증권_LGES,2026-06-17,삼성증권,LGES,매출액,전사,2026,4Q,매출,8531,십억원,excl,4
2026-06-17_삼성증권_LGES,2026-06-17,삼성증권,LGES,영업이익,전사,2025,1Q,영업이익,832,십억원,incl,4
2026-06-17_삼성증권_LGES,2026-06-17,삼성증권,LGES,영업이익,전사,2025,2Q,영업이익,34,십억원,incl,4
2026-06-17_삼성증권_LGES,2026-06-17,삼성증권,LGES,영업이익,전사,2025,3Q,영업이익,601,십억원,incl,4
2026-06-17_삼성증권_LGES,2026-06-17,삼성증권,LGES,영업이익,전사,2025,4Q,영업이익,-122,십억원,incl,4
2026-06-17_삼성증권_LGES,2026-06-17,삼성증권,LGES,영업이익,전사,2026,1Q,영업이익,-208,십억원,incl,4
2026-06-17_삼성증권_LGES,2026-06-17,삼성증권,LGES,영업이익,전사,2026,2Q,영업이익,226,십억원,incl,4
2026-06-17_삼성증권_LGES,2026-06-17,삼성증권,LGES,영업이익,전사,2026,3Q,영업이익,654,십억원,incl,4
2026-06-17_삼성증권_LGES,2026-06-17,삼성증권,LGES,영업이익,전사,2026,4Q,영업이익,768,십억원,incl,4
2026-06-17_삼성증권_LGES,2026-06-17,삼성증권,LGES,IRA AMPC,전사,2025,1Q,AMPC,458,십억원,na,4
2026-06-17_삼성증권_LGES,2026-06-17,삼성증권,LGES,IRA AMPC,전사,2025,2Q,AMPC,491,십억원,na,4
2026-06-17_삼성증권_LGES,2026-06-17,삼성증권,LGES,IRA AMPC,전사,2025,3Q,AMPC,365,십억원,na,4
2026-06-17_삼성증권_LGES,2026-06-17,삼성증권,LGES,IRA AMPC,전사,2025,4Q,AMPC,333,십억원,na,4
2026-06-17_삼성증권_LGES,2026-06-17,삼성증권,LGES,IRA AMPC,전사,2026,1Q,AMPC,190,십억원,na,4
2026-06-17_삼성증권_LGES,2026-06-17,삼성증권,LGES,IRA AMPC,전사,2026,2Q,AMPC,296,십억원,na,4
2026-06-17_삼성증권_LGES,2026-06-17,삼성증권,LGES,IRA AMPC,전사,2026,3Q,AMPC,451,십억원,na,4
2026-06-17_삼성증권_LGES,2026-06-17,삼성증권,LGES,IRA AMPC,전사,2026,4Q,AMPC,555,십억원,na,4
2026-06-17_삼성증권_LGES,2026-06-17,삼성증권,LGES,소형 전지,소형,2025,1Q,매출,2103,십억원,excl,4
2026-06-17_삼성증권_LGES,2026-06-17,삼성증권,LGES,소형 전지,소형,2025,2Q,매출,1095,십억원,excl,4
2026-06-17_삼성증권_LGES,2026-06-17,삼성증권,LGES,소형 전지,소형,2025,3Q,매출,1653,십억원,excl,4
2026-06-17_삼성증권_LGES,2026-06-17,삼성증권,LGES,소형 전지,소형,2025,4Q,매출,1976,십억원,excl,4
2026-06-17_삼성증권_LGES,2026-06-17,삼성증권,LGES,소형 전지,소형,2026,1Q,매출,1999,십억원,excl,4
2026-06-17_삼성증권_LGES,2026-06-17,삼성증권,LGES,소형 전지,소형,2026,2Q,매출,2216,십억원,excl,4
2026-06-17_삼성증권_LGES,2026-06-17,삼성증권,LGES,소형 전지,소형,2026,3Q,매출,2300,십억원,excl,4
2026-06-17_삼성증권_LGES,2026-06-17,삼성증권,LGES,소형 전지,소형,2026,4Q,매출,2246,십억원,excl,4
2026-06-17_삼성증권_LGES,2026-06-17,삼성증권,LGES,소형 전지,소형,2025,1Q,영업이익,581,십억원,excl,4
2026-06-17_삼성증권_LGES,2026-06-17,삼성증권,LGES,소형 전지,소형,2025,2Q,영업이익,-366,십억원,excl,4
2026-06-17_삼성증권_LGES,2026-06-17,삼성증권,LGES,소형 전지,소형,2025,3Q,영업이익,115,십억원,excl,4
2026-06-17_삼성증권_LGES,2026-06-17,삼성증권,LGES,소형 전지,소형,2025,4Q,영업이익,126,십억원,excl,4
2026-06-17_삼성증권_LGES,2026-06-17,삼성증권,LGES,소형 전지,소형,2026,1Q,영업이익,134,십억원,excl,4
2026-06-17_삼성증권_LGES,2026-06-17,삼성증권,LGES,소형 전지,소형,2026,2Q,영업이익,151,십억원,excl,4
2026-06-17_삼성증권_LGES,2026-06-17,삼성증권,LGES,소형 전지,소형,2026,3Q,영업이익,218,십억원,excl,4
2026-06-17_삼성증권_LGES,2026-06-17,삼성증권,LGES,소형 전지,소형,2026,4Q,영업이익,123,십억원,excl,4
2026-06-17_삼성증권_LGES,2026-06-17,삼성증권,LGES,자동차 전지,EV,2025,1Q,매출,4568,십억원,excl,4
2026-06-17_삼성증권_LGES,2026-06-17,삼성증권,LGES,자동차 전지,EV,2025,2Q,매출,4087,십억원,excl,4
2026-06-17_삼성증권_LGES,2026-06-17,삼성증권,LGES,자동차 전지,EV,2025,3Q,매출,3784,십억원,excl,4
2026-06-17_삼성증권_LGES,2026-06-17,삼성증권,LGES,자동차 전지,EV,2025,4Q,매출,3068,십억원,excl,4
2026-06-17_삼성증권_LGES,2026-06-17,삼성증권,LGES,자동차 전지,EV,2026,1Q,매출,2950,십억원,excl,4
2026-06-17_삼성증권_LGES,2026-06-17,삼성증권,LGES,자동차 전지,EV,2026,2Q,매출,3127,십억원,excl,4
2026-06-17_삼성증권_LGES,2026-06-17,삼성증권,LGES,자동차 전지,EV,2026,3Q,매출,2844,십억원,excl,4
2026-06-17_삼성증권_LGES,2026-06-17,삼성증권,LGES,자동차 전지,EV,2026,4Q,매출,2821,십억원,excl,4
2026-06-17_삼성증권_LGES,2026-06-17,삼성증권,LGES,자동차 전지,EV,2025,1Q,영업이익,-107,십억원,excl,4
2026-06-17_삼성증권_LGES,2026-06-17,삼성증권,LGES,자동차 전지,EV,2025,2Q,영업이익,-91,십억원,excl,4
2026-06-17_삼성증권_LGES,2026-06-17,삼성증권,LGES,자동차 전지,EV,2025,3Q,영업이익,87,십억원,excl,4
2026-06-17_삼성증권_LGES,2026-06-17,삼성증권,LGES,자동차 전지,EV,2025,4Q,영업이익,-488,십억원,excl,4
2026-06-17_삼성증권_LGES,2026-06-17,삼성증권,LGES,자동차 전지,EV,2026,1Q,영업이익,-310,십억원,excl,4
2026-06-17_삼성증권_LGES,2026-06-17,삼성증권,LGES,자동차 전지,EV,2026,2Q,영업이익,-141,십억원,excl,4
2026-06-17_삼성증권_LGES,2026-06-17,삼성증권,LGES,자동차 전지,EV,2026,3Q,영업이익,-10,십억원,excl,4
2026-06-17_삼성증권_LGES,2026-06-17,삼성증권,LGES,자동차 전지,EV,2026,4Q,영업이익,-10,십억원,excl,4
2026-06-17_삼성증권_LGES,2026-06-17,삼성증권,LGES,ESS 전지,ESS,2025,1Q,매출,510,십억원,excl,4
2026-06-17_삼성증권_LGES,2026-06-17,삼성증권,LGES,ESS 전지,ESS,2025,2Q,매출,417,십억원,excl,4
2026-06-17_삼성증권_LGES,2026-06-17,삼성증권,LGES,ESS 전지,ESS,2025,3Q,매출,628,십억원,excl,4
2026-06-17_삼성증권_LGES,2026-06-17,삼성증권,LGES,ESS 전지,ESS,2025,4Q,매출,1431,십억원,excl,4
2026-06-17_삼성증권_LGES,2026-06-17,삼성증권,LGES,ESS 전지,ESS,2026,1Q,매출,1606,십억원,excl,4
2026-06-17_삼성증권_LGES,2026-06-17,삼성증권,LGES,ESS 전지,ESS,2026,2Q,매출,2544,십억원,excl,4
2026-06-17_삼성증권_LGES,2026-06-17,삼성증권,LGES,ESS 전지,ESS,2026,3Q,매출,2990,십억원,excl,4
2026-06-17_삼성증권_LGES,2026-06-17,삼성증권,LGES,ESS 전지,ESS,2026,4Q,매출,3464,십억원,excl,4
2026-06-17_삼성증권_LGES,2026-06-17,삼성증권,LGES,ESS 전지,ESS,2025,1Q,영업이익,-99,십억원,excl,4
2026-06-17_삼성증권_LGES,2026-06-17,삼성증권,LGES,ESS 전지,ESS,2025,2Q,영업이익,0,십억원,excl,4
2026-06-17_삼성증권_LGES,2026-06-17,삼성증권,LGES,ESS 전지,ESS,2025,3Q,영업이익,34,십억원,excl,4
2026-06-17_삼성증권_LGES,2026-06-17,삼성증권,LGES,ESS 전지,ESS,2025,4Q,영업이익,-93,십억원,excl,4
2026-06-17_삼성증권_LGES,2026-06-17,삼성증권,LGES,ESS 전지,ESS,2026,1Q,영업이익,-222,십억원,excl,4
2026-06-17_삼성증권_LGES,2026-06-17,삼성증권,LGES,ESS 전지,ESS,2026,2Q,영업이익,-80,십억원,excl,4
2026-06-17_삼성증권_LGES,2026-06-17,삼성증권,LGES,ESS 전지,ESS,2026,3Q,영업이익,-5,십억원,excl,4
2026-06-17_삼성증권_LGES,2026-06-17,삼성증권,LGES,ESS 전지,ESS,2026,4Q,영업이익,99,십억원,excl,4
2026-06-18_KB증권_LGES,2026-06-18,KB증권,LGES,매출액(+AMPC),전사,2025,1Q,매출,6723.0,십억원,incl,7
2026-06-18_KB증권_LGES,2026-06-18,KB증권,LGES,매출액(+AMPC),전사,2025,2Q,매출,6056.0,십억원,incl,7
2026-06-18_KB증권_LGES,2026-06-18,KB증권,LGES,매출액(+AMPC),전사,2025,3Q,매출,6065.0,십억원,incl,7
2026-06-18_KB증권_LGES,2026-06-18,KB증권,LGES,매출액(+AMPC),전사,2025,4Q,매출,6474.0,십억원,incl,7
2026-06-18_KB증권_LGES,2026-06-18,KB증권,LGES,매출액(+AMPC),전사,2026,1Q,매출,6555.0,십억원,incl,7
2026-06-18_KB증권_LGES,2026-06-18,KB증권,LGES,매출액(+AMPC),전사,2026,2Q,매출,7738.7,십억원,incl,7
2026-06-18_KB증권_LGES,2026-06-18,KB증권,LGES,매출액(+AMPC),전사,2026,3Q,매출,9172.2,십억원,incl,7
2026-06-18_KB증권_LGES,2026-06-18,KB증권,LGES,매출액(+AMPC),전사,2026,4Q,매출,9902.9,십억원,incl,7
2026-06-18_KB증권_LGES,2026-06-18,KB증권,LGES,매출액(+AMPC),전사,2024,FY,매출,27112.8,십억원,incl,7
2026-06-18_KB증권_LGES,2026-06-18,KB증권,LGES,매출액(+AMPC),전사,2025,FY,매출,25318.0,십억원,incl,7
2026-06-18_KB증권_LGES,2026-06-18,KB증권,LGES,매출액(+AMPC),전사,2026,FY,매출,33368.8,십억원,incl,7
2026-06-18_KB증권_LGES,2026-06-18,KB증권,LGES,매출액(+AMPC),전사,2027,FY,매출,46569.3,십억원,incl,7
2026-06-18_KB증권_LGES,2026-06-18,KB증권,LGES,중대형(EV),EV,2025,1Q,매출,4530.0,십억원,incl,7
2026-06-18_KB증권_LGES,2026-06-18,KB증권,LGES,중대형(EV),EV,2025,2Q,매출,4087.9,십억원,incl,7
2026-06-18_KB증권_LGES,2026-06-18,KB증권,LGES,중대형(EV),EV,2025,3Q,매출,3825.8,십억원,incl,7
2026-06-18_KB증권_LGES,2026-06-18,KB증권,LGES,중대형(EV),EV,2025,4Q,매출,2851.4,십억원,incl,7
2026-06-18_KB증권_LGES,2026-06-18,KB증권,LGES,중대형(EV),EV,2026,1Q,매출,2884.2,십억원,incl,7
2026-06-18_KB증권_LGES,2026-06-18,KB증권,LGES,중대형(EV),EV,2026,2Q,매출,3089.5,십억원,incl,7
2026-06-18_KB증권_LGES,2026-06-18,KB증권,LGES,중대형(EV),EV,2026,3Q,매출,3325.8,십억원,incl,7
2026-06-18_KB증권_LGES,2026-06-18,KB증권,LGES,중대형(EV),EV,2026,4Q,매출,3652.3,십억원,incl,7
2026-06-18_KB증권_LGES,2026-06-18,KB증권,LGES,중대형(EV),EV,2024,FY,매출,16840.1,십억원,incl,7
2026-06-18_KB증권_LGES,2026-06-18,KB증권,LGES,중대형(EV),EV,2025,FY,매출,15295.0,십억원,incl,7
2026-06-18_KB증권_LGES,2026-06-18,KB증권,LGES,중대형(EV),EV,2026,FY,매출,12951.8,십억원,incl,7
2026-06-18_KB증권_LGES,2026-06-18,KB증권,LGES,중대형(EV),EV,2027,FY,매출,17571.2,십억원,incl,7
2026-06-18_KB증권_LGES,2026-06-18,KB증권,LGES,중대형(ESS),ESS,2025,1Q,매출,563.9,십억원,incl,7
2026-06-18_KB증권_LGES,2026-06-18,KB증권,LGES,중대형(ESS),ESS,2025,2Q,매출,465.6,십억원,incl,7
2026-06-18_KB증권_LGES,2026-06-18,KB증권,LGES,중대형(ESS),ESS,2025,3Q,매출,643.6,십억원,incl,7
2026-06-18_KB증권_LGES,2026-06-18,KB증권,LGES,중대형(ESS),ESS,2025,4Q,매출,1626.9,십억원,incl,7
2026-06-18_KB증권_LGES,2026-06-18,KB증권,LGES,중대형(ESS),ESS,2026,1Q,매출,1573.2,십억원,incl,7
2026-06-18_KB증권_LGES,2026-06-18,KB증권,LGES,중대형(ESS),ESS,2026,2Q,매출,2310.6,십억원,incl,7
2026-06-18_KB증권_LGES,2026-06-18,KB증권,LGES,중대형(ESS),ESS,2026,3Q,매출,3421.0,십억원,incl,7
2026-06-18_KB증권_LGES,2026-06-18,KB증권,LGES,중대형(ESS),ESS,2026,4Q,매출,3783.9,십억원,incl,7
2026-06-18_KB증권_LGES,2026-06-18,KB증권,LGES,중대형(ESS),ESS,2024,FY,매출,2097.5,십억원,incl,7
2026-06-18_KB증권_LGES,2026-06-18,KB증권,LGES,중대형(ESS),ESS,2025,FY,매출,3300.0,십억원,incl,7
2026-06-18_KB증권_LGES,2026-06-18,KB증권,LGES,중대형(ESS),ESS,2026,FY,매출,11088.7,십억원,incl,7
2026-06-18_KB증권_LGES,2026-06-18,KB증권,LGES,중대형(ESS),ESS,2027,FY,매출,17829.3,십억원,incl,7
2026-06-18_KB증권_LGES,2026-06-18,KB증권,LGES,소형,소형,2025,1Q,매출,1628.9,십억원,incl,7
2026-06-18_KB증권_LGES,2026-06-18,KB증권,LGES,소형,소형,2025,2Q,매출,1502.6,십억원,incl,7
2026-06-18_KB증권_LGES,2026-06-18,KB증권,LGES,소형,소형,2025,3Q,매출,1596.0,십억원,incl,7
2026-06-18_KB증권_LGES,2026-06-18,KB증권,LGES,소형,소형,2025,4Q,매출,1996.0,십억원,incl,7
2026-06-18_KB증권_LGES,2026-06-18,KB증권,LGES,소형,소형,2026,1Q,매출,2097.6,십억원,incl,7
2026-06-18_KB증권_LGES,2026-06-18,KB증권,LGES,소형,소형,2026,2Q,매출,2338.6,십억원,incl,7
2026-06-18_KB증권_LGES,2026-06-18,KB증권,LGES,소형,소형,2026,3Q,매출,2425.4,십억원,incl,7
2026-06-18_KB증권_LGES,2026-06-18,KB증권,LGES,소형,소형,2026,4Q,매출,2466.7,십억원,incl,7
2026-06-18_KB증권_LGES,2026-06-18,KB증권,LGES,소형,소형,2024,FY,매출,8175.2,십억원,incl,7
2026-06-18_KB증권_LGES,2026-06-18,KB증권,LGES,소형,소형,2025,FY,매출,6723.4,십억원,incl,7
2026-06-18_KB증권_LGES,2026-06-18,KB증권,LGES,소형,소형,2026,FY,매출,9328.3,십억원,incl,7
2026-06-18_KB증권_LGES,2026-06-18,KB증권,LGES,소형,소형,2027,FY,매출,11168.9,십억원,incl,7
2026-06-18_KB증권_LGES,2026-06-18,KB증권,LGES,영업이익(+AMPC),전사,2025,1Q,영업이익,832.4,십억원,incl,7
2026-06-18_KB증권_LGES,2026-06-18,KB증권,LGES,영업이익(+AMPC),전사,2025,2Q,영업이익,492.4,십억원,incl,7
2026-06-18_KB증권_LGES,2026-06-18,KB증권,LGES,영업이익(+AMPC),전사,2025,3Q,영업이익,601.3,십억원,incl,7
2026-06-18_KB증권_LGES,2026-06-18,KB증권,LGES,영업이익(+AMPC),전사,2025,4Q,영업이익,-579.8,십억원,incl,7
2026-06-18_KB증권_LGES,2026-06-18,KB증권,LGES,영업이익(+AMPC),전사,2026,1Q,영업이익,-208.0,십억원,incl,7
2026-06-18_KB증권_LGES,2026-06-18,KB증권,LGES,영업이익(+AMPC),전사,2026,2Q,영업이익,316.2,십억원,incl,7
2026-06-18_KB증권_LGES,2026-06-18,KB증권,LGES,영업이익(+AMPC),전사,2026,3Q,영업이익,564.7,십억원,incl,7
2026-06-18_KB증권_LGES,2026-06-18,KB증권,LGES,영업이익(+AMPC),전사,2026,4Q,영업이익,643.4,십억원,incl,7
2026-06-18_KB증권_LGES,2026-06-18,KB증권,LGES,영업이익(+AMPC),전사,2024,FY,영업이익,575.4,십억원,incl,7
2026-06-18_KB증권_LGES,2026-06-18,KB증권,LGES,영업이익(+AMPC),전사,2025,FY,영업이익,1346.3,십억원,incl,7
2026-06-18_KB증권_LGES,2026-06-18,KB증권,LGES,영업이익(+AMPC),전사,2026,FY,영업이익,1316.4,십억원,incl,7
2026-06-18_KB증권_LGES,2026-06-18,KB증권,LGES,영업이익(+AMPC),전사,2027,FY,영업이익,4628.7,십억원,incl,7
2026-06-18_KB증권_LGES,2026-06-18,KB증권,LGES,영업이익(AMPC 제외),전사,2025,1Q,영업이익,374.7,십억원,excl,7
2026-06-18_KB증권_LGES,2026-06-18,KB증권,LGES,영업이익(AMPC 제외),전사,2025,2Q,영업이익,1.4,십억원,excl,7
2026-06-18_KB증권_LGES,2026-06-18,KB증권,LGES,영업이익(AMPC 제외),전사,2025,3Q,영업이익,235.8,십억원,excl,7
2026-06-18_KB증권_LGES,2026-06-18,KB증권,LGES,영업이익(AMPC 제외),전사,2025,4Q,영업이익,-912.6,십억원,excl,7
2026-06-18_KB증권_LGES,2026-06-18,KB증권,LGES,영업이익(AMPC 제외),전사,2026,1Q,영업이익,-397.1,십억원,excl,7
2026-06-18_KB증권_LGES,2026-06-18,KB증권,LGES,영업이익(AMPC 제외),전사,2026,2Q,영업이익,44.5,십억원,excl,7
2026-06-18_KB증권_LGES,2026-06-18,KB증권,LGES,영업이익(AMPC 제외),전사,2026,3Q,영업이익,127.0,십억원,excl,7
2026-06-18_KB증권_LGES,2026-06-18,KB증권,LGES,영업이익(AMPC 제외),전사,2026,4Q,영업이익,55.4,십억원,excl,7
2026-06-18_KB증권_LGES,2026-06-18,KB증권,LGES,영업이익(AMPC 제외),전사,2024,FY,영업이익,-904.6,십억원,excl,7
2026-06-18_KB증권_LGES,2026-06-18,KB증권,LGES,영업이익(AMPC 제외),전사,2025,FY,영업이익,-300.7,십억원,excl,7
2026-06-18_KB증권_LGES,2026-06-18,KB증권,LGES,영업이익(AMPC 제외),전사,2026,FY,영업이익,-170.3,십억원,excl,7
2026-06-18_KB증권_LGES,2026-06-18,KB증권,LGES,영업이익(AMPC 제외),전사,2027,FY,영업이익,1110.9,십억원,excl,7
2026-06-18_KB증권_LGES,2026-06-18,KB증권,LGES,중대형(EV) 영업이익,EV,2025,1Q,영업이익,-93.7,십억원,excl,7
2026-06-18_KB증권_LGES,2026-06-18,KB증권,LGES,중대형(EV) 영업이익,EV,2025,2Q,영업이익,-76.4,십억원,excl,7
2026-06-18_KB증권_LGES,2026-06-18,KB증권,LGES,중대형(EV) 영업이익,EV,2025,3Q,영업이익,105.8,십억원,excl,7
2026-06-18_KB증권_LGES,2026-06-18,KB증권,LGES,중대형(EV) 영업이익,EV,2025,4Q,영업이익,-469.8,십억원,excl,7
2026-06-18_KB증권_LGES,2026-06-18,KB증권,LGES,중대형(EV) 영업이익,EV,2026,1Q,영업이익,-312.0,십억원,excl,7
2026-06-18_KB증권_LGES,2026-06-18,KB증권,LGES,중대형(EV) 영업이익,EV,2026,2Q,영업이익,-37.1,십억원,excl,7
2026-06-18_KB증권_LGES,2026-06-18,KB증권,LGES,중대형(EV) 영업이익,EV,2026,3Q,영업이익,-116.7,십억원,excl,7
2026-06-18_KB증권_LGES,2026-06-18,KB증권,LGES,중대형(EV) 영업이익,EV,2026,4Q,영업이익,-208.2,십억원,excl,7
2026-06-18_KB증권_LGES,2026-06-18,KB증권,LGES,중대형(EV) 영업이익,EV,2024,FY,영업이익,-849.3,십억원,excl,7
2026-06-18_KB증권_LGES,2026-06-18,KB증권,LGES,중대형(EV) 영업이익,EV,2025,FY,영업이익,-534.0,십억원,excl,7
2026-06-18_KB증권_LGES,2026-06-18,KB증권,LGES,중대형(EV) 영업이익,EV,2026,FY,영업이익,-674.0,십억원,excl,7
2026-06-18_KB증권_LGES,2026-06-18,KB증권,LGES,중대형(EV) 영업이익,EV,2027,FY,영업이익,-585.0,십억원,excl,7
2026-06-18_KB증권_LGES,2026-06-18,KB증권,LGES,중대형(ESS) 영업이익,ESS,2025,1Q,영업이익,-5.6,십억원,excl,7
2026-06-18_KB증권_LGES,2026-06-18,KB증권,LGES,중대형(ESS) 영업이익,ESS,2025,2Q,영업이익,2.2,십억원,excl,7
2026-06-18_KB증권_LGES,2026-06-18,KB증권,LGES,중대형(ESS) 영업이익,ESS,2025,3Q,영업이익,34.2,십억원,excl,7
2026-06-18_KB증권_LGES,2026-06-18,KB증권,LGES,중대형(ESS) 영업이익,ESS,2025,4Q,영업이익,-124.4,십억원,excl,7
2026-06-18_KB증권_LGES,2026-06-18,KB증권,LGES,중대형(ESS) 영업이익,ESS,2026,1Q,영업이익,-200.0,십억원,excl,7
2026-06-18_KB증권_LGES,2026-06-18,KB증권,LGES,중대형(ESS) 영업이익,ESS,2026,2Q,영업이익,-57.9,십억원,excl,7
2026-06-18_KB증권_LGES,2026-06-18,KB증권,LGES,중대형(ESS) 영업이익,ESS,2026,3Q,영업이익,85.3,십억원,excl,7
2026-06-18_KB증권_LGES,2026-06-18,KB증권,LGES,중대형(ESS) 영업이익,ESS,2026,4Q,영업이익,112.3,십억원,excl,7
2026-06-18_KB증권_LGES,2026-06-18,KB증권,LGES,중대형(ESS) 영업이익,ESS,2024,FY,영업이익,-196.0,십억원,excl,7
2026-06-18_KB증권_LGES,2026-06-18,KB증권,LGES,중대형(ESS) 영업이익,ESS,2025,FY,영업이익,-93.6,십억원,excl,7
2026-06-18_KB증권_LGES,2026-06-18,KB증권,LGES,중대형(ESS) 영업이익,ESS,2026,FY,영업이익,-60.4,십억원,excl,7
2026-06-18_KB증권_LGES,2026-06-18,KB증권,LGES,중대형(ESS) 영업이익,ESS,2027,FY,영업이익,905.1,십억원,excl,7
2026-06-18_KB증권_LGES,2026-06-18,KB증권,LGES,소형 영업이익,소형,2025,1Q,영업이익,16.3,십억원,excl,7
2026-06-18_KB증권_LGES,2026-06-18,KB증권,LGES,소형 영업이익,소형,2025,2Q,영업이익,75.1,십억원,excl,7
2026-06-18_KB증권_LGES,2026-06-18,KB증권,LGES,소형 영업이익,소형,2025,3Q,영업이익,95.8,십억원,excl,7
2026-06-18_KB증권_LGES,2026-06-18,KB증권,LGES,소형 영업이익,소형,2025,4Q,영업이익,139.7,십억원,excl,7
2026-06-18_KB증권_LGES,2026-06-18,KB증권,LGES,소형 영업이익,소형,2026,1Q,영업이익,115.0,십억원,excl,7
2026-06-18_KB증권_LGES,2026-06-18,KB증권,LGES,소형 영업이익,소형,2026,2Q,영업이익,139.5,십억원,excl,7
2026-06-18_KB증권_LGES,2026-06-18,KB증권,LGES,소형 영업이익,소형,2026,3Q,영업이익,158.4,십억원,excl,7
2026-06-18_KB증권_LGES,2026-06-18,KB증권,LGES,소형 영업이익,소형,2026,4Q,영업이익,151.3,십억원,excl,7
2026-06-18_KB증권_LGES,2026-06-18,KB증권,LGES,소형 영업이익,소형,2024,FY,영업이익,140.7,십억원,excl,7
2026-06-18_KB증권_LGES,2026-06-18,KB증권,LGES,소형 영업이익,소형,2025,FY,영업이익,326.9,십억원,excl,7
2026-06-18_KB증권_LGES,2026-06-18,KB증권,LGES,소형 영업이익,소형,2026,FY,영업이익,564.3,십억원,excl,7
2026-06-18_KB증권_LGES,2026-06-18,KB증권,LGES,소형 영업이익,소형,2027,FY,영업이익,790.7,십억원,excl,7
2026-06-18_KB증권_LGES,2026-06-18,KB증권,LGES,AMPC,전사,2025,1Q,AMPC,457.7,십억원,na,7
2026-06-18_KB증권_LGES,2026-06-18,KB증권,LGES,AMPC,전사,2025,2Q,AMPC,491.0,십억원,na,7
2026-06-18_KB증권_LGES,2026-06-18,KB증권,LGES,AMPC,전사,2025,3Q,AMPC,365.5,십억원,na,7
2026-06-18_KB증권_LGES,2026-06-18,KB증권,LGES,AMPC,전사,2025,4Q,AMPC,332.8,십억원,na,7
2026-06-18_KB증권_LGES,2026-06-18,KB증권,LGES,AMPC,전사,2026,1Q,AMPC,189.1,십억원,na,7
2026-06-18_KB증권_LGES,2026-06-18,KB증권,LGES,AMPC,전사,2026,2Q,AMPC,271.7,십억원,na,7
2026-06-18_KB증권_LGES,2026-06-18,KB증권,LGES,AMPC,전사,2026,3Q,AMPC,437.7,십억원,na,7
2026-06-18_KB증권_LGES,2026-06-18,KB증권,LGES,AMPC,전사,2026,4Q,AMPC,588.1,십억원,na,7
2026-06-18_KB증권_LGES,2026-06-18,KB증권,LGES,AMPC,전사,2024,FY,AMPC,1480.0,십억원,na,7
2026-06-18_KB증권_LGES,2026-06-18,KB증권,LGES,AMPC,전사,2025,FY,AMPC,1647.0,십억원,na,7
2026-06-18_KB증권_LGES,2026-06-18,KB증권,LGES,AMPC,전사,2026,FY,AMPC,1486.6,십억원,na,7
2026-06-18_KB증권_LGES,2026-06-18,KB증권,LGES,AMPC,전사,2027,FY,AMPC,3517.9,십억원,na,7
2026-06-18_KB증권_LGES,2026-06-18,KB증권,LGES,EV AMPC,EV,2025,1Q,AMPC,457.7,십억원,na,7
2026-06-18_KB증권_LGES,2026-06-18,KB증권,LGES,EV AMPC,EV,2025,2Q,AMPC,470.6,십억원,na,7
2026-06-18_KB증권_LGES,2026-06-18,KB증권,LGES,EV AMPC,EV,2025,3Q,AMPC,291.8,십억원,na,7
2026-06-18_KB증권_LGES,2026-06-18,KB증권,LGES,EV AMPC,EV,2025,4Q,AMPC,87.7,십억원,na,7
2026-06-18_KB증권_LGES,2026-06-18,KB증권,LGES,EV AMPC,EV,2026,1Q,AMPC,27.1,십억원,na,7
2026-06-18_KB증권_LGES,2026-06-18,KB증권,LGES,EV AMPC,EV,2026,2Q,AMPC,32.1,십억원,na,7
2026-06-18_KB증권_LGES,2026-06-18,KB증권,LGES,EV AMPC,EV,2026,3Q,AMPC,83.5,십억원,na,7
2026-06-18_KB증권_LGES,2026-06-18,KB증권,LGES,EV AMPC,EV,2026,4Q,AMPC,183.6,십억원,na,7
2026-06-18_KB증권_LGES,2026-06-18,KB증권,LGES,EV AMPC,EV,2024,FY,AMPC,1480.0,십억원,na,7
2026-06-18_KB증권_LGES,2026-06-18,KB증권,LGES,EV AMPC,EV,2025,FY,AMPC,1307.9,십억원,na,7
2026-06-18_KB증권_LGES,2026-06-18,KB증권,LGES,EV AMPC,EV,2026,FY,AMPC,326.2,십억원,na,7
2026-06-18_KB증권_LGES,2026-06-18,KB증권,LGES,EV AMPC,EV,2027,FY,AMPC,1611.3,십억원,na,7
2026-06-18_KB증권_LGES,2026-06-18,KB증권,LGES,ESS AMPC,ESS,2025,1Q,AMPC,0.0,십억원,na,7
2026-06-18_KB증권_LGES,2026-06-18,KB증권,LGES,ESS AMPC,ESS,2025,2Q,AMPC,20.4,십억원,na,7
2026-06-18_KB증권_LGES,2026-06-18,KB증권,LGES,ESS AMPC,ESS,2025,3Q,AMPC,73.7,십억원,na,7
2026-06-18_KB증권_LGES,2026-06-18,KB증권,LGES,ESS AMPC,ESS,2025,4Q,AMPC,245.1,십억원,na,7
2026-06-18_KB증권_LGES,2026-06-18,KB증권,LGES,ESS AMPC,ESS,2026,1Q,AMPC,162.0,십억원,na,7
2026-06-18_KB증권_LGES,2026-06-18,KB증권,LGES,ESS AMPC,ESS,2026,2Q,AMPC,239.6,십억원,na,7
2026-06-18_KB증권_LGES,2026-06-18,KB증권,LGES,ESS AMPC,ESS,2026,3Q,AMPC,354.2,십억원,na,7
2026-06-18_KB증권_LGES,2026-06-18,KB증권,LGES,ESS AMPC,ESS,2026,4Q,AMPC,392.8,십억원,na,7
2026-06-18_KB증권_LGES,2026-06-18,KB증권,LGES,ESS AMPC,ESS,2024,FY,AMPC,0.0,십억원,na,7
2026-06-18_KB증권_LGES,2026-06-18,KB증권,LGES,ESS AMPC,ESS,2025,FY,AMPC,339.1,십억원,na,7
2026-06-18_KB증권_LGES,2026-06-18,KB증권,LGES,ESS AMPC,ESS,2026,FY,AMPC,1148.7,십억원,na,7
2026-06-18_KB증권_LGES,2026-06-18,KB증권,LGES,ESS AMPC,ESS,2027,FY,AMPC,1859.4,십억원,na,7
2026-06-18_KB증권_LGES,2026-06-18,KB증권,LGES,소형 AMPC,소형,2025,1Q,AMPC,0.0,십억원,na,7
2026-06-18_KB증권_LGES,2026-06-18,KB증권,LGES,소형 AMPC,소형,2025,2Q,AMPC,0.0,십억원,na,7
2026-06-18_KB증권_LGES,2026-06-18,KB증권,LGES,소형 AMPC,소형,2025,3Q,AMPC,0.0,십억원,na,7
2026-06-18_KB증권_LGES,2026-06-18,KB증권,LGES,소형 AMPC,소형,2025,4Q,AMPC,0.0,십억원,na,7
2026-06-18_KB증권_LGES,2026-06-18,KB증권,LGES,소형 AMPC,소형,2026,1Q,AMPC,0.0,십억원,na,7
2026-06-18_KB증권_LGES,2026-06-18,KB증권,LGES,소형 AMPC,소형,2026,2Q,AMPC,0.0,십억원,na,7
2026-06-18_KB증권_LGES,2026-06-18,KB증권,LGES,소형 AMPC,소형,2026,3Q,AMPC,0.0,십억원,na,7
2026-06-18_KB증권_LGES,2026-06-18,KB증권,LGES,소형 AMPC,소형,2026,4Q,AMPC,11.8,십억원,na,7
2026-06-18_KB증권_LGES,2026-06-18,KB증권,LGES,소형 AMPC,소형,2024,FY,AMPC,0.0,십억원,na,7
2026-06-18_KB증권_LGES,2026-06-18,KB증권,LGES,소형 AMPC,소형,2025,FY,AMPC,0.0,십억원,na,7
2026-06-18_KB증권_LGES,2026-06-18,KB증권,LGES,소형 AMPC,소형,2026,FY,AMPC,11.8,십억원,na,7
2026-06-18_KB증권_LGES,2026-06-18,KB증권,LGES,소형 AMPC,소형,2027,FY,AMPC,47.1,십억원,na,7
2026-06-18_KB증권_LGES,2026-06-18,KB증권,LGES,매출액(연결),전사,2028,FY,매출,57511,십억원,incl,1
2026-06-18_KB증권_LGES,2026-06-18,KB증권,LGES,영업이익(연결),전사,2028,FY,영업이익,6884,십억원,incl,1
2026-06-18_KB증권_SK온,2026-06-18,KB증권,SK이노베이션,합계,전사,2025,1Q,매출,21147,십억원,excl,7
2026-06-18_KB증권_SK온,2026-06-18,KB증권,SK이노베이션,합계,전사,2025,2Q,매출,19307,십억원,excl,7
2026-06-18_KB증권_SK온,2026-06-18,KB증권,SK이노베이션,합계,전사,2025,3Q,매출,20419,십억원,excl,7
2026-06-18_KB증권_SK온,2026-06-18,KB증권,SK이노베이션,합계,전사,2025,4Q,매출,19671,십억원,excl,7
2026-06-18_KB증권_SK온,2026-06-18,KB증권,SK이노베이션,합계,전사,2026,1Q,매출,24212,십억원,excl,7
2026-06-18_KB증권_SK온,2026-06-18,KB증권,SK이노베이션,합계,전사,2026,2Q,매출,31705,십억원,excl,7
2026-06-18_KB증권_SK온,2026-06-18,KB증권,SK이노베이션,합계,전사,2026,3Q,매출,28366,십억원,excl,7
2026-06-18_KB증권_SK온,2026-06-18,KB증권,SK이노베이션,합계,전사,2026,4Q,매출,26298,십억원,excl,7
2026-06-18_KB증권_SK온,2026-06-18,KB증권,SK이노베이션,합계,전사,2024,FY,매출,74717,십억원,excl,7
2026-06-18_KB증권_SK온,2026-06-18,KB증권,SK이노베이션,합계,전사,2025,FY,매출,80543,십억원,excl,7
2026-06-18_KB증권_SK온,2026-06-18,KB증권,SK이노베이션,합계,전사,2026,FY,매출,110581,십억원,excl,7
2026-06-18_KB증권_SK온,2026-06-18,KB증권,SK이노베이션,합계,전사,2027,FY,매출,99085,십억원,excl,7
2026-06-18_KB증권_SK온,2026-06-18,KB증권,SK이노베이션,합계,전사,2025,1Q,영업이익,-45,십억원,incl,7
2026-06-18_KB증권_SK온,2026-06-18,KB증권,SK이노베이션,합계,전사,2025,2Q,영업이익,-418,십억원,incl,7
2026-06-18_KB증권_SK온,2026-06-18,KB증권,SK이노베이션,합계,전사,2025,3Q,영업이익,586,십억원,incl,7
2026-06-18_KB증권_SK온,2026-06-18,KB증권,SK이노베이션,합계,전사,2025,4Q,영업이익,295,십억원,incl,7
2026-06-18_KB증권_SK온,2026-06-18,KB증권,SK이노베이션,합계,전사,2026,1Q,영업이익,2162,십억원,incl,7
2026-06-18_KB증권_SK온,2026-06-18,KB증권,SK이노베이션,합계,전사,2026,2Q,영업이익,2352,십억원,incl,7
2026-06-18_KB증권_SK온,2026-06-18,KB증권,SK이노베이션,합계,전사,2026,3Q,영업이익,1181,십억원,incl,7
2026-06-18_KB증권_SK온,2026-06-18,KB증권,SK이노베이션,합계,전사,2026,4Q,영업이익,899,십억원,incl,7
2026-06-18_KB증권_SK온,2026-06-18,KB증권,SK이노베이션,합계,전사,2024,FY,영업이익,316,십억원,incl,7
2026-06-18_KB증권_SK온,2026-06-18,KB증권,SK이노베이션,합계,전사,2025,FY,영업이익,418,십억원,incl,7
2026-06-18_KB증권_SK온,2026-06-18,KB증권,SK이노베이션,합계,전사,2026,FY,영업이익,6594,십억원,incl,7
2026-06-18_KB증권_SK온,2026-06-18,KB증권,SK이노베이션,합계,전사,2027,FY,영업이익,4213,십억원,incl,7
2026-06-18_KB증권_SK온,2026-06-18,KB증권,SK이노베이션,연결,전사,2024,FY,매출,74270,십억원,excl,11
2026-06-18_KB증권_SK온,2026-06-18,KB증권,SK이노베이션,연결,전사,2025,FY,매출,80296,십억원,excl,11
2026-06-18_KB증권_SK온,2026-06-18,KB증권,SK이노베이션,연결,전사,2026,FY,매출,110581,십억원,excl,11
2026-06-18_KB증권_SK온,2026-06-18,KB증권,SK이노베이션,연결,전사,2027,FY,매출,99085,십억원,excl,11
2026-06-18_KB증권_SK온,2026-06-18,KB증권,SK이노베이션,연결,전사,2028,FY,매출,97901,십억원,excl,11
2026-06-18_KB증권_SK온,2026-06-18,KB증권,SK이노베이션,연결,전사,2024,FY,영업이익,356,십억원,incl,11
2026-06-18_KB증권_SK온,2026-06-18,KB증권,SK이노베이션,연결,전사,2025,FY,영업이익,449,십억원,incl,11
2026-06-18_KB증권_SK온,2026-06-18,KB증권,SK이노베이션,연결,전사,2026,FY,영업이익,6595,십억원,incl,11
2026-06-18_KB증권_SK온,2026-06-18,KB증권,SK이노베이션,연결,전사,2027,FY,영업이익,4213,십억원,incl,11
2026-06-18_KB증권_SK온,2026-06-18,KB증권,SK이노베이션,연결,전사,2028,FY,영업이익,4469,십억원,incl,11
2026-06-18_KB증권_SK온,2026-06-18,KB증권,SK온,배터리(SK온),배터리합계,2025,1Q,매출,1605,십억원,excl,8
2026-06-18_KB증권_SK온,2026-06-18,KB증권,SK온,배터리(SK온),배터리합계,2025,2Q,매출,2108,십억원,excl,8
2026-06-18_KB증권_SK온,2026-06-18,KB증권,SK온,배터리(SK온),배터리합계,2025,3Q,매출,1808,십억원,excl,8
2026-06-18_KB증권_SK온,2026-06-18,KB증권,SK온,배터리(SK온),배터리합계,2025,4Q,매출,1457,십억원,excl,8
2026-06-18_KB증권_SK온,2026-06-18,KB증권,SK온,배터리(SK온),배터리합계,2026,1Q,매출,1791,십억원,excl,8
2026-06-18_KB증권_SK온,2026-06-18,KB증권,SK온,배터리(SK온),배터리합계,2026,2Q,매출,1640,십억원,excl,8
2026-06-18_KB증권_SK온,2026-06-18,KB증권,SK온,배터리(SK온),배터리합계,2026,3Q,매출,1728,십억원,excl,8
2026-06-18_KB증권_SK온,2026-06-18,KB증권,SK온,배터리(SK온),배터리합계,2026,4Q,매출,1811,십억원,excl,8
2026-06-18_KB증권_SK온,2026-06-18,KB증권,SK온,배터리(SK온),배터리합계,2024,FY,매출,6266,십억원,excl,8
2026-06-18_KB증권_SK온,2026-06-18,KB증권,SK온,배터리(SK온),배터리합계,2025,FY,매출,6978,십억원,excl,8
2026-06-18_KB증권_SK온,2026-06-18,KB증권,SK온,배터리(SK온),배터리합계,2026,FY,매출,6970,십억원,excl,8
2026-06-18_KB증권_SK온,2026-06-18,KB증권,SK온,배터리(SK온),배터리합계,2027,FY,매출,9652,십억원,excl,8
2026-06-18_KB증권_SK온,2026-06-18,KB증권,SK온,배터리(SK온)(+AMPC),배터리합계,2025,1Q,영업이익,-299,십억원,incl,8
2026-06-18_KB증권_SK온,2026-06-18,KB증권,SK온,배터리(SK온)(+AMPC),배터리합계,2025,2Q,영업이익,-66,십억원,incl,8
2026-06-18_KB증권_SK온,2026-06-18,KB증권,SK온,배터리(SK온)(+AMPC),배터리합계,2025,3Q,영업이익,-125,십억원,incl,8
2026-06-18_KB증권_SK온,2026-06-18,KB증권,SK온,배터리(SK온)(+AMPC),배터리합계,2025,4Q,영업이익,-441,십억원,incl,8
2026-06-18_KB증권_SK온,2026-06-18,KB증권,SK온,배터리(SK온)(+AMPC),배터리합계,2026,1Q,영업이익,-349,십억원,incl,8
2026-06-18_KB증권_SK온,2026-06-18,KB증권,SK온,배터리(SK온)(+AMPC),배터리합계,2026,2Q,영업이익,-216,십억원,incl,8
2026-06-18_KB증권_SK온,2026-06-18,KB증권,SK온,배터리(SK온)(+AMPC),배터리합계,2026,3Q,영업이익,-111,십억원,incl,8
2026-06-18_KB증권_SK온,2026-06-18,KB증권,SK온,배터리(SK온)(+AMPC),배터리합계,2026,4Q,영업이익,-95,십억원,incl,8
2026-06-18_KB증권_SK온,2026-06-18,KB증권,SK온,배터리(SK온)(+AMPC),배터리합계,2024,FY,영업이익,-1127,십억원,incl,8
2026-06-18_KB증권_SK온,2026-06-18,KB증권,SK온,배터리(SK온)(+AMPC),배터리합계,2025,FY,영업이익,-931,십억원,incl,8
2026-06-18_KB증권_SK온,2026-06-18,KB증권,SK온,배터리(SK온)(+AMPC),배터리합계,2026,FY,영업이익,-769,십억원,incl,8
2026-06-18_KB증권_SK온,2026-06-18,KB증권,SK온,배터리(SK온)(+AMPC),배터리합계,2027,FY,영업이익,261,십억원,incl,8
2026-06-18_KB증권_SK온,2026-06-18,KB증권,SK온,AMPC,배터리합계,2025,1Q,AMPC,170.8,십억원,na,8
2026-06-18_KB증권_SK온,2026-06-18,KB증권,SK온,AMPC,배터리합계,2025,2Q,AMPC,273.4,십억원,na,8
2026-06-18_KB증권_SK온,2026-06-18,KB증권,SK온,AMPC,배터리합계,2025,3Q,AMPC,173.1,십억원,na,8
2026-06-18_KB증권_SK온,2026-06-18,KB증권,SK온,AMPC,배터리합계,2025,4Q,AMPC,101.3,십억원,na,8
2026-06-18_KB증권_SK온,2026-06-18,KB증권,SK온,AMPC,배터리합계,2026,1Q,AMPC,79.0,십억원,na,8
2026-06-18_KB증권_SK온,2026-06-18,KB증권,SK온,AMPC,배터리합계,2026,2Q,AMPC,81.5,십억원,na,8
2026-06-18_KB증권_SK온,2026-06-18,KB증권,SK온,AMPC,배터리합계,2026,3Q,AMPC,170.5,십억원,na,8
2026-06-18_KB증권_SK온,2026-06-18,KB증권,SK온,AMPC,배터리합계,2026,4Q,AMPC,210.7,십억원,na,8
2026-06-18_KB증권_SK온,2026-06-18,KB증권,SK온,AMPC,배터리합계,2024,FY,AMPC,292.5,십억원,na,8
2026-06-18_KB증권_SK온,2026-06-18,KB증권,SK온,AMPC,배터리합계,2025,FY,AMPC,718.6,십억원,na,8
2026-06-18_KB증권_SK온,2026-06-18,KB증권,SK온,AMPC,배터리합계,2026,FY,AMPC,541.8,십억원,na,8
2026-06-18_KB증권_SK온,2026-06-18,KB증권,SK온,AMPC,배터리합계,2027,FY,AMPC,1278.9,십억원,na,8
2026-06-18_다올투자증권_LGES,2026-06-18,다올투자증권,LGES,매출액,전사,2025,1Q,매출,6265,십억원,excl,3
2026-06-18_다올투자증권_LGES,2026-06-18,다올투자증권,LGES,매출액,전사,2025,2Q,매출,5565,십억원,excl,3
2026-06-18_다올투자증권_LGES,2026-06-18,다올투자증권,LGES,매출액,전사,2025,3Q,매출,5700,십억원,excl,3
2026-06-18_다올투자증권_LGES,2026-06-18,다올투자증권,LGES,매출액,전사,2025,4Q,매출,6142,십억원,excl,3
2026-06-18_다올투자증권_LGES,2026-06-18,다올투자증권,LGES,매출액,전사,2026,1Q,매출,6555,십억원,excl,3
2026-06-18_다올투자증권_LGES,2026-06-18,다올투자증권,LGES,매출액,전사,2026,2Q,매출,6704,십억원,excl,3
2026-06-18_다올투자증권_LGES,2026-06-18,다올투자증권,LGES,매출액,전사,2026,3Q,매출,7200,십억원,excl,3
2026-06-18_다올투자증권_LGES,2026-06-18,다올투자증권,LGES,매출액,전사,2026,4Q,매출,7794,십억원,excl,3
2026-06-18_다올투자증권_LGES,2026-06-18,다올투자증권,LGES,매출액,전사,2024,FY,매출,25620,십억원,excl,3
2026-06-18_다올투자증권_LGES,2026-06-18,다올투자증권,LGES,매출액,전사,2025,FY,매출,23672,십억원,excl,3
2026-06-18_다올투자증권_LGES,2026-06-18,다올투자증권,LGES,매출액,전사,2026,FY,매출,28253,십억원,excl,3
2026-06-18_다올투자증권_LGES,2026-06-18,다올투자증권,LGES,매출액,전사,2027,FY,매출,33670,십억원,excl,3
2026-06-18_다올투자증권_LGES,2026-06-18,다올투자증권,LGES,매출액,전사,2028,FY,매출,41836.9,십억원,excl,5
2026-06-18_다올투자증권_LGES,2026-06-18,다올투자증권,LGES,중대형,중대형,2025,1Q,매출,4666,십억원,excl,3
2026-06-18_다올투자증권_LGES,2026-06-18,다올투자증권,LGES,중대형,중대형,2025,2Q,매출,3820,십억원,excl,3
2026-06-18_다올투자증권_LGES,2026-06-18,다올투자증권,LGES,중대형,중대형,2025,3Q,매출,3978,십억원,excl,3
2026-06-18_다올투자증권_LGES,2026-06-18,다올투자증권,LGES,중대형,중대형,2025,4Q,매출,4449,십억원,excl,3
2026-06-18_다올투자증권_LGES,2026-06-18,다올투자증권,LGES,중대형,중대형,2026,1Q,매출,4485,십억원,excl,3
2026-06-18_다올투자증권_LGES,2026-06-18,다올투자증권,LGES,중대형,중대형,2026,2Q,매출,4852,십억원,excl,3
2026-06-18_다올투자증권_LGES,2026-06-18,다올투자증권,LGES,중대형,중대형,2026,3Q,매출,5232,십억원,excl,3
2026-06-18_다올투자증권_LGES,2026-06-18,다올투자증권,LGES,중대형,중대형,2026,4Q,매출,5757,십억원,excl,3
2026-06-18_다올투자증권_LGES,2026-06-18,다올투자증권,LGES,중대형,중대형,2024,FY,매출,18469,십억원,excl,3
2026-06-18_다올투자증권_LGES,2026-06-18,다올투자증권,LGES,중대형,중대형,2025,FY,매출,16912,십억원,excl,3
2026-06-18_다올투자증권_LGES,2026-06-18,다올투자증권,LGES,중대형,중대형,2026,FY,매출,20326,십억원,excl,3
2026-06-18_다올투자증권_LGES,2026-06-18,다올투자증권,LGES,중대형,중대형,2027,FY,매출,25936,십억원,excl,3
2026-06-18_다올투자증권_LGES,2026-06-18,다올투자증권,LGES,EV,EV,2025,1Q,매출,4072,십억원,excl,3
2026-06-18_다올투자증권_LGES,2026-06-18,다올투자증권,LGES,EV,EV,2025,2Q,매출,3461,십억원,excl,3
2026-06-18_다올투자증권_LGES,2026-06-18,다올투자증권,LGES,EV,EV,2025,3Q,매출,3534,십억원,excl,3
2026-06-18_다올투자증권_LGES,2026-06-18,다올투자증권,LGES,EV,EV,2025,4Q,매출,3130,십억원,excl,3
2026-06-18_다올투자증권_LGES,2026-06-18,다올투자증권,LGES,EV,EV,2026,1Q,매출,2838,십억원,excl,3
2026-06-18_다올투자증권_LGES,2026-06-18,다올투자증권,LGES,EV,EV,2026,2Q,매출,2790,십억원,excl,3
2026-06-18_다올투자증권_LGES,2026-06-18,다올투자증권,LGES,EV,EV,2026,3Q,매출,2963,십억원,excl,3
2026-06-18_다올투자증권_LGES,2026-06-18,다올투자증권,LGES,EV,EV,2026,4Q,매출,3335,십억원,excl,3
2026-06-18_다올투자증권_LGES,2026-06-18,다올투자증권,LGES,EV,EV,2024,FY,매출,16266,십억원,excl,3
2026-06-18_다올투자증권_LGES,2026-06-18,다올투자증권,LGES,EV,EV,2025,FY,매출,14198,십억원,excl,3
2026-06-18_다올투자증권_LGES,2026-06-18,다올투자증권,LGES,EV,EV,2026,FY,매출,11925,십억원,excl,3
2026-06-18_다올투자증권_LGES,2026-06-18,다올투자증권,LGES,EV,EV,2027,FY,매출,13860,십억원,excl,3
2026-06-18_다올투자증권_LGES,2026-06-18,다올투자증권,LGES,ESS,ESS,2025,1Q,매출,593,십억원,excl,3
2026-06-18_다올투자증권_LGES,2026-06-18,다올투자증권,LGES,ESS,ESS,2025,2Q,매출,359,십억원,excl,3
2026-06-18_다올투자증권_LGES,2026-06-18,다올투자증권,LGES,ESS,ESS,2025,3Q,매출,444,십억원,excl,3
2026-06-18_다올투자증권_LGES,2026-06-18,다올투자증권,LGES,ESS,ESS,2025,4Q,매출,1319,십억원,excl,3
2026-06-18_다올투자증권_LGES,2026-06-18,다올투자증권,LGES,ESS,ESS,2026,1Q,매출,1647,십억원,excl,3
2026-06-18_다올투자증권_LGES,2026-06-18,다올투자증권,LGES,ESS,ESS,2026,2Q,매출,2062,십억원,excl,3
2026-06-18_다올투자증권_LGES,2026-06-18,다올투자증권,LGES,ESS,ESS,2026,3Q,매출,2270,십억원,excl,3
2026-06-18_다올투자증권_LGES,2026-06-18,다올투자증권,LGES,ESS,ESS,2026,4Q,매출,2423,십억원,excl,3
2026-06-18_다올투자증권_LGES,2026-06-18,다올투자증권,LGES,ESS,ESS,2024,FY,매출,2203,십억원,excl,3
2026-06-18_다올투자증권_LGES,2026-06-18,다올투자증권,LGES,ESS,ESS,2025,FY,매출,2715,십억원,excl,3
2026-06-18_다올투자증권_LGES,2026-06-18,다올투자증권,LGES,ESS,ESS,2026,FY,매출,8401,십억원,excl,3
2026-06-18_다올투자증권_LGES,2026-06-18,다올투자증권,LGES,ESS,ESS,2027,FY,매출,12076,십억원,excl,3
2026-06-18_다올투자증권_LGES,2026-06-18,다올투자증권,LGES,소형,소형,2025,1Q,매출,1599,십억원,excl,3
2026-06-18_다올투자증권_LGES,2026-06-18,다올투자증권,LGES,소형,소형,2025,2Q,매출,1128,십억원,excl,3
2026-06-18_다올투자증권_LGES,2026-06-18,다올투자증권,LGES,소형,소형,2025,3Q,매출,1435,십억원,excl,3
2026-06-18_다올투자증권_LGES,2026-06-18,다올투자증권,LGES,소형,소형,2025,4Q,매출,1693,십억원,excl,3
2026-06-18_다올투자증권_LGES,2026-06-18,다올투자증권,LGES,소형,소형,2026,1Q,매출,1620,십억원,excl,3
2026-06-18_다올투자증권_LGES,2026-06-18,다올투자증권,LGES,소형,소형,2026,2Q,매출,1852,십억원,excl,3
2026-06-18_다올투자증권_LGES,2026-06-18,다올투자증권,LGES,소형,소형,2026,3Q,매출,1968,십억원,excl,3
2026-06-18_다올투자증권_LGES,2026-06-18,다올투자증권,LGES,소형,소형,2026,4Q,매출,2037,십억원,excl,3
2026-06-18_다올투자증권_LGES,2026-06-18,다올투자증권,LGES,소형,소형,2024,FY,매출,7140,십억원,excl,3
2026-06-18_다올투자증권_LGES,2026-06-18,다올투자증권,LGES,소형,소형,2025,FY,매출,5855,십억원,excl,3
2026-06-18_다올투자증권_LGES,2026-06-18,다올투자증권,LGES,소형,소형,2026,FY,매출,7477,십억원,excl,3
2026-06-18_다올투자증권_LGES,2026-06-18,다올투자증권,LGES,소형,소형,2027,FY,매출,7733,십억원,excl,3
2026-06-18_다올투자증권_LGES,2026-06-18,다올투자증권,LGES,전사,전사,2025,1Q,영업이익,375,십억원,incl,3
2026-06-18_다올투자증권_LGES,2026-06-18,다올투자증권,LGES,전사,전사,2025,2Q,영업이익,492,십억원,incl,3
2026-06-18_다올투자증권_LGES,2026-06-18,다올투자증권,LGES,전사,전사,2025,3Q,영업이익,601,십억원,incl,3
2026-06-18_다올투자증권_LGES,2026-06-18,다올투자증권,LGES,전사,전사,2025,4Q,영업이익,-122,십억원,incl,3
2026-06-18_다올투자증권_LGES,2026-06-18,다올투자증권,LGES,전사,전사,2026,1Q,영업이익,-208,십억원,incl,3
2026-06-18_다올투자증권_LGES,2026-06-18,다올투자증권,LGES,전사,전사,2026,2Q,영업이익,-18,십억원,incl,3
2026-06-18_다올투자증권_LGES,2026-06-18,다올투자증권,LGES,전사,전사,2026,3Q,영업이익,511,십억원,incl,3
2026-06-18_다올투자증권_LGES,2026-06-18,다올투자증권,LGES,전사,전사,2026,4Q,영업이익,708,십억원,incl,3
2026-06-18_다올투자증권_LGES,2026-06-18,다올투자증권,LGES,전사,전사,2024,FY,영업이익,575,십억원,incl,3
2026-06-18_다올투자증권_LGES,2026-06-18,다올투자증권,LGES,전사,전사,2025,FY,영업이익,1346,십억원,incl,3
2026-06-18_다올투자증권_LGES,2026-06-18,다올투자증권,LGES,전사,전사,2026,FY,영업이익,993,십억원,incl,3
2026-06-18_다올투자증권_LGES,2026-06-18,다올투자증권,LGES,전사,전사,2027,FY,영업이익,3637,십억원,incl,3
2026-06-18_다올투자증권_LGES,2026-06-18,다올투자증권,LGES,전사,전사,2028,FY,영업이익,5722.5,십억원,incl,5
2026-06-18_다올투자증권_LGES,2026-06-18,다올투자증권,LGES,전사,전사,2025,1Q,AMPC,458,십억원,na,3
2026-06-18_다올투자증권_LGES,2026-06-18,다올투자증권,LGES,전사,전사,2025,2Q,AMPC,491,십억원,na,3
2026-06-18_다올투자증권_LGES,2026-06-18,다올투자증권,LGES,전사,전사,2025,3Q,AMPC,366,십억원,na,3
2026-06-18_다올투자증권_LGES,2026-06-18,다올투자증권,LGES,전사,전사,2025,4Q,AMPC,333,십억원,na,3
2026-06-18_다올투자증권_LGES,2026-06-18,다올투자증권,LGES,전사,전사,2026,1Q,AMPC,190,십억원,na,3
2026-06-18_다올투자증권_LGES,2026-06-18,다올투자증권,LGES,전사,전사,2026,2Q,AMPC,256,십억원,na,3
2026-06-18_다올투자증권_LGES,2026-06-18,다올투자증권,LGES,전사,전사,2026,3Q,AMPC,403,십억원,na,3
2026-06-18_다올투자증권_LGES,2026-06-18,다올투자증권,LGES,전사,전사,2026,4Q,AMPC,575,십억원,na,3
2026-06-18_다올투자증권_LGES,2026-06-18,다올투자증권,LGES,전사,전사,2024,FY,AMPC,1480,십억원,na,3
2026-06-18_다올투자증권_LGES,2026-06-18,다올투자증권,LGES,전사,전사,2025,FY,AMPC,1648,십억원,na,3
2026-06-18_다올투자증권_LGES,2026-06-18,다올투자증권,LGES,전사,전사,2026,FY,AMPC,1425,십억원,na,3
2026-06-18_다올투자증권_LGES,2026-06-18,다올투자증권,LGES,전사,전사,2027,FY,AMPC,2806,십억원,na,3
2026-06-18_다올투자증권_LGES,2026-06-18,다올투자증권,LGES,전사,전사,2028,FY,AMPC,4802,십억원,na,2
2026-06-24_유안타증권_LGES,2026-06-24,유안타증권,LGES,합계,전사,2024,FY,매출,25620,십억원,excl,1
2026-06-24_유안타증권_LGES,2026-06-24,유안타증권,LGES,합계,전사,2024,FY,영업이익,575,십억원,incl,1
2026-06-24_유안타증권_LGES,2026-06-24,유안타증권,LGES,합계,전사,2025,1Q,매출,6265,십억원,excl,2
2026-06-24_유안타증권_LGES,2026-06-24,유안타증권,LGES,합계,전사,2025,1Q,영업이익,374,십억원,incl,2
2026-06-24_유안타증권_LGES,2026-06-24,유안타증권,LGES,소형,소형,2025,1Q,매출,1708,십억원,excl,2
2026-06-24_유안타증권_LGES,2026-06-24,유안타증권,LGES,소형,소형,2025,1Q,영업이익,111,십억원,excl,2
2026-06-24_유안타증권_LGES,2026-06-24,유안타증권,LGES,EV,EV,2025,1Q,매출,4124,십억원,excl,2
2026-06-24_유안타증권_LGES,2026-06-24,유안타증권,LGES,EV,EV,2025,1Q,영업이익,-124,십억원,excl,2
2026-06-24_유안타증권_LGES,2026-06-24,유안타증권,LGES,ESS,ESS,2025,1Q,매출,433,십억원,excl,2
2026-06-24_유안타증권_LGES,2026-06-24,유안타증권,LGES,ESS,ESS,2025,1Q,영업이익,-71,십억원,excl,2
2026-06-24_유안타증권_LGES,2026-06-24,유안타증권,LGES,AMPC,전사,2025,1Q,AMPC,458,십억원,na,2
2026-06-24_유안타증권_LGES,2026-06-24,유안타증권,LGES,합계,전사,2025,2Q,매출,5565,십억원,excl,2
2026-06-24_유안타증권_LGES,2026-06-24,유안타증권,LGES,합계,전사,2025,2Q,영업이익,492,십억원,incl,2
2026-06-24_유안타증권_LGES,2026-06-24,유안타증권,LGES,소형,소형,2025,2Q,매출,1636,십억원,excl,2
2026-06-24_유안타증권_LGES,2026-06-24,유안타증권,LGES,소형,소형,2025,2Q,영업이익,93,십억원,excl,2
2026-06-24_유안타증권_LGES,2026-06-24,유안타증권,LGES,EV,EV,2025,2Q,매출,3546,십억원,excl,2
2026-06-24_유안타증권_LGES,2026-06-24,유안타증권,LGES,EV,EV,2025,2Q,영업이익,-96,십억원,excl,2
2026-06-24_유안타증권_LGES,2026-06-24,유안타증권,LGES,ESS,ESS,2025,2Q,매출,383,십억원,excl,2
2026-06-24_유안타증권_LGES,2026-06-24,유안타증권,LGES,ESS,ESS,2025,2Q,영업이익,4,십억원,excl,2
2026-06-24_유안타증권_LGES,2026-06-24,유안타증권,LGES,AMPC,전사,2025,2Q,AMPC,491,십억원,na,2
2026-06-24_유안타증권_LGES,2026-06-24,유안타증권,LGES,합계,전사,2025,3Q,매출,5700,십억원,excl,2
2026-06-24_유안타증권_LGES,2026-06-24,유안타증권,LGES,합계,전사,2025,3Q,영업이익,602,십억원,incl,2
2026-06-24_유안타증권_LGES,2026-06-24,유안타증권,LGES,소형,소형,2025,3Q,매출,1743,십억원,excl,2
2026-06-24_유안타증권_LGES,2026-06-24,유안타증권,LGES,소형,소형,2025,3Q,영업이익,119,십억원,excl,2
2026-06-24_유안타증권_LGES,2026-06-24,유안타증권,LGES,EV,EV,2025,3Q,매출,3404,십억원,excl,2
2026-06-24_유안타증권_LGES,2026-06-24,유안타증권,LGES,EV,EV,2025,3Q,영업이익,85,십억원,excl,2
2026-06-24_유안타증권_LGES,2026-06-24,유안타증권,LGES,ESS,ESS,2025,3Q,매출,553,십억원,excl,2
2026-06-24_유안타증권_LGES,2026-06-24,유안타증권,LGES,ESS,ESS,2025,3Q,영업이익,32,십억원,excl,2
2026-06-24_유안타증권_LGES,2026-06-24,유안타증권,LGES,AMPC,전사,2025,3Q,AMPC,366,십억원,na,2
2026-06-24_유안타증권_LGES,2026-06-24,유안타증권,LGES,합계,전사,2025,4Q,매출,6142,십억원,excl,2
2026-06-24_유안타증권_LGES,2026-06-24,유안타증권,LGES,합계,전사,2025,4Q,영업이익,-122,십억원,incl,2
2026-06-24_유안타증권_LGES,2026-06-24,유안타증권,LGES,소형,소형,2025,4Q,매출,2079,십억원,excl,2
2026-06-24_유안타증권_LGES,2026-06-24,유안타증권,LGES,소형,소형,2025,4Q,영업이익,141,십억원,excl,2
2026-06-24_유안타증권_LGES,2026-06-24,유안타증권,LGES,EV,EV,2025,4Q,매출,2792,십억원,excl,2
2026-06-24_유안타증권_LGES,2026-06-24,유안타증권,LGES,EV,EV,2025,4Q,영업이익,-530,십억원,excl,2
2026-06-24_유안타증권_LGES,2026-06-24,유안타증권,LGES,ESS,ESS,2025,4Q,매출,1271,십억원,excl,2
2026-06-24_유안타증권_LGES,2026-06-24,유안타증권,LGES,ESS,ESS,2025,4Q,영업이익,-66,십억원,excl,2
2026-06-24_유안타증권_LGES,2026-06-24,유안타증권,LGES,AMPC,전사,2025,4Q,AMPC,333,십억원,na,2
2026-06-24_유안타증권_LGES,2026-06-24,유안타증권,LGES,합계,전사,2026,1Q,매출,6555,십억원,incl,2
2026-06-24_유안타증권_LGES,2026-06-24,유안타증권,LGES,합계,전사,2026,1Q,영업이익,-208,십억원,incl,2
2026-06-24_유안타증권_LGES,2026-06-24,유안타증권,LGES,소형,소형,2026,1Q,매출,1996,십억원,excl,2
2026-06-24_유안타증권_LGES,2026-06-24,유안타증권,LGES,소형,소형,2026,1Q,영업이익,104,십억원,excl,2
2026-06-24_유안타증권_LGES,2026-06-24,유안타증권,LGES,EV,EV,2026,1Q,매출,2443,십억원,excl,2
2026-06-24_유안타증권_LGES,2026-06-24,유안타증권,LGES,EV,EV,2026,1Q,영업이익,-503,십억원,excl,2
2026-06-24_유안타증권_LGES,2026-06-24,유안타증권,LGES,ESS,ESS,2026,1Q,매출,1927,십억원,excl,2
2026-06-24_유안타증권_LGES,2026-06-24,유안타증권,LGES,ESS,ESS,2026,1Q,영업이익,2,십억원,excl,2
2026-06-24_유안타증권_LGES,2026-06-24,유안타증권,LGES,AMPC,전사,2026,1Q,AMPC,190,십억원,na,2
2026-06-24_유안타증권_LGES,2026-06-24,유안타증권,LGES,합계,전사,2026,2Q,매출,7300,십억원,incl,2
2026-06-24_유안타증권_LGES,2026-06-24,유안타증권,LGES,합계,전사,2026,2Q,영업이익,130,십억원,incl,2
2026-06-24_유안타증권_LGES,2026-06-24,유안타증권,LGES,소형,소형,2026,2Q,매출,2220,십억원,excl,2
2026-06-24_유안타증권_LGES,2026-06-24,유안타증권,LGES,소형,소형,2026,2Q,영업이익,125,십억원,excl,2
2026-06-24_유안타증권_LGES,2026-06-24,유안타증권,LGES,EV,EV,2026,2Q,매출,2225,십억원,excl,2
2026-06-24_유안타증권_LGES,2026-06-24,유안타증권,LGES,EV,EV,2026,2Q,영업이익,-370,십억원,excl,2
2026-06-24_유안타증권_LGES,2026-06-24,유안타증권,LGES,ESS,ESS,2026,2Q,매출,2560,십억원,excl,2
2026-06-24_유안타증권_LGES,2026-06-24,유안타증권,LGES,ESS,ESS,2026,2Q,영업이익,80,십억원,excl,2
2026-06-24_유안타증권_LGES,2026-06-24,유안타증권,LGES,AMPC,전사,2026,2Q,AMPC,295,십억원,na,2
2026-06-24_유안타증권_LGES,2026-06-24,유안타증권,LGES,합계,전사,2026,3Q,매출,8000,십억원,incl,2
2026-06-24_유안타증권_LGES,2026-06-24,유안타증권,LGES,합계,전사,2026,3Q,영업이익,600,십억원,incl,2
2026-06-24_유안타증권_LGES,2026-06-24,유안타증권,LGES,소형,소형,2026,3Q,매출,2270,십억원,excl,2
2026-06-24_유안타증권_LGES,2026-06-24,유안타증권,LGES,소형,소형,2026,3Q,영업이익,135,십억원,excl,2
2026-06-24_유안타증권_LGES,2026-06-24,유안타증권,LGES,EV,EV,2026,3Q,매출,2500,십억원,excl,2
2026-06-24_유안타증권_LGES,2026-06-24,유안타증권,LGES,EV,EV,2026,3Q,영업이익,-150,십억원,excl,2
2026-06-24_유안타증권_LGES,2026-06-24,유안타증권,LGES,ESS,ESS,2026,3Q,매출,2780,십억원,excl,2
2026-06-24_유안타증권_LGES,2026-06-24,유안타증권,LGES,ESS,ESS,2026,3Q,영업이익,165,십억원,excl,2
2026-06-24_유안타증권_LGES,2026-06-24,유안타증권,LGES,AMPC,전사,2026,3Q,AMPC,450,십억원,na,2
2026-06-24_유안타증권_LGES,2026-06-24,유안타증권,LGES,합계,전사,2026,4Q,매출,8350,십억원,incl,2
2026-06-24_유안타증권_LGES,2026-06-24,유안타증권,LGES,합계,전사,2026,4Q,영업이익,700,십억원,incl,2
2026-06-24_유안타증권_LGES,2026-06-24,유안타증권,LGES,소형,소형,2026,4Q,매출,2250,십억원,excl,2
2026-06-24_유안타증권_LGES,2026-06-24,유안타증권,LGES,소형,소형,2026,4Q,영업이익,145,십억원,excl,2
2026-06-24_유안타증권_LGES,2026-06-24,유안타증권,LGES,EV,EV,2026,4Q,매출,2650,십억원,excl,2
2026-06-24_유안타증권_LGES,2026-06-24,유안타증권,LGES,EV,EV,2026,4Q,영업이익,-150,십억원,excl,2
2026-06-24_유안타증권_LGES,2026-06-24,유안타증권,LGES,ESS,ESS,2026,4Q,매출,2930,십억원,excl,2
2026-06-24_유안타증권_LGES,2026-06-24,유안타증권,LGES,ESS,ESS,2026,4Q,영업이익,185,십억원,excl,2
2026-06-24_유안타증권_LGES,2026-06-24,유안타증권,LGES,AMPC,전사,2026,4Q,AMPC,520,십억원,na,2
2026-06-24_유안타증권_LGES,2026-06-24,유안타증권,LGES,합계,전사,2025,FY,매출,23672,십억원,excl,2
2026-06-24_유안타증권_LGES,2026-06-24,유안타증권,LGES,합계,전사,2025,FY,영업이익,1346,십억원,incl,2
2026-06-24_유안타증권_LGES,2026-06-24,유안타증권,LGES,소형,소형,2025,FY,매출,7166,십억원,excl,2
2026-06-24_유안타증권_LGES,2026-06-24,유안타증권,LGES,소형,소형,2025,FY,영업이익,464,십억원,excl,2
2026-06-24_유안타증권_LGES,2026-06-24,유안타증권,LGES,EV,EV,2025,FY,매출,13866,십억원,excl,2
2026-06-24_유안타증권_LGES,2026-06-24,유안타증권,LGES,EV,EV,2025,FY,영업이익,-665,십억원,excl,2
2026-06-24_유안타증권_LGES,2026-06-24,유안타증권,LGES,ESS,ESS,2025,FY,매출,2640,십억원,excl,2
2026-06-24_유안타증권_LGES,2026-06-24,유안타증권,LGES,ESS,ESS,2025,FY,영업이익,-101,십억원,excl,2
2026-06-24_유안타증권_LGES,2026-06-24,유안타증권,LGES,AMPC,전사,2025,FY,AMPC,1648,십억원,na,2
2026-06-24_유안타증권_LGES,2026-06-24,유안타증권,LGES,합계,전사,2026,FY,매출,30205,십억원,incl,2
2026-06-24_유안타증권_LGES,2026-06-24,유안타증권,LGES,합계,전사,2026,FY,영업이익,1223,십억원,incl,2
2026-06-24_유안타증권_LGES,2026-06-24,유안타증권,LGES,소형,소형,2026,FY,매출,8736,십억원,excl,2
2026-06-24_유안타증권_LGES,2026-06-24,유안타증권,LGES,소형,소형,2026,FY,영업이익,509,십억원,excl,2
2026-06-24_유안타증권_LGES,2026-06-24,유안타증권,LGES,EV,EV,2026,FY,매출,9818,십억원,excl,2
2026-06-24_유안타증권_LGES,2026-06-24,유안타증권,LGES,EV,EV,2026,FY,영업이익,-1173,십억원,excl,2
2026-06-24_유안타증권_LGES,2026-06-24,유안타증권,LGES,ESS,ESS,2026,FY,매출,10197,십억원,excl,2
2026-06-24_유안타증권_LGES,2026-06-24,유안타증권,LGES,ESS,ESS,2026,FY,영업이익,432,십억원,excl,2
2026-06-24_유안타증권_LGES,2026-06-24,유안타증권,LGES,AMPC,전사,2026,FY,AMPC,1455,십억원,na,2
2026-06-24_유안타증권_LGES,2026-06-24,유안타증권,LGES,합계,전사,2027,FY,매출,40000,십억원,incl,2
2026-06-24_유안타증권_LGES,2026-06-24,유안타증권,LGES,합계,전사,2027,FY,영업이익,4800,십억원,incl,2
2026-06-24_유안타증권_LGES,2026-06-24,유안타증권,LGES,소형,소형,2027,FY,매출,9200,십억원,excl,2
2026-06-24_유안타증권_LGES,2026-06-24,유안타증권,LGES,소형,소형,2027,FY,영업이익,600,십억원,excl,2
2026-06-24_유안타증권_LGES,2026-06-24,유안타증권,LGES,EV,EV,2027,FY,매출,11800,십억원,excl,2
2026-06-24_유안타증권_LGES,2026-06-24,유안타증권,LGES,EV,EV,2027,FY,영업이익,-500,십억원,excl,2
2026-06-24_유안타증권_LGES,2026-06-24,유안타증권,LGES,ESS,ESS,2027,FY,매출,15000,십억원,excl,2
2026-06-24_유안타증권_LGES,2026-06-24,유안타증권,LGES,ESS,ESS,2027,FY,영업이익,700,십억원,excl,2
2026-06-24_유안타증권_LGES,2026-06-24,유안타증권,LGES,AMPC,전사,2027,FY,AMPC,4000,십억원,na,2
2026-06-24_유안타증권_LGES,2026-06-24,유안타증권,LGES,합계,전사,2028,FY,매출,49500,십억원,incl,2
2026-06-24_유안타증권_LGES,2026-06-24,유안타증권,LGES,합계,전사,2028,FY,영업이익,7200,십억원,incl,2
2026-06-24_유안타증권_LGES,2026-06-24,유안타증권,LGES,소형,소형,2028,FY,매출,10000,십억원,excl,2
2026-06-24_유안타증권_LGES,2026-06-24,유안타증권,LGES,소형,소형,2028,FY,영업이익,650,십억원,excl,2
2026-06-24_유안타증권_LGES,2026-06-24,유안타증권,LGES,EV,EV,2028,FY,매출,13300,십억원,excl,2
2026-06-24_유안타증권_LGES,2026-06-24,유안타증권,LGES,EV,EV,2028,FY,영업이익,-1000,십억원,excl,2
2026-06-24_유안타증권_LGES,2026-06-24,유안타증권,LGES,ESS,ESS,2028,FY,매출,19500,십억원,excl,2
2026-06-24_유안타증권_LGES,2026-06-24,유안타증권,LGES,ESS,ESS,2028,FY,영업이익,850,십억원,excl,2
2026-06-24_유안타증권_LGES,2026-06-24,유안타증권,LGES,AMPC,전사,2028,FY,AMPC,6700,십억원,na,2
2026-06-24_유안타증권_삼성SDI,2026-06-24,유안타증권,삼성SDI,소형,소형,2025,1Q,매출,908,십억원,na,2
2026-06-24_유안타증권_삼성SDI,2026-06-24,유안타증권,삼성SDI,소형,소형,2025,2Q,매출,1171,십억원,na,2
2026-06-24_유안타증권_삼성SDI,2026-06-24,유안타증권,삼성SDI,소형,소형,2025,3Q,매출,987,십억원,na,2
2026-06-24_유안타증권_삼성SDI,2026-06-24,유안타증권,삼성SDI,소형,소형,2025,4Q,매출,977,십억원,na,2
2026-06-24_유안타증권_삼성SDI,2026-06-24,유안타증권,삼성SDI,소형,소형,2026,1Q,매출,1067,십억원,na,2
2026-06-24_유안타증권_삼성SDI,2026-06-24,유안타증권,삼성SDI,소형,소형,2026,2Q,매출,1149,십억원,na,2
2026-06-24_유안타증권_삼성SDI,2026-06-24,유안타증권,삼성SDI,소형,소형,2026,3Q,매출,1155,십억원,na,2
2026-06-24_유안타증권_삼성SDI,2026-06-24,유안타증권,삼성SDI,소형,소형,2026,4Q,매출,1077,십억원,na,2
2026-06-24_유안타증권_삼성SDI,2026-06-24,유안타증권,삼성SDI,ESS,ESS,2025,1Q,매출,465,십억원,na,2
2026-06-24_유안타증권_삼성SDI,2026-06-24,유안타증권,삼성SDI,ESS,ESS,2025,2Q,매출,439,십억원,na,2
2026-06-24_유안타증권_삼성SDI,2026-06-24,유안타증권,삼성SDI,ESS,ESS,2025,3Q,매출,705,십억원,na,2
2026-06-24_유안타증권_삼성SDI,2026-06-24,유안타증권,삼성SDI,ESS,ESS,2025,4Q,매출,1058,십억원,na,2
2026-06-24_유안타증권_삼성SDI,2026-06-24,유안타증권,삼성SDI,ESS,ESS,2026,1Q,매출,908,십억원,na,2
2026-06-24_유안타증권_삼성SDI,2026-06-24,유안타증권,삼성SDI,ESS,ESS,2026,2Q,매출,950,십억원,na,2
2026-06-24_유안타증권_삼성SDI,2026-06-24,유안타증권,삼성SDI,ESS,ESS,2026,3Q,매출,1100,십억원,na,2
2026-06-24_유안타증권_삼성SDI,2026-06-24,유안타증권,삼성SDI,ESS,ESS,2026,4Q,매출,1425,십억원,na,2
2026-06-24_유안타증권_삼성SDI,2026-06-24,유안타증권,삼성SDI,EV,EV,2025,1Q,매출,1608,십억원,na,2
2026-06-24_유안타증권_삼성SDI,2026-06-24,유안타증권,삼성SDI,EV,EV,2025,2Q,매출,1350,십억원,na,2
2026-06-24_유안타증권_삼성SDI,2026-06-24,유안타증권,삼성SDI,EV,EV,2025,3Q,매출,1128,십억원,na,2
2026-06-24_유안타증권_삼성SDI,2026-06-24,유안타증권,삼성SDI,EV,EV,2025,4Q,매출,1587,십억원,na,2
2026-06-24_유안타증권_삼성SDI,2026-06-24,유안타증권,삼성SDI,EV,EV,2026,1Q,매출,1379,십억원,na,2
2026-06-24_유안타증권_삼성SDI,2026-06-24,유안타증권,삼성SDI,EV,EV,2026,2Q,매출,1401,십억원,na,2
2026-06-24_유안타증권_삼성SDI,2026-06-24,유안타증권,삼성SDI,EV,EV,2026,3Q,매출,1481,십억원,na,2
2026-06-24_유안타증권_삼성SDI,2026-06-24,유안타증권,삼성SDI,EV,EV,2026,4Q,매출,1945,십억원,na,2
2026-06-24_유안타증권_삼성SDI,2026-06-24,유안타증권,삼성SDI,전자재료,전자재료,2025,1Q,매출,196,십억원,na,2
2026-06-24_유안타증권_삼성SDI,2026-06-24,유안타증권,삼성SDI,전자재료,전자재료,2025,2Q,매출,219,십억원,na,2
2026-06-24_유안타증권_삼성SDI,2026-06-24,유안타증권,삼성SDI,전자재료,전자재료,2025,3Q,매출,232,십억원,na,2
2026-06-24_유안타증권_삼성SDI,2026-06-24,유안타증권,삼성SDI,전자재료,전자재료,2025,4Q,매출,237,십억원,na,2
2026-06-24_유안타증권_삼성SDI,2026-06-24,유안타증권,삼성SDI,전자재료,전자재료,2026,1Q,매출,222,십억원,na,2
2026-06-24_유안타증권_삼성SDI,2026-06-24,유안타증권,삼성SDI,전자재료,전자재료,2026,2Q,매출,225,십억원,na,2
2026-06-24_유안타증권_삼성SDI,2026-06-24,유안타증권,삼성SDI,전자재료,전자재료,2026,3Q,매출,234,십억원,na,2
2026-06-24_유안타증권_삼성SDI,2026-06-24,유안타증권,삼성SDI,전자재료,전자재료,2026,4Q,매출,233,십억원,na,2
2026-06-24_유안타증권_삼성SDI,2026-06-24,유안타증권,삼성SDI,전사,전사,2025,1Q,매출,3177,십억원,na,2
2026-06-24_유안타증권_삼성SDI,2026-06-24,유안타증권,삼성SDI,전사,전사,2025,2Q,매출,3179,십억원,na,2
2026-06-24_유안타증권_삼성SDI,2026-06-24,유안타증권,삼성SDI,전사,전사,2025,3Q,매출,3052,십억원,na,2
2026-06-24_유안타증권_삼성SDI,2026-06-24,유안타증권,삼성SDI,전사,전사,2025,4Q,매출,3859,십억원,na,2
2026-06-24_유안타증권_삼성SDI,2026-06-24,유안타증권,삼성SDI,전사,전사,2026,1Q,매출,3576,십억원,na,2
2026-06-24_유안타증권_삼성SDI,2026-06-24,유안타증권,삼성SDI,전사,전사,2026,2Q,매출,3725,십억원,na,2
2026-06-24_유안타증권_삼성SDI,2026-06-24,유안타증권,삼성SDI,전사,전사,2026,3Q,매출,3970,십억원,na,2
2026-06-24_유안타증권_삼성SDI,2026-06-24,유안타증권,삼성SDI,전사,전사,2026,4Q,매출,4680,십억원,na,2
2026-06-24_유안타증권_삼성SDI,2026-06-24,유안타증권,삼성SDI,소형,소형,2025,1Q,영업이익,-281,십억원,excl,2
2026-06-24_유안타증권_삼성SDI,2026-06-24,유안타증권,삼성SDI,소형,소형,2025,2Q,영업이익,-73,십억원,excl,2
2026-06-24_유안타증권_삼성SDI,2026-06-24,유안타증권,삼성SDI,소형,소형,2025,3Q,영업이익,-69,십억원,excl,2
2026-06-24_유안타증권_삼성SDI,2026-06-24,유안타증권,삼성SDI,소형,소형,2025,4Q,영업이익,-137,십억원,excl,2
2026-06-24_유안타증권_삼성SDI,2026-06-24,유안타증권,삼성SDI,소형,소형,2026,1Q,영업이익,-220,십억원,excl,2
2026-06-24_유안타증권_삼성SDI,2026-06-24,유안타증권,삼성SDI,소형,소형,2026,2Q,영업이익,-205,십억원,excl,2
2026-06-24_유안타증권_삼성SDI,2026-06-24,유안타증권,삼성SDI,소형,소형,2026,3Q,영업이익,-114,십억원,excl,2
2026-06-24_유안타증권_삼성SDI,2026-06-24,유안타증권,삼성SDI,소형,소형,2026,4Q,영업이익,-120,십억원,excl,2
2026-06-24_유안타증권_삼성SDI,2026-06-24,유안타증권,삼성SDI,중대형,중대형,2025,1Q,영업이익,-280,십억원,excl,2
2026-06-24_유안타증권_삼성SDI,2026-06-24,유안타증권,삼성SDI,중대형,중대형,2025,2Q,영업이익,-424,십억원,excl,2
2026-06-24_유안타증권_삼성SDI,2026-06-24,유안타증권,삼성SDI,중대형,중대형,2025,3Q,영업이익,-581,십억원,excl,2
2026-06-24_유안타증권_삼성SDI,2026-06-24,유안타증권,삼성SDI,중대형,중대형,2025,4Q,영업이익,-281,십억원,excl,2
2026-06-24_유안타증권_삼성SDI,2026-06-24,유안타증권,삼성SDI,중대형,중대형,2026,1Q,영업이익,-38,십억원,excl,2
2026-06-24_유안타증권_삼성SDI,2026-06-24,유안타증권,삼성SDI,중대형,중대형,2026,2Q,영업이익,-5,십억원,excl,2
2026-06-24_유안타증권_삼성SDI,2026-06-24,유안타증권,삼성SDI,중대형,중대형,2026,3Q,영업이익,-20,십억원,excl,2
2026-06-24_유안타증권_삼성SDI,2026-06-24,유안타증권,삼성SDI,중대형,중대형,2026,4Q,영업이익,-149,십억원,excl,2
2026-06-24_유안타증권_삼성SDI,2026-06-24,유안타증권,삼성SDI,전자재료,전자재료,2025,1Q,영업이익,18,십억원,excl,2
2026-06-24_유안타증권_삼성SDI,2026-06-24,유안타증권,삼성SDI,전자재료,전자재료,2025,2Q,영업이익,33,십억원,excl,2
2026-06-24_유안타증권_삼성SDI,2026-06-24,유안타증권,삼성SDI,전자재료,전자재료,2025,3Q,영업이익,39,십억원,excl,2
2026-06-24_유안타증권_삼성SDI,2026-06-24,유안타증권,삼성SDI,전자재료,전자재료,2025,4Q,영업이익,39,십억원,excl,2
2026-06-24_유안타증권_삼성SDI,2026-06-24,유안타증권,삼성SDI,전자재료,전자재료,2026,1Q,영업이익,21,십억원,excl,2
2026-06-24_유안타증권_삼성SDI,2026-06-24,유안타증권,삼성SDI,전자재료,전자재료,2026,2Q,영업이익,40,십억원,excl,2
2026-06-24_유안타증권_삼성SDI,2026-06-24,유안타증권,삼성SDI,전자재료,전자재료,2026,3Q,영업이익,39,십억원,excl,2
2026-06-24_유안타증권_삼성SDI,2026-06-24,유안타증권,삼성SDI,전자재료,전자재료,2026,4Q,영업이익,37,십억원,excl,2
2026-06-24_유안타증권_삼성SDI,2026-06-24,유안타증권,삼성SDI,전사,전사,2025,1Q,영업이익,-434,십억원,incl,2
2026-06-24_유안타증권_삼성SDI,2026-06-24,유안타증권,삼성SDI,전사,전사,2025,2Q,영업이익,-398,십억원,incl,2
2026-06-24_유안타증권_삼성SDI,2026-06-24,유안타증권,삼성SDI,전사,전사,2025,3Q,영업이익,-591,십억원,incl,2
2026-06-24_유안타증권_삼성SDI,2026-06-24,유안타증권,삼성SDI,전사,전사,2025,4Q,영업이익,-299,십억원,incl,2
2026-06-24_유안타증권_삼성SDI,2026-06-24,유안타증권,삼성SDI,전사,전사,2026,1Q,영업이익,-156,십억원,incl,2
2026-06-24_유안타증권_삼성SDI,2026-06-24,유안타증권,삼성SDI,전사,전사,2026,2Q,영업이익,-75,십억원,incl,2
2026-06-24_유안타증권_삼성SDI,2026-06-24,유안타증권,삼성SDI,전사,전사,2026,3Q,영업이익,10,십억원,incl,2
2026-06-24_유안타증권_삼성SDI,2026-06-24,유안타증권,삼성SDI,전사,전사,2026,4Q,영업이익,120,십억원,incl,2
2026-06-24_유안타증권_삼성SDI,2026-06-24,유안타증권,삼성SDI,AMPC,전사,2025,1Q,AMPC,109,십억원,na,2
2026-06-24_유안타증권_삼성SDI,2026-06-24,유안타증권,삼성SDI,AMPC,전사,2025,2Q,AMPC,66,십억원,na,2
2026-06-24_유안타증권_삼성SDI,2026-06-24,유안타증권,삼성SDI,AMPC,전사,2025,3Q,AMPC,20,십억원,na,2
2026-06-24_유안타증권_삼성SDI,2026-06-24,유안타증권,삼성SDI,AMPC,전사,2025,4Q,AMPC,80,십억원,na,2
2026-06-24_유안타증권_삼성SDI,2026-06-24,유안타증권,삼성SDI,AMPC,전사,2026,1Q,AMPC,81,십억원,na,2
2026-06-24_유안타증권_삼성SDI,2026-06-24,유안타증권,삼성SDI,AMPC,전사,2026,2Q,AMPC,95,십억원,na,2
2026-06-24_유안타증권_삼성SDI,2026-06-24,유안타증권,삼성SDI,AMPC,전사,2026,3Q,AMPC,105,십억원,na,2
2026-06-24_유안타증권_삼성SDI,2026-06-24,유안타증권,삼성SDI,AMPC,전사,2026,4Q,AMPC,352,십억원,na,2
2026-06-24_유안타증권_삼성SDI,2026-06-24,유안타증권,삼성SDI,소형,소형,2025,FY,매출,4044,십억원,na,2
2026-06-24_유안타증권_삼성SDI,2026-06-24,유안타증권,삼성SDI,소형,소형,2026,FY,매출,4448,십억원,na,2
2026-06-24_유안타증권_삼성SDI,2026-06-24,유안타증권,삼성SDI,소형,소형,2027,FY,매출,4759,십억원,na,2
2026-06-24_유안타증권_삼성SDI,2026-06-24,유안타증권,삼성SDI,소형,소형,2028,FY,매출,5092,십억원,na,2
2026-06-24_유안타증권_삼성SDI,2026-06-24,유안타증권,삼성SDI,ESS,ESS,2025,FY,매출,2667,십억원,na,2
2026-06-24_유안타증권_삼성SDI,2026-06-24,유안타증권,삼성SDI,ESS,ESS,2026,FY,매출,4383,십억원,na,2
2026-06-24_유안타증권_삼성SDI,2026-06-24,유안타증권,삼성SDI,ESS,ESS,2027,FY,매출,6900,십억원,na,2
2026-06-24_유안타증권_삼성SDI,2026-06-24,유안타증권,삼성SDI,ESS,ESS,2028,FY,매출,9200,십억원,na,2
2026-06-24_유안타증권_삼성SDI,2026-06-24,유안타증권,삼성SDI,EV,EV,2025,FY,매출,5673,십억원,na,2
2026-06-24_유안타증권_삼성SDI,2026-06-24,유안타증권,삼성SDI,EV,EV,2026,FY,매출,6206,십억원,na,2
2026-06-24_유안타증권_삼성SDI,2026-06-24,유안타증권,삼성SDI,EV,EV,2027,FY,매출,7643,십억원,na,2
2026-06-24_유안타증권_삼성SDI,2026-06-24,유안타증권,삼성SDI,EV,EV,2028,FY,매출,9450,십억원,na,2
2026-06-24_유안타증권_삼성SDI,2026-06-24,유안타증권,삼성SDI,전자재료,전자재료,2025,FY,매출,883,십억원,na,2
2026-06-24_유안타증권_삼성SDI,2026-06-24,유안타증권,삼성SDI,전자재료,전자재료,2026,FY,매출,914,십억원,na,2
2026-06-24_유안타증권_삼성SDI,2026-06-24,유안타증권,삼성SDI,전자재료,전자재료,2027,FY,매출,938,십억원,na,2
2026-06-24_유안타증권_삼성SDI,2026-06-24,유안타증권,삼성SDI,전자재료,전자재료,2028,FY,매출,948,십억원,na,2
2026-06-24_유안타증권_삼성SDI,2026-06-24,유안타증권,삼성SDI,전사,전사,2025,FY,매출,13267,십억원,na,2
2026-06-24_유안타증권_삼성SDI,2026-06-24,유안타증권,삼성SDI,전사,전사,2026,FY,매출,15951,십억원,na,2
2026-06-24_유안타증권_삼성SDI,2026-06-24,유안타증권,삼성SDI,전사,전사,2027,FY,매출,20240,십억원,na,2
2026-06-24_유안타증권_삼성SDI,2026-06-24,유안타증권,삼성SDI,전사,전사,2028,FY,매출,24690,십억원,na,2
2026-06-24_유안타증권_삼성SDI,2026-06-24,유안타증권,삼성SDI,소형,소형,2025,FY,영업이익,-560,십억원,excl,2
2026-06-24_유안타증권_삼성SDI,2026-06-24,유안타증권,삼성SDI,소형,소형,2026,FY,영업이익,-659,십억원,excl,2
2026-06-24_유안타증권_삼성SDI,2026-06-24,유안타증권,삼성SDI,소형,소형,2027,FY,영업이익,80,십억원,excl,2
2026-06-24_유안타증권_삼성SDI,2026-06-24,유안타증권,삼성SDI,소형,소형,2028,FY,영업이익,153,십억원,excl,2
2026-06-24_유안타증권_삼성SDI,2026-06-24,유안타증권,삼성SDI,중대형,중대형,2025,FY,영업이익,-1566,십억원,excl,2
2026-06-24_유안타증권_삼성SDI,2026-06-24,유안타증권,삼성SDI,중대형,중대형,2026,FY,영업이익,-212,십억원,excl,2
2026-06-24_유안타증권_삼성SDI,2026-06-24,유안타증권,삼성SDI,중대형,중대형,2027,FY,영업이익,-552,십억원,excl,2
2026-06-24_유안타증권_삼성SDI,2026-06-24,유안타증권,삼성SDI,중대형,중대형,2028,FY,영업이익,-410,십억원,excl,2
2026-06-24_유안타증권_삼성SDI,2026-06-24,유안타증권,삼성SDI,전자재료,전자재료,2025,FY,영업이익,129,십억원,excl,2
2026-06-24_유안타증권_삼성SDI,2026-06-24,유안타증권,삼성SDI,전자재료,전자재료,2026,FY,영업이익,137,십억원,excl,2
2026-06-24_유안타증권_삼성SDI,2026-06-24,유안타증권,삼성SDI,전자재료,전자재료,2027,FY,영업이익,138,십억원,excl,2
2026-06-24_유안타증권_삼성SDI,2026-06-24,유안타증권,삼성SDI,전자재료,전자재료,2028,FY,영업이익,140,십억원,excl,2
2026-06-24_유안타증권_삼성SDI,2026-06-24,유안타증권,삼성SDI,전사,전사,2025,FY,영업이익,-1722,십억원,incl,2
2026-06-24_유안타증권_삼성SDI,2026-06-24,유안타증권,삼성SDI,전사,전사,2026,FY,영업이익,-101,십억원,incl,2
2026-06-24_유안타증권_삼성SDI,2026-06-24,유안타증권,삼성SDI,전사,전사,2027,FY,영업이익,1200,십억원,incl,2
2026-06-24_유안타증권_삼성SDI,2026-06-24,유안타증권,삼성SDI,전사,전사,2028,FY,영업이익,1800,십억원,incl,2
2026-06-24_유안타증권_삼성SDI,2026-06-24,유안타증권,삼성SDI,AMPC,전사,2025,FY,AMPC,275,십억원,na,2
2026-06-24_유안타증권_삼성SDI,2026-06-24,유안타증권,삼성SDI,AMPC,전사,2026,FY,AMPC,633,십억원,na,2
2026-06-24_유안타증권_삼성SDI,2026-06-24,유안타증권,삼성SDI,AMPC,전사,2027,FY,AMPC,1534,십억원,na,2
2026-06-24_유안타증권_삼성SDI,2026-06-24,유안타증권,삼성SDI,AMPC,전사,2028,FY,AMPC,1917,십억원,na,2
2026-06-24_유안타증권_삼성SDI,2026-06-24,유안타증권,삼성SDI,전사,전사,2024,FY,매출,16592,십억원,na,3
2026-06-24_유안타증권_삼성SDI,2026-06-24,유안타증권,삼성SDI,전사,전사,2024,FY,영업이익,363,십억원,incl,3
2026-06-25_NH투자증권_LGES,2026-06-25,NH투자증권,LGES,전사,전사,2024,FY,매출,27100,십억원,excl,2
2026-06-25_NH투자증권_LGES,2026-06-25,NH투자증권,LGES,전사,전사,2024,FY,영업이익,575,십억원,incl,2
2026-06-25_NH투자증권_LGES,2026-06-25,NH투자증권,LGES,전사,전사,2025,2Q,매출,5598,십억원,excl,1
2026-06-25_NH투자증권_LGES,2026-06-25,NH투자증권,LGES,전사,전사,2025,2Q,영업이익,34,십억원,incl,1
2026-06-25_NH투자증권_LGES,2026-06-25,NH투자증권,LGES,전사,전사,2025,3Q,매출,6065,십억원,excl,1
2026-06-25_NH투자증권_LGES,2026-06-25,NH투자증권,LGES,전사,전사,2025,3Q,영업이익,601,십억원,incl,1
2026-06-25_NH투자증권_LGES,2026-06-25,NH투자증권,LGES,전사,전사,2025,4Q,매출,6474,십억원,excl,1
2026-06-25_NH투자증권_LGES,2026-06-25,NH투자증권,LGES,전사,전사,2025,4Q,영업이익,-122,십억원,incl,1
2026-06-25_NH투자증권_LGES,2026-06-25,NH투자증권,LGES,전사,전사,2025,FY,매출,25319,십억원,excl,6
2026-06-25_NH투자증권_LGES,2026-06-25,NH투자증권,LGES,전사,전사,2025,FY,영업이익,1346,십억원,incl,6
2026-06-25_NH투자증권_LGES,2026-06-25,NH투자증권,LGES,본 영업이익,전사,2025,FY,영업이익,-301,십억원,excl,6
2026-06-25_NH투자증권_LGES,2026-06-25,NH투자증권,LGES,전사,전사,2025,FY,AMPC,1647,십억원,na,6
2026-06-25_NH투자증권_LGES,2026-06-25,NH투자증권,LGES,자동차,EV,2025,FY,매출,14461,십억원,excl,6
2026-06-25_NH투자증권_LGES,2026-06-25,NH투자증권,LGES,자동차(AMPC포함),EV,2025,FY,영업이익,817,십억원,incl,6
2026-06-25_NH투자증권_LGES,2026-06-25,NH투자증권,LGES,자동차(AMPC제외),EV,2025,FY,영업이익,-664,십억원,excl,6
2026-06-25_NH투자증권_LGES,2026-06-25,NH투자증권,LGES,ESS,ESS,2025,FY,매출,2680,십억원,excl,6
2026-06-25_NH투자증권_LGES,2026-06-25,NH투자증권,LGES,ESS(AMPC포함),ESS,2025,FY,영업이익,59,십억원,incl,6
2026-06-25_NH투자증권_LGES,2026-06-25,NH투자증권,LGES,ESS(AMPC제외),ESS,2025,FY,영업이익,-145,십억원,excl,6
2026-06-25_NH투자증권_LGES,2026-06-25,NH투자증권,LGES,소형,소형,2025,FY,매출,7523,십억원,excl,6
2026-06-25_NH투자증권_LGES,2026-06-25,NH투자증권,LGES,소형,소형,2025,FY,영업이익,419,십억원,na,6
2026-06-25_NH투자증권_LGES,2026-06-25,NH투자증권,LGES,전사,전사,2026,1Q,매출,6555,십억원,incl_unknown,6
2026-06-25_NH투자증권_LGES,2026-06-25,NH투자증권,LGES,전사,전사,2026,1Q,영업이익,-208,십억원,incl,6
2026-06-25_NH투자증권_LGES,2026-06-25,NH투자증권,LGES,본 영업이익,전사,2026,1Q,영업이익,-398,십억원,excl,6
2026-06-25_NH투자증권_LGES,2026-06-25,NH투자증권,LGES,전사,전사,2026,1Q,AMPC,190,십억원,na,6
2026-06-25_NH투자증권_LGES,2026-06-25,NH투자증권,LGES,자동차,EV,2026,1Q,매출,2804,십억원,excl,6
2026-06-25_NH투자증권_LGES,2026-06-25,NH투자증권,LGES,자동차(AMPC포함),EV,2026,1Q,영업이익,-285,십억원,incl,6
2026-06-25_NH투자증권_LGES,2026-06-25,NH투자증권,LGES,자동차(AMPC제외),EV,2026,1Q,영업이익,-364,십억원,excl,6
2026-06-25_NH투자증권_LGES,2026-06-25,NH투자증권,LGES,ESS,ESS,2026,1Q,매출,1224,십억원,excl,6
2026-06-25_NH투자증권_LGES,2026-06-25,NH투자증권,LGES,ESS(AMPC포함),ESS,2026,1Q,영업이익,-61,십억원,incl,6
2026-06-25_NH투자증권_LGES,2026-06-25,NH투자증권,LGES,ESS(AMPC제외),ESS,2026,1Q,영업이익,-171,십억원,excl,6
2026-06-25_NH투자증권_LGES,2026-06-25,NH투자증권,LGES,소형,소형,2026,1Q,매출,2188,십억원,excl,6
2026-06-25_NH투자증권_LGES,2026-06-25,NH투자증권,LGES,소형,소형,2026,1Q,영업이익,109,십억원,na,6
2026-06-25_NH투자증권_LGES,2026-06-25,NH투자증권,LGES,전사,전사,2026,2Q,매출,7454,십억원,incl_unknown,1
2026-06-25_NH투자증권_LGES,2026-06-25,NH투자증권,LGES,전사,전사,2026,2Q,영업이익,218,십억원,incl,1
2026-06-25_NH투자증권_LGES,2026-06-25,NH투자증권,LGES,본 영업이익,전사,2026,2Q,영업이익,-67,십억원,excl,6
2026-06-25_NH투자증권_LGES,2026-06-25,NH투자증권,LGES,전사,전사,2026,2Q,AMPC,285,십억원,na,1
2026-06-25_NH투자증권_LGES,2026-06-25,NH투자증권,LGES,자동차,EV,2026,2Q,매출,2983,십억원,excl,6
2026-06-25_NH투자증권_LGES,2026-06-25,NH투자증권,LGES,자동차(AMPC포함),EV,2026,2Q,영업이익,0,십억원,incl,6
2026-06-25_NH투자증권_LGES,2026-06-25,NH투자증권,LGES,자동차(AMPC제외),EV,2026,2Q,영업이익,-119,십억원,excl,6
2026-06-25_NH투자증권_LGES,2026-06-25,NH투자증권,LGES,ESS,ESS,2026,2Q,매출,1775,십억원,excl,6
2026-06-25_NH투자증권_LGES,2026-06-25,NH투자증권,LGES,ESS(AMPC포함),ESS,2026,2Q,영업이익,277,십억원,incl,6
2026-06-25_NH투자증권_LGES,2026-06-25,NH투자증권,LGES,ESS(AMPC제외),ESS,2026,2Q,영업이익,111,십억원,excl,6
2026-06-25_NH투자증권_LGES,2026-06-25,NH투자증권,LGES,소형,소형,2026,2Q,매출,2407,십억원,excl,6
2026-06-25_NH투자증권_LGES,2026-06-25,NH투자증권,LGES,소형,소형,2026,2Q,영업이익,144,십억원,na,6
2026-06-25_NH투자증권_LGES,2026-06-25,NH투자증권,LGES,전사,전사,2026,3Q,매출,8309,십억원,incl_unknown,6
2026-06-25_NH투자증권_LGES,2026-06-25,NH투자증권,LGES,전사,전사,2026,3Q,영업이익,411,십억원,incl,6
2026-06-25_NH투자증권_LGES,2026-06-25,NH투자증권,LGES,본 영업이익,전사,2026,3Q,영업이익,17,십억원,excl,6
2026-06-25_NH투자증권_LGES,2026-06-25,NH투자증권,LGES,전사,전사,2026,3Q,AMPC,395,십억원,na,6
2026-06-25_NH투자증권_LGES,2026-06-25,NH투자증권,LGES,자동차,EV,2026,3Q,매출,3192,십억원,excl,6
2026-06-25_NH투자증권_LGES,2026-06-25,NH투자증권,LGES,자동차(AMPC포함),EV,2026,3Q,영업이익,35,십억원,incl,6
2026-06-25_NH투자증권_LGES,2026-06-25,NH투자증권,LGES,자동차(AMPC제외),EV,2026,3Q,영업이익,-128,십억원,excl,6
2026-06-25_NH투자증권_LGES,2026-06-25,NH투자증권,LGES,ESS,ESS,2026,3Q,매출,2432,십억원,excl,6
2026-06-25_NH투자증권_LGES,2026-06-25,NH투자증권,LGES,ESS(AMPC포함),ESS,2026,3Q,영업이익,220,십억원,incl,6
2026-06-25_NH투자증권_LGES,2026-06-25,NH투자증권,LGES,ESS(AMPC제외),ESS,2026,3Q,영업이익,-12,십억원,excl,6
2026-06-25_NH투자증권_LGES,2026-06-25,NH투자증권,LGES,소형,소형,2026,3Q,매출,2527,십억원,excl,6
2026-06-25_NH투자증권_LGES,2026-06-25,NH투자증권,LGES,소형,소형,2026,3Q,영업이익,152,십억원,na,6
2026-06-25_NH투자증권_LGES,2026-06-25,NH투자증권,LGES,전사,전사,2026,4Q,매출,10179,십억원,incl_unknown,6
2026-06-25_NH투자증권_LGES,2026-06-25,NH투자증권,LGES,전사,전사,2026,4Q,영업이익,705,십억원,incl,6
2026-06-25_NH투자증권_LGES,2026-06-25,NH투자증권,LGES,본 영업이익,전사,2026,4Q,영업이익,112,십억원,excl,6
2026-06-25_NH투자증권_LGES,2026-06-25,NH투자증권,LGES,전사,전사,2026,4Q,AMPC,593,십억원,na,6
2026-06-25_NH투자증권_LGES,2026-06-25,NH투자증권,LGES,자동차,EV,2026,4Q,매출,3515,십억원,excl,6
2026-06-25_NH투자증권_LGES,2026-06-25,NH투자증권,LGES,자동차(AMPC포함),EV,2026,4Q,영업이익,91,십억원,incl,6
2026-06-25_NH투자증권_LGES,2026-06-25,NH투자증권,LGES,자동차(AMPC제외),EV,2026,4Q,영업이익,-138,십억원,excl,6
2026-06-25_NH투자증권_LGES,2026-06-25,NH투자증권,LGES,ESS,ESS,2026,4Q,매출,3421,십억원,excl,6
2026-06-25_NH투자증권_LGES,2026-06-25,NH투자증권,LGES,ESS(AMPC포함),ESS,2026,4Q,영업이익,259,십억원,incl,6
2026-06-25_NH투자증권_LGES,2026-06-25,NH투자증권,LGES,ESS(AMPC제외),ESS,2026,4Q,영업이익,-105,십억원,excl,6
2026-06-25_NH투자증권_LGES,2026-06-25,NH투자증권,LGES,소형,소형,2026,4Q,매출,2567,십억원,excl,6
2026-06-25_NH투자증권_LGES,2026-06-25,NH투자증권,LGES,소형,소형,2026,4Q,영업이익,157,십억원,na,6
2026-06-25_NH투자증권_LGES,2026-06-25,NH투자증권,LGES,전사,전사,2026,FY,매출,32497,십억원,incl_unknown,6
2026-06-25_NH투자증권_LGES,2026-06-25,NH투자증권,LGES,전사,전사,2026,FY,영업이익,1126,십억원,incl,6
2026-06-25_NH투자증권_LGES,2026-06-25,NH투자증권,LGES,본 영업이익,전사,2026,FY,영업이익,-336,십억원,excl,6
2026-06-25_NH투자증권_LGES,2026-06-25,NH투자증권,LGES,전사,전사,2026,FY,AMPC,1462,십억원,na,6
2026-06-25_NH투자증권_LGES,2026-06-25,NH투자증권,LGES,자동차,EV,2026,FY,매출,12494,십억원,excl,6
2026-06-25_NH투자증권_LGES,2026-06-25,NH투자증권,LGES,자동차(AMPC포함),EV,2026,FY,영업이익,-160,십억원,incl,6
2026-06-25_NH투자증권_LGES,2026-06-25,NH투자증권,LGES,자동차(AMPC제외),EV,2026,FY,영업이익,-750,십억원,excl,6
2026-06-25_NH투자증권_LGES,2026-06-25,NH투자증권,LGES,ESS,ESS,2026,FY,매출,8852,십억원,excl,6
2026-06-25_NH투자증권_LGES,2026-06-25,NH투자증권,LGES,ESS(AMPC포함),ESS,2026,FY,영업이익,695,십억원,incl,6
2026-06-25_NH투자증권_LGES,2026-06-25,NH투자증권,LGES,ESS(AMPC제외),ESS,2026,FY,영업이익,-177,십억원,excl,6
2026-06-25_NH투자증권_LGES,2026-06-25,NH투자증권,LGES,소형,소형,2026,FY,매출,9689,십억원,excl,6
2026-06-25_NH투자증권_LGES,2026-06-25,NH투자증권,LGES,소형,소형,2026,FY,영업이익,562,십억원,na,6
2026-06-25_NH투자증권_LGES,2026-06-25,NH투자증권,LGES,전사,전사,2027,1Q,매출,8212,십억원,incl_unknown,6
2026-06-25_NH투자증권_LGES,2026-06-25,NH투자증권,LGES,전사,전사,2027,1Q,영업이익,694,십억원,incl,6
2026-06-25_NH투자증권_LGES,2026-06-25,NH투자증권,LGES,본 영업이익,전사,2027,1Q,영업이익,25,십억원,excl,6
2026-06-25_NH투자증권_LGES,2026-06-25,NH투자증권,LGES,전사,전사,2027,1Q,AMPC,670,십억원,na,6
2026-06-25_NH투자증권_LGES,2026-06-25,NH투자증권,LGES,자동차,EV,2027,1Q,매출,3163,십억원,excl,6
2026-06-25_NH투자증권_LGES,2026-06-25,NH투자증권,LGES,자동차(AMPC포함),EV,2027,1Q,영업이익,85,십억원,incl,6
2026-06-25_NH투자증권_LGES,2026-06-25,NH투자증권,LGES,자동차(AMPC제외),EV,2027,1Q,영업이익,-221,십억원,excl,6
2026-06-25_NH투자증권_LGES,2026-06-25,NH투자증권,LGES,ESS,ESS,2027,1Q,매출,3079,십억원,excl,6
2026-06-25_NH투자증권_LGES,2026-06-25,NH투자증권,LGES,ESS(AMPC포함),ESS,2027,1Q,영업이익,487,십억원,incl,6
2026-06-25_NH투자증권_LGES,2026-06-25,NH투자증권,LGES,ESS(AMPC제외),ESS,2027,1Q,영업이익,123,십억원,excl,6
2026-06-25_NH투자증권_LGES,2026-06-25,NH투자증권,LGES,소형,소형,2027,1Q,매출,2388,십억원,excl,6
2026-06-25_NH투자증권_LGES,2026-06-25,NH투자증권,LGES,소형,소형,2027,1Q,영업이익,119,십억원,na,6
2026-06-25_NH투자증권_LGES,2026-06-25,NH투자증권,LGES,전사,전사,2027,2Q,매출,9235,십억원,incl_unknown,6
2026-06-25_NH투자증권_LGES,2026-06-25,NH투자증권,LGES,전사,전사,2027,2Q,영업이익,879,십억원,incl,6
2026-06-25_NH투자증권_LGES,2026-06-25,NH투자증권,LGES,본 영업이익,전사,2027,2Q,영업이익,139,십억원,excl,6
2026-06-25_NH투자증권_LGES,2026-06-25,NH투자증권,LGES,전사,전사,2027,2Q,AMPC,740,십억원,na,6
2026-06-25_NH투자증권_LGES,2026-06-25,NH투자증권,LGES,자동차,EV,2027,2Q,매출,3321,십억원,excl,6
2026-06-25_NH투자증권_LGES,2026-06-25,NH투자증권,LGES,자동차(AMPC포함),EV,2027,2Q,영업이익,148,십억원,incl,6
2026-06-25_NH투자증권_LGES,2026-06-25,NH투자증권,LGES,자동차(AMPC제외),EV,2027,2Q,영업이익,-199,십억원,excl,6
2026-06-25_NH투자증권_LGES,2026-06-25,NH투자증권,LGES,ESS,ESS,2027,2Q,매출,3171,십억원,excl,6
2026-06-25_NH투자증권_LGES,2026-06-25,NH투자증권,LGES,ESS(AMPC포함),ESS,2027,2Q,영업이익,583,십억원,incl,6
2026-06-25_NH투자증권_LGES,2026-06-25,NH투자증권,LGES,ESS(AMPC제외),ESS,2027,2Q,영업이익,190,십억원,excl,6
2026-06-25_NH투자증권_LGES,2026-06-25,NH투자증권,LGES,소형,소형,2027,2Q,매출,2435,십억원,excl,6
2026-06-25_NH투자증권_LGES,2026-06-25,NH투자증권,LGES,소형,소형,2027,2Q,영업이익,146,십억원,na,6
2026-06-25_NH투자증권_LGES,2026-06-25,NH투자증권,LGES,전사,전사,2027,3Q,매출,10329,십억원,incl_unknown,6
2026-06-25_NH투자증권_LGES,2026-06-25,NH투자증권,LGES,전사,전사,2027,3Q,영업이익,1137,십억원,incl,6
2026-06-25_NH투자증권_LGES,2026-06-25,NH투자증권,LGES,본 영업이익,전사,2027,3Q,영업이익,186,십억원,excl,6
2026-06-25_NH투자증권_LGES,2026-06-25,NH투자증권,LGES,전사,전사,2027,3Q,AMPC,951,십억원,na,6
2026-06-25_NH투자증권_LGES,2026-06-25,NH투자증권,LGES,자동차,EV,2027,3Q,매출,3554,십억원,excl,6
2026-06-25_NH투자증권_LGES,2026-06-25,NH투자증권,LGES,자동차(AMPC포함),EV,2027,3Q,영업이익,322,십억원,incl,6
2026-06-25_NH투자증권_LGES,2026-06-25,NH투자증권,LGES,자동차(AMPC제외),EV,2027,3Q,영업이익,-178,십억원,excl,6
2026-06-25_NH투자증권_LGES,2026-06-25,NH투자증권,LGES,ESS,ESS,2027,3Q,매출,3330,십억원,excl,6
2026-06-25_NH투자증권_LGES,2026-06-25,NH투자증권,LGES,ESS(AMPC포함),ESS,2027,3Q,영업이익,668,십억원,incl,6
2026-06-25_NH투자증권_LGES,2026-06-25,NH투자증권,LGES,ESS(AMPC제외),ESS,2027,3Q,영업이익,216,십억원,excl,6
2026-06-25_NH투자증권_LGES,2026-06-25,NH투자증권,LGES,소형,소형,2027,3Q,매출,2508,십억원,excl,6
2026-06-25_NH투자증권_LGES,2026-06-25,NH투자증권,LGES,소형,소형,2027,3Q,영업이익,151,십억원,na,6
2026-06-25_NH투자증권_LGES,2026-06-25,NH투자증권,LGES,전사,전사,2027,4Q,매출,12522,십억원,incl_unknown,6
2026-06-25_NH투자증권_LGES,2026-06-25,NH투자증권,LGES,전사,전사,2027,4Q,영업이익,1476,십억원,incl,6
2026-06-25_NH투자증권_LGES,2026-06-25,NH투자증권,LGES,본 영업이익,전사,2027,4Q,영업이익,313,십억원,excl,6
2026-06-25_NH투자증권_LGES,2026-06-25,NH투자증권,LGES,전사,전사,2027,4Q,AMPC,1163,십억원,na,6
2026-06-25_NH투자증권_LGES,2026-06-25,NH투자증권,LGES,자동차,EV,2027,4Q,매출,3822,십억원,excl,6
2026-06-25_NH투자증권_LGES,2026-06-25,NH투자증권,LGES,자동차(AMPC포함),EV,2027,4Q,영업이익,574,십억원,incl,6
2026-06-25_NH투자증권_LGES,2026-06-25,NH투자증권,LGES,자동차(AMPC제외),EV,2027,4Q,영업이익,-95,십억원,excl,6
2026-06-25_NH투자증권_LGES,2026-06-25,NH투자증권,LGES,ESS,ESS,2027,4Q,매출,3437,십억원,excl,6
2026-06-25_NH투자증권_LGES,2026-06-25,NH투자증권,LGES,ESS(AMPC포함),ESS,2027,4Q,영업이익,746,십억원,incl,6
2026-06-25_NH투자증권_LGES,2026-06-25,NH투자증권,LGES,ESS(AMPC제외),ESS,2027,4Q,영업이익,251,십억원,excl,6
2026-06-25_NH투자증권_LGES,2026-06-25,NH투자증권,LGES,소형,소형,2027,4Q,매출,2566,십억원,excl,6
2026-06-25_NH투자증권_LGES,2026-06-25,NH투자증권,LGES,소형,소형,2027,4Q,영업이익,158,십억원,na,6
2026-06-25_NH투자증권_LGES,2026-06-25,NH투자증권,LGES,전사,전사,2027,FY,매출,40298,십억원,incl_unknown,6
2026-06-25_NH투자증권_LGES,2026-06-25,NH투자증권,LGES,전사,전사,2027,FY,영업이익,4186,십억원,incl,6
2026-06-25_NH투자증권_LGES,2026-06-25,NH투자증권,LGES,본 영업이익,전사,2027,FY,영업이익,662,십억원,excl,6
2026-06-25_NH투자증권_LGES,2026-06-25,NH투자증권,LGES,전사,전사,2027,FY,AMPC,3524,십억원,na,6
2026-06-25_NH투자증권_LGES,2026-06-25,NH투자증권,LGES,자동차,EV,2027,FY,매출,13860,십억원,excl,6
2026-06-25_NH투자증권_LGES,2026-06-25,NH투자증권,LGES,자동차(AMPC포함),EV,2027,FY,영업이익,1129,십억원,incl,6
2026-06-25_NH투자증권_LGES,2026-06-25,NH투자증권,LGES,자동차(AMPC제외),EV,2027,FY,영업이익,-693,십억원,excl,6
2026-06-25_NH투자증권_LGES,2026-06-25,NH투자증권,LGES,ESS,ESS,2027,FY,매출,13017,십억원,excl,6
2026-06-25_NH투자증권_LGES,2026-06-25,NH투자증권,LGES,ESS(AMPC포함),ESS,2027,FY,영업이익,2483,십억원,incl,6
2026-06-25_NH투자증권_LGES,2026-06-25,NH투자증권,LGES,ESS(AMPC제외),ESS,2027,FY,영업이익,781,십억원,excl,6
2026-06-25_NH투자증권_LGES,2026-06-25,NH투자증권,LGES,소형,소형,2027,FY,매출,9897,십억원,excl,6
2026-06-25_NH투자증권_LGES,2026-06-25,NH투자증권,LGES,소형,소형,2027,FY,영업이익,574,십억원,na,6
2026-06-25_NH투자증권_LGES,2026-06-25,NH투자증권,LGES,전사,전사,2028,FY,매출,50628,십억원,incl_unknown,1
2026-06-25_NH투자증권_LGES,2026-06-25,NH투자증권,LGES,전사,전사,2028,FY,영업이익,7251,십억원,incl,1
2026-06-25_NH투자증권_삼성SDI,2026-06-25,NH투자증권,삼성SDI,연결,전사,2025,2Q,매출,3179,십억원,excl,1
2026-06-25_NH투자증권_삼성SDI,2026-06-25,NH투자증권,삼성SDI,연결,전사,2025,2Q,영업이익,-398,십억원,incl,1
2026-06-25_NH투자증권_삼성SDI,2026-06-25,NH투자증권,삼성SDI,연결,전사,2025,3Q,매출,3052,십억원,excl,1
2026-06-25_NH투자증권_삼성SDI,2026-06-25,NH투자증권,삼성SDI,연결,전사,2025,3Q,영업이익,-591,십억원,incl,1
2026-06-25_NH투자증권_삼성SDI,2026-06-25,NH투자증권,삼성SDI,연결,전사,2025,4Q,매출,3859,십억원,excl,1
2026-06-25_NH투자증권_삼성SDI,2026-06-25,NH투자증권,삼성SDI,연결,전사,2025,4Q,영업이익,-299,십억원,incl,1
2026-06-25_NH투자증권_삼성SDI,2026-06-25,NH투자증권,삼성SDI,연결,전사,2026,1Q,매출,3576,십억원,excl,1
2026-06-25_NH투자증권_삼성SDI,2026-06-25,NH투자증권,삼성SDI,연결,전사,2026,1Q,영업이익,-156,십억원,incl,1
2026-06-25_NH투자증권_삼성SDI,2026-06-25,NH투자증권,삼성SDI,연결,전사,2026,2Q,매출,3657,십억원,excl,1
2026-06-25_NH투자증권_삼성SDI,2026-06-25,NH투자증권,삼성SDI,연결,전사,2026,2Q,영업이익,32,십억원,incl,1
2026-06-25_NH투자증권_삼성SDI,2026-06-25,NH투자증권,삼성SDI,연결,전사,2026,3Q,매출,4300,십억원,excl,1
2026-06-25_NH투자증권_삼성SDI,2026-06-25,NH투자증권,삼성SDI,연결,전사,2026,3Q,영업이익,219,십억원,incl,1
2026-06-25_NH투자증권_삼성SDI,2026-06-25,NH투자증권,삼성SDI,연결,전사,2026,4Q,매출,5217,십억원,excl,4
2026-06-25_NH투자증권_삼성SDI,2026-06-25,NH투자증권,삼성SDI,연결,전사,2026,4Q,영업이익,335,십억원,incl,4
2026-06-25_NH투자증권_삼성SDI,2026-06-25,NH투자증권,삼성SDI,연결,전사,2027,1Q,매출,4335,십억원,excl,4
2026-06-25_NH투자증권_삼성SDI,2026-06-25,NH투자증권,삼성SDI,연결,전사,2027,1Q,영업이익,104,십억원,incl,4
2026-06-25_NH투자증권_삼성SDI,2026-06-25,NH투자증권,삼성SDI,연결,전사,2027,2Q,매출,4699,십억원,excl,4
2026-06-25_NH투자증권_삼성SDI,2026-06-25,NH투자증권,삼성SDI,연결,전사,2027,2Q,영업이익,258,십억원,incl,4
2026-06-25_NH투자증권_삼성SDI,2026-06-25,NH투자증권,삼성SDI,연결,전사,2027,3Q,매출,5315,십억원,excl,4
2026-06-25_NH투자증권_삼성SDI,2026-06-25,NH투자증권,삼성SDI,연결,전사,2027,3Q,영업이익,416,십억원,incl,4
2026-06-25_NH투자증권_삼성SDI,2026-06-25,NH투자증권,삼성SDI,연결,전사,2027,4Q,매출,5799,십억원,excl,4
2026-06-25_NH투자증권_삼성SDI,2026-06-25,NH투자증권,삼성SDI,연결,전사,2027,4Q,영업이익,493,십억원,incl,4
2026-06-25_NH투자증권_삼성SDI,2026-06-25,NH투자증권,삼성SDI,연결,전사,2024,FY,매출,16592,십억원,excl,2
2026-06-25_NH투자증권_삼성SDI,2026-06-25,NH투자증권,삼성SDI,연결,전사,2024,FY,영업이익,363,십억원,incl,2
2026-06-25_NH투자증권_삼성SDI,2026-06-25,NH투자증권,삼성SDI,연결,전사,2025,FY,매출,13267,십억원,excl,4
2026-06-25_NH투자증권_삼성SDI,2026-06-25,NH투자증권,삼성SDI,연결,전사,2025,FY,영업이익,-1732,십억원,incl,4
2026-06-25_NH투자증권_삼성SDI,2026-06-25,NH투자증권,삼성SDI,연결,전사,2026,FY,매출,16751,십억원,excl,4
2026-06-25_NH투자증권_삼성SDI,2026-06-25,NH투자증권,삼성SDI,연결,전사,2026,FY,영업이익,462,십억원,incl,4
2026-06-25_NH투자증권_삼성SDI,2026-06-25,NH투자증권,삼성SDI,연결,전사,2027,FY,매출,20148,십억원,excl,4
2026-06-25_NH투자증권_삼성SDI,2026-06-25,NH투자증권,삼성SDI,연결,전사,2027,FY,영업이익,1272,십억원,incl,4
2026-06-25_NH투자증권_삼성SDI,2026-06-25,NH투자증권,삼성SDI,연결,전사,2028,FY,매출,25586,십억원,excl,4
2026-06-25_NH투자증권_삼성SDI,2026-06-25,NH투자증권,삼성SDI,연결,전사,2028,FY,영업이익,2580,십억원,incl,4
2026-06-25_NH투자증권_삼성SDI,2026-06-25,NH투자증권,삼성SDI,소형전지,소형,2026,1Q,매출,1098,십억원,excl,4
2026-06-25_NH투자증권_삼성SDI,2026-06-25,NH투자증권,삼성SDI,소형전지,소형,2026,1Q,영업이익,-99,십억원,incl,4
2026-06-25_NH투자증권_삼성SDI,2026-06-25,NH투자증권,삼성SDI,소형전지,소형,2026,2Q,매출,1184,십억원,excl,4
2026-06-25_NH투자증권_삼성SDI,2026-06-25,NH투자증권,삼성SDI,소형전지,소형,2026,2Q,영업이익,-71,십억원,incl,4
2026-06-25_NH투자증권_삼성SDI,2026-06-25,NH투자증권,삼성SDI,소형전지,소형,2026,3Q,매출,1258,십억원,excl,4
2026-06-25_NH투자증권_삼성SDI,2026-06-25,NH투자증권,삼성SDI,소형전지,소형,2026,3Q,영업이익,-13,십억원,incl,4
2026-06-25_NH투자증권_삼성SDI,2026-06-25,NH투자증권,삼성SDI,소형전지,소형,2026,4Q,매출,1393,십억원,excl,4
2026-06-25_NH투자증권_삼성SDI,2026-06-25,NH투자증권,삼성SDI,소형전지,소형,2026,4Q,영업이익,28,십억원,incl,4
2026-06-25_NH투자증권_삼성SDI,2026-06-25,NH투자증권,삼성SDI,소형전지,소형,2025,FY,매출,3716,십억원,excl,4
2026-06-25_NH투자증권_삼성SDI,2026-06-25,NH투자증권,삼성SDI,소형전지,소형,2025,FY,영업이익,-505,십억원,incl,4
2026-06-25_NH투자증권_삼성SDI,2026-06-25,NH투자증권,삼성SDI,소형전지,소형,2026,FY,매출,4932,십억원,excl,4
2026-06-25_NH투자증권_삼성SDI,2026-06-25,NH투자증권,삼성SDI,소형전지,소형,2026,FY,영업이익,-155,십억원,incl,4
2026-06-25_NH투자증권_삼성SDI,2026-06-25,NH투자증권,삼성SDI,소형전지,소형,2027,FY,매출,5443,십억원,excl,4
2026-06-25_NH투자증권_삼성SDI,2026-06-25,NH투자증권,삼성SDI,소형전지,소형,2027,FY,영업이익,194,십억원,incl,4
2026-06-25_NH투자증권_삼성SDI,2026-06-25,NH투자증권,삼성SDI,중대형전지,중대형,2026,1Q,매출,2257,십억원,excl,4
2026-06-25_NH투자증권_삼성SDI,2026-06-25,NH투자증권,삼성SDI,중대형전지,중대형,2026,1Q,영업이익,-122,십억원,incl,4
2026-06-25_NH투자증권_삼성SDI,2026-06-25,NH투자증권,삼성SDI,중대형전지,중대형,2026,2Q,매출,2241,십억원,excl,4
2026-06-25_NH투자증권_삼성SDI,2026-06-25,NH투자증권,삼성SDI,중대형전지,중대형,2026,2Q,영업이익,-23,십억원,incl,4
2026-06-25_NH투자증권_삼성SDI,2026-06-25,NH투자증권,삼성SDI,중대형전지,중대형,2026,3Q,매출,2790,십억원,excl,4
2026-06-25_NH투자증권_삼성SDI,2026-06-25,NH투자증권,삼성SDI,중대형전지,중대형,2026,3Q,영업이익,-10,십억원,incl,4
2026-06-25_NH투자증권_삼성SDI,2026-06-25,NH투자증권,삼성SDI,중대형전지,중대형,2026,4Q,매출,3560,십억원,excl,4
2026-06-25_NH투자증권_삼성SDI,2026-06-25,NH투자증권,삼성SDI,중대형전지,중대형,2026,4Q,영업이익,-68,십억원,incl,4
2026-06-25_NH투자증권_삼성SDI,2026-06-25,NH투자증권,삼성SDI,중대형전지,중대형,2025,FY,매출,8668,십억원,excl,4
2026-06-25_NH투자증권_삼성SDI,2026-06-25,NH투자증권,삼성SDI,중대형전지,중대형,2025,FY,영업이익,-1647,십억원,incl,4
2026-06-25_NH투자증권_삼성SDI,2026-06-25,NH투자증권,삼성SDI,중대형전지,중대형,2026,FY,매출,10848,십억원,excl,4
2026-06-25_NH투자증권_삼성SDI,2026-06-25,NH투자증권,삼성SDI,중대형전지,중대형,2026,FY,영업이익,-223,십억원,incl,4
2026-06-25_NH투자증권_삼성SDI,2026-06-25,NH투자증권,삼성SDI,중대형전지,중대형,2027,FY,매출,13696,십억원,excl,4
2026-06-25_NH투자증권_삼성SDI,2026-06-25,NH투자증권,삼성SDI,중대형전지,중대형,2027,FY,영업이익,-307,십억원,incl,4
2026-06-25_NH투자증권_삼성SDI,2026-06-25,NH투자증권,삼성SDI,전자재료,전자재료,2026,1Q,매출,222,십억원,na,4
2026-06-25_NH투자증권_삼성SDI,2026-06-25,NH투자증권,삼성SDI,전자재료,전자재료,2026,1Q,영업이익,21,십억원,na,4
2026-06-25_NH투자증권_삼성SDI,2026-06-25,NH투자증권,삼성SDI,전자재료,전자재료,2026,2Q,매출,233,십억원,na,4
2026-06-25_NH투자증권_삼성SDI,2026-06-25,NH투자증권,삼성SDI,전자재료,전자재료,2026,2Q,영업이익,28,십억원,na,4
2026-06-25_NH투자증권_삼성SDI,2026-06-25,NH투자증권,삼성SDI,전자재료,전자재료,2026,3Q,매출,252,십억원,na,4
2026-06-25_NH투자증권_삼성SDI,2026-06-25,NH투자증권,삼성SDI,전자재료,전자재료,2026,3Q,영업이익,38,십억원,na,4
2026-06-25_NH투자증권_삼성SDI,2026-06-25,NH투자증권,삼성SDI,전자재료,전자재료,2026,4Q,매출,263,십억원,na,4
2026-06-25_NH투자증권_삼성SDI,2026-06-25,NH투자증권,삼성SDI,전자재료,전자재료,2026,4Q,영업이익,40,십억원,na,4
2026-06-25_NH투자증권_삼성SDI,2026-06-25,NH투자증권,삼성SDI,전자재료,전자재료,2025,FY,매출,883,십억원,na,4
2026-06-25_NH투자증권_삼성SDI,2026-06-25,NH투자증권,삼성SDI,전자재료,전자재료,2025,FY,영업이익,129,십억원,na,4
2026-06-25_NH투자증권_삼성SDI,2026-06-25,NH투자증권,삼성SDI,전자재료,전자재료,2026,FY,매출,971,십억원,na,4
2026-06-25_NH투자증권_삼성SDI,2026-06-25,NH투자증권,삼성SDI,전자재료,전자재료,2026,FY,영업이익,126,십억원,na,4
2026-06-25_NH투자증권_삼성SDI,2026-06-25,NH투자증권,삼성SDI,전자재료,전자재료,2027,FY,매출,1010,십억원,na,4
2026-06-25_NH투자증권_삼성SDI,2026-06-25,NH투자증권,삼성SDI,전자재료,전자재료,2027,FY,영업이익,154,십억원,na,4
2026-06-25_NH투자증권_삼성SDI,2026-06-25,NH투자증권,삼성SDI,2차전지,배터리합계,2026,1Q,매출,3354,십억원,excl,4
2026-06-25_NH투자증권_삼성SDI,2026-06-25,NH투자증권,삼성SDI,2차전지,배터리합계,2026,2Q,매출,3424,십억원,excl,4
2026-06-25_NH투자증권_삼성SDI,2026-06-25,NH투자증권,삼성SDI,2차전지,배터리합계,2026,3Q,매출,4048,십억원,excl,4
2026-06-25_NH투자증권_삼성SDI,2026-06-25,NH투자증권,삼성SDI,2차전지,배터리합계,2026,4Q,매출,4953,십억원,excl,4
2026-06-25_NH투자증권_삼성SDI,2026-06-25,NH투자증권,삼성SDI,2차전지,배터리합계,2025,FY,매출,12384,십억원,excl,4
2026-06-25_NH투자증권_삼성SDI,2026-06-25,NH투자증권,삼성SDI,2차전지,배터리합계,2025,FY,영업이익,-1851,십억원,incl,4
2026-06-25_NH투자증권_삼성SDI,2026-06-25,NH투자증권,삼성SDI,2차전지,배터리합계,2026,FY,매출,15780,십억원,excl,4
2026-06-25_NH투자증권_삼성SDI,2026-06-25,NH투자증권,삼성SDI,2차전지,배터리합계,2026,FY,영업이익,304,십억원,incl,4
2026-06-25_NH투자증권_삼성SDI,2026-06-25,NH투자증권,삼성SDI,2차전지,배터리합계,2027,FY,매출,19138,십억원,excl,4
2026-06-25_NH투자증권_삼성SDI,2026-06-25,NH투자증권,삼성SDI,2차전지,배터리합계,2027,FY,영업이익,1118,십억원,incl,4
2026-06-25_NH투자증권_삼성SDI,2026-06-25,NH투자증권,삼성SDI,AMPC,전사,2026,1Q,AMPC,81,십억원,na,4
2026-06-25_NH투자증권_삼성SDI,2026-06-25,NH투자증권,삼성SDI,AMPC,전사,2026,2Q,AMPC,98,십억원,na,4
2026-06-25_NH투자증권_삼성SDI,2026-06-25,NH투자증권,삼성SDI,AMPC,전사,2026,3Q,AMPC,204,십억원,na,4
2026-06-25_NH투자증권_삼성SDI,2026-06-25,NH투자증권,삼성SDI,AMPC,전사,2026,4Q,AMPC,336,십억원,na,4
2026-06-25_NH투자증권_삼성SDI,2026-06-25,NH투자증권,삼성SDI,AMPC,전사,2027,1Q,AMPC,186,십억원,na,4
2026-06-25_NH투자증권_삼성SDI,2026-06-25,NH투자증권,삼성SDI,AMPC,전사,2027,2Q,AMPC,286,십억원,na,4
2026-06-25_NH투자증권_삼성SDI,2026-06-25,NH투자증권,삼성SDI,AMPC,전사,2027,3Q,AMPC,363,십억원,na,4
2026-06-25_NH투자증권_삼성SDI,2026-06-25,NH투자증권,삼성SDI,AMPC,전사,2027,4Q,AMPC,396,십억원,na,4
2026-06-25_NH투자증권_삼성SDI,2026-06-25,NH투자증권,삼성SDI,AMPC,전사,2025,FY,AMPC,265,십억원,na,6
2026-06-25_NH투자증권_삼성SDI,2026-06-25,NH투자증권,삼성SDI,AMPC,전사,2026,FY,AMPC,750,십억원,na,6
2026-06-25_NH투자증권_삼성SDI,2026-06-25,NH투자증권,삼성SDI,AMPC,전사,2027,FY,AMPC,1231,십억원,na,6
2026-06-25_NH투자증권_삼성SDI,2026-06-25,NH투자증권,삼성SDI,AMPC,전사,2028,FY,AMPC,1710,십억원,na,6
2026-06-25_NH투자증권_삼성SDI,2026-06-25,NH투자증권,삼성SDI,ESS,ESS,2025,FY,매출,2973,십억원,excl,6
2026-06-25_NH투자증권_삼성SDI,2026-06-25,NH투자증권,삼성SDI,ESS,ESS,2025,FY,영업이익,51,십억원,incl,6
2026-06-25_NH투자증권_삼성SDI,2026-06-25,NH투자증권,삼성SDI,ESS,ESS,2026,FY,매출,4818,십억원,excl,6
2026-06-25_NH투자증권_삼성SDI,2026-06-25,NH투자증권,삼성SDI,ESS,ESS,2026,FY,영업이익,948,십억원,incl,6
2026-06-25_NH투자증권_삼성SDI,2026-06-25,NH투자증권,삼성SDI,ESS,ESS,2027,FY,매출,6041,십억원,excl,6
2026-06-25_NH투자증권_삼성SDI,2026-06-25,NH투자증권,삼성SDI,ESS,ESS,2027,FY,영업이익,1324,십억원,incl,6
2026-06-26_미래에셋증권_삼성SDI,2026-06-26,미래에셋증권,삼성SDI,매출액,전사,2026,1Q,매출,3576,십억원,excl,2
2026-06-26_미래에셋증권_삼성SDI,2026-06-26,미래에셋증권,삼성SDI,매출액,전사,2026,2Q,매출,3641,십억원,excl,2
2026-06-26_미래에셋증권_삼성SDI,2026-06-26,미래에셋증권,삼성SDI,매출액,전사,2026,3Q,매출,3882,십억원,excl,2
2026-06-26_미래에셋증권_삼성SDI,2026-06-26,미래에셋증권,삼성SDI,매출액,전사,2026,4Q,매출,4476,십억원,excl,2
2026-06-26_미래에셋증권_삼성SDI,2026-06-26,미래에셋증권,삼성SDI,매출액,전사,2027,1Q,매출,4102,십억원,excl,2
2026-06-26_미래에셋증권_삼성SDI,2026-06-26,미래에셋증권,삼성SDI,매출액,전사,2027,2Q,매출,4401,십억원,excl,2
2026-06-26_미래에셋증권_삼성SDI,2026-06-26,미래에셋증권,삼성SDI,매출액,전사,2027,3Q,매출,4894,십억원,excl,2
2026-06-26_미래에셋증권_삼성SDI,2026-06-26,미래에셋증권,삼성SDI,매출액,전사,2027,4Q,매출,5744,십억원,excl,2
2026-06-26_미래에셋증권_삼성SDI,2026-06-26,미래에셋증권,삼성SDI,매출액,전사,2026,FY,매출,15575,십억원,excl,2
2026-06-26_미래에셋증권_삼성SDI,2026-06-26,미래에셋증권,삼성SDI,매출액,전사,2027,FY,매출,19141,십억원,excl,2
2026-06-26_미래에셋증권_삼성SDI,2026-06-26,미래에셋증권,삼성SDI,매출액,전사,2028,FY,매출,23343,십억원,excl,2
2026-06-26_미래에셋증권_삼성SDI,2026-06-26,미래에셋증권,삼성SDI,전지,배터리합계,2026,1Q,매출,3354,십억원,excl,2
2026-06-26_미래에셋증권_삼성SDI,2026-06-26,미래에셋증권,삼성SDI,전지,배터리합계,2026,2Q,매출,3407,십억원,excl,2
2026-06-26_미래에셋증권_삼성SDI,2026-06-26,미래에셋증권,삼성SDI,전지,배터리합계,2026,3Q,매출,3611,십억원,excl,2
2026-06-26_미래에셋증권_삼성SDI,2026-06-26,미래에셋증권,삼성SDI,전지,배터리합계,2026,4Q,매출,4143,십억원,excl,2
2026-06-26_미래에셋증권_삼성SDI,2026-06-26,미래에셋증권,삼성SDI,전지,배터리합계,2027,1Q,매출,3840,십억원,excl,2
2026-06-26_미래에셋증권_삼성SDI,2026-06-26,미래에셋증권,삼성SDI,전지,배터리합계,2027,2Q,매출,4123,십억원,excl,2
2026-06-26_미래에셋증권_삼성SDI,2026-06-26,미래에셋증권,삼성SDI,전지,배터리합계,2027,3Q,매출,4598,십억원,excl,2
2026-06-26_미래에셋증권_삼성SDI,2026-06-26,미래에셋증권,삼성SDI,전지,배터리합계,2027,4Q,매출,5419,십억원,excl,2
2026-06-26_미래에셋증권_삼성SDI,2026-06-26,미래에셋증권,삼성SDI,전지,배터리합계,2026,FY,매출,14515,십억원,excl,2
2026-06-26_미래에셋증권_삼성SDI,2026-06-26,미래에셋증권,삼성SDI,전지,배터리합계,2027,FY,매출,17979,십억원,excl,2
2026-06-26_미래에셋증권_삼성SDI,2026-06-26,미래에셋증권,삼성SDI,전지,배터리합계,2028,FY,매출,22209,십억원,excl,2
2026-06-26_미래에셋증권_삼성SDI,2026-06-26,미래에셋증권,삼성SDI,소형전지(IT),소형,2026,1Q,매출,1067,십억원,excl,2
2026-06-26_미래에셋증권_삼성SDI,2026-06-26,미래에셋증권,삼성SDI,소형전지(IT),소형,2026,2Q,매출,1135,십억원,excl,2
2026-06-26_미래에셋증권_삼성SDI,2026-06-26,미래에셋증권,삼성SDI,소형전지(IT),소형,2026,3Q,매출,1219,십억원,excl,2
2026-06-26_미래에셋증권_삼성SDI,2026-06-26,미래에셋증권,삼성SDI,소형전지(IT),소형,2026,4Q,매출,1365,십억원,excl,2
2026-06-26_미래에셋증권_삼성SDI,2026-06-26,미래에셋증권,삼성SDI,소형전지(IT),소형,2027,1Q,매출,1311,십억원,excl,2
2026-06-26_미래에셋증권_삼성SDI,2026-06-26,미래에셋증권,삼성SDI,소형전지(IT),소형,2027,2Q,매출,1342,십억원,excl,2
2026-06-26_미래에셋증권_삼성SDI,2026-06-26,미래에셋증권,삼성SDI,소형전지(IT),소형,2027,3Q,매출,1421,십억원,excl,2
2026-06-26_미래에셋증권_삼성SDI,2026-06-26,미래에셋증권,삼성SDI,소형전지(IT),소형,2027,4Q,매출,1523,십억원,excl,2
2026-06-26_미래에셋증권_삼성SDI,2026-06-26,미래에셋증권,삼성SDI,소형전지(IT),소형,2026,FY,매출,4786,십억원,excl,2
2026-06-26_미래에셋증권_삼성SDI,2026-06-26,미래에셋증권,삼성SDI,소형전지(IT),소형,2027,FY,매출,5596,십억원,excl,2
2026-06-26_미래에셋증권_삼성SDI,2026-06-26,미래에셋증권,삼성SDI,소형전지(IT),소형,2028,FY,매출,6404,십억원,excl,2
2026-06-26_미래에셋증권_삼성SDI,2026-06-26,미래에셋증권,삼성SDI,"중대형전지(EV, ESS)",중대형,2026,1Q,매출,2287,십억원,excl,2
2026-06-26_미래에셋증권_삼성SDI,2026-06-26,미래에셋증권,삼성SDI,"중대형전지(EV, ESS)",중대형,2026,2Q,매출,2272,십억원,excl,2
2026-06-26_미래에셋증권_삼성SDI,2026-06-26,미래에셋증권,삼성SDI,"중대형전지(EV, ESS)",중대형,2026,3Q,매출,2392,십억원,excl,2
2026-06-26_미래에셋증권_삼성SDI,2026-06-26,미래에셋증권,삼성SDI,"중대형전지(EV, ESS)",중대형,2026,4Q,매출,2778,십억원,excl,2
2026-06-26_미래에셋증권_삼성SDI,2026-06-26,미래에셋증권,삼성SDI,"중대형전지(EV, ESS)",중대형,2027,1Q,매출,2528,십억원,excl,2
2026-06-26_미래에셋증권_삼성SDI,2026-06-26,미래에셋증권,삼성SDI,"중대형전지(EV, ESS)",중대형,2027,2Q,매출,2781,십억원,excl,2
2026-06-26_미래에셋증권_삼성SDI,2026-06-26,미래에셋증권,삼성SDI,"중대형전지(EV, ESS)",중대형,2027,3Q,매출,3178,십억원,excl,2
2026-06-26_미래에셋증권_삼성SDI,2026-06-26,미래에셋증권,삼성SDI,"중대형전지(EV, ESS)",중대형,2027,4Q,매출,3896,십억원,excl,2
2026-06-26_미래에셋증권_삼성SDI,2026-06-26,미래에셋증권,삼성SDI,"중대형전지(EV, ESS)",중대형,2026,FY,매출,9729,십억원,excl,2
2026-06-26_미래에셋증권_삼성SDI,2026-06-26,미래에셋증권,삼성SDI,"중대형전지(EV, ESS)",중대형,2027,FY,매출,12383,십억원,excl,2
2026-06-26_미래에셋증권_삼성SDI,2026-06-26,미래에셋증권,삼성SDI,"중대형전지(EV, ESS)",중대형,2028,FY,매출,15805,십억원,excl,2
2026-06-26_미래에셋증권_삼성SDI,2026-06-26,미래에셋증권,삼성SDI,전자재료,전자재료,2026,1Q,매출,222,십억원,excl,2
2026-06-26_미래에셋증권_삼성SDI,2026-06-26,미래에셋증권,삼성SDI,전자재료,전자재료,2026,2Q,매출,234,십억원,excl,2
2026-06-26_미래에셋증권_삼성SDI,2026-06-26,미래에셋증권,삼성SDI,전자재료,전자재료,2026,3Q,매출,271,십억원,excl,2
2026-06-26_미래에셋증권_삼성SDI,2026-06-26,미래에셋증권,삼성SDI,전자재료,전자재료,2026,4Q,매출,333,십억원,excl,2
2026-06-26_미래에셋증권_삼성SDI,2026-06-26,미래에셋증권,삼성SDI,전자재료,전자재료,2027,1Q,매출,262,십억원,excl,2
2026-06-26_미래에셋증권_삼성SDI,2026-06-26,미래에셋증권,삼성SDI,전자재료,전자재료,2027,2Q,매출,278,십억원,excl,2
2026-06-26_미래에셋증권_삼성SDI,2026-06-26,미래에셋증권,삼성SDI,전자재료,전자재료,2027,3Q,매출,296,십억원,excl,2
2026-06-26_미래에셋증권_삼성SDI,2026-06-26,미래에셋증권,삼성SDI,전자재료,전자재료,2027,4Q,매출,325,십억원,excl,2
2026-06-26_미래에셋증권_삼성SDI,2026-06-26,미래에셋증권,삼성SDI,전자재료,전자재료,2026,FY,매출,1060,십억원,excl,2
2026-06-26_미래에셋증권_삼성SDI,2026-06-26,미래에셋증권,삼성SDI,전자재료,전자재료,2027,FY,매출,1162,십억원,excl,2
2026-06-26_미래에셋증권_삼성SDI,2026-06-26,미래에셋증권,삼성SDI,전자재료,전자재료,2028,FY,매출,1134,십억원,excl,2
2026-06-26_미래에셋증권_삼성SDI,2026-06-26,미래에셋증권,삼성SDI,영업이익,전사,2026,1Q,영업이익,-156,십억원,incl,2
2026-06-26_미래에셋증권_삼성SDI,2026-06-26,미래에셋증권,삼성SDI,영업이익,전사,2026,2Q,영업이익,21,십억원,incl,2
2026-06-26_미래에셋증권_삼성SDI,2026-06-26,미래에셋증권,삼성SDI,영업이익,전사,2026,3Q,영업이익,121,십억원,incl,2
2026-06-26_미래에셋증권_삼성SDI,2026-06-26,미래에셋증권,삼성SDI,영업이익,전사,2026,4Q,영업이익,264,십억원,incl,2
2026-06-26_미래에셋증권_삼성SDI,2026-06-26,미래에셋증권,삼성SDI,영업이익,전사,2027,1Q,영업이익,294,십억원,incl,2
2026-06-26_미래에셋증권_삼성SDI,2026-06-26,미래에셋증권,삼성SDI,영업이익,전사,2027,2Q,영업이익,381,십억원,incl,2
2026-06-26_미래에셋증권_삼성SDI,2026-06-26,미래에셋증권,삼성SDI,영업이익,전사,2027,3Q,영업이익,499,십억원,incl,2
2026-06-26_미래에셋증권_삼성SDI,2026-06-26,미래에셋증권,삼성SDI,영업이익,전사,2027,4Q,영업이익,548,십억원,incl,2
2026-06-26_미래에셋증권_삼성SDI,2026-06-26,미래에셋증권,삼성SDI,영업이익,전사,2026,FY,영업이익,250,십억원,incl,2
2026-06-26_미래에셋증권_삼성SDI,2026-06-26,미래에셋증권,삼성SDI,영업이익,전사,2027,FY,영업이익,1722,십억원,incl,2
2026-06-26_미래에셋증권_삼성SDI,2026-06-26,미래에셋증권,삼성SDI,영업이익,전사,2028,FY,영업이익,2669,십억원,incl,2
2026-06-26_미래에셋증권_삼성SDI,2026-06-26,미래에셋증권,삼성SDI,전지,배터리합계,2026,1Q,영업이익,-257,십억원,excl,2
2026-06-26_미래에셋증권_삼성SDI,2026-06-26,미래에셋증권,삼성SDI,전지,배터리합계,2026,2Q,영업이익,-133,십억원,excl,2
2026-06-26_미래에셋증권_삼성SDI,2026-06-26,미래에셋증권,삼성SDI,전지,배터리합계,2026,3Q,영업이익,-33,십억원,excl,2
2026-06-26_미래에셋증권_삼성SDI,2026-06-26,미래에셋증권,삼성SDI,전지,배터리합계,2026,4Q,영업이익,-16,십억원,excl,2
2026-06-26_미래에셋증권_삼성SDI,2026-06-26,미래에셋증권,삼성SDI,전지,배터리합계,2027,1Q,영업이익,-5,십억원,excl,2
2026-06-26_미래에셋증권_삼성SDI,2026-06-26,미래에셋증권,삼성SDI,전지,배터리합계,2027,2Q,영업이익,42,십억원,excl,2
2026-06-26_미래에셋증권_삼성SDI,2026-06-26,미래에셋증권,삼성SDI,전지,배터리합계,2027,3Q,영업이익,129,십억원,excl,2
2026-06-26_미래에셋증권_삼성SDI,2026-06-26,미래에셋증권,삼성SDI,전지,배터리합계,2027,4Q,영업이익,143,십억원,excl,2
2026-06-26_미래에셋증권_삼성SDI,2026-06-26,미래에셋증권,삼성SDI,전지,배터리합계,2026,FY,영업이익,-439,십억원,excl,2
2026-06-26_미래에셋증권_삼성SDI,2026-06-26,미래에셋증권,삼성SDI,전지,배터리합계,2027,FY,영업이익,310,십억원,excl,2
2026-06-26_미래에셋증권_삼성SDI,2026-06-26,미래에셋증권,삼성SDI,전지,배터리합계,2028,FY,영업이익,317,십억원,excl,2
2026-06-26_미래에셋증권_삼성SDI,2026-06-26,미래에셋증권,삼성SDI,소형전지(IT),소형,2026,1Q,영업이익,-101,십억원,excl,2
2026-06-26_미래에셋증권_삼성SDI,2026-06-26,미래에셋증권,삼성SDI,소형전지(IT),소형,2026,2Q,영업이익,-75,십억원,excl,2
2026-06-26_미래에셋증권_삼성SDI,2026-06-26,미래에셋증권,삼성SDI,소형전지(IT),소형,2026,3Q,영업이익,-21,십억원,excl,2
2026-06-26_미래에셋증권_삼성SDI,2026-06-26,미래에셋증권,삼성SDI,소형전지(IT),소형,2026,4Q,영업이익,7,십억원,excl,2
2026-06-26_미래에셋증권_삼성SDI,2026-06-26,미래에셋증권,삼성SDI,소형전지(IT),소형,2027,1Q,영업이익,80,십억원,excl,2
2026-06-26_미래에셋증권_삼성SDI,2026-06-26,미래에셋증권,삼성SDI,소형전지(IT),소형,2027,2Q,영업이익,85,십억원,excl,2
2026-06-26_미래에셋증권_삼성SDI,2026-06-26,미래에셋증권,삼성SDI,소형전지(IT),소형,2027,3Q,영업이익,99,십억원,excl,2
2026-06-26_미래에셋증권_삼성SDI,2026-06-26,미래에셋증권,삼성SDI,소형전지(IT),소형,2027,4Q,영업이익,101,십억원,excl,2
2026-06-26_미래에셋증권_삼성SDI,2026-06-26,미래에셋증권,삼성SDI,소형전지(IT),소형,2026,FY,영업이익,-190,십억원,excl,2
2026-06-26_미래에셋증권_삼성SDI,2026-06-26,미래에셋증권,삼성SDI,소형전지(IT),소형,2027,FY,영업이익,364,십억원,excl,2
2026-06-26_미래에셋증권_삼성SDI,2026-06-26,미래에셋증권,삼성SDI,소형전지(IT),소형,2028,FY,영업이익,0,십억원,excl,2
2026-06-26_미래에셋증권_삼성SDI,2026-06-26,미래에셋증권,삼성SDI,"중대형전지(EV, ESS)",중대형,2026,1Q,영업이익,-156,십억원,excl,2
2026-06-26_미래에셋증권_삼성SDI,2026-06-26,미래에셋증권,삼성SDI,"중대형전지(EV, ESS)",중대형,2026,2Q,영업이익,-58,십억원,excl,2
2026-06-26_미래에셋증권_삼성SDI,2026-06-26,미래에셋증권,삼성SDI,"중대형전지(EV, ESS)",중대형,2026,3Q,영업이익,-12,십억원,excl,2
2026-06-26_미래에셋증권_삼성SDI,2026-06-26,미래에셋증권,삼성SDI,"중대형전지(EV, ESS)",중대형,2026,4Q,영업이익,-23,십억원,excl,2
2026-06-26_미래에셋증권_삼성SDI,2026-06-26,미래에셋증권,삼성SDI,"중대형전지(EV, ESS)",중대형,2027,1Q,영업이익,-84,십억원,excl,2
2026-06-26_미래에셋증권_삼성SDI,2026-06-26,미래에셋증권,삼성SDI,"중대형전지(EV, ESS)",중대형,2027,2Q,영업이익,-43,십억원,excl,2
2026-06-26_미래에셋증권_삼성SDI,2026-06-26,미래에셋증권,삼성SDI,"중대형전지(EV, ESS)",중대형,2027,3Q,영업이익,31,십억원,excl,2
2026-06-26_미래에셋증권_삼성SDI,2026-06-26,미래에셋증권,삼성SDI,"중대형전지(EV, ESS)",중대형,2027,4Q,영업이익,42,십억원,excl,2
2026-06-26_미래에셋증권_삼성SDI,2026-06-26,미래에셋증권,삼성SDI,"중대형전지(EV, ESS)",중대형,2026,FY,영업이익,-248,십억원,excl,2
2026-06-26_미래에셋증권_삼성SDI,2026-06-26,미래에셋증권,삼성SDI,"중대형전지(EV, ESS)",중대형,2027,FY,영업이익,-54,십억원,excl,2
2026-06-26_미래에셋증권_삼성SDI,2026-06-26,미래에셋증권,삼성SDI,"중대형전지(EV, ESS)",중대형,2028,FY,영업이익,317,십억원,excl,2
2026-06-26_미래에셋증권_삼성SDI,2026-06-26,미래에셋증권,삼성SDI,전자재료,전자재료,2026,1Q,영업이익,21,십억원,excl,2
2026-06-26_미래에셋증권_삼성SDI,2026-06-26,미래에셋증권,삼성SDI,전자재료,전자재료,2026,2Q,영업이익,27,십억원,excl,2
2026-06-26_미래에셋증권_삼성SDI,2026-06-26,미래에셋증권,삼성SDI,전자재료,전자재료,2026,3Q,영업이익,41,십억원,excl,2
2026-06-26_미래에셋증권_삼성SDI,2026-06-26,미래에셋증권,삼성SDI,전자재료,전자재료,2026,4Q,영업이익,53,십억원,excl,2
2026-06-26_미래에셋증권_삼성SDI,2026-06-26,미래에셋증권,삼성SDI,전자재료,전자재료,2027,1Q,영업이익,36,십억원,excl,2
2026-06-26_미래에셋증권_삼성SDI,2026-06-26,미래에셋증권,삼성SDI,전자재료,전자재료,2027,2Q,영업이익,39,십억원,excl,2
2026-06-26_미래에셋증권_삼성SDI,2026-06-26,미래에셋증권,삼성SDI,전자재료,전자재료,2027,3Q,영업이익,42,십억원,excl,2
2026-06-26_미래에셋증권_삼성SDI,2026-06-26,미래에셋증권,삼성SDI,전자재료,전자재료,2027,4Q,영업이익,46,십억원,excl,2
2026-06-26_미래에셋증권_삼성SDI,2026-06-26,미래에셋증권,삼성SDI,전자재료,전자재료,2026,FY,영업이익,141,십억원,excl,2
2026-06-26_미래에셋증권_삼성SDI,2026-06-26,미래에셋증권,삼성SDI,전자재료,전자재료,2027,FY,영업이익,162,십억원,excl,2
2026-06-26_미래에셋증권_삼성SDI,2026-06-26,미래에셋증권,삼성SDI,전자재료,전자재료,2028,FY,영업이익,137,십억원,excl,2
2026-06-26_미래에셋증권_삼성SDI,2026-06-26,미래에셋증권,삼성SDI,기타(AMPC),전사,2026,1Q,AMPC,80,십억원,na,2
2026-06-26_미래에셋증권_삼성SDI,2026-06-26,미래에셋증권,삼성SDI,기타(AMPC),전사,2026,2Q,AMPC,127,십억원,na,2
2026-06-26_미래에셋증권_삼성SDI,2026-06-26,미래에셋증권,삼성SDI,기타(AMPC),전사,2026,3Q,AMPC,113,십억원,na,2
2026-06-26_미래에셋증권_삼성SDI,2026-06-26,미래에셋증권,삼성SDI,기타(AMPC),전사,2026,4Q,AMPC,227,십억원,na,2
2026-06-26_미래에셋증권_삼성SDI,2026-06-26,미래에셋증권,삼성SDI,기타(AMPC),전사,2027,1Q,AMPC,263,십억원,na,2
2026-06-26_미래에셋증권_삼성SDI,2026-06-26,미래에셋증권,삼성SDI,기타(AMPC),전사,2027,2Q,AMPC,300,십억원,na,2
2026-06-26_미래에셋증권_삼성SDI,2026-06-26,미래에셋증권,삼성SDI,기타(AMPC),전사,2027,3Q,AMPC,329,십억원,na,2
2026-06-26_미래에셋증권_삼성SDI,2026-06-26,미래에셋증권,삼성SDI,기타(AMPC),전사,2027,4Q,AMPC,359,십억원,na,2
2026-06-26_미래에셋증권_삼성SDI,2026-06-26,미래에셋증권,삼성SDI,기타(AMPC),전사,2026,FY,AMPC,547,십억원,na,2
2026-06-26_미래에셋증권_삼성SDI,2026-06-26,미래에셋증권,삼성SDI,기타(AMPC),전사,2027,FY,AMPC,1251,십억원,na,2
2026-06-26_미래에셋증권_삼성SDI,2026-06-26,미래에셋증권,삼성SDI,기타(AMPC),전사,2028,FY,AMPC,2215,십억원,na,2
2026-06-26_미래에셋증권_삼성SDI,2026-06-26,미래에셋증권,삼성SDI,매출액,전사,2024,FY,매출,16592,십억원,incl_unknown,1
2026-06-26_미래에셋증권_삼성SDI,2026-06-26,미래에셋증권,삼성SDI,영업이익,전사,2024,FY,영업이익,363,십억원,incl_unknown,1
2026-06-26_미래에셋증권_삼성SDI,2026-06-26,미래에셋증권,삼성SDI,매출액,전사,2025,FY,매출,13267,십억원,incl_unknown,1
2026-06-26_미래에셋증권_삼성SDI,2026-06-26,미래에셋증권,삼성SDI,영업이익,전사,2025,FY,영업이익,-1722,십억원,incl_unknown,1
2026-06-29_LS증권_SK온,2026-06-29,LS증권,SK이노베이션,연결,전사,2024,FY,매출,74270,십억원,incl_unknown,1
2026-06-29_LS증권_SK온,2026-06-29,LS증권,SK이노베이션,연결,전사,2024,FY,영업이익,356,십억원,incl_unknown,1
2026-06-29_LS증권_SK온,2026-06-29,LS증권,SK이노베이션,연결,전사,2025,FY,매출,80296,십억원,incl_unknown,1
2026-06-29_LS증권_SK온,2026-06-29,LS증권,SK이노베이션,연결,전사,2025,FY,영업이익,449,십억원,incl_unknown,1
2026-06-29_LS증권_SK온,2026-06-29,LS증권,SK이노베이션,연결,전사,2026,FY,매출,108319,십억원,incl_unknown,1
2026-06-29_LS증권_SK온,2026-06-29,LS증권,SK이노베이션,연결,전사,2026,FY,영업이익,5403,십억원,incl_unknown,1
2026-06-29_LS증권_SK온,2026-06-29,LS증권,SK이노베이션,연결,전사,2027,FY,매출,101820,십억원,incl_unknown,1
2026-06-29_LS증권_SK온,2026-06-29,LS증권,SK이노베이션,연결,전사,2027,FY,영업이익,2584,십억원,incl_unknown,1
2026-06-29_LS증권_SK온,2026-06-29,LS증권,SK이노베이션,연결,전사,2028,FY,매출,97747,십억원,incl_unknown,1
2026-06-29_LS증권_SK온,2026-06-29,LS증권,SK이노베이션,연결,전사,2028,FY,영업이익,1531,십억원,incl_unknown,1
2026-06-29_LS증권_SK온,2026-06-29,LS증권,SK이노베이션,연결,전사,2025,1Q,매출,21026,십억원,incl_unknown,2
2026-06-29_LS증권_SK온,2026-06-29,LS증권,SK이노베이션,연결,전사,2025,1Q,영업이익,-31,십억원,incl_unknown,2
2026-06-29_LS증권_SK온,2026-06-29,LS증권,SK이노베이션,연결,전사,2025,2Q,매출,19427,십억원,incl_unknown,2
2026-06-29_LS증권_SK온,2026-06-29,LS증권,SK이노베이션,연결,전사,2025,2Q,영업이익,-431,십억원,incl_unknown,2
2026-06-29_LS증권_SK온,2026-06-29,LS증권,SK이노베이션,연결,전사,2025,3Q,매출,20533,십억원,incl_unknown,2
2026-06-29_LS증권_SK온,2026-06-29,LS증권,SK이노베이션,연결,전사,2025,3Q,영업이익,573,십억원,incl_unknown,2
2026-06-29_LS증권_SK온,2026-06-29,LS증권,SK이노베이션,연결,전사,2025,4Q,매출,19310,십억원,incl_unknown,2
2026-06-29_LS증권_SK온,2026-06-29,LS증권,SK이노베이션,연결,전사,2025,4Q,영업이익,337,십억원,incl_unknown,2
2026-06-29_LS증권_SK온,2026-06-29,LS증권,SK이노베이션,연결,전사,2026,1Q,매출,24212,십억원,incl_unknown,2
2026-06-29_LS증권_SK온,2026-06-29,LS증권,SK이노베이션,연결,전사,2026,1Q,영업이익,2162,십억원,incl_unknown,2
2026-06-29_LS증권_SK온,2026-06-29,LS증권,SK이노베이션,연결,전사,2026,2Q,매출,29896,십억원,incl_unknown,2
2026-06-29_LS증권_SK온,2026-06-29,LS증권,SK이노베이션,연결,전사,2026,2Q,영업이익,1671,십억원,incl_unknown,2
2026-06-29_LS증권_SK온,2026-06-29,LS증권,SK이노베이션,연결,전사,2026,3Q,매출,28163,십억원,incl_unknown,2
2026-06-29_LS증권_SK온,2026-06-29,LS증권,SK이노베이션,연결,전사,2026,3Q,영업이익,917,십억원,incl_unknown,2
2026-06-29_LS증권_SK온,2026-06-29,LS증권,SK이노베이션,연결,전사,2026,4Q,매출,26048,십억원,incl_unknown,2
2026-06-29_LS증권_SK온,2026-06-29,LS증권,SK이노베이션,연결,전사,2026,4Q,영업이익,653,십억원,incl_unknown,2
2026-06-29_LS증권_SK온,2026-06-29,LS증권,SK온,배터리사업,배터리합계,2025,FY,매출,6978,십억원,incl_unknown,2
2026-06-29_LS증권_SK온,2026-06-29,LS증권,SK온,배터리사업,배터리합계,2025,FY,영업이익,-932,십억원,incl_unknown,2
2026-06-29_LS증권_SK온,2026-06-29,LS증권,SK온,배터리사업,배터리합계,2026,FY,매출,7021,십억원,incl_unknown,2
2026-06-29_LS증권_SK온,2026-06-29,LS증권,SK온,배터리사업,배터리합계,2026,FY,영업이익,-1197,십억원,incl_unknown,2
2026-06-29_LS증권_SK온,2026-06-29,LS증권,SK온,배터리사업,배터리합계,2027,FY,매출,6124,십억원,incl_unknown,2
2026-06-29_LS증권_SK온,2026-06-29,LS증권,SK온,배터리사업,배터리합계,2027,FY,영업이익,-1678,십억원,incl_unknown,2
2026-06-29_LS증권_SK온,2026-06-29,LS증권,SK온,배터리사업,배터리합계,2025,1Q,매출,1605,십억원,incl_unknown,2
2026-06-29_LS증권_SK온,2026-06-29,LS증권,SK온,배터리사업,배터리합계,2025,1Q,영업이익,-299,십억원,incl_unknown,2
2026-06-29_LS증권_SK온,2026-06-29,LS증권,SK온,배터리사업,배터리합계,2025,2Q,매출,2108,십억원,incl_unknown,2
2026-06-29_LS증권_SK온,2026-06-29,LS증권,SK온,배터리사업,배터리합계,2025,2Q,영업이익,-66,십억원,incl_unknown,2
2026-06-29_LS증권_SK온,2026-06-29,LS증권,SK온,배터리사업,배터리합계,2025,3Q,매출,1808,십억원,incl_unknown,2
2026-06-29_LS증권_SK온,2026-06-29,LS증권,SK온,배터리사업,배터리합계,2025,3Q,영업이익,-125,십억원,incl_unknown,2
2026-06-29_LS증권_SK온,2026-06-29,LS증권,SK온,배터리사업,배터리합계,2025,4Q,매출,1457,십억원,incl_unknown,2
2026-06-29_LS증권_SK온,2026-06-29,LS증권,SK온,배터리사업,배터리합계,2025,4Q,영업이익,-441,십억원,incl_unknown,2
2026-06-29_LS증권_SK온,2026-06-29,LS증권,SK온,배터리사업,배터리합계,2026,1Q,매출,1791,십억원,incl_unknown,2
2026-06-29_LS증권_SK온,2026-06-29,LS증권,SK온,배터리사업,배터리합계,2026,1Q,영업이익,-349,십억원,incl_unknown,2
2026-06-29_LS증권_SK온,2026-06-29,LS증권,SK온,배터리사업,배터리합계,2026,2Q,매출,1902,십억원,incl_unknown,2
2026-06-29_LS증권_SK온,2026-06-29,LS증권,SK온,배터리사업,배터리합계,2026,2Q,영업이익,-196,십억원,incl_unknown,2
2026-06-29_LS증권_SK온,2026-06-29,LS증권,SK온,배터리사업,배터리합계,2026,3Q,매출,1726,십억원,incl_unknown,2
2026-06-29_LS증권_SK온,2026-06-29,LS증권,SK온,배터리사업,배터리합계,2026,3Q,영업이익,-178,십억원,incl_unknown,2
2026-06-29_LS증권_SK온,2026-06-29,LS증권,SK온,배터리사업,배터리합계,2026,4Q,매출,1602,십억원,incl_unknown,2
2026-06-29_LS증권_SK온,2026-06-29,LS증권,SK온,배터리사업,배터리합계,2026,4Q,영업이익,-474,십억원,incl_unknown,2
2026-06-30_iM증권_LGES,2026-06-30,iM증권,LGES,전사,전사,2025,1Q,매출,6723,십억원,incl,2
2026-06-30_iM증권_LGES,2026-06-30,iM증권,LGES,xEV(중대형),EV,2025,1Q,매출,4631,십억원,incl_unknown,2
2026-06-30_iM증권_LGES,2026-06-30,iM증권,LGES,ESS,ESS,2025,1Q,매출,492,십억원,incl_unknown,2
2026-06-30_iM증권_LGES,2026-06-30,iM증권,LGES,소형,소형,2025,1Q,매출,1600,십억원,incl_unknown,2
2026-06-30_iM증권_LGES,2026-06-30,iM증권,LGES,전사,전사,2025,1Q,영업이익,375,십억원,incl,2
2026-06-30_iM증권_LGES,2026-06-30,iM증권,LGES,전사,전사,2025,1Q,AMPC,458,십억원,na,2
2026-06-30_iM증권_LGES,2026-06-30,iM증권,LGES,전사,전사,2025,2Q,매출,6056,십억원,incl,2
2026-06-30_iM증권_LGES,2026-06-30,iM증권,LGES,xEV(중대형),EV,2025,2Q,매출,4056,십억원,incl_unknown,2
2026-06-30_iM증권_LGES,2026-06-30,iM증권,LGES,ESS,ESS,2025,2Q,매출,502,십억원,incl_unknown,2
2026-06-30_iM증권_LGES,2026-06-30,iM증권,LGES,소형,소형,2025,2Q,매출,1498,십억원,incl_unknown,2
2026-06-30_iM증권_LGES,2026-06-30,iM증권,LGES,전사,전사,2025,2Q,영업이익,492,십억원,incl,2
2026-06-30_iM증권_LGES,2026-06-30,iM증권,LGES,전사,전사,2025,2Q,AMPC,491,십억원,na,2
2026-06-30_iM증권_LGES,2026-06-30,iM증권,LGES,전사,전사,2025,3Q,매출,6065,십억원,incl,2
2026-06-30_iM증권_LGES,2026-06-30,iM증권,LGES,xEV(중대형),EV,2025,3Q,매출,3658,십억원,incl_unknown,2
2026-06-30_iM증권_LGES,2026-06-30,iM증권,LGES,ESS,ESS,2025,3Q,매출,774,십억원,incl_unknown,2
2026-06-30_iM증권_LGES,2026-06-30,iM증권,LGES,소형,소형,2025,3Q,매출,1633,십억원,incl_unknown,2
2026-06-30_iM증권_LGES,2026-06-30,iM증권,LGES,전사,전사,2025,3Q,영업이익,601,십억원,incl,2
2026-06-30_iM증권_LGES,2026-06-30,iM증권,LGES,전사,전사,2025,3Q,AMPC,365,십억원,na,2
2026-06-30_iM증권_LGES,2026-06-30,iM증권,LGES,전사,전사,2025,4Q,매출,6474,십억원,incl,2
2026-06-30_iM증권_LGES,2026-06-30,iM증권,LGES,xEV(중대형),EV,2025,4Q,매출,2947,십억원,incl_unknown,2
2026-06-30_iM증권_LGES,2026-06-30,iM증권,LGES,ESS,ESS,2025,4Q,매출,1645,십억원,incl_unknown,2
2026-06-30_iM증권_LGES,2026-06-30,iM증권,LGES,소형,소형,2025,4Q,매출,1883,십억원,incl_unknown,2
2026-06-30_iM증권_LGES,2026-06-30,iM증권,LGES,전사,전사,2025,4Q,영업이익,-122,십억원,incl,2
2026-06-30_iM증권_LGES,2026-06-30,iM증권,LGES,전사,전사,2025,4Q,AMPC,333,십억원,na,2
2026-06-30_iM증권_LGES,2026-06-30,iM증권,LGES,전사,전사,2026,1Q,매출,6555,십억원,incl,2
2026-06-30_iM증권_LGES,2026-06-30,iM증권,LGES,xEV(중대형),EV,2026,1Q,매출,2751,십억원,incl_unknown,2
2026-06-30_iM증권_LGES,2026-06-30,iM증권,LGES,ESS,ESS,2026,1Q,매출,1854,십억원,incl_unknown,2
2026-06-30_iM증권_LGES,2026-06-30,iM증권,LGES,소형,소형,2026,1Q,매출,1949,십억원,incl_unknown,2
2026-06-30_iM증권_LGES,2026-06-30,iM증권,LGES,전사,전사,2026,1Q,영업이익,-208,십억원,incl,2
2026-06-30_iM증권_LGES,2026-06-30,iM증권,LGES,전사,전사,2026,1Q,AMPC,190,십억원,na,2
2026-06-30_iM증권_LGES,2026-06-30,iM증권,LGES,전사,전사,2026,2Q,매출,7559,십억원,incl,2
2026-06-30_iM증권_LGES,2026-06-30,iM증권,LGES,xEV(중대형),EV,2026,2Q,매출,2782,십억원,incl_unknown,2
2026-06-30_iM증권_LGES,2026-06-30,iM증권,LGES,ESS,ESS,2026,2Q,매출,2623,십억원,incl_unknown,2
2026-06-30_iM증권_LGES,2026-06-30,iM증권,LGES,소형,소형,2026,2Q,매출,2153,십억원,incl_unknown,2
2026-06-30_iM증권_LGES,2026-06-30,iM증권,LGES,전사,전사,2026,2Q,영업이익,229,십억원,incl,2
2026-06-30_iM증권_LGES,2026-06-30,iM증권,LGES,전사,전사,2026,2Q,AMPC,243,십억원,na,2
2026-06-30_iM증권_LGES,2026-06-30,iM증권,LGES,전사,전사,2026,3Q,매출,8046,십억원,incl,2
2026-06-30_iM증권_LGES,2026-06-30,iM증권,LGES,xEV(중대형),EV,2026,3Q,매출,2819,십억원,incl_unknown,2
2026-06-30_iM증권_LGES,2026-06-30,iM증권,LGES,ESS,ESS,2026,3Q,매출,2973,십억원,incl_unknown,2
2026-06-30_iM증권_LGES,2026-06-30,iM증권,LGES,소형,소형,2026,3Q,매출,2254,십억원,incl_unknown,2
2026-06-30_iM증권_LGES,2026-06-30,iM증권,LGES,전사,전사,2026,3Q,영업이익,404,십억원,incl,2
2026-06-30_iM증권_LGES,2026-06-30,iM증권,LGES,전사,전사,2026,3Q,AMPC,285,십억원,na,2
2026-06-30_iM증권_LGES,2026-06-30,iM증권,LGES,전사,전사,2026,4Q,매출,9037,십억원,incl,2
2026-06-30_iM증권_LGES,2026-06-30,iM증권,LGES,xEV(중대형),EV,2026,4Q,매출,3202,십억원,incl_unknown,2
2026-06-30_iM증권_LGES,2026-06-30,iM증권,LGES,ESS,ESS,2026,4Q,매출,3539,십억원,incl_unknown,2
2026-06-30_iM증권_LGES,2026-06-30,iM증권,LGES,소형,소형,2026,4Q,매출,2296,십억원,incl_unknown,2
2026-06-30_iM증권_LGES,2026-06-30,iM증권,LGES,전사,전사,2026,4Q,영업이익,564,십억원,incl,2
2026-06-30_iM증권_LGES,2026-06-30,iM증권,LGES,전사,전사,2026,4Q,AMPC,363,십억원,na,2
2026-06-30_iM증권_LGES,2026-06-30,iM증권,LGES,전사,전사,2025,FY,매출,25319,십억원,incl,2
2026-06-30_iM증권_LGES,2026-06-30,iM증권,LGES,xEV(중대형),EV,2025,FY,매출,13918,십억원,incl_unknown,2
2026-06-30_iM증권_LGES,2026-06-30,iM증권,LGES,ESS,ESS,2025,FY,매출,3139,십억원,incl_unknown,2
2026-06-30_iM증권_LGES,2026-06-30,iM증권,LGES,소형,소형,2025,FY,매출,6615,십억원,incl_unknown,2
2026-06-30_iM증권_LGES,2026-06-30,iM증권,LGES,전사,전사,2025,FY,영업이익,1346,십억원,incl,2
2026-06-30_iM증권_LGES,2026-06-30,iM증권,LGES,전사,전사,2025,FY,AMPC,1647,십억원,na,2
2026-06-30_iM증권_LGES,2026-06-30,iM증권,LGES,전사,전사,2026,FY,매출,31196,십억원,incl,2
2026-06-30_iM증권_LGES,2026-06-30,iM증권,LGES,xEV(중대형),EV,2026,FY,매출,11554,십억원,incl_unknown,2
2026-06-30_iM증권_LGES,2026-06-30,iM증권,LGES,ESS,ESS,2026,FY,매출,10990,십억원,incl_unknown,2
2026-06-30_iM증권_LGES,2026-06-30,iM증권,LGES,소형,소형,2026,FY,매출,8653,십억원,incl_unknown,2
2026-06-30_iM증권_LGES,2026-06-30,iM증권,LGES,전사,전사,2026,FY,영업이익,990,십억원,incl,2
2026-06-30_iM증권_LGES,2026-06-30,iM증권,LGES,전사,전사,2026,FY,AMPC,1081,십억원,na,2
2026-06-30_iM증권_LGES,2026-06-30,iM증권,LGES,전사,전사,2027,FY,매출,41002,십억원,incl,2
2026-06-30_iM증권_LGES,2026-06-30,iM증권,LGES,xEV(중대형),EV,2027,FY,매출,13531,십억원,incl_unknown,2
2026-06-30_iM증권_LGES,2026-06-30,iM증권,LGES,ESS,ESS,2027,FY,매출,17251,십억원,incl_unknown,2
2026-06-30_iM증권_LGES,2026-06-30,iM증권,LGES,소형,소형,2027,FY,매출,10220,십억원,incl_unknown,2
2026-06-30_iM증권_LGES,2026-06-30,iM증권,LGES,전사,전사,2027,FY,영업이익,3513,십억원,incl,2
2026-06-30_iM증권_LGES,2026-06-30,iM증권,LGES,전사,전사,2027,FY,AMPC,1973,십억원,na,2
2026-06-30_iM증권_LGES,2026-06-30,iM증권,LGES,전사,전사,2028,FY,매출,49191,십억원,incl,2
2026-06-30_iM증권_LGES,2026-06-30,iM증권,LGES,xEV(중대형),EV,2028,FY,매출,15247,십억원,incl_unknown,2
2026-06-30_iM증권_LGES,2026-06-30,iM증권,LGES,ESS,ESS,2028,FY,매출,22095,십억원,incl_unknown,2
2026-06-30_iM증권_LGES,2026-06-30,iM증권,LGES,소형,소형,2028,FY,매출,11850,십억원,incl_unknown,2
2026-06-30_iM증권_LGES,2026-06-30,iM증권,LGES,전사,전사,2028,FY,영업이익,5377,십억원,incl,2
2026-06-30_iM증권_LGES,2026-06-30,iM증권,LGES,전사,전사,2028,FY,AMPC,2830,십억원,na,2
2026-06-30_iM증권_삼성SDI,2026-06-30,iM증권,삼성SDI,매출액,전사,2025,1Q,매출,3177,십억원,na,2
2026-06-30_iM증권_삼성SDI,2026-06-30,iM증권,삼성SDI,영업이익,전사,2025,1Q,영업이익,-434,십억원,incl,2
2026-06-30_iM증권_삼성SDI,2026-06-30,iM증권,삼성SDI,매출액,전사,2025,2Q,매출,3179,십억원,na,2
2026-06-30_iM증권_삼성SDI,2026-06-30,iM증권,삼성SDI,영업이익,전사,2025,2Q,영업이익,-398,십억원,incl,2
2026-06-30_iM증권_삼성SDI,2026-06-30,iM증권,삼성SDI,매출액,전사,2025,3Q,매출,3052,십억원,na,2
2026-06-30_iM증권_삼성SDI,2026-06-30,iM증권,삼성SDI,영업이익,전사,2025,3Q,영업이익,-591,십억원,incl,2
2026-06-30_iM증권_삼성SDI,2026-06-30,iM증권,삼성SDI,매출액,전사,2025,4Q,매출,3859,십억원,na,2
2026-06-30_iM증권_삼성SDI,2026-06-30,iM증권,삼성SDI,영업이익,전사,2025,4Q,영업이익,-299,십억원,incl,2
2026-06-30_iM증권_삼성SDI,2026-06-30,iM증권,삼성SDI,매출액,전사,2026,1Q,매출,3576,십억원,na,2
2026-06-30_iM증권_삼성SDI,2026-06-30,iM증권,삼성SDI,영업이익,전사,2026,1Q,영업이익,-156,십억원,incl,2
2026-06-30_iM증권_삼성SDI,2026-06-30,iM증권,삼성SDI,매출액,전사,2026,2Q,매출,3699,십억원,na,2
2026-06-30_iM증권_삼성SDI,2026-06-30,iM증권,삼성SDI,영업이익,전사,2026,2Q,영업이익,7,십억원,incl,2
2026-06-30_iM증권_삼성SDI,2026-06-30,iM증권,삼성SDI,매출액,전사,2026,3Q,매출,4023,십억원,na,2
2026-06-30_iM증권_삼성SDI,2026-06-30,iM증권,삼성SDI,영업이익,전사,2026,3Q,영업이익,93,십억원,incl,2
2026-06-30_iM증권_삼성SDI,2026-06-30,iM증권,삼성SDI,매출액,전사,2026,4Q,매출,4582,십억원,na,2
2026-06-30_iM증권_삼성SDI,2026-06-30,iM증권,삼성SDI,영업이익,전사,2026,4Q,영업이익,310,십억원,incl,2
2026-06-30_iM증권_삼성SDI,2026-06-30,iM증권,삼성SDI,매출액,전사,2025,FY,매출,13267,십억원,na,2
2026-06-30_iM증권_삼성SDI,2026-06-30,iM증권,삼성SDI,영업이익,전사,2025,FY,영업이익,-1722,십억원,incl,2
2026-06-30_iM증권_삼성SDI,2026-06-30,iM증권,삼성SDI,매출액,전사,2026,FY,매출,15881,십억원,na,2
2026-06-30_iM증권_삼성SDI,2026-06-30,iM증권,삼성SDI,영업이익,전사,2026,FY,영업이익,254,십억원,incl,2
2026-06-30_iM증권_삼성SDI,2026-06-30,iM증권,삼성SDI,매출액,전사,2027,FY,매출,20316,십억원,na,2
2026-06-30_iM증권_삼성SDI,2026-06-30,iM증권,삼성SDI,영업이익,전사,2027,FY,영업이익,1836,십억원,incl,2
2026-06-30_iM증권_삼성SDI,2026-06-30,iM증권,삼성SDI,매출액,전사,2028,FY,매출,23411,십억원,na,2
2026-06-30_iM증권_삼성SDI,2026-06-30,iM증권,삼성SDI,영업이익,전사,2028,FY,영업이익,2754,십억원,incl,2
2026-06-30_iM증권_삼성SDI,2026-06-30,iM증권,삼성SDI,전지 사업부,배터리합계,2025,1Q,매출,2981,십억원,na,2
2026-06-30_iM증권_삼성SDI,2026-06-30,iM증권,삼성SDI,전지 사업부,배터리합계,2025,1Q,영업이익,-452,십억원,incl,2
2026-06-30_iM증권_삼성SDI,2026-06-30,iM증권,삼성SDI,전지 사업부,배터리합계,2025,2Q,매출,2961,십억원,na,2
2026-06-30_iM증권_삼성SDI,2026-06-30,iM증권,삼성SDI,전지 사업부,배터리합계,2025,2Q,영업이익,-431,십억원,incl,2
2026-06-30_iM증권_삼성SDI,2026-06-30,iM증권,삼성SDI,전지 사업부,배터리합계,2025,3Q,매출,2820,십억원,na,2
2026-06-30_iM증권_삼성SDI,2026-06-30,iM증권,삼성SDI,전지 사업부,배터리합계,2025,3Q,영업이익,-630,십억원,incl,2
2026-06-30_iM증권_삼성SDI,2026-06-30,iM증권,삼성SDI,전지 사업부,배터리합계,2025,4Q,매출,3622,십억원,na,2
2026-06-30_iM증권_삼성SDI,2026-06-30,iM증권,삼성SDI,전지 사업부,배터리합계,2025,4Q,영업이익,-339,십억원,incl,2
2026-06-30_iM증권_삼성SDI,2026-06-30,iM증권,삼성SDI,전지 사업부,배터리합계,2026,1Q,매출,3354,십억원,na,2
2026-06-30_iM증권_삼성SDI,2026-06-30,iM증권,삼성SDI,전지 사업부,배터리합계,2026,1Q,영업이익,-177,십억원,incl,2
2026-06-30_iM증권_삼성SDI,2026-06-30,iM증권,삼성SDI,전지 사업부,배터리합계,2026,2Q,매출,3466,십억원,na,2
2026-06-30_iM증권_삼성SDI,2026-06-30,iM증권,삼성SDI,전지 사업부,배터리합계,2026,2Q,영업이익,-29,십억원,incl,2
2026-06-30_iM증권_삼성SDI,2026-06-30,iM증권,삼성SDI,전지 사업부,배터리합계,2026,3Q,매출,3781,십억원,na,2
2026-06-30_iM증권_삼성SDI,2026-06-30,iM증권,삼성SDI,전지 사업부,배터리합계,2026,3Q,영업이익,50,십억원,incl,2
2026-06-30_iM증권_삼성SDI,2026-06-30,iM증권,삼성SDI,전지 사업부,배터리합계,2026,4Q,매출,4330,십억원,na,2
2026-06-30_iM증권_삼성SDI,2026-06-30,iM증권,삼성SDI,전지 사업부,배터리합계,2026,4Q,영업이익,266,십억원,incl,2
2026-06-30_iM증권_삼성SDI,2026-06-30,iM증권,삼성SDI,전지 사업부,배터리합계,2025,FY,매출,12390,십억원,na,2
2026-06-30_iM증권_삼성SDI,2026-06-30,iM증권,삼성SDI,전지 사업부,배터리합계,2025,FY,영업이익,-1852,십억원,incl,2
2026-06-30_iM증권_삼성SDI,2026-06-30,iM증권,삼성SDI,전지 사업부,배터리합계,2026,FY,매출,14931,십억원,na,2
2026-06-30_iM증권_삼성SDI,2026-06-30,iM증권,삼성SDI,전지 사업부,배터리합계,2026,FY,영업이익,111,십억원,incl,2
2026-06-30_iM증권_삼성SDI,2026-06-30,iM증권,삼성SDI,전지 사업부,배터리합계,2027,FY,매출,19282,십억원,na,2
2026-06-30_iM증권_삼성SDI,2026-06-30,iM증권,삼성SDI,전지 사업부,배터리합계,2027,FY,영업이익,1671,십억원,incl,2
2026-06-30_iM증권_삼성SDI,2026-06-30,iM증권,삼성SDI,전지 사업부,배터리합계,2028,FY,매출,22256,십억원,na,2
2026-06-30_iM증권_삼성SDI,2026-06-30,iM증권,삼성SDI,전지 사업부,배터리합계,2028,FY,영업이익,2570,십억원,incl,2
2026-06-30_iM증권_삼성SDI,2026-06-30,iM증권,삼성SDI,소형2차전지,소형,2025,1Q,매출,713,십억원,na,2
2026-06-30_iM증권_삼성SDI,2026-06-30,iM증권,삼성SDI,소형,소형,2025,1Q,영업이익,-230,십억원,na,2
2026-06-30_iM증권_삼성SDI,2026-06-30,iM증권,삼성SDI,소형2차전지,소형,2025,2Q,매출,920,십억원,na,2
2026-06-30_iM증권_삼성SDI,2026-06-30,iM증권,삼성SDI,소형,소형,2025,2Q,영업이익,-75,십억원,na,2
2026-06-30_iM증권_삼성SDI,2026-06-30,iM증권,삼성SDI,소형2차전지,소형,2025,3Q,매출,972,십억원,na,2
2026-06-30_iM증권_삼성SDI,2026-06-30,iM증권,삼성SDI,소형,소형,2025,3Q,영업이익,-68,십억원,na,2
2026-06-30_iM증권_삼성SDI,2026-06-30,iM증권,삼성SDI,소형2차전지,소형,2025,4Q,매출,957,십억원,na,2
2026-06-30_iM증권_삼성SDI,2026-06-30,iM증권,삼성SDI,소형,소형,2025,4Q,영업이익,-121,십억원,na,2
2026-06-30_iM증권_삼성SDI,2026-06-30,iM증권,삼성SDI,소형2차전지,소형,2026,1Q,매출,1100,십억원,na,2
2026-06-30_iM증권_삼성SDI,2026-06-30,iM증권,삼성SDI,소형,소형,2026,1Q,영업이익,-109,십억원,na,2
2026-06-30_iM증권_삼성SDI,2026-06-30,iM증권,삼성SDI,소형2차전지,소형,2026,2Q,매출,1198,십억원,na,2
2026-06-30_iM증권_삼성SDI,2026-06-30,iM증권,삼성SDI,소형,소형,2026,2Q,영업이익,-67,십억원,na,2
2026-06-30_iM증권_삼성SDI,2026-06-30,iM증권,삼성SDI,소형2차전지,소형,2026,3Q,매출,1246,십억원,na,2
2026-06-30_iM증권_삼성SDI,2026-06-30,iM증권,삼성SDI,소형,소형,2026,3Q,영업이익,-79,십억원,na,2
2026-06-30_iM증권_삼성SDI,2026-06-30,iM증권,삼성SDI,소형2차전지,소형,2026,4Q,매출,1210,십억원,na,2
2026-06-30_iM증권_삼성SDI,2026-06-30,iM증권,삼성SDI,소형,소형,2026,4Q,영업이익,-84,십억원,na,2
2026-06-30_iM증권_삼성SDI,2026-06-30,iM증권,삼성SDI,소형2차전지,소형,2025,FY,매출,3567,십억원,na,2
2026-06-30_iM증권_삼성SDI,2026-06-30,iM증권,삼성SDI,소형,소형,2025,FY,영업이익,-494,십억원,na,2
2026-06-30_iM증권_삼성SDI,2026-06-30,iM증권,삼성SDI,소형2차전지,소형,2026,FY,매출,4753,십억원,na,2
2026-06-30_iM증권_삼성SDI,2026-06-30,iM증권,삼성SDI,소형,소형,2026,FY,영업이익,-338,십억원,na,2
2026-06-30_iM증권_삼성SDI,2026-06-30,iM증권,삼성SDI,소형2차전지,소형,2027,FY,매출,5113,십억원,na,2
2026-06-30_iM증권_삼성SDI,2026-06-30,iM증권,삼성SDI,소형,소형,2027,FY,영업이익,-288,십억원,na,2
2026-06-30_iM증권_삼성SDI,2026-06-30,iM증권,삼성SDI,소형2차전지,소형,2028,FY,매출,5597,십억원,na,2
2026-06-30_iM증권_삼성SDI,2026-06-30,iM증권,삼성SDI,소형,소형,2028,FY,영업이익,-206,십억원,na,2
2026-06-30_iM증권_삼성SDI,2026-06-30,iM증권,삼성SDI,자동차,EV,2025,1Q,매출,1666,십억원,na,2
2026-06-30_iM증권_삼성SDI,2026-06-30,iM증권,삼성SDI,자동차(AMPC 포함),EV,2025,1Q,영업이익,-265,십억원,incl,2
2026-06-30_iM증권_삼성SDI,2026-06-30,iM증권,삼성SDI,자동차,EV,2025,2Q,매출,1397,십억원,na,2
2026-06-30_iM증권_삼성SDI,2026-06-30,iM증권,삼성SDI,자동차(AMPC 포함),EV,2025,2Q,영업이익,-370,십억원,incl,2
2026-06-30_iM증권_삼성SDI,2026-06-30,iM증권,삼성SDI,자동차,EV,2025,3Q,매출,1202,십억원,na,2
2026-06-30_iM증권_삼성SDI,2026-06-30,iM증권,삼성SDI,자동차(AMPC 포함),EV,2025,3Q,영업이익,-530,십억원,incl,2
2026-06-30_iM증권_삼성SDI,2026-06-30,iM증권,삼성SDI,자동차,EV,2025,4Q,매출,1662,십억원,na,2
2026-06-30_iM증권_삼성SDI,2026-06-30,iM증권,삼성SDI,자동차(AMPC 포함),EV,2025,4Q,영업이익,-276,십억원,incl,2
2026-06-30_iM증권_삼성SDI,2026-06-30,iM증권,삼성SDI,자동차,EV,2026,1Q,매출,1306,십억원,na,2
2026-06-30_iM증권_삼성SDI,2026-06-30,iM증권,삼성SDI,자동차(AMPC 포함),EV,2026,1Q,영업이익,-140,십억원,incl,2
2026-06-30_iM증권_삼성SDI,2026-06-30,iM증권,삼성SDI,자동차,EV,2026,2Q,매출,1224,십억원,na,2
2026-06-30_iM증권_삼성SDI,2026-06-30,iM증권,삼성SDI,자동차(AMPC 포함),EV,2026,2Q,영업이익,-60,십억원,incl,2
2026-06-30_iM증권_삼성SDI,2026-06-30,iM증권,삼성SDI,자동차,EV,2026,3Q,매출,1356,십억원,na,2
2026-06-30_iM증권_삼성SDI,2026-06-30,iM증권,삼성SDI,자동차(AMPC 포함),EV,2026,3Q,영업이익,-20,십억원,incl,2
2026-06-30_iM증권_삼성SDI,2026-06-30,iM증권,삼성SDI,자동차,EV,2026,4Q,매출,1624,십억원,na,2
2026-06-30_iM증권_삼성SDI,2026-06-30,iM증권,삼성SDI,자동차(AMPC 포함),EV,2026,4Q,영업이익,91,십억원,incl,2
2026-06-30_iM증권_삼성SDI,2026-06-30,iM증권,삼성SDI,자동차,EV,2025,FY,매출,5927,십억원,na,2
2026-06-30_iM증권_삼성SDI,2026-06-30,iM증권,삼성SDI,자동차(AMPC 포함),EV,2025,FY,영업이익,-1441,십억원,incl,2
2026-06-30_iM증권_삼성SDI,2026-06-30,iM증권,삼성SDI,자동차,EV,2026,FY,매출,5509,십억원,na,2
2026-06-30_iM증권_삼성SDI,2026-06-30,iM증권,삼성SDI,자동차(AMPC 포함),EV,2026,FY,영업이익,-129,십억원,incl,2
2026-06-30_iM증권_삼성SDI,2026-06-30,iM증권,삼성SDI,자동차,EV,2027,FY,매출,6060,십억원,na,2
2026-06-30_iM증권_삼성SDI,2026-06-30,iM증권,삼성SDI,자동차(AMPC 포함),EV,2027,FY,영업이익,310,십억원,incl,2
2026-06-30_iM증권_삼성SDI,2026-06-30,iM증권,삼성SDI,자동차,EV,2028,FY,매출,7318,십억원,na,2
2026-06-30_iM증권_삼성SDI,2026-06-30,iM증권,삼성SDI,자동차(AMPC 포함),EV,2028,FY,영업이익,861,십억원,incl,2
2026-06-30_iM증권_삼성SDI,2026-06-30,iM증권,삼성SDI,ESS,ESS,2025,1Q,매출,602,십억원,na,2
2026-06-30_iM증권_삼성SDI,2026-06-30,iM증권,삼성SDI,ESS(AMPC 포함),ESS,2025,1Q,영업이익,43,십억원,incl,2
2026-06-30_iM증권_삼성SDI,2026-06-30,iM증권,삼성SDI,ESS,ESS,2025,2Q,매출,644,십억원,na,2
2026-06-30_iM증권_삼성SDI,2026-06-30,iM증권,삼성SDI,ESS(AMPC 포함),ESS,2025,2Q,영업이익,14,십억원,incl,2
2026-06-30_iM증권_삼성SDI,2026-06-30,iM증권,삼성SDI,ESS,ESS,2025,3Q,매출,646,십억원,na,2
2026-06-30_iM증권_삼성SDI,2026-06-30,iM증권,삼성SDI,ESS(AMPC 포함),ESS,2025,3Q,영업이익,-32,십억원,incl,2
2026-06-30_iM증권_삼성SDI,2026-06-30,iM증권,삼성SDI,ESS,ESS,2025,4Q,매출,1004,십억원,na,2
2026-06-30_iM증권_삼성SDI,2026-06-30,iM증권,삼성SDI,ESS(AMPC 포함),ESS,2025,4Q,영업이익,58,십억원,incl,2
2026-06-30_iM증권_삼성SDI,2026-06-30,iM증권,삼성SDI,ESS,ESS,2026,1Q,매출,948,십억원,na,2
2026-06-30_iM증권_삼성SDI,2026-06-30,iM증권,삼성SDI,ESS(AMPC 포함),ESS,2026,1Q,영업이익,72,십억원,incl,2
2026-06-30_iM증권_삼성SDI,2026-06-30,iM증권,삼성SDI,ESS,ESS,2026,2Q,매출,1044,십억원,na,2
2026-06-30_iM증권_삼성SDI,2026-06-30,iM증권,삼성SDI,ESS(AMPC 포함),ESS,2026,2Q,영업이익,98,십억원,incl,2
2026-06-30_iM증권_삼성SDI,2026-06-30,iM증권,삼성SDI,ESS,ESS,2026,3Q,매출,1179,십억원,na,2
2026-06-30_iM증권_삼성SDI,2026-06-30,iM증권,삼성SDI,ESS(AMPC 포함),ESS,2026,3Q,영업이익,149,십억원,incl,2
2026-06-30_iM증권_삼성SDI,2026-06-30,iM증권,삼성SDI,ESS,ESS,2026,4Q,매출,1497,십억원,na,2
2026-06-30_iM증권_삼성SDI,2026-06-30,iM증권,삼성SDI,ESS(AMPC 포함),ESS,2026,4Q,영업이익,259,십억원,incl,2
2026-06-30_iM증권_삼성SDI,2026-06-30,iM증권,삼성SDI,ESS,ESS,2025,FY,매출,2896,십억원,na,2
2026-06-30_iM증권_삼성SDI,2026-06-30,iM증권,삼성SDI,ESS(AMPC 포함),ESS,2025,FY,영업이익,83,십억원,incl,2
2026-06-30_iM증권_삼성SDI,2026-06-30,iM증권,삼성SDI,ESS,ESS,2026,FY,매출,4669,십억원,na,2
2026-06-30_iM증권_삼성SDI,2026-06-30,iM증권,삼성SDI,ESS(AMPC 포함),ESS,2026,FY,영업이익,578,십억원,incl,2
2026-06-30_iM증권_삼성SDI,2026-06-30,iM증권,삼성SDI,ESS,ESS,2027,FY,매출,8109,십억원,na,2
2026-06-30_iM증권_삼성SDI,2026-06-30,iM증권,삼성SDI,ESS(AMPC 포함),ESS,2027,FY,영업이익,1649,십억원,incl,2
2026-06-30_iM증권_삼성SDI,2026-06-30,iM증권,삼성SDI,ESS,ESS,2028,FY,매출,9341,십억원,na,2
2026-06-30_iM증권_삼성SDI,2026-06-30,iM증권,삼성SDI,ESS(AMPC 포함),ESS,2028,FY,영업이익,1916,십억원,incl,2
2026-06-30_iM증권_삼성SDI,2026-06-30,iM증권,삼성SDI,전자재료 사업부,전자재료,2025,1Q,매출,196,십억원,na,2
2026-06-30_iM증권_삼성SDI,2026-06-30,iM증권,삼성SDI,전자재료 사업부,전자재료,2025,1Q,영업이익,18,십억원,na,2
2026-06-30_iM증권_삼성SDI,2026-06-30,iM증권,삼성SDI,전자재료 사업부,전자재료,2025,2Q,매출,218,십억원,na,2
2026-06-30_iM증권_삼성SDI,2026-06-30,iM증권,삼성SDI,전자재료 사업부,전자재료,2025,2Q,영업이익,33,십억원,na,2
2026-06-30_iM증권_삼성SDI,2026-06-30,iM증권,삼성SDI,전자재료 사업부,전자재료,2025,3Q,매출,232,십억원,na,2
2026-06-30_iM증권_삼성SDI,2026-06-30,iM증권,삼성SDI,전자재료 사업부,전자재료,2025,3Q,영업이익,39,십억원,na,2
2026-06-30_iM증권_삼성SDI,2026-06-30,iM증권,삼성SDI,전자재료 사업부,전자재료,2025,4Q,매출,237,십억원,na,2
2026-06-30_iM증권_삼성SDI,2026-06-30,iM증권,삼성SDI,전자재료 사업부,전자재료,2025,4Q,영업이익,39,십억원,na,2
2026-06-30_iM증권_삼성SDI,2026-06-30,iM증권,삼성SDI,전자재료 사업부,전자재료,2026,1Q,매출,222,십억원,na,2
2026-06-30_iM증권_삼성SDI,2026-06-30,iM증권,삼성SDI,전자재료 사업부,전자재료,2026,1Q,영업이익,21,십억원,na,2
2026-06-30_iM증권_삼성SDI,2026-06-30,iM증권,삼성SDI,전자재료 사업부,전자재료,2026,2Q,매출,233,십억원,na,2
2026-06-30_iM증권_삼성SDI,2026-06-30,iM증권,삼성SDI,전자재료 사업부,전자재료,2026,2Q,영업이익,36,십억원,na,2
2026-06-30_iM증권_삼성SDI,2026-06-30,iM증권,삼성SDI,전자재료 사업부,전자재료,2026,3Q,매출,243,십억원,na,2
2026-06-30_iM증권_삼성SDI,2026-06-30,iM증권,삼성SDI,전자재료 사업부,전자재료,2026,3Q,영업이익,42,십억원,na,2
2026-06-30_iM증권_삼성SDI,2026-06-30,iM증권,삼성SDI,전자재료 사업부,전자재료,2026,4Q,매출,252,십억원,na,2
2026-06-30_iM증권_삼성SDI,2026-06-30,iM증권,삼성SDI,전자재료 사업부,전자재료,2026,4Q,영업이익,44,십억원,na,2
2026-06-30_iM증권_삼성SDI,2026-06-30,iM증권,삼성SDI,전자재료 사업부,전자재료,2025,FY,매출,883,십억원,na,2
2026-06-30_iM증권_삼성SDI,2026-06-30,iM증권,삼성SDI,전자재료 사업부,전자재료,2025,FY,영업이익,129,십억원,na,2
2026-06-30_iM증권_삼성SDI,2026-06-30,iM증권,삼성SDI,전자재료 사업부,전자재료,2026,FY,매출,949,십억원,na,2
2026-06-30_iM증권_삼성SDI,2026-06-30,iM증권,삼성SDI,전자재료 사업부,전자재료,2026,FY,영업이익,143,십억원,na,2
2026-06-30_iM증권_삼성SDI,2026-06-30,iM증권,삼성SDI,전자재료 사업부,전자재료,2027,FY,매출,1035,십억원,na,2
2026-06-30_iM증권_삼성SDI,2026-06-30,iM증권,삼성SDI,전자재료 사업부,전자재료,2027,FY,영업이익,165,십억원,na,2
2026-06-30_iM증권_삼성SDI,2026-06-30,iM증권,삼성SDI,전자재료 사업부,전자재료,2028,FY,매출,1154,십억원,na,2
2026-06-30_iM증권_삼성SDI,2026-06-30,iM증권,삼성SDI,전자재료 사업부,전자재료,2028,FY,영업이익,184,십억원,na,2
2026-07-02_메리츠증권_LGES,2026-07-02,메리츠증권,LGES,매출액,전사,2025,1Q,매출,6722.7,십억원,incl,3
2026-07-02_메리츠증권_LGES,2026-07-02,메리츠증권,LGES,소형 배터리,소형,2025,1Q,매출,1693.1,십억원,incl,3
2026-07-02_메리츠증권_LGES,2026-07-02,메리츠증권,LGES,IT/기타,소형,2025,1Q,매출,169.3,십억원,incl,3
2026-07-02_메리츠증권_LGES,2026-07-02,메리츠증권,LGES,EV 원통형,소형,2025,1Q,매출,1523.8,십억원,incl,3
2026-07-02_메리츠증권_LGES,2026-07-02,메리츠증권,LGES,중대형 배터리,중대형,2025,1Q,매출,4468.2,십억원,incl,3
2026-07-02_메리츠증권_LGES,2026-07-02,메리츠증권,LGES,EV용,EV,2025,1Q,매출,3753.3,십억원,incl,3
2026-07-02_메리츠증권_LGES,2026-07-02,메리츠증권,LGES,ESS용,ESS,2025,1Q,매출,714.9,십억원,incl,3
2026-07-02_메리츠증권_LGES,2026-07-02,메리츠증권,LGES,영업이익,전사,2025,1Q,영업이익,374.7,십억원,incl,3
2026-07-02_메리츠증권_LGES,2026-07-02,메리츠증권,LGES,AMPC,전사,2025,1Q,AMPC,457.7,십억원,na,3
2026-07-02_메리츠증권_LGES,2026-07-02,메리츠증권,LGES,매출액,전사,2025,2Q,매출,6056.2,십억원,incl,3
2026-07-02_메리츠증권_LGES,2026-07-02,메리츠증권,LGES,소형 배터리,소형,2025,2Q,매출,1668.8,십억원,incl,3
2026-07-02_메리츠증권_LGES,2026-07-02,메리츠증권,LGES,IT/기타,소형,2025,2Q,매출,133.5,십억원,incl,3
2026-07-02_메리츠증권_LGES,2026-07-02,메리츠증권,LGES,EV 원통형,소형,2025,2Q,매출,1535.3,십억원,incl,3
2026-07-02_메리츠증권_LGES,2026-07-02,메리츠증권,LGES,중대형 배터리,중대형,2025,2Q,매출,3896.6,십억원,incl,3
2026-07-02_메리츠증권_LGES,2026-07-02,메리츠증권,LGES,EV용,EV,2025,2Q,매출,3117.3,십억원,incl,3
2026-07-02_메리츠증권_LGES,2026-07-02,메리츠증권,LGES,ESS용,ESS,2025,2Q,매출,779.3,십억원,incl,3
2026-07-02_메리츠증권_LGES,2026-07-02,메리츠증권,LGES,영업이익,전사,2025,2Q,영업이익,492.2,십억원,incl,3
2026-07-02_메리츠증권_LGES,2026-07-02,메리츠증권,LGES,AMPC,전사,2025,2Q,AMPC,490.8,십억원,na,3
2026-07-02_메리츠증권_LGES,2026-07-02,메리츠증권,LGES,매출액,전사,2025,3Q,매출,6065.4,십억원,incl,3
2026-07-02_메리츠증권_LGES,2026-07-02,메리츠증권,LGES,소형 배터리,소형,2025,3Q,매출,1712.6,십억원,incl,3
2026-07-02_메리츠증권_LGES,2026-07-02,메리츠증권,LGES,IT/기타,소형,2025,3Q,매출,137.0,십억원,incl,3
2026-07-02_메리츠증권_LGES,2026-07-02,메리츠증권,LGES,EV 원통형,소형,2025,3Q,매출,1575.6,십억원,incl,3
2026-07-02_메리츠증권_LGES,2026-07-02,메리츠증권,LGES,중대형 배터리,중대형,2025,3Q,매출,3889.7,십억원,incl,3
2026-07-02_메리츠증권_LGES,2026-07-02,메리츠증권,LGES,EV용,EV,2025,3Q,매출,3072.9,십억원,incl,3
2026-07-02_메리츠증권_LGES,2026-07-02,메리츠증권,LGES,ESS용,ESS,2025,3Q,매출,816.8,십억원,incl,3
2026-07-02_메리츠증권_LGES,2026-07-02,메리츠증권,LGES,영업이익,전사,2025,3Q,영업이익,601.3,십억원,incl,3
2026-07-02_메리츠증권_LGES,2026-07-02,메리츠증권,LGES,AMPC,전사,2025,3Q,AMPC,365.5,십억원,na,3
2026-07-02_메리츠증권_LGES,2026-07-02,메리츠증권,LGES,매출액,전사,2025,4Q,매출,6474.3,십억원,incl,3
2026-07-02_메리츠증권_LGES,2026-07-02,메리츠증권,LGES,소형 배터리,소형,2025,4Q,매출,1880.0,십억원,incl,3
2026-07-02_메리츠증권_LGES,2026-07-02,메리츠증권,LGES,IT/기타,소형,2025,4Q,매출,150.4,십억원,incl,3
2026-07-02_메리츠증권_LGES,2026-07-02,메리츠증권,LGES,EV 원통형,소형,2025,4Q,매출,1729.6,십억원,incl,3
2026-07-02_메리츠증권_LGES,2026-07-02,메리츠증권,LGES,중대형 배터리,중대형,2025,4Q,매출,3463.7,십억원,incl,3
2026-07-02_메리츠증권_LGES,2026-07-02,메리츠증권,LGES,EV용,EV,2025,4Q,매출,2667.1,십억원,incl,3
2026-07-02_메리츠증권_LGES,2026-07-02,메리츠증권,LGES,ESS용,ESS,2025,4Q,매출,796.7,십억원,incl,3
2026-07-02_메리츠증권_LGES,2026-07-02,메리츠증권,LGES,영업이익,전사,2025,4Q,영업이익,-122.0,십억원,incl,3
2026-07-02_메리츠증권_LGES,2026-07-02,메리츠증권,LGES,AMPC,전사,2025,4Q,AMPC,332.8,십억원,na,3
2026-07-02_메리츠증권_LGES,2026-07-02,메리츠증권,LGES,매출액,전사,2026,1Q,매출,6555.0,십억원,incl,3
2026-07-02_메리츠증권_LGES,2026-07-02,메리츠증권,LGES,소형 배터리,소형,2026,1Q,매출,2038.0,십억원,incl,3
2026-07-02_메리츠증권_LGES,2026-07-02,메리츠증권,LGES,IT/기타,소형,2026,1Q,매출,142.7,십억원,incl,3
2026-07-02_메리츠증권_LGES,2026-07-02,메리츠증권,LGES,EV 원통형,소형,2026,1Q,매출,1895.3,십억원,incl,3
2026-07-02_메리츠증권_LGES,2026-07-02,메리츠증권,LGES,중대형 배터리,중대형,2026,1Q,매출,3791.8,십억원,incl,3
2026-07-02_메리츠증권_LGES,2026-07-02,메리츠증권,LGES,EV용,EV,2026,1Q,매출,2843.9,십억원,incl,3
2026-07-02_메리츠증권_LGES,2026-07-02,메리츠증권,LGES,ESS용,ESS,2026,1Q,매출,948.0,십억원,incl,3
2026-07-02_메리츠증권_LGES,2026-07-02,메리츠증권,LGES,영업이익,전사,2026,1Q,영업이익,-207.8,십억원,incl,3
2026-07-02_메리츠증권_LGES,2026-07-02,메리츠증권,LGES,AMPC,전사,2026,1Q,AMPC,189.7,십억원,na,3
2026-07-02_메리츠증권_LGES,2026-07-02,메리츠증권,LGES,매출액,전사,2026,2Q,매출,6729.9,십억원,incl,3
2026-07-02_메리츠증권_LGES,2026-07-02,메리츠증권,LGES,소형 배터리,소형,2026,2Q,매출,2292.8,십억원,incl,3
2026-07-02_메리츠증권_LGES,2026-07-02,메리츠증권,LGES,IT/기타,소형,2026,2Q,매출,183.4,십억원,incl,3
2026-07-02_메리츠증권_LGES,2026-07-02,메리츠증권,LGES,EV 원통형,소형,2026,2Q,매출,2109.4,십억원,incl,3
2026-07-02_메리츠증권_LGES,2026-07-02,메리츠증권,LGES,중대형 배터리,중대형,2026,2Q,매출,4208.7,십억원,incl,3
2026-07-02_메리츠증권_LGES,2026-07-02,메리츠증권,LGES,EV용,EV,2026,2Q,매출,2729.8,십억원,incl,3
2026-07-02_메리츠증권_LGES,2026-07-02,메리츠증권,LGES,ESS용,ESS,2026,2Q,매출,1673.1,십억원,incl,3
2026-07-02_메리츠증권_LGES,2026-07-02,메리츠증권,LGES,영업이익,전사,2026,2Q,영업이익,129.5,십억원,incl,3
2026-07-02_메리츠증권_LGES,2026-07-02,메리츠증권,LGES,AMPC,전사,2026,2Q,AMPC,228.4,십억원,na,3
2026-07-02_메리츠증권_LGES,2026-07-02,메리츠증권,LGES,매출액,전사,2026,3Q,매출,7207.3,십억원,incl,3
2026-07-02_메리츠증권_LGES,2026-07-02,메리츠증권,LGES,소형 배터리,소형,2026,3Q,매출,2418.6,십억원,incl,3
2026-07-02_메리츠증권_LGES,2026-07-02,메리츠증권,LGES,IT/기타,소형,2026,3Q,매출,193.5,십억원,incl,3
2026-07-02_메리츠증권_LGES,2026-07-02,메리츠증권,LGES,EV 원통형,소형,2026,3Q,매출,2225.1,십억원,incl,3
2026-07-02_메리츠증권_LGES,2026-07-02,메리츠증권,LGES,중대형 배터리,중대형,2026,3Q,매출,4443.8,십억원,incl,3
2026-07-02_메리츠증권_LGES,2026-07-02,메리츠증권,LGES,EV용,EV,2026,3Q,매출,2796.0,십억원,incl,3
2026-07-02_메리츠증권_LGES,2026-07-02,메리츠증권,LGES,ESS용,ESS,2026,3Q,매출,1713.7,십억원,incl,3
2026-07-02_메리츠증권_LGES,2026-07-02,메리츠증권,LGES,영업이익,전사,2026,3Q,영업이익,381.7,십억원,incl,3
2026-07-02_메리츠증권_LGES,2026-07-02,메리츠증권,LGES,AMPC,전사,2026,3Q,AMPC,344.9,십억원,na,3
2026-07-02_메리츠증권_LGES,2026-07-02,메리츠증권,LGES,매출액,전사,2026,4Q,매출,7594.1,십억원,incl,3
2026-07-02_메리츠증권_LGES,2026-07-02,메리츠증권,LGES,소형 배터리,소형,2026,4Q,매출,2491.1,십억원,incl,3
2026-07-02_메리츠증권_LGES,2026-07-02,메리츠증권,LGES,IT/기타,소형,2026,4Q,매출,199.3,십억원,incl,3
2026-07-02_메리츠증권_LGES,2026-07-02,메리츠증권,LGES,EV 원통형,소형,2026,4Q,매출,2291.8,십억원,incl,3
2026-07-02_메리츠증권_LGES,2026-07-02,메리츠증권,LGES,중대형 배터리,중대형,2026,4Q,매출,4550.9,십억원,incl,3
2026-07-02_메리츠증권_LGES,2026-07-02,메리츠증권,LGES,EV용,EV,2026,4Q,매출,2309.1,십억원,incl,3
2026-07-02_메리츠증권_LGES,2026-07-02,메리츠증권,LGES,ESS용,ESS,2026,4Q,매출,2309.1,십억원,incl,3
2026-07-02_메리츠증권_LGES,2026-07-02,메리츠증권,LGES,영업이익,전사,2026,4Q,영업이익,630.0,십억원,incl,3
2026-07-02_메리츠증권_LGES,2026-07-02,메리츠증권,LGES,AMPC,전사,2026,4Q,AMPC,552.0,십억원,na,3
2026-07-02_메리츠증권_LGES,2026-07-02,메리츠증권,LGES,매출액,전사,2025,FY,매출,25318.6,십억원,incl,3
2026-07-02_메리츠증권_LGES,2026-07-02,메리츠증권,LGES,소형 배터리,소형,2025,FY,매출,6954.5,십억원,incl,3
2026-07-02_메리츠증권_LGES,2026-07-02,메리츠증권,LGES,IT/기타,소형,2025,FY,매출,590.2,십억원,incl,3
2026-07-02_메리츠증권_LGES,2026-07-02,메리츠증권,LGES,EV 원통형,소형,2025,FY,매출,6364.3,십억원,incl,3
2026-07-02_메리츠증권_LGES,2026-07-02,메리츠증권,LGES,중대형 배터리,중대형,2025,FY,매출,15718.2,십억원,incl,3
2026-07-02_메리츠증권_LGES,2026-07-02,메리츠증권,LGES,EV용,EV,2025,FY,매출,12610.5,십억원,incl,3
2026-07-02_메리츠증권_LGES,2026-07-02,메리츠증권,LGES,ESS용,ESS,2025,FY,매출,3107.7,십억원,incl,3
2026-07-02_메리츠증권_LGES,2026-07-02,메리츠증권,LGES,영업이익,전사,2025,FY,영업이익,1346.2,십억원,incl,3
2026-07-02_메리츠증권_LGES,2026-07-02,메리츠증권,LGES,AMPC,전사,2025,FY,AMPC,1646.8,십억원,na,3
2026-07-02_메리츠증권_LGES,2026-07-02,메리츠증권,LGES,매출액,전사,2026,FY,매출,28086.2,십억원,incl,3
2026-07-02_메리츠증권_LGES,2026-07-02,메리츠증권,LGES,소형 배터리,소형,2026,FY,매출,9240.5,십억원,incl,3
2026-07-02_메리츠증권_LGES,2026-07-02,메리츠증권,LGES,IT/기타,소형,2026,FY,매출,718.9,십억원,incl,3
2026-07-02_메리츠증권_LGES,2026-07-02,메리츠증권,LGES,EV 원통형,소형,2026,FY,매출,8521.7,십억원,incl,3
2026-07-02_메리츠증권_LGES,2026-07-02,메리츠증권,LGES,중대형 배터리,중대형,2026,FY,매출,16995.3,십억원,incl,3
2026-07-02_메리츠증권_LGES,2026-07-02,메리츠증권,LGES,EV용,EV,2026,FY,매출,10678.7,십억원,incl,3
2026-07-02_메리츠증권_LGES,2026-07-02,메리츠증권,LGES,ESS용,ESS,2026,FY,매출,6643.8,십억원,incl,3
2026-07-02_메리츠증권_LGES,2026-07-02,메리츠증권,LGES,영업이익,전사,2026,FY,영업이익,933.5,십억원,incl,3
2026-07-02_메리츠증권_LGES,2026-07-02,메리츠증권,LGES,AMPC,전사,2026,FY,AMPC,1315.0,십억원,na,3
2026-07-02_메리츠증권_LGES,2026-07-02,메리츠증권,LGES,매출액,전사,2027,FY,매출,32856.0,십억원,incl,3
2026-07-02_메리츠증권_LGES,2026-07-02,메리츠증권,LGES,소형 배터리,소형,2027,FY,매출,10558.4,십억원,incl,3
2026-07-02_메리츠증권_LGES,2026-07-02,메리츠증권,LGES,IT/기타,소형,2027,FY,매출,844.7,십억원,incl,3
2026-07-02_메리츠증권_LGES,2026-07-02,메리츠증권,LGES,EV 원통형,소형,2027,FY,매출,9713.7,십억원,incl,3
2026-07-02_메리츠증권_LGES,2026-07-02,메리츠증권,LGES,중대형 배터리,중대형,2027,FY,매출,19589.7,십억원,incl,3
2026-07-02_메리츠증권_LGES,2026-07-02,메리츠증권,LGES,EV용,EV,2027,FY,매출,10670.7,십억원,incl,3
2026-07-02_메리츠증권_LGES,2026-07-02,메리츠증권,LGES,ESS용,ESS,2027,FY,매출,8919.0,십억원,incl,3
2026-07-02_메리츠증권_LGES,2026-07-02,메리츠증권,LGES,영업이익,전사,2027,FY,영업이익,3412.3,십억원,incl,3
2026-07-02_메리츠증권_LGES,2026-07-02,메리츠증권,LGES,AMPC,전사,2027,FY,AMPC,2707.9,십억원,na,3
2026-07-02_메리츠증권_LGES,2026-07-02,메리츠증권,LGES,매출액,전사,2025,FY,매출,23671.8,십억원,excl,4
2026-07-02_메리츠증권_LGES,2026-07-02,메리츠증권,LGES,매출액,전사,2024,FY,매출,25619.6,십억원,incl_unknown,4
2026-07-02_메리츠증권_LGES,2026-07-02,메리츠증권,LGES,영업이익,전사,2024,FY,영업이익,575.4,십억원,incl_unknown,4
2026-07-02_메리츠증권_LGES,2026-07-02,메리츠증권,LGES,매출액,전사,2028,FY,매출,36487.7,십억원,incl_unknown,4
2026-07-02_메리츠증권_LGES,2026-07-02,메리츠증권,LGES,영업이익,전사,2028,FY,영업이익,5119.3,십억원,incl_unknown,4
2026-07-03_BNK투자증권_SK온,2026-07-03,BNK투자증권,SK이노베이션,연결(전사),전사,2024,FY,매출,74270,십억원,incl_unknown,26
2026-07-03_BNK투자증권_SK온,2026-07-03,BNK투자증권,SK이노베이션,연결(전사),전사,2025,FY,매출,80296,십억원,incl_unknown,26
2026-07-03_BNK투자증권_SK온,2026-07-03,BNK투자증권,SK이노베이션,연결(전사),전사,2026,FY,매출,101206,십억원,incl_unknown,26
2026-07-03_BNK투자증권_SK온,2026-07-03,BNK투자증권,SK이노베이션,연결(전사),전사,2027,FY,매출,89441,십억원,incl_unknown,26
2026-07-03_BNK투자증권_SK온,2026-07-03,BNK투자증권,SK이노베이션,연결(전사),전사,2028,FY,매출,93227,십억원,incl_unknown,26
2026-07-03_BNK투자증권_SK온,2026-07-03,BNK투자증권,SK이노베이션,연결(전사),전사,2024,FY,영업이익,356,십억원,incl_unknown,26
2026-07-03_BNK투자증권_SK온,2026-07-03,BNK투자증권,SK이노베이션,연결(전사),전사,2025,FY,영업이익,449,십억원,incl_unknown,26
2026-07-03_BNK투자증권_SK온,2026-07-03,BNK투자증권,SK이노베이션,연결(전사),전사,2026,FY,영업이익,5534,십억원,incl_unknown,26
2026-07-03_BNK투자증권_SK온,2026-07-03,BNK투자증권,SK이노베이션,연결(전사),전사,2027,FY,영업이익,2587,십억원,incl_unknown,26
2026-07-03_BNK투자증권_SK온,2026-07-03,BNK투자증권,SK이노베이션,연결(전사),전사,2028,FY,영업이익,2748,십억원,incl_unknown,26
2026-07-03_BNK투자증권_SK온,2026-07-03,BNK투자증권,SK이노베이션,연결(전사),전사,2025,1Q,매출,21026,십억원,incl_unknown,28
2026-07-03_BNK투자증권_SK온,2026-07-03,BNK투자증권,SK이노베이션,연결(전사),전사,2025,2Q,매출,19180,십억원,incl_unknown,28
2026-07-03_BNK투자증권_SK온,2026-07-03,BNK투자증권,SK이노베이션,연결(전사),전사,2025,3Q,매출,20419,십억원,incl_unknown,28
2026-07-03_BNK투자증권_SK온,2026-07-03,BNK투자증권,SK이노베이션,연결(전사),전사,2025,4Q,매출,19671,십억원,incl_unknown,28
2026-07-03_BNK투자증권_SK온,2026-07-03,BNK투자증권,SK이노베이션,연결(전사),전사,2026,1Q,매출,24212,십억원,incl_unknown,28
2026-07-03_BNK투자증권_SK온,2026-07-03,BNK투자증권,SK이노베이션,연결(전사),전사,2026,2Q,매출,28899,십억원,incl_unknown,28
2026-07-03_BNK투자증권_SK온,2026-07-03,BNK투자증권,SK이노베이션,연결(전사),전사,2026,3Q,매출,24746,십억원,incl_unknown,28
2026-07-03_BNK투자증권_SK온,2026-07-03,BNK투자증권,SK이노베이션,연결(전사),전사,2026,4Q,매출,23349,십억원,incl_unknown,28
2026-07-03_BNK투자증권_SK온,2026-07-03,BNK투자증권,SK이노베이션,연결(전사),전사,2025,1Q,영업이익,-31,십억원,incl_unknown,28
2026-07-03_BNK투자증권_SK온,2026-07-03,BNK투자증권,SK이노베이션,연결(전사),전사,2025,2Q,영업이익,-402,십억원,incl_unknown,28
2026-07-03_BNK투자증권_SK온,2026-07-03,BNK투자증권,SK이노베이션,연결(전사),전사,2025,3Q,영업이익,586,십억원,incl_unknown,28
2026-07-03_BNK투자증권_SK온,2026-07-03,BNK투자증권,SK이노베이션,연결(전사),전사,2025,4Q,영업이익,295,십억원,incl_unknown,28
2026-07-03_BNK투자증권_SK온,2026-07-03,BNK투자증권,SK이노베이션,연결(전사),전사,2026,1Q,영업이익,2162,십억원,incl_unknown,28
2026-07-03_BNK투자증권_SK온,2026-07-03,BNK투자증권,SK이노베이션,연결(전사),전사,2026,2Q,영업이익,1605,십억원,incl_unknown,28
2026-07-03_BNK투자증권_SK온,2026-07-03,BNK투자증권,SK이노베이션,연결(전사),전사,2026,3Q,영업이익,858,십억원,incl_unknown,28
2026-07-03_BNK투자증권_SK온,2026-07-03,BNK투자증권,SK이노베이션,연결(전사),전사,2026,4Q,영업이익,910,십억원,incl_unknown,28
2026-07-03_BNK투자증권_SK온,2026-07-03,BNK투자증권,SK온,배터리,배터리합계,2025,FY,매출,6978,십억원,incl_unknown,28
2026-07-03_BNK투자증권_SK온,2026-07-03,BNK투자증권,SK온,배터리,배터리합계,2026,FY,매출,8210,십억원,incl_unknown,28
2026-07-03_BNK투자증권_SK온,2026-07-03,BNK투자증권,SK온,배터리,배터리합계,2027,FY,매출,9714,십억원,incl_unknown,28
2026-07-03_BNK투자증권_SK온,2026-07-03,BNK투자증권,SK온,배터리,배터리합계,2025,FY,영업이익,-932,십억원,incl_unknown,28
2026-07-03_BNK투자증권_SK온,2026-07-03,BNK투자증권,SK온,배터리,배터리합계,2026,FY,영업이익,-1298,십억원,incl_unknown,28
2026-07-03_BNK투자증권_SK온,2026-07-03,BNK투자증권,SK온,배터리,배터리합계,2027,FY,영업이익,-896,십억원,incl_unknown,28
2026-07-03_BNK투자증권_SK온,2026-07-03,BNK투자증권,SK온,배터리,배터리합계,2025,1Q,매출,1605,십억원,incl_unknown,28
2026-07-03_BNK투자증권_SK온,2026-07-03,BNK투자증권,SK온,배터리,배터리합계,2025,2Q,매출,2108,십억원,incl_unknown,28
2026-07-03_BNK투자증권_SK온,2026-07-03,BNK투자증권,SK온,배터리,배터리합계,2025,3Q,매출,1808,십억원,incl_unknown,28
2026-07-03_BNK투자증권_SK온,2026-07-03,BNK투자증권,SK온,배터리,배터리합계,2025,4Q,매출,1457,십억원,incl_unknown,28
2026-07-03_BNK투자증권_SK온,2026-07-03,BNK투자증권,SK온,배터리,배터리합계,2026,1Q,매출,1791,십억원,incl_unknown,28
2026-07-03_BNK투자증권_SK온,2026-07-03,BNK투자증권,SK온,배터리,배터리합계,2026,2Q,매출,1883,십억원,incl_unknown,28
2026-07-03_BNK투자증권_SK온,2026-07-03,BNK투자증권,SK온,배터리,배터리합계,2026,3Q,매출,2204,십억원,incl_unknown,28
2026-07-03_BNK투자증권_SK온,2026-07-03,BNK투자증권,SK온,배터리,배터리합계,2026,4Q,매출,2332,십억원,incl_unknown,28
2026-07-03_BNK투자증권_SK온,2026-07-03,BNK투자증권,SK온,배터리,배터리합계,2025,1Q,영업이익,-299,십억원,incl_unknown,28
2026-07-03_BNK투자증권_SK온,2026-07-03,BNK투자증권,SK온,배터리,배터리합계,2025,2Q,영업이익,-66,십억원,incl_unknown,28
2026-07-03_BNK투자증권_SK온,2026-07-03,BNK투자증권,SK온,배터리,배터리합계,2025,3Q,영업이익,-125,십억원,incl_unknown,28
2026-07-03_BNK투자증권_SK온,2026-07-03,BNK투자증권,SK온,배터리,배터리합계,2025,4Q,영업이익,-441,십억원,incl_unknown,28
2026-07-03_BNK투자증권_SK온,2026-07-03,BNK투자증권,SK온,배터리,배터리합계,2026,1Q,영업이익,-349,십억원,incl_unknown,28
2026-07-03_BNK투자증권_SK온,2026-07-03,BNK투자증권,SK온,배터리,배터리합계,2026,2Q,영업이익,-301,십억원,incl_unknown,28
2026-07-03_BNK투자증권_SK온,2026-07-03,BNK투자증권,SK온,배터리,배터리합계,2026,3Q,영업이익,-265,십억원,incl_unknown,28
2026-07-03_BNK투자증권_SK온,2026-07-03,BNK투자증권,SK온,배터리,배터리합계,2026,4Q,영업이익,-383,십억원,incl_unknown,28
2026-07-30_KB증권_LGES,2026-07-30,KB증권,LGES,전사,전사,2026,2Q,영업이익,113.3,십억원,incl,1
2026-07-30_KB증권_LGES,2026-07-30,KB증권,LGES,전사,전사,2026,3Q,영업이익,274.4,십억원,incl,1
2026-07-30_KB증권_LGES,2026-07-30,KB증권,LGES,전사,전사,2026,FY,매출,32917,십억원,incl,1
2026-07-30_KB증권_LGES,2026-07-30,KB증권,LGES,전사,전사,2026,FY,영업이익,725,십억원,incl,1
2026-07-30_KB증권_LGES,2026-07-30,KB증권,LGES,전사,전사,2027,FY,매출,46174,십억원,incl,1
2026-07-30_KB증권_LGES,2026-07-30,KB증권,LGES,전사,전사,2027,FY,영업이익,4686,십억원,incl,1
2026-07-30_삼성증권_LGES,2026-07-30,삼성증권,LGES,전사,전사,2026,2Q,매출,7560.2,십억원,incl,1
2026-07-30_삼성증권_LGES,2026-07-30,삼성증권,LGES,전사,전사,2026,2Q,영업이익,113.3,십억원,incl,1
2026-07-30_삼성증권_LGES,2026-07-30,삼성증권,LGES,소형전지,소형,2026,2Q,매출,2460,십억원,incl,1
2026-07-30_삼성증권_LGES,2026-07-30,삼성증권,LGES,소형전지,소형,2026,2Q,영업이익,166.2,십억원,incl,1
2026-07-30_삼성증권_LGES,2026-07-30,삼성증권,LGES,자동차전지,EV,2026,2Q,매출,3020,십억원,incl,1
2026-07-30_삼성증권_LGES,2026-07-30,삼성증권,LGES,자동차전지,EV,2026,2Q,영업이익,-241.9,십억원,incl,1
2026-07-30_삼성증권_LGES,2026-07-30,삼성증권,LGES,ESS전지,ESS,2026,2Q,매출,2080,십억원,incl,2
2026-07-30_삼성증권_LGES,2026-07-30,삼성증권,LGES,ESS전지,ESS,2026,2Q,영업이익,-52,십억원,incl,2
2026-07-30_삼성증권_LGES,2026-07-30,삼성증권,LGES,전사,전사,2026,2Q,AMPC,241,십억원,na,2
2026-07-30_삼성증권_LGES,2026-07-30,삼성증권,LGES,전사,전사,2026,3Q,영업이익,239.5,십억원,incl,2
2026-07-30_삼성증권_LGES,2026-07-30,삼성증권,LGES,전사,전사,2026,3Q,AMPC,388.3,십억원,na,2
2026-07-31_iM증권_LGES,2026-07-31,iM증권,LGES,전사,전사,2026,2Q,매출,7560,십억원,incl,2
2026-07-31_iM증권_LGES,2026-07-31,iM증권,LGES,전사,전사,2026,2Q,영업이익,113,십억원,incl,2
2026-07-31_iM증권_LGES,2026-07-31,iM증권,LGES,전사,전사,2026,2Q,AMPC,241,십억원,na,2
2026-07-31_iM증권_LGES,2026-07-31,iM증권,LGES,전사,전사,2026,2Q,영업이익,-128,십억원,excl,2
2026-07-31_iM증권_LGES,2026-07-31,iM증권,LGES,전사,전사,2026,3Q,매출,9021,십억원,incl,2
2026-07-31_iM증권_LGES,2026-07-31,iM증권,LGES,전사,전사,2026,3Q,영업이익,293,십억원,incl,2
2026-07-31_iM증권_LGES,2026-07-31,iM증권,LGES,전사,전사,2026,3Q,AMPC,347,십억원,na,2
2026-07-31_iM증권_LGES,2026-07-31,iM증권,LGES,전사,전사,2026,FY,매출,32567,십억원,incl,2
2026-07-31_iM증권_LGES,2026-07-31,iM증권,LGES,전사,전사,2026,FY,영업이익,669,십억원,incl,2
2026-07-31_iM증권_LGES,2026-07-31,iM증권,LGES,전사,전사,2027,FY,매출,42241,십억원,incl,2
2026-07-31_iM증권_LGES,2026-07-31,iM증권,LGES,전사,전사,2027,FY,영업이익,3194,십억원,incl,2
2026-07-31_iM증권_삼성SDI,2026-07-31,iM증권,삼성SDI,전사,전사,2026,2Q,매출,3769,십억원,na,2
2026-07-31_iM증권_삼성SDI,2026-07-31,iM증권,삼성SDI,전사,전사,2026,2Q,영업이익,204,십억원,incl,2
2026-07-31_iM증권_삼성SDI,2026-07-31,iM증권,삼성SDI,자동차전지,EV,2026,2Q,매출,1456,십억원,na,2
2026-07-31_iM증권_삼성SDI,2026-07-31,iM증권,삼성SDI,자동차전지,EV,2026,2Q,영업이익,-30,십억원,incl,2
2026-07-31_iM증권_삼성SDI,2026-07-31,iM증권,삼성SDI,ESS,ESS,2026,2Q,매출,842,십억원,na,2
2026-07-31_iM증권_삼성SDI,2026-07-31,iM증권,삼성SDI,ESS,ESS,2026,2Q,영업이익,264,십억원,incl,2
2026-07-31_iM증권_삼성SDI,2026-07-31,iM증권,삼성SDI,소형2차전지,소형,2026,2Q,매출,1222,십억원,na,2
2026-07-31_iM증권_삼성SDI,2026-07-31,iM증권,삼성SDI,소형2차전지,소형,2026,2Q,영업이익,-74,십억원,na,2
2026-07-31_iM증권_삼성SDI,2026-07-31,iM증권,삼성SDI,전사,전사,2026,3Q,매출,4100,십억원,na,1
2026-07-31_iM증권_삼성SDI,2026-07-31,iM증권,삼성SDI,전사,전사,2026,3Q,영업이익,110,십억원,incl,1
2026-07-31_iM증권_삼성SDI,2026-07-31,iM증권,삼성SDI,전사,전사,2026,FY,매출,16244,십억원,na,1
2026-07-31_iM증권_삼성SDI,2026-07-31,iM증권,삼성SDI,전사,전사,2026,FY,영업이익,396,십억원,incl,1
2026-07-31_iM증권_삼성SDI,2026-07-31,iM증권,삼성SDI,전사,전사,2027,FY,매출,22016,십억원,na,1
2026-07-31_iM증권_삼성SDI,2026-07-31,iM증권,삼성SDI,전사,전사,2027,FY,영업이익,1756,십억원,incl,1
2026-07-31_삼성증권_삼성SDI,2026-07-31,삼성증권,삼성SDI,전사,전사,2026,2Q,매출,3768.8,십억원,na,1
2026-07-31_삼성증권_삼성SDI,2026-07-31,삼성증권,삼성SDI,전사,전사,2026,2Q,영업이익,203.8,십억원,incl,1
2026-07-31_삼성증권_삼성SDI,2026-07-31,삼성증권,삼성SDI,전사,전사,2026,2Q,AMPC,107.7,십억원,na,1
2026-07-31_삼성증권_삼성SDI,2026-07-31,삼성증권,삼성SDI,배터리,배터리합계,2026,2Q,영업이익,159.3,십억원,incl,1
2026-07-31_삼성증권_삼성SDI,2026-07-31,삼성증권,삼성SDI,전자재료,전자재료,2026,2Q,영업이익,44.5,십억원,na,2
2026-07-31_삼성증권_삼성SDI,2026-07-31,삼성증권,삼성SDI,전사,전사,2026,3Q,매출,4000,십억원,na,1
2026-07-31_삼성증권_삼성SDI,2026-07-31,삼성증권,삼성SDI,전사,전사,2026,3Q,영업이익,75.6,십억원,incl,1
2026-07-31_삼성증권_삼성SDI,2026-07-31,삼성증권,삼성SDI,전사,전사,2026,3Q,AMPC,135,십억원,na,1
2026-07-31_신한투자증권_LGES,2026-07-31,신한투자증권,LGES,전사,전사,2026,2Q,매출,7560.2,십억원,incl,2
2026-07-31_신한투자증권_LGES,2026-07-31,신한투자증권,LGES,전사,전사,2026,2Q,영업이익,113.3,십억원,incl,1
2026-07-31_신한투자증권_LGES,2026-07-31,신한투자증권,LGES,중대형전지,중대형,2026,2Q,매출,5200,십억원,incl,1
2026-07-31_신한투자증권_LGES,2026-07-31,신한투자증권,LGES,중대형전지,중대형,2026,2Q,영업이익,-50.5,십억원,incl,1
2026-07-31_신한투자증권_LGES,2026-07-31,신한투자증권,LGES,소형전지,소형,2026,2Q,매출,2300,십억원,incl,1
2026-07-31_신한투자증권_LGES,2026-07-31,신한투자증권,LGES,소형전지,소형,2026,2Q,영업이익,163.8,십억원,incl,1
2026-07-31_신한투자증권_LGES,2026-07-31,신한투자증권,LGES,전사,전사,2026,FY,매출,33050.1,십억원,incl,1
2026-07-31_신한투자증권_LGES,2026-07-31,신한투자증권,LGES,전사,전사,2026,FY,영업이익,780.6,십억원,incl,1
2026-07-31_신한투자증권_LGES,2026-07-31,신한투자증권,LGES,전사,전사,2027,FY,매출,37842.8,십억원,incl,1
2026-07-31_신한투자증권_LGES,2026-07-31,신한투자증권,LGES,전사,전사,2027,FY,영업이익,4575.8,십억원,incl,1
2026-07-31_신한투자증권_삼성SDI,2026-07-31,신한투자증권,삼성SDI,전사,전사,2026,2Q,매출,3768.8,십억원,na,2
2026-07-31_신한투자증권_삼성SDI,2026-07-31,신한투자증권,삼성SDI,전사,전사,2026,2Q,영업이익,203.8,십억원,incl,1
2026-07-31_신한투자증권_삼성SDI,2026-07-31,신한투자증권,삼성SDI,전자재료,전자재료,2026,2Q,매출,249.8,십억원,na,1
2026-07-31_신한투자증권_삼성SDI,2026-07-31,신한투자증권,삼성SDI,전자재료,전자재료,2026,2Q,영업이익,44.5,십억원,na,1
2026-07-31_신한투자증권_삼성SDI,2026-07-31,신한투자증권,삼성SDI,전사,전사,2026,FY,매출,16120.3,십억원,na,1
2026-07-31_신한투자증권_삼성SDI,2026-07-31,신한투자증권,삼성SDI,전사,전사,2026,FY,영업이익,357,십억원,incl,1
2026-07-31_신한투자증권_삼성SDI,2026-07-31,신한투자증권,삼성SDI,전사,전사,2027,FY,매출,20019.5,십억원,na,1
2026-07-31_신한투자증권_삼성SDI,2026-07-31,신한투자증권,삼성SDI,전사,전사,2027,FY,영업이익,1619.1,십억원,incl,1
2026-07-31_키움증권_삼성SDI,2026-07-31,키움증권,삼성SDI,전사,전사,2026,2Q,매출,3768.8,십억원,na,2
2026-07-31_키움증권_삼성SDI,2026-07-31,키움증권,삼성SDI,전사,전사,2026,2Q,영업이익,203.8,십억원,incl,2
2026-07-31_키움증권_삼성SDI,2026-07-31,키움증권,삼성SDI,소형전지,소형,2026,2Q,매출,1231.6,십억원,na,2
2026-07-31_키움증권_삼성SDI,2026-07-31,키움증권,삼성SDI,중대형전지,중대형,2026,2Q,매출,2287.4,십억원,na,2
2026-07-31_키움증권_삼성SDI,2026-07-31,키움증권,삼성SDI,전자재료,전자재료,2026,2Q,매출,249.8,십억원,na,2
2026-07-31_키움증권_삼성SDI,2026-07-31,키움증권,삼성SDI,전사,전사,2026,2Q,AMPC,107.7,십억원,na,2
2026-07-31_키움증권_삼성SDI,2026-07-31,키움증권,삼성SDI,전사,전사,2026,3Q,매출,3987.9,십억원,na,2
2026-07-31_키움증권_삼성SDI,2026-07-31,키움증권,삼성SDI,전사,전사,2026,3Q,영업이익,132.1,십억원,incl,2
2026-07-31_키움증권_삼성SDI,2026-07-31,키움증권,삼성SDI,전사,전사,2026,3Q,AMPC,121,십억원,na,2
2026-07-31_키움증권_삼성SDI,2026-07-31,키움증권,삼성SDI,전사,전사,2026,FY,매출,15733.1,십억원,na,2
2026-07-31_키움증권_삼성SDI,2026-07-31,키움증권,삼성SDI,전사,전사,2026,FY,영업이익,407.5,십억원,incl,2
2026-07-31_하나증권_LGES,2026-07-31,하나증권,LGES,전사,전사,2026,2Q,매출,7560,십억원,incl,2
2026-07-31_하나증권_LGES,2026-07-31,하나증권,LGES,전사,전사,2026,2Q,영업이익,113.3,십억원,incl,1
2026-07-31_하나증권_LGES,2026-07-31,하나증권,LGES,전사,전사,2026,2Q,AMPC,241,십억원,na,2
2026-07-31_하나증권_LGES,2026-07-31,하나증권,LGES,전사,전사,2026,3Q,매출,9000,십억원,incl,1
2026-07-31_하나증권_LGES,2026-07-31,하나증권,LGES,전사,전사,2026,3Q,영업이익,224.7,십억원,incl,1
2026-07-31_하나증권_LGES,2026-07-31,하나증권,LGES,전사,전사,2026,FY,매출,32091.2,십억원,incl,1
2026-07-31_하나증권_LGES,2026-07-31,하나증권,LGES,전사,전사,2026,FY,영업이익,819.7,십억원,incl,1
2026-07-31_하나증권_LGES,2026-07-31,하나증권,LGES,전사,전사,2027,FY,매출,38795.9,십억원,incl,1
2026-07-31_하나증권_LGES,2026-07-31,하나증권,LGES,전사,전사,2027,FY,영업이익,3645.3,십억원,incl,1
2026-07-31_하나증권_삼성SDI,2026-07-31,하나증권,삼성SDI,전사,전사,2026,2Q,매출,3769,십억원,na,2
2026-07-31_하나증권_삼성SDI,2026-07-31,하나증권,삼성SDI,전사,전사,2026,2Q,영업이익,203.8,십억원,incl,1
2026-07-31_하나증권_삼성SDI,2026-07-31,하나증권,삼성SDI,전사,전사,2026,2Q,AMPC,108,십억원,na,2
2026-07-31_하나증권_삼성SDI,2026-07-31,하나증권,삼성SDI,전사,전사,2026,3Q,매출,4000,십억원,na,1
2026-07-31_하나증권_삼성SDI,2026-07-31,하나증권,삼성SDI,전사,전사,2026,3Q,영업이익,99.4,십억원,incl,1
2026-07-31_하나증권_삼성SDI,2026-07-31,하나증권,삼성SDI,전사,전사,2026,FY,매출,16093.4,십억원,na,1
2026-07-31_하나증권_삼성SDI,2026-07-31,하나증권,삼성SDI,전사,전사,2026,FY,영업이익,385.5,십억원,incl,1
2026-07-31_하나증권_삼성SDI,2026-07-31,하나증권,삼성SDI,전사,전사,2027,FY,매출,19059.8,십억원,na,1
2026-07-31_하나증권_삼성SDI,2026-07-31,하나증권,삼성SDI,전사,전사,2027,FY,영업이익,1483.9,십억원,incl,1
