report_id,date,house,source_pdf,origin_schema,legacy_row,region,application,metric,fy,value,value_prev,unit,basis,source_page,review_reasons,decision_status,actual_metric,period_scope,decision_reason
2023-05-23_SK증권_산업,2023-05-23,SK증권,inbox/SK증권_전자장비와기기_배터리 패러다임의 변화 (feat. IT 탐방왕이 바라본 2차전지)_20230523.pdf,demand_forecasts,66,글로벌,합계,수요량,2023,355,,GWh,EV+ESS 배터리 수요 합계(중국 제외),60,EV·ESS 외 application: 합계,,,,
2023-05-23_SK증권_산업,2023-05-23,SK증권,inbox/SK증권_전자장비와기기_배터리 패러다임의 변화 (feat. IT 탐방왕이 바라본 2차전지)_20230523.pdf,demand_forecasts,67,글로벌,합계,수요량,2024,512,,GWh,EV+ESS 배터리 수요 합계(중국 제외),60,EV·ESS 외 application: 합계,,,,
2023-05-23_SK증권_산업,2023-05-23,SK증권,inbox/SK증권_전자장비와기기_배터리 패러다임의 변화 (feat. IT 탐방왕이 바라본 2차전지)_20230523.pdf,demand_forecasts,68,글로벌,합계,수요량,2025,822,,GWh,EV+ESS 배터리 수요 합계(중국 제외),60,EV·ESS 외 application: 합계,,,,
2023-05-23_SK증권_산업,2023-05-23,SK증권,inbox/SK증권_전자장비와기기_배터리 패러다임의 변화 (feat. IT 탐방왕이 바라본 2차전지)_20230523.pdf,demand_forecasts,69,글로벌,합계,수요량,2026,1335,,GWh,EV+ESS 배터리 수요 합계(중국 제외),60,EV·ESS 외 application: 합계,,,,
2023-05-23_SK증권_산업,2023-05-23,SK증권,inbox/SK증권_전자장비와기기_배터리 패러다임의 변화 (feat. IT 탐방왕이 바라본 2차전지)_20230523.pdf,demand_forecasts,70,글로벌,합계,수요량,2027,1768,,GWh,EV+ESS 배터리 수요 합계(중국 제외),60,EV·ESS 외 application: 합계,,,,
2023-05-23_SK증권_산업,2023-05-23,SK증권,inbox/SK증권_전자장비와기기_배터리 패러다임의 변화 (feat. IT 탐방왕이 바라본 2차전지)_20230523.pdf,demand_forecasts,71,글로벌,합계,수요량,2028,2031,,GWh,EV+ESS 배터리 수요 합계(중국 제외),60,EV·ESS 외 application: 합계,,,,
2023-05-23_SK증권_산업,2023-05-23,SK증권,inbox/SK증권_전자장비와기기_배터리 패러다임의 변화 (feat. IT 탐방왕이 바라본 2차전지)_20230523.pdf,demand_forecasts,72,글로벌,합계,수요량,2029,2495,,GWh,EV+ESS 배터리 수요 합계(중국 제외),60,EV·ESS 외 application: 합계,,,,
2023-05-23_SK증권_산업,2023-05-23,SK증권,inbox/SK증권_전자장비와기기_배터리 패러다임의 변화 (feat. IT 탐방왕이 바라본 2차전지)_20230523.pdf,demand_forecasts,73,글로벌,합계,수요량,2030,2753,,GWh,EV+ESS 배터리 수요 합계(중국 제외),60,EV·ESS 외 application: 합계,,,,
2023-05-23_SK증권_산업,2023-05-23,SK증권,inbox/SK증권_전자장비와기기_배터리 패러다임의 변화 (feat. IT 탐방왕이 바라본 2차전지)_20230523.pdf,demand_forecasts,74,글로벌,합계,수요량,2031,3234,,GWh,EV+ESS 배터리 수요 합계(중국 제외),60,EV·ESS 외 application: 합계,,,,
2023-05-23_SK증권_산업,2023-05-23,SK증권,inbox/SK증권_전자장비와기기_배터리 패러다임의 변화 (feat. IT 탐방왕이 바라본 2차전지)_20230523.pdf,demand_forecasts,75,글로벌,합계,수요량,2032,3803,,GWh,EV+ESS 배터리 수요 합계(중국 제외),60,EV·ESS 외 application: 합계,,,,
2023-05-23_SK증권_산업,2023-05-23,SK증권,inbox/SK증권_전자장비와기기_배터리 패러다임의 변화 (feat. IT 탐방왕이 바라본 2차전지)_20230523.pdf,demand_forecasts,76,글로벌,합계,수요량,2033,4062,,GWh,EV+ESS 배터리 수요 합계(중국 제외),60,EV·ESS 외 application: 합계,,,,
2023-05-23_SK증권_산업,2023-05-23,SK증권,inbox/SK증권_전자장비와기기_배터리 패러다임의 변화 (feat. IT 탐방왕이 바라본 2차전지)_20230523.pdf,demand_forecasts,77,글로벌,합계,수요량,2034,4637,,GWh,EV+ESS 배터리 수요 합계(중국 제외),60,EV·ESS 외 application: 합계,,,,
2023-05-23_SK증권_산업,2023-05-23,SK증권,inbox/SK증권_전자장비와기기_배터리 패러다임의 변화 (feat. IT 탐방왕이 바라본 2차전지)_20230523.pdf,demand_forecasts,78,글로벌,합계,수요량,2035,5216,,GWh,EV+ESS 배터리 수요 합계(중국 제외),60,EV·ESS 외 application: 합계,,,,
2023-05-23_SK증권_산업,2023-05-23,SK증권,inbox/SK증권_전자장비와기기_배터리 패러다임의 변화 (feat. IT 탐방왕이 바라본 2차전지)_20230523.pdf,demand_forecasts,92,유럽,EV,판매대수,2023,319,,만대,,49,basis 누락,,,,
2023-05-23_SK증권_산업,2023-05-23,SK증권,inbox/SK증권_전자장비와기기_배터리 패러다임의 변화 (feat. IT 탐방왕이 바라본 2차전지)_20230523.pdf,demand_forecasts,93,유럽,EV,판매대수,2024,362,,만대,,49,basis 누락,,,,
2023-05-23_SK증권_산업,2023-05-23,SK증권,inbox/SK증권_전자장비와기기_배터리 패러다임의 변화 (feat. IT 탐방왕이 바라본 2차전지)_20230523.pdf,demand_forecasts,94,유럽,EV,판매대수,2025,449,,만대,,49,basis 누락,,,,
2023-05-23_SK증권_산업,2023-05-23,SK증권,inbox/SK증권_전자장비와기기_배터리 패러다임의 변화 (feat. IT 탐방왕이 바라본 2차전지)_20230523.pdf,demand_forecasts,95,유럽,EV,판매대수,2026,535,,만대,,49,basis 누락,,,,
2023-05-23_SK증권_산업,2023-05-23,SK증권,inbox/SK증권_전자장비와기기_배터리 패러다임의 변화 (feat. IT 탐방왕이 바라본 2차전지)_20230523.pdf,demand_forecasts,96,유럽,EV,판매대수,2027,633,,만대,,49,basis 누락,,,,
2023-05-23_SK증권_산업,2023-05-23,SK증권,inbox/SK증권_전자장비와기기_배터리 패러다임의 변화 (feat. IT 탐방왕이 바라본 2차전지)_20230523.pdf,demand_forecasts,97,유럽,EV,판매대수,2028,733,,만대,,49,basis 누락,,,,
2023-05-23_SK증권_산업,2023-05-23,SK증권,inbox/SK증권_전자장비와기기_배터리 패러다임의 변화 (feat. IT 탐방왕이 바라본 2차전지)_20230523.pdf,demand_forecasts,98,유럽,EV,판매대수,2029,801,,만대,,49,basis 누락,,,,
2023-05-23_SK증권_산업,2023-05-23,SK증권,inbox/SK증권_전자장비와기기_배터리 패러다임의 변화 (feat. IT 탐방왕이 바라본 2차전지)_20230523.pdf,demand_forecasts,99,유럽,EV,판매대수,2030,864,,만대,,49,basis 누락,,,,
2023-05-23_SK증권_산업,2023-05-23,SK증권,inbox/SK증권_전자장비와기기_배터리 패러다임의 변화 (feat. IT 탐방왕이 바라본 2차전지)_20230523.pdf,demand_forecasts,100,유럽,EV,판매대수,2031,913,,만대,,49,basis 누락,,,,
2023-05-23_SK증권_산업,2023-05-23,SK증권,inbox/SK증권_전자장비와기기_배터리 패러다임의 변화 (feat. IT 탐방왕이 바라본 2차전지)_20230523.pdf,demand_forecasts,101,유럽,EV,판매대수,2032,986,,만대,,49,basis 누락,,,,
2023-05-23_SK증권_산업,2023-05-23,SK증권,inbox/SK증권_전자장비와기기_배터리 패러다임의 변화 (feat. IT 탐방왕이 바라본 2차전지)_20230523.pdf,demand_forecasts,102,유럽,EV,판매대수,2033,1064,,만대,,49,basis 누락,,,,
2023-05-23_SK증권_산업,2023-05-23,SK증권,inbox/SK증권_전자장비와기기_배터리 패러다임의 변화 (feat. IT 탐방왕이 바라본 2차전지)_20230523.pdf,demand_forecasts,103,유럽,EV,판매대수,2034,1125,,만대,,49,basis 누락,,,,
2023-05-23_SK증권_산업,2023-05-23,SK증권,inbox/SK증권_전자장비와기기_배터리 패러다임의 변화 (feat. IT 탐방왕이 바라본 2차전지)_20230523.pdf,demand_forecasts,104,유럽,EV,판매대수,2035,1170,,만대,,49,basis 누락,,,,
2023-05-23_SK증권_산업,2023-05-23,SK증권,inbox/SK증권_전자장비와기기_배터리 패러다임의 변화 (feat. IT 탐방왕이 바라본 2차전지)_20230523.pdf,demand_forecasts,105,북미,EV,판매대수,2023,160,,만대,,49,basis 누락,,,,
2023-05-23_SK증권_산업,2023-05-23,SK증권,inbox/SK증권_전자장비와기기_배터리 패러다임의 변화 (feat. IT 탐방왕이 바라본 2차전지)_20230523.pdf,demand_forecasts,106,북미,EV,판매대수,2024,205,,만대,,49,basis 누락,,,,
2023-05-23_SK증권_산업,2023-05-23,SK증권,inbox/SK증권_전자장비와기기_배터리 패러다임의 변화 (feat. IT 탐방왕이 바라본 2차전지)_20230523.pdf,demand_forecasts,107,북미,EV,판매대수,2025,230,,만대,,49,basis 누락,,,,
2023-05-23_SK증권_산업,2023-05-23,SK증권,inbox/SK증권_전자장비와기기_배터리 패러다임의 변화 (feat. IT 탐방왕이 바라본 2차전지)_20230523.pdf,demand_forecasts,108,북미,EV,판매대수,2026,329,,만대,,49,basis 누락,,,,
2023-05-23_SK증권_산업,2023-05-23,SK증권,inbox/SK증권_전자장비와기기_배터리 패러다임의 변화 (feat. IT 탐방왕이 바라본 2차전지)_20230523.pdf,demand_forecasts,109,북미,EV,판매대수,2027,404,,만대,,49,basis 누락,,,,
2023-05-23_SK증권_산업,2023-05-23,SK증권,inbox/SK증권_전자장비와기기_배터리 패러다임의 변화 (feat. IT 탐방왕이 바라본 2차전지)_20230523.pdf,demand_forecasts,110,북미,EV,판매대수,2028,497,,만대,,49,basis 누락,,,,
2023-05-23_SK증권_산업,2023-05-23,SK증권,inbox/SK증권_전자장비와기기_배터리 패러다임의 변화 (feat. IT 탐방왕이 바라본 2차전지)_20230523.pdf,demand_forecasts,111,북미,EV,판매대수,2029,598,,만대,,49,basis 누락,,,,
2023-05-23_SK증권_산업,2023-05-23,SK증권,inbox/SK증권_전자장비와기기_배터리 패러다임의 변화 (feat. IT 탐방왕이 바라본 2차전지)_20230523.pdf,demand_forecasts,112,북미,EV,판매대수,2030,727,,만대,,49,basis 누락,,,,
2023-05-23_SK증권_산업,2023-05-23,SK증권,inbox/SK증권_전자장비와기기_배터리 패러다임의 변화 (feat. IT 탐방왕이 바라본 2차전지)_20230523.pdf,demand_forecasts,113,북미,EV,판매대수,2031,791,,만대,,49,basis 누락,,,,
2023-05-23_SK증권_산업,2023-05-23,SK증권,inbox/SK증권_전자장비와기기_배터리 패러다임의 변화 (feat. IT 탐방왕이 바라본 2차전지)_20230523.pdf,demand_forecasts,114,북미,EV,판매대수,2032,900,,만대,,49,basis 누락,,,,
2023-05-23_SK증권_산업,2023-05-23,SK증권,inbox/SK증권_전자장비와기기_배터리 패러다임의 변화 (feat. IT 탐방왕이 바라본 2차전지)_20230523.pdf,demand_forecasts,115,북미,EV,판매대수,2033,989,,만대,,49,basis 누락,,,,
2023-05-23_SK증권_산업,2023-05-23,SK증권,inbox/SK증권_전자장비와기기_배터리 패러다임의 변화 (feat. IT 탐방왕이 바라본 2차전지)_20230523.pdf,demand_forecasts,116,북미,EV,판매대수,2034,1063,,만대,,49,basis 누락,,,,
2023-05-23_SK증권_산업,2023-05-23,SK증권,inbox/SK증권_전자장비와기기_배터리 패러다임의 변화 (feat. IT 탐방왕이 바라본 2차전지)_20230523.pdf,demand_forecasts,117,북미,EV,판매대수,2035,1145,,만대,,49,basis 누락,,,,
2023-05-23_SK증권_산업,2023-05-23,SK증권,inbox/SK증권_전자장비와기기_배터리 패러다임의 변화 (feat. IT 탐방왕이 바라본 2차전지)_20230523.pdf,demand_forecasts,118,기타,EV,판매대수,2023,66,,만대,,49,basis 누락,,,,
2023-05-23_SK증권_산업,2023-05-23,SK증권,inbox/SK증권_전자장비와기기_배터리 패러다임의 변화 (feat. IT 탐방왕이 바라본 2차전지)_20230523.pdf,demand_forecasts,119,기타,EV,판매대수,2024,82,,만대,,49,basis 누락,,,,
2023-05-23_SK증권_산업,2023-05-23,SK증권,inbox/SK증권_전자장비와기기_배터리 패러다임의 변화 (feat. IT 탐방왕이 바라본 2차전지)_20230523.pdf,demand_forecasts,120,기타,EV,판매대수,2025,112,,만대,,49,basis 누락,,,,
2023-05-23_SK증권_산업,2023-05-23,SK증권,inbox/SK증권_전자장비와기기_배터리 패러다임의 변화 (feat. IT 탐방왕이 바라본 2차전지)_20230523.pdf,demand_forecasts,121,기타,EV,판매대수,2026,165,,만대,,49,basis 누락,,,,
2023-05-23_SK증권_산업,2023-05-23,SK증권,inbox/SK증권_전자장비와기기_배터리 패러다임의 변화 (feat. IT 탐방왕이 바라본 2차전지)_20230523.pdf,demand_forecasts,122,기타,EV,판매대수,2027,179,,만대,,49,basis 누락,,,,
2023-05-23_SK증권_산업,2023-05-23,SK증권,inbox/SK증권_전자장비와기기_배터리 패러다임의 변화 (feat. IT 탐방왕이 바라본 2차전지)_20230523.pdf,demand_forecasts,123,기타,EV,판매대수,2028,227,,만대,,49,basis 누락,,,,
2023-05-23_SK증권_산업,2023-05-23,SK증권,inbox/SK증권_전자장비와기기_배터리 패러다임의 변화 (feat. IT 탐방왕이 바라본 2차전지)_20230523.pdf,demand_forecasts,124,기타,EV,판매대수,2029,305,,만대,,49,basis 누락,,,,
2023-05-23_SK증권_산업,2023-05-23,SK증권,inbox/SK증권_전자장비와기기_배터리 패러다임의 변화 (feat. IT 탐방왕이 바라본 2차전지)_20230523.pdf,demand_forecasts,125,기타,EV,판매대수,2030,345,,만대,,49,basis 누락,,,,
2023-05-23_SK증권_산업,2023-05-23,SK증권,inbox/SK증권_전자장비와기기_배터리 패러다임의 변화 (feat. IT 탐방왕이 바라본 2차전지)_20230523.pdf,demand_forecasts,126,기타,EV,판매대수,2031,470,,만대,,49,basis 누락,,,,
2023-05-23_SK증권_산업,2023-05-23,SK증권,inbox/SK증권_전자장비와기기_배터리 패러다임의 변화 (feat. IT 탐방왕이 바라본 2차전지)_20230523.pdf,demand_forecasts,127,기타,EV,판매대수,2032,592,,만대,,49,basis 누락,,,,
2023-05-23_SK증권_산업,2023-05-23,SK증권,inbox/SK증권_전자장비와기기_배터리 패러다임의 변화 (feat. IT 탐방왕이 바라본 2차전지)_20230523.pdf,demand_forecasts,128,기타,EV,판매대수,2033,718,,만대,,49,basis 누락,,,,
2023-05-23_SK증권_산업,2023-05-23,SK증권,inbox/SK증권_전자장비와기기_배터리 패러다임의 변화 (feat. IT 탐방왕이 바라본 2차전지)_20230523.pdf,demand_forecasts,129,기타,EV,판매대수,2034,917,,만대,,49,basis 누락,,,,
2023-05-23_SK증권_산업,2023-05-23,SK증권,inbox/SK증권_전자장비와기기_배터리 패러다임의 변화 (feat. IT 탐방왕이 바라본 2차전지)_20230523.pdf,demand_forecasts,130,기타,EV,판매대수,2035,1129,,만대,,49,basis 누락,,,,
2023-05-23_SK증권_산업,2023-05-23,SK증권,inbox/SK증권_전자장비와기기_배터리 패러다임의 변화 (feat. IT 탐방왕이 바라본 2차전지)_20230523.pdf,demand_forecasts,134,글로벌,EV,수요량,2030,485,,조원,전기차용 2차전지 시장규모 전망(매출 기준),29,지원하지 않는 지표·단위 조합: 수요량/조원,,,,
2023-05-23_SK증권_산업,2023-05-23,SK증권,inbox/SK증권_전자장비와기기_배터리 패러다임의 변화 (feat. IT 탐방왕이 바라본 2차전지)_20230523.pdf,demand_forecasts,135,글로벌,ESS,수요량,2030,69,,조원,ESS용 2차전지 2030년 시장규모 시나리오1,29,지원하지 않는 지표·단위 조합: 수요량/조원,,,,
2023-05-23_SK증권_산업,2023-05-23,SK증권,inbox/SK증권_전자장비와기기_배터리 패러다임의 변화 (feat. IT 탐방왕이 바라본 2차전지)_20230523.pdf,demand_forecasts,136,글로벌,ESS,수요량,2030,114,,조원,ESS용 2차전지 2030년 시장규모 시나리오2,29,지원하지 않는 지표·단위 조합: 수요량/조원,,,,
2023-05-23_SK증권_산업,2023-05-23,SK증권,inbox/SK증권_전자장비와기기_배터리 패러다임의 변화 (feat. IT 탐방왕이 바라본 2차전지)_20230523.pdf,demand_forecasts,137,글로벌,ESS,수요량,2030,291,,조원,ESS용 2차전지 2030년 시장규모 시나리오3,29,지원하지 않는 지표·단위 조합: 수요량/조원,,,,
2023-05-23_SK증권_산업,2023-05-23,SK증권,inbox/SK증권_전자장비와기기_배터리 패러다임의 변화 (feat. IT 탐방왕이 바라본 2차전지)_20230523.pdf,demand_forecasts,140,글로벌,ESS,실적치,2022,100,,GWh,"22년 실제 ESS 시장규모 역산 추정(당초 전망 50GWh 미만 대비 대폭 상회, SDI/LGES ESS 매출 역산 및 CATL ESS 출하량 47GWh 기반)",55,실적치는 원문 지표 재확인 필요,,,,
2023-05-23_SK증권_산업,2023-05-23,SK증권,inbox/SK증권_전자장비와기기_배터리 패러다임의 변화 (feat. IT 탐방왕이 바라본 2차전지)_20230523.pdf,demand_forecasts,141,글로벌(중국 외),EV,실적치,2022,525,,GWh,연간 전기차 배터리 수요 실적(본문 서술),48,실적치는 원문 지표 재확인 필요,,,,
2023-07-06_대신증권_산업,2023-07-06,대신증권,inbox/대신증권_전자장비와기기_K배터리 목표시총 400조_20230706.pdf,demand_forecasts,1,중국,EV,실적치,2021,150,,GWh,"글로벌 EV 배터리 시장 추정(PHEV+BEV 기준, 지역별, 표44)",48,실적치는 원문 지표 재확인 필요,,,,
2023-07-06_대신증권_산업,2023-07-06,대신증권,inbox/대신증권_전자장비와기기_K배터리 목표시총 400조_20230706.pdf,demand_forecasts,2,중국,EV,실적치,2022,298,,GWh,"글로벌 EV 배터리 시장 추정(PHEV+BEV 기준, 지역별, 표44)",48,실적치는 원문 지표 재확인 필요,,,,
2023-07-06_대신증권_산업,2023-07-06,대신증권,inbox/대신증권_전자장비와기기_K배터리 목표시총 400조_20230706.pdf,demand_forecasts,11,유럽,EV,실적치,2021,90,,GWh,"글로벌 EV 배터리 시장 추정(PHEV+BEV 기준, 지역별, 표44)",48,실적치는 원문 지표 재확인 필요,,,,
2023-07-06_대신증권_산업,2023-07-06,대신증권,inbox/대신증권_전자장비와기기_K배터리 목표시총 400조_20230706.pdf,demand_forecasts,12,유럽,EV,실적치,2022,118,,GWh,"글로벌 EV 배터리 시장 추정(PHEV+BEV 기준, 지역별, 표44)",48,실적치는 원문 지표 재확인 필요,,,,
2023-07-06_대신증권_산업,2023-07-06,대신증권,inbox/대신증권_전자장비와기기_K배터리 목표시총 400조_20230706.pdf,demand_forecasts,21,북미,EV,실적치,2021,40,,GWh,"글로벌 EV 배터리 시장 추정(PHEV+BEV 기준, 지역별, 표44)",48,실적치는 원문 지표 재확인 필요,,,,
2023-07-06_대신증권_산업,2023-07-06,대신증권,inbox/대신증권_전자장비와기기_K배터리 목표시총 400조_20230706.pdf,demand_forecasts,22,북미,EV,실적치,2022,65,,GWh,"글로벌 EV 배터리 시장 추정(PHEV+BEV 기준, 지역별, 표44)",48,실적치는 원문 지표 재확인 필요,,,,
2023-07-06_대신증권_산업,2023-07-06,대신증권,inbox/대신증권_전자장비와기기_K배터리 목표시총 400조_20230706.pdf,demand_forecasts,31,기타,EV,실적치,2021,20,,GWh,"글로벌 EV 배터리 시장 추정(PHEV+BEV 기준, 지역별, 표44)",48,실적치는 원문 지표 재확인 필요,,,,
2023-07-06_대신증권_산업,2023-07-06,대신증권,inbox/대신증권_전자장비와기기_K배터리 목표시총 400조_20230706.pdf,demand_forecasts,32,기타,EV,실적치,2022,37,,GWh,"글로벌 EV 배터리 시장 추정(PHEV+BEV 기준, 지역별, 표44)",48,실적치는 원문 지표 재확인 필요,,,,
2023-07-06_대신증권_산업,2023-07-06,대신증권,inbox/대신증권_전자장비와기기_K배터리 목표시총 400조_20230706.pdf,demand_forecasts,41,글로벌,EV,실적치,2021,301,,GWh,"글로벌 EV 배터리 시장 추정(PHEV+BEV 기준, 지역별, 표44)",48,실적치는 원문 지표 재확인 필요,,,,
2023-07-06_대신증권_산업,2023-07-06,대신증권,inbox/대신증권_전자장비와기기_K배터리 목표시총 400조_20230706.pdf,demand_forecasts,42,글로벌,EV,실적치,2022,518,,GWh,"글로벌 EV 배터리 시장 추정(PHEV+BEV 기준, 지역별, 표44)",48,실적치는 원문 지표 재확인 필요,,,,
2023-07-06_대신증권_산업,2023-07-06,대신증권,inbox/대신증권_전자장비와기기_K배터리 목표시총 400조_20230706.pdf,demand_forecasts,51,중국,EV,실적치,2021,3327,,천대,"글로벌 EV 판매량 추정(PHEV+BEV 기준, 지역별, 표43)",47,실적치는 원문 지표 재확인 필요,,,,
2023-07-06_대신증권_산업,2023-07-06,대신증권,inbox/대신증권_전자장비와기기_K배터리 목표시총 400조_20230706.pdf,demand_forecasts,52,중국,EV,실적치,2022,6519,,천대,"글로벌 EV 판매량 추정(PHEV+BEV 기준, 지역별, 표43)",47,실적치는 원문 지표 재확인 필요,,,,
2023-07-06_대신증권_산업,2023-07-06,대신증권,inbox/대신증권_전자장비와기기_K배터리 목표시총 400조_20230706.pdf,demand_forecasts,61,유럽,EV,실적치,2021,2372,,천대,"글로벌 EV 판매량 추정(PHEV+BEV 기준, 지역별, 표43)",47,실적치는 원문 지표 재확인 필요,,,,
2023-07-06_대신증권_산업,2023-07-06,대신증권,inbox/대신증권_전자장비와기기_K배터리 목표시총 400조_20230706.pdf,demand_forecasts,62,유럽,EV,실적치,2022,2641,,천대,"글로벌 EV 판매량 추정(PHEV+BEV 기준, 지역별, 표43)",47,실적치는 원문 지표 재확인 필요,,,,
2023-07-06_대신증권_산업,2023-07-06,대신증권,inbox/대신증권_전자장비와기기_K배터리 목표시총 400조_20230706.pdf,demand_forecasts,71,북미,EV,실적치,2021,669,,천대,"글로벌 EV 판매량 추정(PHEV+BEV 기준, 지역별, 표43)",47,실적치는 원문 지표 재확인 필요,,,,
2023-07-06_대신증권_산업,2023-07-06,대신증권,inbox/대신증권_전자장비와기기_K배터리 목표시총 400조_20230706.pdf,demand_forecasts,72,북미,EV,실적치,2022,985,,천대,"글로벌 EV 판매량 추정(PHEV+BEV 기준, 지역별, 표43)",47,실적치는 원문 지표 재확인 필요,,,,
2023-07-06_대신증권_산업,2023-07-06,대신증권,inbox/대신증권_전자장비와기기_K배터리 목표시총 400조_20230706.pdf,demand_forecasts,81,기타,EV,실적치,2021,337,,천대,"글로벌 EV 판매량 추정(PHEV+BEV 기준, 지역별, 표43)",47,실적치는 원문 지표 재확인 필요,,,,
2023-07-06_대신증권_산업,2023-07-06,대신증권,inbox/대신증권_전자장비와기기_K배터리 목표시총 400조_20230706.pdf,demand_forecasts,82,기타,EV,실적치,2022,654,,천대,"글로벌 EV 판매량 추정(PHEV+BEV 기준, 지역별, 표43)",47,실적치는 원문 지표 재확인 필요,,,,
2023-07-06_대신증권_산업,2023-07-06,대신증권,inbox/대신증권_전자장비와기기_K배터리 목표시총 400조_20230706.pdf,demand_forecasts,91,글로벌,EV,실적치,2021,6705,,천대,"글로벌 EV 판매량 추정(PHEV+BEV 기준, 지역별, 표43)",47,실적치는 원문 지표 재확인 필요,,,,
2023-07-06_대신증권_산업,2023-07-06,대신증권,inbox/대신증권_전자장비와기기_K배터리 목표시총 400조_20230706.pdf,demand_forecasts,92,글로벌,EV,실적치,2022,10799,,천대,"글로벌 EV 판매량 추정(PHEV+BEV 기준, 지역별, 표43)",47,실적치는 원문 지표 재확인 필요,,,,
2023-07-06_대신증권_산업,2023-07-06,대신증권,inbox/대신증권_전자장비와기기_K배터리 목표시총 400조_20230706.pdf,demand_forecasts,101,북미,EV,실적치,2022,72,,GWh,"북미 EV 배터리 시장 수요(표13, 35~40년경 BEV침투율100% 가정 하 별도 추정, 표44 수치와 상이하나 원문 그대로 수집)",23,실적치는 원문 지표 재확인 필요,,,,
2023-07-06_대신증권_산업,2023-07-06,대신증권,inbox/대신증권_전자장비와기기_K배터리 목표시총 400조_20230706.pdf,demand_forecasts,110,글로벌,EV,실적치,2021,30,,%,케미스트리별 배터리 시장 비중 전망(표38) - LFP,21,실적치는 원문 지표 재확인 필요,,,,
2023-07-06_대신증권_산업,2023-07-06,대신증권,inbox/대신증권_전자장비와기기_K배터리 목표시총 400조_20230706.pdf,demand_forecasts,116,글로벌,EV,실적치,2021,43,,%,케미스트리별 배터리 시장 비중 전망(표38) - 하이니켈(NCM/NCA),21,실적치는 원문 지표 재확인 필요,,,,
2023-09-12_IBK투자증권_산업,2023-09-12,IBK투자증권,inbox/IBK투자증권_전자장비와기기_배터리 World War_20230912.pdf,demand_forecasts,1,글로벌,합계,실적치,2020,7775,,만대,글로벌 완성차 판매량(코로나19 영향),9,EV·ESS 외 application: 합계 | 실적치는 원문 지표 재확인 필요,,,,
2023-09-12_IBK투자증권_산업,2023-09-12,IBK투자증권,inbox/IBK투자증권_전자장비와기기_배터리 World War_20230912.pdf,demand_forecasts,2,글로벌,합계,실적치,2021,8143,,만대,글로벌 완성차 판매량,9,EV·ESS 외 application: 합계 | 실적치는 원문 지표 재확인 필요,,,,
2023-09-12_IBK투자증권_산업,2023-09-12,IBK투자증권,inbox/IBK투자증권_전자장비와기기_배터리 World War_20230912.pdf,demand_forecasts,3,글로벌,합계,실적치,2022,8098,,만대,글로벌 완성차 판매량,9,EV·ESS 외 application: 합계 | 실적치는 원문 지표 재확인 필요,,,,
2023-09-12_IBK투자증권_산업,2023-09-12,IBK투자증권,inbox/IBK투자증권_전자장비와기기_배터리 World War_20230912.pdf,demand_forecasts,4,글로벌,합계,판매대수,2023,8600,,만대,"코로나19 이전 9,000만대 수준은 2025년 이후 도달 전망",9,EV·ESS 외 application: 합계 | 판매대수는 EV만 자동 이관: 합계,,,,
2023-09-12_IBK투자증권_산업,2023-09-12,IBK투자증권,inbox/IBK투자증권_전자장비와기기_배터리 World War_20230912.pdf,demand_forecasts,6,글로벌,EV,침투율,2024,20,,%,,11,basis 누락,,,,
2023-09-12_IBK투자증권_산업,2023-09-12,IBK투자증권,inbox/IBK투자증권_전자장비와기기_배터리 World War_20230912.pdf,demand_forecasts,7,글로벌,EV,침투율,2025,24,,%,,11,basis 누락,,,,
2023-09-12_IBK투자증권_산업,2023-09-12,IBK투자증권,inbox/IBK투자증권_전자장비와기기_배터리 World War_20230912.pdf,demand_forecasts,10,북미,EV,침투율,2023,10,,%,,11,basis 누락,,,,
2023-09-12_IBK투자증권_산업,2023-09-12,IBK투자증권,inbox/IBK투자증권_전자장비와기기_배터리 World War_20230912.pdf,demand_forecasts,11,북미,EV,침투율,2024,14,,%,,11,basis 누락,,,,
2023-09-12_IBK투자증권_산업,2023-09-12,IBK투자증권,inbox/IBK투자증권_전자장비와기기_배터리 World War_20230912.pdf,demand_forecasts,12,북미,EV,침투율,2025,19,,%,,11,basis 누락,,,,
2023-09-12_IBK투자증권_산업,2023-09-12,IBK투자증권,inbox/IBK투자증권_전자장비와기기_배터리 World War_20230912.pdf,demand_forecasts,13,유럽,EV,침투율,2023,25,,%,,11,basis 누락,,,,
2023-09-12_IBK투자증권_산업,2023-09-12,IBK투자증권,inbox/IBK투자증권_전자장비와기기_배터리 World War_20230912.pdf,demand_forecasts,14,유럽,EV,침투율,2024,30,,%,,11,basis 누락,,,,
2023-09-12_IBK투자증권_산업,2023-09-12,IBK투자증권,inbox/IBK투자증권_전자장비와기기_배터리 World War_20230912.pdf,demand_forecasts,15,유럽,EV,침투율,2025,36,,%,,11,basis 누락,,,,
2023-09-12_IBK투자증권_산업,2023-09-12,IBK투자증권,inbox/IBK투자증권_전자장비와기기_배터리 World War_20230912.pdf,demand_forecasts,16,중국,EV,침투율,2023,30,,%,,11,basis 누락,,,,
2023-09-12_IBK투자증권_산업,2023-09-12,IBK투자증권,inbox/IBK투자증권_전자장비와기기_배터리 World War_20230912.pdf,demand_forecasts,17,중국,EV,침투율,2024,36,,%,,11,basis 누락,,,,
2023-09-12_IBK투자증권_산업,2023-09-12,IBK투자증권,inbox/IBK투자증권_전자장비와기기_배터리 World War_20230912.pdf,demand_forecasts,18,중국,EV,침투율,2025,41,,%,,11,basis 누락,,,,
2023-11-21_유진투자증권_산업,2023-11-21,유진투자증권,inbox/유진투자증권_전자장비와기기_배터리 2024 OUTLOOK TREND SETTER_20231121.pdf,demand_forecasts,1,글로벌,EV,실적치,2020,3022,,천대,"12대 주요 OEM 판매목표(EV+PHEV) 합산치, 실제 실적",7,실적치는 원문 지표 재확인 필요,,,,
2023-11-21_유진투자증권_산업,2023-11-21,유진투자증권,inbox/유진투자증권_전자장비와기기_배터리 2024 OUTLOOK TREND SETTER_20231121.pdf,demand_forecasts,2,글로벌,EV,실적치,2021,6073,,천대,"12대 주요 OEM 판매목표(EV+PHEV) 합산치, 실제 실적",7,실적치는 원문 지표 재확인 필요,,,,
2023-11-21_유진투자증권_산업,2023-11-21,유진투자증권,inbox/유진투자증권_전자장비와기기_배터리 2024 OUTLOOK TREND SETTER_20231121.pdf,demand_forecasts,3,글로벌,EV,실적치,2022,8487,,천대,"12대 주요 OEM 판매목표(EV+PHEV) 합산치, 실제 실적",7,실적치는 원문 지표 재확인 필요,,,,
2023-11-21_유진투자증권_산업,2023-11-21,유진투자증권,inbox/유진투자증권_전자장비와기기_배터리 2024 OUTLOOK TREND SETTER_20231121.pdf,demand_forecasts,15,글로벌,합계,수요량,2024,1086,,GWh,"당사 2024년 배터리 출하량 전망(전기차 판매 1,448만대 기준, 연간 성장률 25%)",6,EV·ESS 외 application: 합계,,,,
2024-02-26_IBK투자증권_산업,2024-02-26,IBK투자증권,inbox/IBK투자증권_전자장비와기기_역대급 북미 배터리 설계사_20240226.pdf,demand_forecasts,1,북미,합계,실적치,2019,2087,,만대,"북미(미국+캐나다+멕시코) OEM별 완성차 판매량 합계, 전체 파워트레인 포함",25,EV·ESS 외 application: 합계 | 실적치는 원문 지표 재확인 필요,,,,
2024-02-26_IBK투자증권_산업,2024-02-26,IBK투자증권,inbox/IBK투자증권_전자장비와기기_역대급 북미 배터리 설계사_20240226.pdf,demand_forecasts,2,북미,합계,실적치,2020,1753,2087,만대,북미 완성차 판매량 합계,25,EV·ESS 외 application: 합계 | 실적치는 원문 지표 재확인 필요,,,,
2024-02-26_IBK투자증권_산업,2024-02-26,IBK투자증권,inbox/IBK투자증권_전자장비와기기_역대급 북미 배터리 설계사_20240226.pdf,demand_forecasts,3,북미,합계,실적치,2021,1827,1753,만대,북미 완성차 판매량 합계,25,EV·ESS 외 application: 합계 | 실적치는 원문 지표 재확인 필요,,,,
2024-02-26_IBK투자증권_산업,2024-02-26,IBK투자증권,inbox/IBK투자증권_전자장비와기기_역대급 북미 배터리 설계사_20240226.pdf,demand_forecasts,4,북미,합계,실적치,2022,1706,1827,만대,북미 완성차 판매량 합계,25,EV·ESS 외 application: 합계 | 실적치는 원문 지표 재확인 필요,,,,
2024-02-26_IBK투자증권_산업,2024-02-26,IBK투자증권,inbox/IBK투자증권_전자장비와기기_역대급 북미 배터리 설계사_20240226.pdf,demand_forecasts,5,북미,합계,실적치,2023,1924,1706,만대,"북미 완성차 판매량 합계, YoY+12.8%(미국1,613만대,캐나다174만대,멕시코136만대)",21,EV·ESS 외 application: 합계 | 실적치는 원문 지표 재확인 필요,,,,
2024-02-26_IBK투자증권_산업,2024-02-26,IBK투자증권,inbox/IBK투자증권_전자장비와기기_역대급 북미 배터리 설계사_20240226.pdf,demand_forecasts,6,북미,합계,판매대수,2025,2000,,만대,"2,000만대 완성차 시장 규모 회복 전망치",21,EV·ESS 외 application: 합계 | 판매대수는 EV만 자동 이관: 합계,,,,
2024-02-26_IBK투자증권_산업,2024-02-26,IBK투자증권,inbox/IBK투자증권_전자장비와기기_역대급 북미 배터리 설계사_20240226.pdf,demand_forecasts,7,북미,EV,실적치,2023,147,,만대,"북미 전기차(BEV+PHEV) 판매량, YoY+31.9%",23,실적치는 원문 지표 재확인 필요,,,,
2024-02-26_IBK투자증권_산업,2024-02-26,IBK투자증권,inbox/IBK투자증권_전자장비와기기_역대급 북미 배터리 설계사_20240226.pdf,demand_forecasts,9,글로벌,합계,실적치,2023,2179,,만대,"글로벌 xEV(BEV+PHEV+HEV) 판매량, YoY+31.9%(BEV 994만대+27.8%, PHEV 412만대+49.1%, HEV 773만대+29.2%)",10,EV·ESS 외 application: 합계 | 실적치는 원문 지표 재확인 필요,,,,
2024-02-26_IBK투자증권_산업,2024-02-26,IBK투자증권,inbox/IBK투자증권_전자장비와기기_역대급 북미 배터리 설계사_20240226.pdf,demand_forecasts,10,중국,합계,실적치,2023,925,,만대,"중국 xEV(BEV+PHEV+HEV) 판매량, YoY+30.9%",10,EV·ESS 외 application: 합계 | 실적치는 원문 지표 재확인 필요,,,,
2024-02-26_IBK투자증권_산업,2024-02-26,IBK투자증권,inbox/IBK투자증권_전자장비와기기_역대급 북미 배터리 설계사_20240226.pdf,demand_forecasts,11,북미,합계,실적치,2023,265,,만대,"미국 xEV(BEV+PHEV+HEV) 판매량, YoY+51.3%",10,EV·ESS 외 application: 합계 | 실적치는 원문 지표 재확인 필요,,,,
2024-02-26_IBK투자증권_산업,2024-02-26,IBK투자증권,inbox/IBK투자증권_전자장비와기기_역대급 북미 배터리 설계사_20240226.pdf,demand_forecasts,12,유럽,합계,실적치,2023,606,,만대,"유럽 xEV(BEV+PHEV+HEV) 판매량, YoY+22.0%",10,EV·ESS 외 application: 합계 | 실적치는 원문 지표 재확인 필요,,,,
2024-02-26_IBK투자증권_산업,2024-02-26,IBK투자증권,inbox/IBK투자증권_전자장비와기기_역대급 북미 배터리 설계사_20240226.pdf,demand_forecasts,13,중국,EV,실적치,2023,573,,만대,"중국 BEV 판매량, YoY+18.8%",11,실적치는 원문 지표 재확인 필요,,,,
2024-02-26_IBK투자증권_산업,2024-02-26,IBK투자증권,inbox/IBK투자증권_전자장비와기기_역대급 북미 배터리 설계사_20240226.pdf,demand_forecasts,14,북미,EV,실적치,2023,119,,만대,"미국 BEV 판매량, YoY+49.3%",11,실적치는 원문 지표 재확인 필요,,,,
2024-02-26_IBK투자증권_산업,2024-02-26,IBK투자증권,inbox/IBK투자증권_전자장비와기기_역대급 북미 배터리 설계사_20240226.pdf,demand_forecasts,15,유럽,EV,실적치,2023,215,,만대,"유럽 BEV 판매량, YoY+32.0%",11,실적치는 원문 지표 재확인 필요,,,,
2024-02-26_IBK투자증권_산업,2024-02-26,IBK투자증권,inbox/IBK투자증권_전자장비와기기_역대급 북미 배터리 설계사_20240226.pdf,demand_forecasts,20,중국,EV,실적치,2022,299,,GWh,지역별 배터리 출하량,12,실적치는 원문 지표 재확인 필요,,,,
2024-02-26_IBK투자증권_산업,2024-02-26,IBK투자증권,inbox/IBK투자증권_전자장비와기기_역대급 북미 배터리 설계사_20240226.pdf,demand_forecasts,21,중국,EV,실적치,2023,386,299,GWh,"지역별 배터리 출하량, YoY+29.2%",12,실적치는 원문 지표 재확인 필요,,,,
2024-02-26_IBK투자증권_산업,2024-02-26,IBK투자증권,inbox/IBK투자증권_전자장비와기기_역대급 북미 배터리 설계사_20240226.pdf,demand_forecasts,22,유럽,EV,실적치,2022,118,,GWh,지역별 배터리 출하량,12,실적치는 원문 지표 재확인 필요,,,,
2024-02-26_IBK투자증권_산업,2024-02-26,IBK투자증권,inbox/IBK투자증권_전자장비와기기_역대급 북미 배터리 설계사_20240226.pdf,demand_forecasts,23,유럽,EV,실적치,2023,160,118,GWh,"지역별 배터리 출하량, YoY+36.2%",12,실적치는 원문 지표 재확인 필요,,,,
2024-02-26_IBK투자증권_산업,2024-02-26,IBK투자증권,inbox/IBK투자증권_전자장비와기기_역대급 북미 배터리 설계사_20240226.pdf,demand_forecasts,24,북미,EV,실적치,2022,65,,GWh,지역별 배터리 출하량(미국),12,실적치는 원문 지표 재확인 필요,,,,
2024-02-26_IBK투자증권_산업,2024-02-26,IBK투자증권,inbox/IBK투자증권_전자장비와기기_역대급 북미 배터리 설계사_20240226.pdf,demand_forecasts,25,북미,EV,실적치,2023,99,65,GWh,"지역별 배터리 출하량(미국), YoY+52.7%",12,실적치는 원문 지표 재확인 필요,,,,
2024-02-26_IBK투자증권_산업,2024-02-26,IBK투자증권,inbox/IBK투자증권_전자장비와기기_역대급 북미 배터리 설계사_20240226.pdf,demand_forecasts,26,기타,EV,실적치,2022,37,,GWh,지역별 배터리 출하량(기타),12,실적치는 원문 지표 재확인 필요,,,,
2024-02-26_IBK투자증권_산업,2024-02-26,IBK투자증권,inbox/IBK투자증권_전자장비와기기_역대급 북미 배터리 설계사_20240226.pdf,demand_forecasts,27,기타,EV,실적치,2023,59,37,GWh,"지역별 배터리 출하량(기타), YoY+62.8%",12,실적치는 원문 지표 재확인 필요,,,,
2024-02-26_IBK투자증권_산업,2024-02-26,IBK투자증권,inbox/IBK투자증권_전자장비와기기_역대급 북미 배터리 설계사_20240226.pdf,demand_forecasts,35,북미,EV,수요량,2022,43,,종,"북미 완성차 시장 OEM 합산 전기차(BEV+PHEV) 누적 라인업 개수(모델 종수, 수요 확대 프록시)",71,지원하지 않는 지표·단위 조합: 수요량/종,,,,
2024-02-26_IBK투자증권_산업,2024-02-26,IBK투자증권,inbox/IBK투자증권_전자장비와기기_역대급 북미 배터리 설계사_20240226.pdf,demand_forecasts,36,북미,EV,수요량,2023,58,43,종,OEM 합산 누적 전기차 라인업 개수,71,지원하지 않는 지표·단위 조합: 수요량/종,,,,
2024-02-26_IBK투자증권_산업,2024-02-26,IBK투자증권,inbox/IBK투자증권_전자장비와기기_역대급 북미 배터리 설계사_20240226.pdf,demand_forecasts,37,북미,EV,수요량,2024,86,58,종,OEM 합산 누적 전기차 라인업 개수(F),71,지원하지 않는 지표·단위 조합: 수요량/종,,,,
2024-02-26_IBK투자증권_산업,2024-02-26,IBK투자증권,inbox/IBK투자증권_전자장비와기기_역대급 북미 배터리 설계사_20240226.pdf,demand_forecasts,38,북미,EV,수요량,2025,109,86,종,OEM 합산 누적 전기차 라인업 개수(F),71,지원하지 않는 지표·단위 조합: 수요량/종,,,,
2024-02-26_IBK투자증권_산업,2024-02-26,IBK투자증권,inbox/IBK투자증권_전자장비와기기_역대급 북미 배터리 설계사_20240226.pdf,demand_forecasts,39,북미,EV,수요량,2026,136,109,종,OEM 합산 누적 전기차 라인업 개수(F),71,지원하지 않는 지표·단위 조합: 수요량/종,,,,
2024-02-26_IBK투자증권_산업,2024-02-26,IBK투자증권,inbox/IBK투자증권_전자장비와기기_역대급 북미 배터리 설계사_20240226.pdf,demand_forecasts,40,북미,EV,수요량,2027,150,136,종,OEM 합산 누적 전기차 라인업 개수(F),71,지원하지 않는 지표·단위 조합: 수요량/종,,,,
2024-02-26_IBK투자증권_산업,2024-02-26,IBK투자증권,inbox/IBK투자증권_전자장비와기기_역대급 북미 배터리 설계사_20240226.pdf,demand_forecasts,41,북미,EV,수요량,2028,154,150,종,OEM 합산 누적 전기차 라인업 개수(F),71,지원하지 않는 지표·단위 조합: 수요량/종,,,,
2024-10-21_상상인증권_산업,2024-10-21,상상인증권,inbox/상상인증권_자동차_2025년 연간 전망 완성차와 배터리에 기대할 수 있는 것_20241021.pdf,demand_forecasts,1,글로벌,합계,판매대수,2024,83.0,,백만대,글로벌 완성차시장 판매대수 전망,11,EV·ESS 외 application: 합계 | 판매대수는 EV만 자동 이관: 합계,,,,
2024-10-21_상상인증권_산업,2024-10-21,상상인증권,inbox/상상인증권_자동차_2025년 연간 전망 완성차와 배터리에 기대할 수 있는 것_20241021.pdf,demand_forecasts,2,글로벌,합계,판매대수,2025,84.9,,백만대,글로벌 완성차시장 판매대수 전망,11,EV·ESS 외 application: 합계 | 판매대수는 EV만 자동 이관: 합계,,,,
2024-10-21_상상인증권_산업,2024-10-21,상상인증권,inbox/상상인증권_자동차_2025년 연간 전망 완성차와 배터리에 기대할 수 있는 것_20241021.pdf,demand_forecasts,3,글로벌,합계,판매대수,2026,86.0,,백만대,글로벌 완성차시장 판매대수 전망,11,EV·ESS 외 application: 합계 | 판매대수는 EV만 자동 이관: 합계,,,,
2024-10-21_상상인증권_산업,2024-10-21,상상인증권,inbox/상상인증권_자동차_2025년 연간 전망 완성차와 배터리에 기대할 수 있는 것_20241021.pdf,demand_forecasts,4,글로벌,합계,판매대수,2027,87.1,,백만대,글로벌 완성차시장 판매대수 전망,11,EV·ESS 외 application: 합계 | 판매대수는 EV만 자동 이관: 합계,,,,
2024-10-21_상상인증권_산업,2024-10-21,상상인증권,inbox/상상인증권_자동차_2025년 연간 전망 완성차와 배터리에 기대할 수 있는 것_20241021.pdf,demand_forecasts,5,글로벌,합계,판매대수,2028,88.0,,백만대,글로벌 완성차시장 판매대수 전망,11,EV·ESS 외 application: 합계 | 판매대수는 EV만 자동 이관: 합계,,,,
2024-10-21_상상인증권_산업,2024-10-21,상상인증권,inbox/상상인증권_자동차_2025년 연간 전망 완성차와 배터리에 기대할 수 있는 것_20241021.pdf,demand_forecasts,8,글로벌,EV,실적치,2015,44,,만대,BEV+PHEV 판매대수,20,실적치는 원문 지표 재확인 필요,,,,
2024-10-21_상상인증권_산업,2024-10-21,상상인증권,inbox/상상인증권_자동차_2025년 연간 전망 완성차와 배터리에 기대할 수 있는 것_20241021.pdf,demand_forecasts,9,글로벌,EV,실적치,2017,111,,만대,BEV+PHEV 판매대수,20,실적치는 원문 지표 재확인 필요,,,,
2024-10-21_상상인증권_산업,2024-10-21,상상인증권,inbox/상상인증권_자동차_2025년 연간 전망 완성차와 배터리에 기대할 수 있는 것_20241021.pdf,demand_forecasts,10,글로벌,EV,실적치,2019,200,,만대,BEV+PHEV 판매대수,20,실적치는 원문 지표 재확인 필요,,,,
2024-10-21_상상인증권_산업,2024-10-21,상상인증권,inbox/상상인증권_자동차_2025년 연간 전망 완성차와 배터리에 기대할 수 있는 것_20241021.pdf,demand_forecasts,11,글로벌,EV,실적치,2021,635,,만대,BEV+PHEV 판매대수,20,실적치는 원문 지표 재확인 필요,,,,
2024-10-21_상상인증권_산업,2024-10-21,상상인증권,inbox/상상인증권_자동차_2025년 연간 전망 완성차와 배터리에 기대할 수 있는 것_20241021.pdf,demand_forecasts,12,글로벌,EV,실적치,2023,1418,,만대,BEV+PHEV 판매대수,20,실적치는 원문 지표 재확인 필요,,,,
2024-10-21_상상인증권_산업,2024-10-21,상상인증권,inbox/상상인증권_자동차_2025년 연간 전망 완성차와 배터리에 기대할 수 있는 것_20241021.pdf,demand_forecasts,20,중국,EV,증가량,2025,163,,GWh,"2025 xEV 배터리수요 YoY 증가분(+30%), 중국+미국이 전체 증가분의 70% 내외 차지",5,지원하지 않는 지표·단위 조합: 증가량/GWh,,,,
2024-10-21_상상인증권_산업,2024-10-21,상상인증권,inbox/상상인증권_자동차_2025년 연간 전망 완성차와 배터리에 기대할 수 있는 것_20241021.pdf,demand_forecasts,21,북미,EV,증가량,2025,131,,GWh,"2025 xEV 배터리수요 YoY 증가분(미국, +10%), 중국+미국이 전체 증가분의 70% 내외 차지",5,지원하지 않는 지표·단위 조합: 증가량/GWh,,,,
2024-10-21_상상인증권_산업,2024-10-21,상상인증권,inbox/상상인증권_자동차_2025년 연간 전망 완성차와 배터리에 기대할 수 있는 것_20241021.pdf,demand_forecasts,23,글로벌,EV,판매량(양극재),2024,10000,,톤,포스코퓨처엠의 삼성SDI향 NCA 공급물량(전체 시장수요 아님),68,지원하지 않는 지표·단위 조합: 판매량(양극재)/톤,,,,
2024-10-21_상상인증권_산업,2024-10-21,상상인증권,inbox/상상인증권_자동차_2025년 연간 전망 완성차와 배터리에 기대할 수 있는 것_20241021.pdf,demand_forecasts,24,글로벌,EV,판매량(양극재),2024,7500,,톤,포스코퓨처엠의 현대차그룹향 N87 공급물량(전체 시장수요 아님),68,지원하지 않는 지표·단위 조합: 판매량(양극재)/톤,,,,
2024-10-21_상상인증권_산업,2024-10-21,상상인증권,inbox/상상인증권_자동차_2025년 연간 전망 완성차와 배터리에 기대할 수 있는 것_20241021.pdf,demand_forecasts,25,글로벌,EV,판매량(양극재),2025,30000,,톤,"포스코퓨처엠의 삼성SDI향 NCA 공급물량, Stellantis JV 가동 반영(전체 시장수요 아님)",68,지원하지 않는 지표·단위 조합: 판매량(양극재)/톤,,,,
2025-02-03_흥국증권_산업,2025-02-03,흥국증권,inbox/흥국증권_전자장비와기기_2025년 미리보기 전열 재정비(ft.4680 배터리 로드맵)_20250203.pdf,demand_forecasts,1,글로벌,합계,성장률,2023,14.4,,%,LGES 배터리 판매량 YoY(2023년 실적),7,EV·ESS 외 application: 합계,,,,
2025-02-03_흥국증권_산업,2025-02-03,흥국증권,inbox/흥국증권_전자장비와기기_2025년 미리보기 전열 재정비(ft.4680 배터리 로드맵)_20250203.pdf,demand_forecasts,2,글로벌,합계,성장률,2024,-15.5,,%,"LGES 배터리 판매량 YoY(2024년, 고객사 재고조정 영향)",7,EV·ESS 외 application: 합계,,,,
2025-02-03_흥국증권_산업,2025-02-03,흥국증권,inbox/흥국증권_전자장비와기기_2025년 미리보기 전열 재정비(ft.4680 배터리 로드맵)_20250203.pdf,demand_forecasts,3,글로벌,합계,판매량,2025,141.3,,GWh,"LGES 연간 배터리 생산/판매량 전망, 2023년 수준 수요 정상화 기대",24,EV·ESS 외 application: 합계 | 지원하지 않는 지표·단위 조합: 판매량/GWh,,,,
2025-02-03_흥국증권_산업,2025-02-03,흥국증권,inbox/흥국증권_전자장비와기기_2025년 미리보기 전열 재정비(ft.4680 배터리 로드맵)_20250203.pdf,demand_forecasts,4,글로벌,합계,성장률,2025,13.8,,%,LGES 배터리 판매량 YoY(2025F),7,EV·ESS 외 application: 합계,,,,
2025-02-03_흥국증권_산업,2025-02-03,흥국증권,inbox/흥국증권_전자장비와기기_2025년 미리보기 전열 재정비(ft.4680 배터리 로드맵)_20250203.pdf,demand_forecasts,5,글로벌,합계,성장률,2026,30.1,,%,LGES 배터리 판매량 YoY(2026F),7,EV·ESS 외 application: 합계,,,,
2025-02-03_흥국증권_산업,2025-02-03,흥국증권,inbox/흥국증권_전자장비와기기_2025년 미리보기 전열 재정비(ft.4680 배터리 로드맵)_20250203.pdf,demand_forecasts,6,글로벌,합계,성장률,2024,-11.9,,%,삼성SDI 배터리 판매량 YoY(2024E),10,EV·ESS 외 application: 합계,,,,
2025-02-03_흥국증권_산업,2025-02-03,흥국증권,inbox/흥국증권_전자장비와기기_2025년 미리보기 전열 재정비(ft.4680 배터리 로드맵)_20250203.pdf,demand_forecasts,7,글로벌,합계,판매량,2025,74.0,,GWh,"삼성SDI 연간 배터리 생산/판매량 전망, 전년 수준 유지",10,EV·ESS 외 application: 합계 | 지원하지 않는 지표·단위 조합: 판매량/GWh,,,,
2025-02-03_흥국증권_산업,2025-02-03,흥국증권,inbox/흥국증권_전자장비와기기_2025년 미리보기 전열 재정비(ft.4680 배터리 로드맵)_20250203.pdf,demand_forecasts,8,글로벌,합계,성장률,2025,-1.2,,%,삼성SDI 배터리 판매량 YoY(2025E),10,EV·ESS 외 application: 합계,,,,
2025-02-03_흥국증권_산업,2025-02-03,흥국증권,inbox/흥국증권_전자장비와기기_2025년 미리보기 전열 재정비(ft.4680 배터리 로드맵)_20250203.pdf,demand_forecasts,9,글로벌,합계,성장률,2026,42.5,,%,삼성SDI 배터리 판매량 YoY(2026E),10,EV·ESS 외 application: 합계,,,,
2025-03-21_삼성증권_산업,2025-03-21,삼성증권,"inbox/삼성증권_자동차_Beyond Chasm 로봇의 심장, 배터리_20250321.pdf",demand_forecasts,1,글로벌,로봇,판매대수,2025,10,,천대,휴머노이드(AI) 로봇 양산 대수 추정,22,EV·ESS 외 application: 로봇 | 판매대수는 EV만 자동 이관: 로봇,,,,
2025-03-21_삼성증권_산업,2025-03-21,삼성증권,"inbox/삼성증권_자동차_Beyond Chasm 로봇의 심장, 배터리_20250321.pdf",demand_forecasts,2,글로벌,로봇,판매대수,2026,100,,천대,휴머노이드(AI) 로봇 양산 대수 추정,22,EV·ESS 외 application: 로봇 | 판매대수는 EV만 자동 이관: 로봇,,,,
2025-03-21_삼성증권_산업,2025-03-21,삼성증권,"inbox/삼성증권_자동차_Beyond Chasm 로봇의 심장, 배터리_20250321.pdf",demand_forecasts,3,글로벌,로봇,판매대수,2027,200,,천대,휴머노이드(AI) 로봇 양산 대수 추정,22,EV·ESS 외 application: 로봇 | 판매대수는 EV만 자동 이관: 로봇,,,,
2025-03-21_삼성증권_산업,2025-03-21,삼성증권,"inbox/삼성증권_자동차_Beyond Chasm 로봇의 심장, 배터리_20250321.pdf",demand_forecasts,4,글로벌,로봇,판매대수,2030,1000,,천대,"휴머노이드(AI) 로봇 양산 대수 추정, CAGR('25-30) 151%",22,EV·ESS 외 application: 로봇 | 판매대수는 EV만 자동 이관: 로봇,,,,
2025-03-21_삼성증권_산업,2025-03-21,삼성증권,"inbox/삼성증권_자동차_Beyond Chasm 로봇의 심장, 배터리_20250321.pdf",demand_forecasts,5,글로벌,로봇,판매대수,2035,5000,,천대,휴머노이드(AI) 로봇 양산 대수 추정,22,EV·ESS 외 application: 로봇 | 판매대수는 EV만 자동 이관: 로봇,,,,
2025-03-21_삼성증권_산업,2025-03-21,삼성증권,"inbox/삼성증권_자동차_Beyond Chasm 로봇의 심장, 배터리_20250321.pdf",demand_forecasts,6,글로벌,로봇,판매대수,2040,50000,,천대,"휴머노이드(AI) 로봇 양산 대수 추정, CAGR('30-40) 48%",22,EV·ESS 외 application: 로봇 | 판매대수는 EV만 자동 이관: 로봇,,,,
2025-03-21_삼성증권_산업,2025-03-21,삼성증권,"inbox/삼성증권_자동차_Beyond Chasm 로봇의 심장, 배터리_20250321.pdf",demand_forecasts,7,글로벌,로봇,수요량,2025,10,,천대,휴머노이드(AI) 로봇 운행 대수(누적) 추정,22,EV·ESS 외 application: 로봇 | 지원하지 않는 지표·단위 조합: 수요량/천대,,,,
2025-03-21_삼성증권_산업,2025-03-21,삼성증권,"inbox/삼성증권_자동차_Beyond Chasm 로봇의 심장, 배터리_20250321.pdf",demand_forecasts,8,글로벌,로봇,수요량,2026,110,,천대,휴머노이드(AI) 로봇 운행 대수(누적) 추정,22,EV·ESS 외 application: 로봇 | 지원하지 않는 지표·단위 조합: 수요량/천대,,,,
2025-03-21_삼성증권_산업,2025-03-21,삼성증권,"inbox/삼성증권_자동차_Beyond Chasm 로봇의 심장, 배터리_20250321.pdf",demand_forecasts,9,글로벌,로봇,수요량,2027,310,,천대,휴머노이드(AI) 로봇 운행 대수(누적) 추정,22,EV·ESS 외 application: 로봇 | 지원하지 않는 지표·단위 조합: 수요량/천대,,,,
2025-03-21_삼성증권_산업,2025-03-21,삼성증권,"inbox/삼성증권_자동차_Beyond Chasm 로봇의 심장, 배터리_20250321.pdf",demand_forecasts,10,글로벌,로봇,수요량,2030,2500,,천대,휴머노이드(AI) 로봇 운행 대수(누적) 추정,22,EV·ESS 외 application: 로봇 | 지원하지 않는 지표·단위 조합: 수요량/천대,,,,
2025-03-21_삼성증권_산업,2025-03-21,삼성증권,"inbox/삼성증권_자동차_Beyond Chasm 로봇의 심장, 배터리_20250321.pdf",demand_forecasts,11,글로벌,로봇,수요량,2035,17000,,천대,휴머노이드(AI) 로봇 운행 대수(누적) 추정,22,EV·ESS 외 application: 로봇 | 지원하지 않는 지표·단위 조합: 수요량/천대,,,,
2025-03-21_삼성증권_산업,2025-03-21,삼성증권,"inbox/삼성증권_자동차_Beyond Chasm 로봇의 심장, 배터리_20250321.pdf",demand_forecasts,12,글로벌,로봇,수요량,2040,160000,,천대,휴머노이드(AI) 로봇 운행 대수(누적) 추정,22,EV·ESS 외 application: 로봇 | 지원하지 않는 지표·단위 조합: 수요량/천대,,,,
2025-03-21_삼성증권_산업,2025-03-21,삼성증권,"inbox/삼성증권_자동차_Beyond Chasm 로봇의 심장, 배터리_20250321.pdf",demand_forecasts,13,글로벌,로봇,수요량,2025,2,,kWh,"로봇 대당 탑재 배터리 용량 가정치(단위: kWh, 배터리 수요 GWh 산정 근거)",22,EV·ESS 외 application: 로봇 | 지원하지 않는 지표·단위 조합: 수요량/kWh,,,,
2025-03-21_삼성증권_산업,2025-03-21,삼성증권,"inbox/삼성증권_자동차_Beyond Chasm 로봇의 심장, 배터리_20250321.pdf",demand_forecasts,14,글로벌,로봇,수요량,2026,2,,kWh,로봇 대당 탑재 배터리 용량 가정치,22,EV·ESS 외 application: 로봇 | 지원하지 않는 지표·단위 조합: 수요량/kWh,,,,
2025-03-21_삼성증권_산업,2025-03-21,삼성증권,"inbox/삼성증권_자동차_Beyond Chasm 로봇의 심장, 배터리_20250321.pdf",demand_forecasts,15,글로벌,로봇,수요량,2027,2,,kWh,로봇 대당 탑재 배터리 용량 가정치,22,EV·ESS 외 application: 로봇 | 지원하지 않는 지표·단위 조합: 수요량/kWh,,,,
2025-03-21_삼성증권_산업,2025-03-21,삼성증권,"inbox/삼성증권_자동차_Beyond Chasm 로봇의 심장, 배터리_20250321.pdf",demand_forecasts,16,글로벌,로봇,수요량,2030,3,,kWh,"로봇 대당 탑재 배터리 용량 가정치, CAGR('25-30) 8%",22,EV·ESS 외 application: 로봇 | 지원하지 않는 지표·단위 조합: 수요량/kWh,,,,
2025-03-21_삼성증권_산업,2025-03-21,삼성증권,"inbox/삼성증권_자동차_Beyond Chasm 로봇의 심장, 배터리_20250321.pdf",demand_forecasts,17,글로벌,로봇,수요량,2035,4,,kWh,로봇 대당 탑재 배터리 용량 가정치,22,EV·ESS 외 application: 로봇 | 지원하지 않는 지표·단위 조합: 수요량/kWh,,,,
2025-03-21_삼성증권_산업,2025-03-21,삼성증권,"inbox/삼성증권_자동차_Beyond Chasm 로봇의 심장, 배터리_20250321.pdf",demand_forecasts,18,글로벌,로봇,수요량,2040,4,,kWh,"로봇 대당 탑재 배터리 용량 가정치, CAGR('30-40) 3%",22,EV·ESS 외 application: 로봇 | 지원하지 않는 지표·단위 조합: 수요량/kWh,,,,
2025-03-21_삼성증권_산업,2025-03-21,삼성증권,"inbox/삼성증권_자동차_Beyond Chasm 로봇의 심장, 배터리_20250321.pdf",demand_forecasts,19,글로벌,로봇,수요량,2025,0.093,,GWh,"휴머노이드 로봇용 배터리 수요. 신규수요(로봇대수 증가분)+교체수요(LFP 교체주기 160일, 삼원계 83일 가정), 운행로봇 수명 5년 가정",22,EV·ESS 외 application: 로봇,,,,
2025-03-21_삼성증권_산업,2025-03-21,삼성증권,"inbox/삼성증권_자동차_Beyond Chasm 로봇의 심장, 배터리_20250321.pdf",demand_forecasts,20,글로벌,로봇,수요량,2026,1.14,,GWh,휴머노이드 로봇용 배터리 수요,22,EV·ESS 외 application: 로봇,,,,
2025-03-21_삼성증권_산업,2025-03-21,삼성증권,"inbox/삼성증권_자동차_Beyond Chasm 로봇의 심장, 배터리_20250321.pdf",demand_forecasts,21,글로벌,로봇,수요량,2027,3,,GWh,휴머노이드 로봇용 배터리 수요,22,EV·ESS 외 application: 로봇,,,,
2025-03-21_삼성증권_산업,2025-03-21,삼성증권,"inbox/삼성증권_자동차_Beyond Chasm 로봇의 심장, 배터리_20250321.pdf",demand_forecasts,22,글로벌,로봇,수요량,2030,33,,GWh,"휴머노이드 로봇용 배터리 수요, CAGR('25-30) 223%",22,EV·ESS 외 application: 로봇,,,,
2025-03-21_삼성증권_산업,2025-03-21,삼성증권,"inbox/삼성증권_자동차_Beyond Chasm 로봇의 심장, 배터리_20250321.pdf",demand_forecasts,23,글로벌,로봇,수요량,2035,286,,GWh,휴머노이드 로봇용 배터리 수요,22,EV·ESS 외 application: 로봇,,,,
2025-03-21_삼성증권_산업,2025-03-21,삼성증권,"inbox/삼성증권_자동차_Beyond Chasm 로봇의 심장, 배터리_20250321.pdf",demand_forecasts,24,글로벌,로봇,수요량,2040,3214,,GWh,"휴머노이드 로봇용 배터리 수요(3.2TWh), CAGR('30-40) 58%",22,EV·ESS 외 application: 로봇,,,,
2025-03-21_삼성증권_산업,2025-03-21,삼성증권,"inbox/삼성증권_자동차_Beyond Chasm 로봇의 심장, 배터리_20250321.pdf",demand_forecasts,25,글로벌,로봇,침투율,2025,60,,%,휴머노이드 로봇 배터리 내 LFP 비중,22,EV·ESS 외 application: 로봇,,,,
2025-03-21_삼성증권_산업,2025-03-21,삼성증권,"inbox/삼성증권_자동차_Beyond Chasm 로봇의 심장, 배터리_20250321.pdf",demand_forecasts,26,글로벌,로봇,침투율,2026,55,,%,휴머노이드 로봇 배터리 내 LFP 비중,22,EV·ESS 외 application: 로봇,,,,
2025-03-21_삼성증권_산업,2025-03-21,삼성증권,"inbox/삼성증권_자동차_Beyond Chasm 로봇의 심장, 배터리_20250321.pdf",demand_forecasts,27,글로벌,로봇,침투율,2027,50,,%,휴머노이드 로봇 배터리 내 LFP 비중,22,EV·ESS 외 application: 로봇,,,,
2025-03-21_삼성증권_산업,2025-03-21,삼성증권,"inbox/삼성증권_자동차_Beyond Chasm 로봇의 심장, 배터리_20250321.pdf",demand_forecasts,28,글로벌,로봇,침투율,2030,40,,%,휴머노이드 로봇 배터리 내 LFP 비중,22,EV·ESS 외 application: 로봇,,,,
2025-03-21_삼성증권_산업,2025-03-21,삼성증권,"inbox/삼성증권_자동차_Beyond Chasm 로봇의 심장, 배터리_20250321.pdf",demand_forecasts,29,글로벌,로봇,침투율,2035,30,,%,휴머노이드 로봇 배터리 내 LFP 비중,22,EV·ESS 외 application: 로봇,,,,
2025-03-21_삼성증권_산업,2025-03-21,삼성증권,"inbox/삼성증권_자동차_Beyond Chasm 로봇의 심장, 배터리_20250321.pdf",demand_forecasts,30,글로벌,로봇,침투율,2040,20,,%,휴머노이드 로봇 배터리 내 LFP 비중,22,EV·ESS 외 application: 로봇,,,,
2025-03-21_삼성증권_산업,2025-03-21,삼성증권,"inbox/삼성증권_자동차_Beyond Chasm 로봇의 심장, 배터리_20250321.pdf",demand_forecasts,31,글로벌,로봇,침투율,2025,40,,%,휴머노이드 로봇 배터리 내 삼원계(NCM/NCMA) 비중,22,EV·ESS 외 application: 로봇,,,,
2025-03-21_삼성증권_산업,2025-03-21,삼성증권,"inbox/삼성증권_자동차_Beyond Chasm 로봇의 심장, 배터리_20250321.pdf",demand_forecasts,32,글로벌,로봇,침투율,2026,45,,%,휴머노이드 로봇 배터리 내 삼원계 비중,22,EV·ESS 외 application: 로봇,,,,
2025-03-21_삼성증권_산업,2025-03-21,삼성증권,"inbox/삼성증권_자동차_Beyond Chasm 로봇의 심장, 배터리_20250321.pdf",demand_forecasts,33,글로벌,로봇,침투율,2027,50,,%,휴머노이드 로봇 배터리 내 삼원계 비중,22,EV·ESS 외 application: 로봇,,,,
2025-03-21_삼성증권_산업,2025-03-21,삼성증권,"inbox/삼성증권_자동차_Beyond Chasm 로봇의 심장, 배터리_20250321.pdf",demand_forecasts,34,글로벌,로봇,침투율,2030,60,,%,휴머노이드 로봇 배터리 내 삼원계 비중,22,EV·ESS 외 application: 로봇,,,,
2025-03-21_삼성증권_산업,2025-03-21,삼성증권,"inbox/삼성증권_자동차_Beyond Chasm 로봇의 심장, 배터리_20250321.pdf",demand_forecasts,35,글로벌,로봇,침투율,2035,70,,%,휴머노이드 로봇 배터리 내 삼원계 비중,22,EV·ESS 외 application: 로봇,,,,
2025-03-21_삼성증권_산업,2025-03-21,삼성증권,"inbox/삼성증권_자동차_Beyond Chasm 로봇의 심장, 배터리_20250321.pdf",demand_forecasts,36,글로벌,로봇,침투율,2040,80,,%,휴머노이드 로봇 배터리 내 삼원계 비중,22,EV·ESS 외 application: 로봇,,,,
2025-03-21_삼성증권_산업,2025-03-21,삼성증권,"inbox/삼성증권_자동차_Beyond Chasm 로봇의 심장, 배터리_20250321.pdf",demand_forecasts,41,글로벌,로봇,침투율,2025,0.01,,%,휴머노이드 로봇 배터리 수요의 글로벌 xEV 배터리 수요 대비 상대 비중,22,EV·ESS 외 application: 로봇,,,,
2025-03-21_삼성증권_산업,2025-03-21,삼성증권,"inbox/삼성증권_자동차_Beyond Chasm 로봇의 심장, 배터리_20250321.pdf",demand_forecasts,42,글로벌,로봇,침투율,2026,0.07,,%,휴머노이드 로봇 배터리 수요 상대 비중,22,EV·ESS 외 application: 로봇,,,,
2025-03-21_삼성증권_산업,2025-03-21,삼성증권,"inbox/삼성증권_자동차_Beyond Chasm 로봇의 심장, 배터리_20250321.pdf",demand_forecasts,43,글로벌,로봇,침투율,2027,0.17,,%,휴머노이드 로봇 배터리 수요 상대 비중,22,EV·ESS 외 application: 로봇,,,,
2025-03-21_삼성증권_산업,2025-03-21,삼성증권,"inbox/삼성증권_자동차_Beyond Chasm 로봇의 심장, 배터리_20250321.pdf",demand_forecasts,44,글로벌,로봇,침투율,2030,0.98,,%,"휴머노이드 로봇 배터리 수요 상대 비중, CAGR('25-30) 167%",22,EV·ESS 외 application: 로봇,,,,
2025-05-16_하나증권_산업,2025-05-16,하나증권,inbox/하나증권_전자장비와기기_배터리 징비록_20250516.pdf,demand_forecasts,1,북미,EV,실적치,2024,9.7,,%,미국 전기차 침투율 실적,13,실적치는 원문 지표 재확인 필요,,,,
2025-05-16_하나증권_산업,2025-05-16,하나증권,inbox/하나증권_전자장비와기기_배터리 징비록_20250516.pdf,demand_forecasts,4,북미,EV,실적치,2024,114,,GWh,미국 전기차 배터리 전체 수요 실적,22,실적치는 원문 지표 재확인 필요,,,,
2025-05-16_하나증권_산업,2025-05-16,하나증권,inbox/하나증권_전자장비와기기_배터리 징비록_20250516.pdf,demand_forecasts,9,유럽,EV,실적치,2024,167,,GWh,유럽 전기차 배터리 전체 수요 실적,22,실적치는 원문 지표 재확인 필요,,,,
2025-05-16_하나증권_산업,2025-05-16,하나증권,inbox/하나증권_전자장비와기기_배터리 징비록_20250516.pdf,demand_forecasts,14,유럽,EV,실적치,2024,24.1,,%,유럽 전기차 침투율 실적,14,실적치는 원문 지표 재확인 필요,,,,
2025-05-16_하나증권_산업,2025-05-16,하나증권,inbox/하나증권_전자장비와기기_배터리 징비록_20250516.pdf,demand_forecasts,18,북미,EV,실적치,2024,21,,만톤,미국 전기차 배터리용 양극재 수요 실적,13,실적치는 원문 지표 재확인 필요,,,,
2025-05-16_하나증권_산업,2025-05-16,하나증권,inbox/하나증권_전자장비와기기_배터리 징비록_20250516.pdf,demand_forecasts,19,북미,EV,수요량,2034,85,,만톤,연평균 +15.0% 성장 가정,13,지원하지 않는 지표·단위 조합: 수요량/만톤,,,,
2025-05-16_하나증권_산업,2025-05-16,하나증권,inbox/하나증권_전자장비와기기_배터리 징비록_20250516.pdf,demand_forecasts,20,유럽,EV,실적치,2024,32,,만톤,유럽 전기차 배터리용 양극재 수요 실적,14,실적치는 원문 지표 재확인 필요,,,,
2025-05-16_하나증권_산업,2025-05-16,하나증권,inbox/하나증권_전자장비와기기_배터리 징비록_20250516.pdf,demand_forecasts,21,유럽,EV,수요량,2034,99,,만톤,연평균 +12.1% 성장 가정,14,지원하지 않는 지표·단위 조합: 수요량/만톤,,,,
2025-05-16_하나증권_산업,2025-05-16,하나증권,inbox/하나증권_전자장비와기기_배터리 징비록_20250516.pdf,demand_forecasts,22,글로벌,EV,실적치,2024,52,,만톤,북미+유럽 합산 양극재 수요(중국/한국 자체수요 제외) 실적,23,실적치는 원문 지표 재확인 필요,,,,
2025-05-16_하나증권_산업,2025-05-16,하나증권,inbox/하나증권_전자장비와기기_배터리 징비록_20250516.pdf,demand_forecasts,23,글로벌,EV,수요량,2030,133,,만톤,"북미+유럽 합산, 연평균 +13% 성장",23,지원하지 않는 지표·단위 조합: 수요량/만톤,,,,
2025-05-16_하나증권_산업,2025-05-16,하나증권,inbox/하나증권_전자장비와기기_배터리 징비록_20250516.pdf,demand_forecasts,24,글로벌,EV,수요량,2034,184,,만톤,"북미+유럽 합산, 연평균 +13% 성장",23,지원하지 않는 지표·단위 조합: 수요량/만톤,,,,
2025-05-16_하나증권_산업,2025-05-16,하나증권,inbox/하나증권_전자장비와기기_배터리 징비록_20250516.pdf,demand_forecasts,25,글로벌,EV,수요량,2030,72,,만톤,한국기업 침투가능수요(북미+유럽 셀 메이커 침투가능수요 가정 준용),23,지원하지 않는 지표·단위 조합: 수요량/만톤,,,,
2025-05-16_하나증권_산업,2025-05-16,하나증권,inbox/하나증권_전자장비와기기_배터리 징비록_20250516.pdf,demand_forecasts,26,글로벌,EV,수요량,2034,94,,만톤,한국기업 침투가능수요(북미+유럽 셀 메이커 침투가능수요 가정 준용),23,지원하지 않는 지표·단위 조합: 수요량/만톤,,,,
2025-06-10_SK증권_산업,2025-06-10,SK증권,"inbox/SK증권_전자장비와기기_K-배터리, 네 가지 위기와 미래 승부수_20250610.pdf",demand_forecasts,1,글로벌,EV,실적치,2022,1050,,만대,BEV+PHEV 출하량,29,실적치는 원문 지표 재확인 필요,,,,
2025-06-10_SK증권_산업,2025-06-10,SK증권,"inbox/SK증권_전자장비와기기_K-배터리, 네 가지 위기와 미래 승부수_20250610.pdf",demand_forecasts,2,글로벌,EV,실적치,2023,1420,,만대,BEV+PHEV 출하량,29,실적치는 원문 지표 재확인 필요,,,,
2025-06-10_SK증권_산업,2025-06-10,SK증권,"inbox/SK증권_전자장비와기기_K-배터리, 네 가지 위기와 미래 승부수_20250610.pdf",demand_forecasts,3,글로벌,EV,실적치,2024,1690,,만대,"BEV+PHEV 출하량, 본문에는 '1,700만대 수준'으로 서술",28,실적치는 원문 지표 재확인 필요,,,,
2025-06-10_SK증권_산업,2025-06-10,SK증권,"inbox/SK증권_전자장비와기기_K-배터리, 네 가지 위기와 미래 승부수_20250610.pdf",demand_forecasts,5,글로벌,EV,실적치,2024,19,,%,글로벌 전기차 출하량 YoY 성장률,28,실적치는 원문 지표 재확인 필요,,,,
2025-07-25_iM증권_산업,2025-07-25,iM증권,inbox/iM증권_전자장비와기기_미국 ESS 산업 구조 변화의 시작(한국 배터리 산업의 제2의 서막)_20250725.pdf,demand_forecasts,2,북미,ESS,실적치,2024,78,,GWh,미국 ESS 시장 규모(용량 기준),16,실적치는 원문 지표 재확인 필요,,,,
2025-07-25_iM증권_산업,2025-07-25,iM증권,inbox/iM증권_전자장비와기기_미국 ESS 산업 구조 변화의 시작(한국 배터리 산업의 제2의 서막)_20250725.pdf,demand_forecasts,7,북미,ESS,수요량,2024,18667,,백만달러,미국 ESS 수입액(전체),16,지원하지 않는 지표·단위 조합: 수요량/백만달러,,,,
2025-07-25_iM증권_산업,2025-07-25,iM증권,inbox/iM증권_전자장비와기기_미국 ESS 산업 구조 변화의 시작(한국 배터리 산업의 제2의 서막)_20250725.pdf,demand_forecasts,8,북미,ESS,수요량,2025,22867,,백만달러,미국 ESS 수입액(전체) 전망,16,지원하지 않는 지표·단위 조합: 수요량/백만달러,,,,
2025-07-25_iM증권_산업,2025-07-25,iM증권,inbox/iM증권_전자장비와기기_미국 ESS 산업 구조 변화의 시작(한국 배터리 산업의 제2의 서막)_20250725.pdf,demand_forecasts,9,북미,ESS,수요량,2026,28012,,백만달러,미국 ESS 수입액(전체) 전망,16,지원하지 않는 지표·단위 조합: 수요량/백만달러,,,,
2025-07-25_iM증권_산업,2025-07-25,iM증권,inbox/iM증권_전자장비와기기_미국 ESS 산업 구조 변화의 시작(한국 배터리 산업의 제2의 서막)_20250725.pdf,demand_forecasts,10,북미,ESS,수요량,2027,32214,,백만달러,미국 ESS 수입액(전체) 전망,16,지원하지 않는 지표·단위 조합: 수요량/백만달러,,,,
2025-07-25_iM증권_산업,2025-07-25,iM증권,inbox/iM증권_전자장비와기기_미국 ESS 산업 구조 변화의 시작(한국 배터리 산업의 제2의 서막)_20250725.pdf,demand_forecasts,11,북미,ESS,수요량,2028,37046,,백만달러,미국 ESS 수입액(전체) 전망,16,지원하지 않는 지표·단위 조합: 수요량/백만달러,,,,
2025-10-23_삼성증권_산업,2025-10-23,삼성증권,inbox/삼성증권_전자장비와기기_2차전지 산업 분석 11편 - AI 데이터센터와 배터리_20251023.pdf,demand_forecasts,1,북미,ESS,실적치,2020,3.4,,GWh,"BNEF, 삼성증권 추정 (미국 데이터센터 전력 부하 vs UPS, 북미 ESS, EV 배터리 수요 전망 표)",5,실적치는 원문 지표 재확인 필요,,,,
2025-10-23_삼성증권_산업,2025-10-23,삼성증권,inbox/삼성증권_전자장비와기기_2차전지 산업 분석 11편 - AI 데이터센터와 배터리_20251023.pdf,demand_forecasts,2,북미,ESS,실적치,2020,10,,%,"BNEF, 삼성증권 추정 (미국 데이터센터 전력 부하 vs UPS, 북미 ESS, EV 배터리 수요 전망 표)",5,실적치는 원문 지표 재확인 필요,,,,
2025-10-23_삼성증권_산업,2025-10-23,삼성증권,inbox/삼성증권_전자장비와기기_2차전지 산업 분석 11편 - AI 데이터센터와 배터리_20251023.pdf,demand_forecasts,3,북미,EV,실적치,2020,29.5,,GWh,"BNEF, 삼성증권 추정 (미국 데이터센터 전력 부하 vs UPS, 북미 ESS, EV 배터리 수요 전망 표)",5,실적치는 원문 지표 재확인 필요 | EV 행에 ESS 시스템 형태 표기,,,,
2025-10-23_삼성증권_산업,2025-10-23,삼성증권,inbox/삼성증권_전자장비와기기_2차전지 산업 분석 11편 - AI 데이터센터와 배터리_20251023.pdf,demand_forecasts,4,북미,EV,실적치,2020,90,,%,"BNEF, 삼성증권 추정 (미국 데이터센터 전력 부하 vs UPS, 북미 ESS, EV 배터리 수요 전망 표)",5,실적치는 원문 지표 재확인 필요 | EV 행에 ESS 시스템 형태 표기,,,,
2025-10-23_삼성증권_산업,2025-10-23,삼성증권,inbox/삼성증권_전자장비와기기_2차전지 산업 분석 11편 - AI 데이터센터와 배터리_20251023.pdf,demand_forecasts,5,북미,ESS,실적치,2021,11.0,,GWh,"BNEF, 삼성증권 추정 (미국 데이터센터 전력 부하 vs UPS, 북미 ESS, EV 배터리 수요 전망 표)",5,실적치는 원문 지표 재확인 필요,,,,
2025-10-23_삼성증권_산업,2025-10-23,삼성증권,inbox/삼성증권_전자장비와기기_2차전지 산업 분석 11편 - AI 데이터센터와 배터리_20251023.pdf,demand_forecasts,6,북미,ESS,실적치,2021,16,,%,"BNEF, 삼성증권 추정 (미국 데이터센터 전력 부하 vs UPS, 북미 ESS, EV 배터리 수요 전망 표)",5,실적치는 원문 지표 재확인 필요,,,,
2025-10-23_삼성증권_산업,2025-10-23,삼성증권,inbox/삼성증권_전자장비와기기_2차전지 산업 분석 11편 - AI 데이터센터와 배터리_20251023.pdf,demand_forecasts,7,북미,EV,실적치,2021,56.1,,GWh,"BNEF, 삼성증권 추정 (미국 데이터센터 전력 부하 vs UPS, 북미 ESS, EV 배터리 수요 전망 표)",5,실적치는 원문 지표 재확인 필요 | EV 행에 ESS 시스템 형태 표기,,,,
2025-10-23_삼성증권_산업,2025-10-23,삼성증권,inbox/삼성증권_전자장비와기기_2차전지 산업 분석 11편 - AI 데이터센터와 배터리_20251023.pdf,demand_forecasts,8,북미,EV,실적치,2021,84,,%,"BNEF, 삼성증권 추정 (미국 데이터센터 전력 부하 vs UPS, 북미 ESS, EV 배터리 수요 전망 표)",5,실적치는 원문 지표 재확인 필요 | EV 행에 ESS 시스템 형태 표기,,,,
2025-10-23_삼성증권_산업,2025-10-23,삼성증권,inbox/삼성증권_전자장비와기기_2차전지 산업 분석 11편 - AI 데이터센터와 배터리_20251023.pdf,demand_forecasts,9,북미,ESS,실적치,2022,12.1,,GWh,"BNEF, 삼성증권 추정 (미국 데이터센터 전력 부하 vs UPS, 북미 ESS, EV 배터리 수요 전망 표)",5,실적치는 원문 지표 재확인 필요,,,,
2025-10-23_삼성증권_산업,2025-10-23,삼성증권,inbox/삼성증권_전자장비와기기_2차전지 산업 분석 11편 - AI 데이터센터와 배터리_20251023.pdf,demand_forecasts,10,북미,ESS,실적치,2022,12,,%,"BNEF, 삼성증권 추정 (미국 데이터센터 전력 부하 vs UPS, 북미 ESS, EV 배터리 수요 전망 표)",5,실적치는 원문 지표 재확인 필요,,,,
2025-10-23_삼성증권_산업,2025-10-23,삼성증권,inbox/삼성증권_전자장비와기기_2차전지 산업 분석 11편 - AI 데이터센터와 배터리_20251023.pdf,demand_forecasts,11,북미,EV,실적치,2022,88.2,,GWh,"BNEF, 삼성증권 추정 (미국 데이터센터 전력 부하 vs UPS, 북미 ESS, EV 배터리 수요 전망 표)",5,실적치는 원문 지표 재확인 필요 | EV 행에 ESS 시스템 형태 표기,,,,
2025-10-23_삼성증권_산업,2025-10-23,삼성증권,inbox/삼성증권_전자장비와기기_2차전지 산업 분석 11편 - AI 데이터센터와 배터리_20251023.pdf,demand_forecasts,12,북미,EV,실적치,2022,88,,%,"BNEF, 삼성증권 추정 (미국 데이터센터 전력 부하 vs UPS, 북미 ESS, EV 배터리 수요 전망 표)",5,실적치는 원문 지표 재확인 필요 | EV 행에 ESS 시스템 형태 표기,,,,
2025-10-23_삼성증권_산업,2025-10-23,삼성증권,inbox/삼성증권_전자장비와기기_2차전지 산업 분석 11편 - AI 데이터센터와 배터리_20251023.pdf,demand_forecasts,13,북미,ESS,실적치,2023,21.7,,GWh,"BNEF, 삼성증권 추정 (미국 데이터센터 전력 부하 vs UPS, 북미 ESS, EV 배터리 수요 전망 표)",5,실적치는 원문 지표 재확인 필요,,,,
2025-10-23_삼성증권_산업,2025-10-23,삼성증권,inbox/삼성증권_전자장비와기기_2차전지 산업 분석 11편 - AI 데이터센터와 배터리_20251023.pdf,demand_forecasts,14,북미,ESS,실적치,2023,14,,%,"BNEF, 삼성증권 추정 (미국 데이터센터 전력 부하 vs UPS, 북미 ESS, EV 배터리 수요 전망 표)",5,실적치는 원문 지표 재확인 필요,,,,
2025-10-23_삼성증권_산업,2025-10-23,삼성증권,inbox/삼성증권_전자장비와기기_2차전지 산업 분석 11편 - AI 데이터센터와 배터리_20251023.pdf,demand_forecasts,15,북미,EV,실적치,2023,130.5,,GWh,"BNEF, 삼성증권 추정 (미국 데이터센터 전력 부하 vs UPS, 북미 ESS, EV 배터리 수요 전망 표)",5,실적치는 원문 지표 재확인 필요 | EV 행에 ESS 시스템 형태 표기,,,,
2025-10-23_삼성증권_산업,2025-10-23,삼성증권,inbox/삼성증권_전자장비와기기_2차전지 산업 분석 11편 - AI 데이터센터와 배터리_20251023.pdf,demand_forecasts,16,북미,EV,실적치,2023,86,,%,"BNEF, 삼성증권 추정 (미국 데이터센터 전력 부하 vs UPS, 북미 ESS, EV 배터리 수요 전망 표)",5,실적치는 원문 지표 재확인 필요 | EV 행에 ESS 시스템 형태 표기,,,,
2025-10-23_삼성증권_산업,2025-10-23,삼성증권,inbox/삼성증권_전자장비와기기_2차전지 산업 분석 11편 - AI 데이터센터와 배터리_20251023.pdf,demand_forecasts,17,북미,ESS,실적치,2024,34.7,,GWh,"BNEF, 삼성증권 추정 (미국 데이터센터 전력 부하 vs UPS, 북미 ESS, EV 배터리 수요 전망 표)",5,실적치는 원문 지표 재확인 필요,,,,
2025-10-23_삼성증권_산업,2025-10-23,삼성증권,inbox/삼성증권_전자장비와기기_2차전지 산업 분석 11편 - AI 데이터센터와 배터리_20251023.pdf,demand_forecasts,18,북미,ESS,실적치,2024,19,,%,"BNEF, 삼성증권 추정 (미국 데이터센터 전력 부하 vs UPS, 북미 ESS, EV 배터리 수요 전망 표)",5,실적치는 원문 지표 재확인 필요,,,,
2025-10-23_삼성증권_산업,2025-10-23,삼성증권,inbox/삼성증권_전자장비와기기_2차전지 산업 분석 11편 - AI 데이터센터와 배터리_20251023.pdf,demand_forecasts,19,북미,EV,실적치,2024,143.6,,GWh,"BNEF, 삼성증권 추정 (미국 데이터센터 전력 부하 vs UPS, 북미 ESS, EV 배터리 수요 전망 표)",5,실적치는 원문 지표 재확인 필요 | EV 행에 ESS 시스템 형태 표기,,,,
2025-10-23_삼성증권_산업,2025-10-23,삼성증권,inbox/삼성증권_전자장비와기기_2차전지 산업 분석 11편 - AI 데이터센터와 배터리_20251023.pdf,demand_forecasts,20,북미,EV,실적치,2024,81,,%,"BNEF, 삼성증권 추정 (미국 데이터센터 전력 부하 vs UPS, 북미 ESS, EV 배터리 수요 전망 표)",5,실적치는 원문 지표 재확인 필요 | EV 행에 ESS 시스템 형태 표기,,,,
2025-10-23_삼성증권_산업,2025-10-23,삼성증권,inbox/삼성증권_전자장비와기기_2차전지 산업 분석 11편 - AI 데이터센터와 배터리_20251023.pdf,demand_forecasts,23,북미,EV,수요량,2025,149.9,,GWh,"BNEF, 삼성증권 추정 (미국 데이터센터 전력 부하 vs UPS, 북미 ESS, EV 배터리 수요 전망 표)",5,EV 행에 ESS 시스템 형태 표기,,,,
2025-10-23_삼성증권_산업,2025-10-23,삼성증권,inbox/삼성증권_전자장비와기기_2차전지 산업 분석 11편 - AI 데이터센터와 배터리_20251023.pdf,demand_forecasts,24,북미,EV,침투율,2025,77,,%,"BNEF, 삼성증권 추정 (미국 데이터센터 전력 부하 vs UPS, 북미 ESS, EV 배터리 수요 전망 표)",5,EV 행에 ESS 시스템 형태 표기,,,,
2025-10-23_삼성증권_산업,2025-10-23,삼성증권,inbox/삼성증권_전자장비와기기_2차전지 산업 분석 11편 - AI 데이터센터와 배터리_20251023.pdf,demand_forecasts,27,북미,EV,수요량,2026,169.4,,GWh,"BNEF, 삼성증권 추정 (미국 데이터센터 전력 부하 vs UPS, 북미 ESS, EV 배터리 수요 전망 표)",5,EV 행에 ESS 시스템 형태 표기,,,,
2025-10-23_삼성증권_산업,2025-10-23,삼성증권,inbox/삼성증권_전자장비와기기_2차전지 산업 분석 11편 - AI 데이터센터와 배터리_20251023.pdf,demand_forecasts,28,북미,EV,침투율,2026,82,,%,"BNEF, 삼성증권 추정 (미국 데이터센터 전력 부하 vs UPS, 북미 ESS, EV 배터리 수요 전망 표)",5,EV 행에 ESS 시스템 형태 표기,,,,
2025-10-23_삼성증권_산업,2025-10-23,삼성증권,inbox/삼성증권_전자장비와기기_2차전지 산업 분석 11편 - AI 데이터센터와 배터리_20251023.pdf,demand_forecasts,31,북미,EV,수요량,2027,212.7,,GWh,"BNEF, 삼성증권 추정 (미국 데이터센터 전력 부하 vs UPS, 북미 ESS, EV 배터리 수요 전망 표)",5,EV 행에 ESS 시스템 형태 표기,,,,
2025-10-23_삼성증권_산업,2025-10-23,삼성증권,inbox/삼성증권_전자장비와기기_2차전지 산업 분석 11편 - AI 데이터센터와 배터리_20251023.pdf,demand_forecasts,32,북미,EV,침투율,2027,81,,%,"BNEF, 삼성증권 추정 (미국 데이터센터 전력 부하 vs UPS, 북미 ESS, EV 배터리 수요 전망 표)",5,EV 행에 ESS 시스템 형태 표기,,,,
2025-10-23_삼성증권_산업,2025-10-23,삼성증권,inbox/삼성증권_전자장비와기기_2차전지 산업 분석 11편 - AI 데이터센터와 배터리_20251023.pdf,demand_forecasts,35,북미,EV,수요량,2028,270.1,,GWh,"BNEF, 삼성증권 추정 (미국 데이터센터 전력 부하 vs UPS, 북미 ESS, EV 배터리 수요 전망 표)",5,EV 행에 ESS 시스템 형태 표기,,,,
2025-10-23_삼성증권_산업,2025-10-23,삼성증권,inbox/삼성증권_전자장비와기기_2차전지 산업 분석 11편 - AI 데이터센터와 배터리_20251023.pdf,demand_forecasts,36,북미,EV,침투율,2028,82,,%,"BNEF, 삼성증권 추정 (미국 데이터센터 전력 부하 vs UPS, 북미 ESS, EV 배터리 수요 전망 표)",5,EV 행에 ESS 시스템 형태 표기,,,,
2025-10-23_삼성증권_산업,2025-10-23,삼성증권,inbox/삼성증권_전자장비와기기_2차전지 산업 분석 11편 - AI 데이터센터와 배터리_20251023.pdf,demand_forecasts,39,북미,EV,수요량,2029,324.9,,GWh,"BNEF, 삼성증권 추정 (미국 데이터센터 전력 부하 vs UPS, 북미 ESS, EV 배터리 수요 전망 표)",5,EV 행에 ESS 시스템 형태 표기,,,,
2025-10-23_삼성증권_산업,2025-10-23,삼성증권,inbox/삼성증권_전자장비와기기_2차전지 산업 분석 11편 - AI 데이터센터와 배터리_20251023.pdf,demand_forecasts,40,북미,EV,침투율,2029,82,,%,"BNEF, 삼성증권 추정 (미국 데이터센터 전력 부하 vs UPS, 북미 ESS, EV 배터리 수요 전망 표)",5,EV 행에 ESS 시스템 형태 표기,,,,
2025-10-23_삼성증권_산업,2025-10-23,삼성증권,inbox/삼성증권_전자장비와기기_2차전지 산업 분석 11편 - AI 데이터센터와 배터리_20251023.pdf,demand_forecasts,43,북미,EV,수요량,2030,366.3,,GWh,"BNEF, 삼성증권 추정 (미국 데이터센터 전력 부하 vs UPS, 북미 ESS, EV 배터리 수요 전망 표)",5,EV 행에 ESS 시스템 형태 표기,,,,
2025-10-23_삼성증권_산업,2025-10-23,삼성증권,inbox/삼성증권_전자장비와기기_2차전지 산업 분석 11편 - AI 데이터센터와 배터리_20251023.pdf,demand_forecasts,44,북미,EV,침투율,2030,83,,%,"BNEF, 삼성증권 추정 (미국 데이터센터 전력 부하 vs UPS, 북미 ESS, EV 배터리 수요 전망 표)",5,EV 행에 ESS 시스템 형태 표기,,,,
2025-10-23_삼성증권_산업,2025-10-23,삼성증권,inbox/삼성증권_전자장비와기기_2차전지 산업 분석 11편 - AI 데이터센터와 배터리_20251023.pdf,demand_forecasts,47,북미,EV,수요량,2031,448.5,,GWh,"BNEF, 삼성증권 추정 (미국 데이터센터 전력 부하 vs UPS, 북미 ESS, EV 배터리 수요 전망 표)",5,EV 행에 ESS 시스템 형태 표기,,,,
2025-10-23_삼성증권_산업,2025-10-23,삼성증권,inbox/삼성증권_전자장비와기기_2차전지 산업 분석 11편 - AI 데이터센터와 배터리_20251023.pdf,demand_forecasts,48,북미,EV,침투율,2031,84,,%,"BNEF, 삼성증권 추정 (미국 데이터센터 전력 부하 vs UPS, 북미 ESS, EV 배터리 수요 전망 표)",5,EV 행에 ESS 시스템 형태 표기,,,,
2025-10-23_삼성증권_산업,2025-10-23,삼성증권,inbox/삼성증권_전자장비와기기_2차전지 산업 분석 11편 - AI 데이터센터와 배터리_20251023.pdf,demand_forecasts,51,북미,EV,수요량,2032,521.8,,GWh,"BNEF, 삼성증권 추정 (미국 데이터센터 전력 부하 vs UPS, 북미 ESS, EV 배터리 수요 전망 표)",5,EV 행에 ESS 시스템 형태 표기,,,,
2025-10-23_삼성증권_산업,2025-10-23,삼성증권,inbox/삼성증권_전자장비와기기_2차전지 산업 분석 11편 - AI 데이터센터와 배터리_20251023.pdf,demand_forecasts,52,북미,EV,침투율,2032,85,,%,"BNEF, 삼성증권 추정 (미국 데이터센터 전력 부하 vs UPS, 북미 ESS, EV 배터리 수요 전망 표)",5,EV 행에 ESS 시스템 형태 표기,,,,
2025-10-23_삼성증권_산업,2025-10-23,삼성증권,inbox/삼성증권_전자장비와기기_2차전지 산업 분석 11편 - AI 데이터센터와 배터리_20251023.pdf,demand_forecasts,55,북미,EV,수요량,2033,619.6,,GWh,"BNEF, 삼성증권 추정 (미국 데이터센터 전력 부하 vs UPS, 북미 ESS, EV 배터리 수요 전망 표)",5,EV 행에 ESS 시스템 형태 표기,,,,
2025-10-23_삼성증권_산업,2025-10-23,삼성증권,inbox/삼성증권_전자장비와기기_2차전지 산업 분석 11편 - AI 데이터센터와 배터리_20251023.pdf,demand_forecasts,56,북미,EV,침투율,2033,87,,%,"BNEF, 삼성증권 추정 (미국 데이터센터 전력 부하 vs UPS, 북미 ESS, EV 배터리 수요 전망 표)",5,EV 행에 ESS 시스템 형태 표기,,,,
2025-10-23_삼성증권_산업,2025-10-23,삼성증권,inbox/삼성증권_전자장비와기기_2차전지 산업 분석 11편 - AI 데이터센터와 배터리_20251023.pdf,demand_forecasts,59,북미,EV,수요량,2034,680.4,,GWh,"BNEF, 삼성증권 추정 (미국 데이터센터 전력 부하 vs UPS, 북미 ESS, EV 배터리 수요 전망 표)",5,EV 행에 ESS 시스템 형태 표기,,,,
2025-10-23_삼성증권_산업,2025-10-23,삼성증권,inbox/삼성증권_전자장비와기기_2차전지 산업 분석 11편 - AI 데이터센터와 배터리_20251023.pdf,demand_forecasts,60,북미,EV,침투율,2034,87,,%,"BNEF, 삼성증권 추정 (미국 데이터센터 전력 부하 vs UPS, 북미 ESS, EV 배터리 수요 전망 표)",5,EV 행에 ESS 시스템 형태 표기,,,,
2025-10-23_삼성증권_산업,2025-10-23,삼성증권,inbox/삼성증권_전자장비와기기_2차전지 산업 분석 11편 - AI 데이터센터와 배터리_20251023.pdf,demand_forecasts,63,북미,EV,수요량,2035,750.8,,GWh,"BNEF, 삼성증권 추정 (미국 데이터센터 전력 부하 vs UPS, 북미 ESS, EV 배터리 수요 전망 표)",5,EV 행에 ESS 시스템 형태 표기,,,,
2025-10-23_삼성증권_산업,2025-10-23,삼성증권,inbox/삼성증권_전자장비와기기_2차전지 산업 분석 11편 - AI 데이터센터와 배터리_20251023.pdf,demand_forecasts,64,북미,EV,침투율,2035,87,,%,"BNEF, 삼성증권 추정 (미국 데이터센터 전력 부하 vs UPS, 북미 ESS, EV 배터리 수요 전망 표)",5,EV 행에 ESS 시스템 형태 표기,,,,
2025-10-23_삼성증권_산업,2025-10-23,삼성증권,inbox/삼성증권_전자장비와기기_2차전지 산업 분석 11편 - AI 데이터센터와 배터리_20251023.pdf,demand_forecasts,65,북미,합계,실적치,2020,32.9,,GWh,"BNEF, 삼성증권 (북미 배터리 수요: 어플리케이션별 규모와 ESS 비중 표)",17,EV·ESS 외 application: 합계 | 실적치는 원문 지표 재확인 필요,,,,
2025-10-23_삼성증권_산업,2025-10-23,삼성증권,inbox/삼성증권_전자장비와기기_2차전지 산업 분석 11편 - AI 데이터센터와 배터리_20251023.pdf,demand_forecasts,66,북미,합계,실적치,2021,67.0,,GWh,"BNEF, 삼성증권 (북미 배터리 수요: 어플리케이션별 규모와 ESS 비중 표)",17,EV·ESS 외 application: 합계 | 실적치는 원문 지표 재확인 필요,,,,
2025-10-23_삼성증권_산업,2025-10-23,삼성증권,inbox/삼성증권_전자장비와기기_2차전지 산업 분석 11편 - AI 데이터센터와 배터리_20251023.pdf,demand_forecasts,67,북미,합계,실적치,2022,100.2,,GWh,"BNEF, 삼성증권 (북미 배터리 수요: 어플리케이션별 규모와 ESS 비중 표)",17,EV·ESS 외 application: 합계 | 실적치는 원문 지표 재확인 필요,,,,
2025-10-23_삼성증권_산업,2025-10-23,삼성증권,inbox/삼성증권_전자장비와기기_2차전지 산업 분석 11편 - AI 데이터센터와 배터리_20251023.pdf,demand_forecasts,68,북미,합계,실적치,2023,152.2,,GWh,"BNEF, 삼성증권 (북미 배터리 수요: 어플리케이션별 규모와 ESS 비중 표)",17,EV·ESS 외 application: 합계 | 실적치는 원문 지표 재확인 필요,,,,
2025-10-23_삼성증권_산업,2025-10-23,삼성증권,inbox/삼성증권_전자장비와기기_2차전지 산업 분석 11편 - AI 데이터센터와 배터리_20251023.pdf,demand_forecasts,69,북미,합계,실적치,2024,178.3,,GWh,"BNEF, 삼성증권 (북미 배터리 수요: 어플리케이션별 규모와 ESS 비중 표)",17,EV·ESS 외 application: 합계 | 실적치는 원문 지표 재확인 필요,,,,
2025-10-23_삼성증권_산업,2025-10-23,삼성증권,inbox/삼성증권_전자장비와기기_2차전지 산업 분석 11편 - AI 데이터센터와 배터리_20251023.pdf,demand_forecasts,70,북미,합계,수요량,2025,195.1,,GWh,"BNEF, 삼성증권 (북미 배터리 수요: 어플리케이션별 규모와 ESS 비중 표)",17,EV·ESS 외 application: 합계,,,,
2025-10-23_삼성증권_산업,2025-10-23,삼성증권,inbox/삼성증권_전자장비와기기_2차전지 산업 분석 11편 - AI 데이터센터와 배터리_20251023.pdf,demand_forecasts,71,북미,합계,수요량,2026,207.6,,GWh,"BNEF, 삼성증권 (북미 배터리 수요: 어플리케이션별 규모와 ESS 비중 표)",17,EV·ESS 외 application: 합계,,,,
2025-10-23_삼성증권_산업,2025-10-23,삼성증권,inbox/삼성증권_전자장비와기기_2차전지 산업 분석 11편 - AI 데이터센터와 배터리_20251023.pdf,demand_forecasts,72,북미,합계,수요량,2027,262.5,,GWh,"BNEF, 삼성증권 (북미 배터리 수요: 어플리케이션별 규모와 ESS 비중 표)",17,EV·ESS 외 application: 합계,,,,
2025-10-23_삼성증권_산업,2025-10-23,삼성증권,inbox/삼성증권_전자장비와기기_2차전지 산업 분석 11편 - AI 데이터센터와 배터리_20251023.pdf,demand_forecasts,73,북미,합계,수요량,2028,331.3,,GWh,"BNEF, 삼성증권 (북미 배터리 수요: 어플리케이션별 규모와 ESS 비중 표)",17,EV·ESS 외 application: 합계,,,,
2025-10-23_삼성증권_산업,2025-10-23,삼성증권,inbox/삼성증권_전자장비와기기_2차전지 산업 분석 11편 - AI 데이터센터와 배터리_20251023.pdf,demand_forecasts,74,북미,합계,수요량,2029,393.9,,GWh,"BNEF, 삼성증권 (북미 배터리 수요: 어플리케이션별 규모와 ESS 비중 표)",17,EV·ESS 외 application: 합계,,,,
2025-10-23_삼성증권_산업,2025-10-23,삼성증권,inbox/삼성증권_전자장비와기기_2차전지 산업 분석 11편 - AI 데이터센터와 배터리_20251023.pdf,demand_forecasts,75,북미,합계,수요량,2030,442.1,,GWh,"BNEF, 삼성증권 (북미 배터리 수요: 어플리케이션별 규모와 ESS 비중 표)",17,EV·ESS 외 application: 합계,,,,
2025-11-19_다올투자증권_산업,2025-11-19,다올투자증권,inbox/다올투자증권_전자장비와기기_AI가 쏘아올린 ESS 시장의 개화와 한국의 배터리_20251119.pdf,demand_forecasts,1,글로벌,EV,실적치,2020,2044,,천대,글로벌 BEV 판매대수,28,실적치는 원문 지표 재확인 필요,,,,
2025-11-19_다올투자증권_산업,2025-11-19,다올투자증권,inbox/다올투자증권_전자장비와기기_AI가 쏘아올린 ESS 시장의 개화와 한국의 배터리_20251119.pdf,demand_forecasts,2,글로벌,EV,실적치,2021,4563,,천대,글로벌 BEV 판매대수,28,실적치는 원문 지표 재확인 필요,,,,
2025-11-19_다올투자증권_산업,2025-11-19,다올투자증권,inbox/다올투자증권_전자장비와기기_AI가 쏘아올린 ESS 시장의 개화와 한국의 배터리_20251119.pdf,demand_forecasts,3,글로벌,EV,실적치,2022,7775,,천대,글로벌 BEV 판매대수,28,실적치는 원문 지표 재확인 필요,,,,
2025-11-19_다올투자증권_산업,2025-11-19,다올투자증권,inbox/다올투자증권_전자장비와기기_AI가 쏘아올린 ESS 시장의 개화와 한국의 배터리_20251119.pdf,demand_forecasts,4,글로벌,EV,실적치,2023,10162,,천대,글로벌 BEV 판매대수,28,실적치는 원문 지표 재확인 필요,,,,
2025-11-19_다올투자증권_산업,2025-11-19,다올투자증권,inbox/다올투자증권_전자장비와기기_AI가 쏘아올린 ESS 시장의 개화와 한국의 배터리_20251119.pdf,demand_forecasts,5,글로벌,EV,실적치,2024,11112,,천대,글로벌 BEV 판매대수,28,실적치는 원문 지표 재확인 필요,,,,
2025-11-19_다올투자증권_산업,2025-11-19,다올투자증권,inbox/다올투자증권_전자장비와기기_AI가 쏘아올린 ESS 시장의 개화와 한국의 배터리_20251119.pdf,demand_forecasts,10,글로벌,EV,실적치,2020,887,,천대,글로벌 PHEV 판매대수,28,실적치는 원문 지표 재확인 필요,,,,
2025-11-19_다올투자증권_산업,2025-11-19,다올투자증권,inbox/다올투자증권_전자장비와기기_AI가 쏘아올린 ESS 시장의 개화와 한국의 배터리_20251119.pdf,demand_forecasts,11,글로벌,EV,실적치,2021,1816,,천대,글로벌 PHEV 판매대수,28,실적치는 원문 지표 재확인 필요,,,,
2025-11-19_다올투자증권_산업,2025-11-19,다올투자증권,inbox/다올투자증권_전자장비와기기_AI가 쏘아올린 ESS 시장의 개화와 한국의 배터리_20251119.pdf,demand_forecasts,12,글로벌,EV,실적치,2022,2736,,천대,글로벌 PHEV 판매대수,28,실적치는 원문 지표 재확인 필요,,,,
2025-11-19_다올투자증권_산업,2025-11-19,다올투자증권,inbox/다올투자증권_전자장비와기기_AI가 쏘아올린 ESS 시장의 개화와 한국의 배터리_20251119.pdf,demand_forecasts,13,글로벌,EV,실적치,2023,4055,,천대,글로벌 PHEV 판매대수,28,실적치는 원문 지표 재확인 필요,,,,
2025-11-19_다올투자증권_산업,2025-11-19,다올투자증권,inbox/다올투자증권_전자장비와기기_AI가 쏘아올린 ESS 시장의 개화와 한국의 배터리_20251119.pdf,demand_forecasts,14,글로벌,EV,실적치,2024,6434,,천대,글로벌 PHEV 판매대수,28,실적치는 원문 지표 재확인 필요,,,,
2025-11-19_다올투자증권_산업,2025-11-19,다올투자증권,inbox/다올투자증권_전자장비와기기_AI가 쏘아올린 ESS 시장의 개화와 한국의 배터리_20251119.pdf,demand_forecasts,19,글로벌,EV,실적치,2020,2279,,천대,글로벌 HEV 판매대수,28,실적치는 원문 지표 재확인 필요,,,,
2025-11-19_다올투자증권_산업,2025-11-19,다올투자증권,inbox/다올투자증권_전자장비와기기_AI가 쏘아올린 ESS 시장의 개화와 한국의 배터리_20251119.pdf,demand_forecasts,20,글로벌,EV,실적치,2021,3022,,천대,글로벌 HEV 판매대수,28,실적치는 원문 지표 재확인 필요,,,,
2025-11-19_다올투자증권_산업,2025-11-19,다올투자증권,inbox/다올투자증권_전자장비와기기_AI가 쏘아올린 ESS 시장의 개화와 한국의 배터리_20251119.pdf,demand_forecasts,21,글로벌,EV,실적치,2022,3499,,천대,글로벌 HEV 판매대수,28,실적치는 원문 지표 재확인 필요,,,,
2025-11-19_다올투자증권_산업,2025-11-19,다올투자증권,inbox/다올투자증권_전자장비와기기_AI가 쏘아올린 ESS 시장의 개화와 한국의 배터리_20251119.pdf,demand_forecasts,22,글로벌,EV,실적치,2023,4612,,천대,글로벌 HEV 판매대수,28,실적치는 원문 지표 재확인 필요,,,,
2025-11-19_다올투자증권_산업,2025-11-19,다올투자증권,inbox/다올투자증권_전자장비와기기_AI가 쏘아올린 ESS 시장의 개화와 한국의 배터리_20251119.pdf,demand_forecasts,23,글로벌,EV,실적치,2024,5206,,천대,글로벌 HEV 판매대수,28,실적치는 원문 지표 재확인 필요,,,,
2025-11-19_다올투자증권_산업,2025-11-19,다올투자증권,inbox/다올투자증권_전자장비와기기_AI가 쏘아올린 ESS 시장의 개화와 한국의 배터리_20251119.pdf,demand_forecasts,28,글로벌,EV,실적치,2020,5210,,천대,글로벌 xEV(HEV+PHEV+BEV) 합계 판매대수,28,실적치는 원문 지표 재확인 필요,,,,
2025-11-19_다올투자증권_산업,2025-11-19,다올투자증권,inbox/다올투자증권_전자장비와기기_AI가 쏘아올린 ESS 시장의 개화와 한국의 배터리_20251119.pdf,demand_forecasts,29,글로벌,EV,실적치,2021,9401,,천대,글로벌 xEV 합계 판매대수,28,실적치는 원문 지표 재확인 필요,,,,
2025-11-19_다올투자증권_산업,2025-11-19,다올투자증권,inbox/다올투자증권_전자장비와기기_AI가 쏘아올린 ESS 시장의 개화와 한국의 배터리_20251119.pdf,demand_forecasts,30,글로벌,EV,실적치,2022,14010,,천대,글로벌 xEV 합계 판매대수,28,실적치는 원문 지표 재확인 필요,,,,
2025-11-19_다올투자증권_산업,2025-11-19,다올투자증권,inbox/다올투자증권_전자장비와기기_AI가 쏘아올린 ESS 시장의 개화와 한국의 배터리_20251119.pdf,demand_forecasts,31,글로벌,EV,실적치,2023,18829,,천대,글로벌 xEV 합계 판매대수,28,실적치는 원문 지표 재확인 필요,,,,
2025-11-19_다올투자증권_산업,2025-11-19,다올투자증권,inbox/다올투자증권_전자장비와기기_AI가 쏘아올린 ESS 시장의 개화와 한국의 배터리_20251119.pdf,demand_forecasts,32,글로벌,EV,실적치,2024,22752,,천대,글로벌 xEV 합계 판매대수,28,실적치는 원문 지표 재확인 필요,,,,
2025-11-19_다올투자증권_산업,2025-11-19,다올투자증권,inbox/다올투자증권_전자장비와기기_AI가 쏘아올린 ESS 시장의 개화와 한국의 배터리_20251119.pdf,demand_forecasts,37,글로벌,합계,실적치,2020,77192,,천대,글로벌 자동차 총 판매대수,28,EV·ESS 외 application: 합계 | 실적치는 원문 지표 재확인 필요,,,,
2025-11-19_다올투자증권_산업,2025-11-19,다올투자증권,inbox/다올투자증권_전자장비와기기_AI가 쏘아올린 ESS 시장의 개화와 한국의 배터리_20251119.pdf,demand_forecasts,38,글로벌,합계,실적치,2021,80591,,천대,글로벌 자동차 총 판매대수,28,EV·ESS 외 application: 합계 | 실적치는 원문 지표 재확인 필요,,,,
2025-11-19_다올투자증권_산업,2025-11-19,다올투자증권,inbox/다올투자증권_전자장비와기기_AI가 쏘아올린 ESS 시장의 개화와 한국의 배터리_20251119.pdf,demand_forecasts,39,글로벌,합계,실적치,2022,79721,,천대,글로벌 자동차 총 판매대수,28,EV·ESS 외 application: 합계 | 실적치는 원문 지표 재확인 필요,,,,
2025-11-19_다올투자증권_산업,2025-11-19,다올투자증권,inbox/다올투자증권_전자장비와기기_AI가 쏘아올린 ESS 시장의 개화와 한국의 배터리_20251119.pdf,demand_forecasts,40,글로벌,합계,실적치,2023,89085,,천대,글로벌 자동차 총 판매대수,28,EV·ESS 외 application: 합계 | 실적치는 원문 지표 재확인 필요,,,,
2025-11-19_다올투자증권_산업,2025-11-19,다올투자증권,inbox/다올투자증권_전자장비와기기_AI가 쏘아올린 ESS 시장의 개화와 한국의 배터리_20251119.pdf,demand_forecasts,41,글로벌,합계,실적치,2024,90150,,천대,글로벌 자동차 총 판매대수,28,EV·ESS 외 application: 합계 | 실적치는 원문 지표 재확인 필요,,,,
2025-11-19_다올투자증권_산업,2025-11-19,다올투자증권,inbox/다올투자증권_전자장비와기기_AI가 쏘아올린 ESS 시장의 개화와 한국의 배터리_20251119.pdf,demand_forecasts,42,글로벌,합계,판매대수,2025,91322,,천대,"글로벌 자동차 총 판매대수 전망, 2026년 15백만대 시장 달성 가능",28,EV·ESS 외 application: 합계 | 판매대수는 EV만 자동 이관: 합계,,,,
2025-11-19_다올투자증권_산업,2025-11-19,다올투자증권,inbox/다올투자증권_전자장비와기기_AI가 쏘아올린 ESS 시장의 개화와 한국의 배터리_20251119.pdf,demand_forecasts,43,글로벌,합계,판매대수,2026,92692,,천대,글로벌 자동차 총 판매대수 전망,28,EV·ESS 외 application: 합계 | 판매대수는 EV만 자동 이관: 합계,,,,
2025-11-19_다올투자증권_산업,2025-11-19,다올투자증권,inbox/다올투자증권_전자장비와기기_AI가 쏘아올린 ESS 시장의 개화와 한국의 배터리_20251119.pdf,demand_forecasts,44,글로벌,합계,판매대수,2027,94082,,천대,글로벌 자동차 총 판매대수 전망,28,EV·ESS 외 application: 합계 | 판매대수는 EV만 자동 이관: 합계,,,,
2025-11-19_다올투자증권_산업,2025-11-19,다올투자증권,inbox/다올투자증권_전자장비와기기_AI가 쏘아올린 ESS 시장의 개화와 한국의 배터리_20251119.pdf,demand_forecasts,45,글로벌,합계,판매대수,2028,96999,,천대,글로벌 자동차 총 판매대수 전망,28,EV·ESS 외 application: 합계 | 판매대수는 EV만 자동 이관: 합계,,,,
2025-11-19_다올투자증권_산업,2025-11-19,다올투자증권,inbox/다올투자증권_전자장비와기기_AI가 쏘아올린 ESS 시장의 개화와 한국의 배터리_20251119.pdf,demand_forecasts,46,유럽,EV,실적치,2020,719,,천대,유럽 BEV 판매대수,28,실적치는 원문 지표 재확인 필요,,,,
2025-11-19_다올투자증권_산업,2025-11-19,다올투자증권,inbox/다올투자증권_전자장비와기기_AI가 쏘아올린 ESS 시장의 개화와 한국의 배터리_20251119.pdf,demand_forecasts,47,유럽,EV,실적치,2021,1188,,천대,유럽 BEV 판매대수,28,실적치는 원문 지표 재확인 필요,,,,
2025-11-19_다올투자증권_산업,2025-11-19,다올투자증권,inbox/다올투자증권_전자장비와기기_AI가 쏘아올린 ESS 시장의 개화와 한국의 배터리_20251119.pdf,demand_forecasts,48,유럽,EV,실적치,2022,1556,,천대,유럽 BEV 판매대수,28,실적치는 원문 지표 재확인 필요,,,,
2025-11-19_다올투자증권_산업,2025-11-19,다올투자증권,inbox/다올투자증권_전자장비와기기_AI가 쏘아올린 ESS 시장의 개화와 한국의 배터리_20251119.pdf,demand_forecasts,49,유럽,EV,실적치,2023,2022,,천대,유럽 BEV 판매대수,28,실적치는 원문 지표 재확인 필요,,,,
2025-11-19_다올투자증권_산업,2025-11-19,다올투자증권,inbox/다올투자증권_전자장비와기기_AI가 쏘아올린 ESS 시장의 개화와 한국의 배터리_20251119.pdf,demand_forecasts,50,유럽,EV,실적치,2024,2007,,천대,유럽 BEV 판매대수,28,실적치는 원문 지표 재확인 필요,,,,
2025-11-19_다올투자증권_산업,2025-11-19,다올투자증권,inbox/다올투자증권_전자장비와기기_AI가 쏘아올린 ESS 시장의 개화와 한국의 배터리_20251119.pdf,demand_forecasts,55,중국,EV,실적치,2020,995,,천대,중국 BEV 판매대수,28,실적치는 원문 지표 재확인 필요,,,,
2025-11-19_다올투자증권_산업,2025-11-19,다올투자증권,inbox/다올투자증권_전자장비와기기_AI가 쏘아올린 ESS 시장의 개화와 한국의 배터리_20251119.pdf,demand_forecasts,56,중국,EV,실적치,2021,2724,,천대,중국 BEV 판매대수,28,실적치는 원문 지표 재확인 필요,,,,
2025-11-19_다올투자증권_산업,2025-11-19,다올투자증권,inbox/다올투자증권_전자장비와기기_AI가 쏘아올린 ESS 시장의 개화와 한국의 배터리_20251119.pdf,demand_forecasts,57,중국,EV,실적치,2022,5029,,천대,중국 BEV 판매대수,28,실적치는 원문 지표 재확인 필요,,,,
2025-11-19_다올투자증권_산업,2025-11-19,다올투자증권,inbox/다올투자증권_전자장비와기기_AI가 쏘아올린 ESS 시장의 개화와 한국의 배터리_20251119.pdf,demand_forecasts,58,중국,EV,실적치,2023,6238,,천대,중국 BEV 판매대수,28,실적치는 원문 지표 재확인 필요,,,,
2025-11-19_다올투자증권_산업,2025-11-19,다올투자증권,inbox/다올투자증권_전자장비와기기_AI가 쏘아올린 ESS 시장의 개화와 한국의 배터리_20251119.pdf,demand_forecasts,59,중국,EV,실적치,2024,7109,,천대,중국 BEV 판매대수,28,실적치는 원문 지표 재확인 필요,,,,
2025-11-19_다올투자증권_산업,2025-11-19,다올투자증권,inbox/다올투자증권_전자장비와기기_AI가 쏘아올린 ESS 시장의 개화와 한국의 배터리_20251119.pdf,demand_forecasts,64,북미,EV,실적치,2020,260,,천대,미국 BEV 판매대수,28,실적치는 원문 지표 재확인 필요,,,,
2025-11-19_다올투자증권_산업,2025-11-19,다올투자증권,inbox/다올투자증권_전자장비와기기_AI가 쏘아올린 ESS 시장의 개화와 한국의 배터리_20251119.pdf,demand_forecasts,65,북미,EV,실적치,2021,490,,천대,미국 BEV 판매대수,28,실적치는 원문 지표 재확인 필요,,,,
2025-11-19_다올투자증권_산업,2025-11-19,다올투자증권,inbox/다올투자증권_전자장비와기기_AI가 쏘아올린 ESS 시장의 개화와 한국의 배터리_20251119.pdf,demand_forecasts,66,북미,EV,실적치,2022,812,,천대,미국 BEV 판매대수,28,실적치는 원문 지표 재확인 필요,,,,
2025-11-19_다올투자증권_산업,2025-11-19,다올투자증권,inbox/다올투자증권_전자장비와기기_AI가 쏘아올린 ESS 시장의 개화와 한국의 배터리_20251119.pdf,demand_forecasts,67,북미,EV,실적치,2023,1194,,천대,미국 BEV 판매대수,28,실적치는 원문 지표 재확인 필요,,,,
2025-11-19_다올투자증권_산업,2025-11-19,다올투자증권,inbox/다올투자증권_전자장비와기기_AI가 쏘아올린 ESS 시장의 개화와 한국의 배터리_20251119.pdf,demand_forecasts,68,북미,EV,실적치,2024,1254,,천대,미국 BEV 판매대수,28,실적치는 원문 지표 재확인 필요,,,,
2025-11-19_다올투자증권_산업,2025-11-19,다올투자증권,inbox/다올투자증권_전자장비와기기_AI가 쏘아올린 ESS 시장의 개화와 한국의 배터리_20251119.pdf,demand_forecasts,73,한국,EV,실적치,2020,44,,천대,한국 BEV 판매대수,28,실적치는 원문 지표 재확인 필요,,,,
2025-11-19_다올투자증권_산업,2025-11-19,다올투자증권,inbox/다올투자증권_전자장비와기기_AI가 쏘아올린 ESS 시장의 개화와 한국의 배터리_20251119.pdf,demand_forecasts,74,한국,EV,실적치,2021,97,,천대,한국 BEV 판매대수,28,실적치는 원문 지표 재확인 필요,,,,
2025-11-19_다올투자증권_산업,2025-11-19,다올투자증권,inbox/다올투자증권_전자장비와기기_AI가 쏘아올린 ESS 시장의 개화와 한국의 배터리_20251119.pdf,demand_forecasts,75,한국,EV,실적치,2022,144,,천대,한국 BEV 판매대수,28,실적치는 원문 지표 재확인 필요,,,,
2025-11-19_다올투자증권_산업,2025-11-19,다올투자증권,inbox/다올투자증권_전자장비와기기_AI가 쏘아올린 ESS 시장의 개화와 한국의 배터리_20251119.pdf,demand_forecasts,76,한국,EV,실적치,2023,139,,천대,한국 BEV 판매대수,28,실적치는 원문 지표 재확인 필요,,,,
2025-11-19_다올투자증권_산업,2025-11-19,다올투자증권,inbox/다올투자증권_전자장비와기기_AI가 쏘아올린 ESS 시장의 개화와 한국의 배터리_20251119.pdf,demand_forecasts,77,한국,EV,실적치,2024,143,,천대,한국 BEV 판매대수,28,실적치는 원문 지표 재확인 필요,,,,
2025-11-19_다올투자증권_산업,2025-11-19,다올투자증권,inbox/다올투자증권_전자장비와기기_AI가 쏘아올린 ESS 시장의 개화와 한국의 배터리_20251119.pdf,demand_forecasts,82,기타,EV,실적치,2020,26,,천대,ROW BEV 판매대수,28,실적치는 원문 지표 재확인 필요,,,,
2025-11-19_다올투자증권_산업,2025-11-19,다올투자증권,inbox/다올투자증권_전자장비와기기_AI가 쏘아올린 ESS 시장의 개화와 한국의 배터리_20251119.pdf,demand_forecasts,83,기타,EV,실적치,2021,64,,천대,ROW BEV 판매대수,28,실적치는 원문 지표 재확인 필요,,,,
2025-11-19_다올투자증권_산업,2025-11-19,다올투자증권,inbox/다올투자증권_전자장비와기기_AI가 쏘아올린 ESS 시장의 개화와 한국의 배터리_20251119.pdf,demand_forecasts,84,기타,EV,실적치,2022,234,,천대,ROW BEV 판매대수,28,실적치는 원문 지표 재확인 필요,,,,
2025-11-19_다올투자증권_산업,2025-11-19,다올투자증권,inbox/다올투자증권_전자장비와기기_AI가 쏘아올린 ESS 시장의 개화와 한국의 배터리_20251119.pdf,demand_forecasts,85,기타,EV,실적치,2023,569,,천대,ROW BEV 판매대수,28,실적치는 원문 지표 재확인 필요,,,,
2025-11-19_다올투자증권_산업,2025-11-19,다올투자증권,inbox/다올투자증권_전자장비와기기_AI가 쏘아올린 ESS 시장의 개화와 한국의 배터리_20251119.pdf,demand_forecasts,86,기타,EV,실적치,2024,600,,천대,ROW BEV 판매대수,28,실적치는 원문 지표 재확인 필요,,,,
2025-11-19_다올투자증권_산업,2025-11-19,다올투자증권,inbox/다올투자증권_전자장비와기기_AI가 쏘아올린 ESS 시장의 개화와 한국의 배터리_20251119.pdf,demand_forecasts,109,글로벌,EV,실적치,2018,75,,GWh,글로벌 전기차용 배터리 시장 규모(TAM),19,실적치는 원문 지표 재확인 필요,,,,
2025-11-19_다올투자증권_산업,2025-11-19,다올투자증권,inbox/다올투자증권_전자장비와기기_AI가 쏘아올린 ESS 시장의 개화와 한국의 배터리_20251119.pdf,demand_forecasts,110,글로벌,EV,실적치,2019,101,,GWh,글로벌 전기차용 배터리 시장 규모(TAM),19,실적치는 원문 지표 재확인 필요,,,,
2025-11-19_다올투자증권_산업,2025-11-19,다올투자증권,inbox/다올투자증권_전자장비와기기_AI가 쏘아올린 ESS 시장의 개화와 한국의 배터리_20251119.pdf,demand_forecasts,111,글로벌,EV,실적치,2020,139,,GWh,글로벌 전기차용 배터리 시장 규모(TAM),19,실적치는 원문 지표 재확인 필요,,,,
2025-11-19_다올투자증권_산업,2025-11-19,다올투자증권,inbox/다올투자증권_전자장비와기기_AI가 쏘아올린 ESS 시장의 개화와 한국의 배터리_20251119.pdf,demand_forecasts,112,글로벌,EV,실적치,2021,296,,GWh,글로벌 전기차용 배터리 시장 규모(TAM),19,실적치는 원문 지표 재확인 필요,,,,
2025-11-19_다올투자증권_산업,2025-11-19,다올투자증권,inbox/다올투자증권_전자장비와기기_AI가 쏘아올린 ESS 시장의 개화와 한국의 배터리_20251119.pdf,demand_forecasts,113,글로벌,EV,실적치,2022,511,,GWh,글로벌 전기차용 배터리 시장 규모(TAM),19,실적치는 원문 지표 재확인 필요,,,,
2025-11-19_다올투자증권_산업,2025-11-19,다올투자증권,inbox/다올투자증권_전자장비와기기_AI가 쏘아올린 ESS 시장의 개화와 한국의 배터리_20251119.pdf,demand_forecasts,114,글로벌,EV,실적치,2023,716,,GWh,글로벌 전기차용 배터리 시장 규모(TAM),19,실적치는 원문 지표 재확인 필요,,,,
2025-11-19_다올투자증권_산업,2025-11-19,다올투자증권,inbox/다올투자증권_전자장비와기기_AI가 쏘아올린 ESS 시장의 개화와 한국의 배터리_20251119.pdf,demand_forecasts,115,글로벌,EV,실적치,2024,868,,GWh,글로벌 전기차용 배터리 시장 규모(TAM),19,실적치는 원문 지표 재확인 필요,,,,
2025-11-19_다올투자증권_산업,2025-11-19,다올투자증권,inbox/다올투자증권_전자장비와기기_AI가 쏘아올린 ESS 시장의 개화와 한국의 배터리_20251119.pdf,demand_forecasts,120,글로벌,ESS,실적치,2023,227,,GWh,글로벌 ESS용 배터리 시장 규모(설치량 기준),19,실적치는 원문 지표 재확인 필요,,,,
2025-11-19_다올투자증권_산업,2025-11-19,다올투자증권,inbox/다올투자증권_전자장비와기기_AI가 쏘아올린 ESS 시장의 개화와 한국의 배터리_20251119.pdf,demand_forecasts,121,글로벌,ESS,실적치,2024,340,,GWh,글로벌 ESS용 배터리 시장 규모,19,실적치는 원문 지표 재확인 필요,,,,
2025-11-19_다올투자증권_산업,2025-11-19,다올투자증권,inbox/다올투자증권_전자장비와기기_AI가 쏘아올린 ESS 시장의 개화와 한국의 배터리_20251119.pdf,demand_forecasts,131,북미,ESS,실적치,2024,82.1,,GWh,미국 ESS 설치량(피크구간 반영),10,실적치는 원문 지표 재확인 필요,,,,
2025-11-19_다올투자증권_산업,2025-11-19,다올투자증권,inbox/다올투자증권_전자장비와기기_AI가 쏘아올린 ESS 시장의 개화와 한국의 배터리_20251119.pdf,demand_forecasts,133,중국,ESS,실적치,2024,215.5,,GWh,중국 ESS 설치량,10,실적치는 원문 지표 재확인 필요,,,,
2025-11-19_다올투자증권_산업,2025-11-19,다올투자증권,inbox/다올투자증권_전자장비와기기_AI가 쏘아올린 ESS 시장의 개화와 한국의 배터리_20251119.pdf,demand_forecasts,135,한국,ESS,실적치,2024,1.1,,GWh,대한민국 ESS 설치량,10,실적치는 원문 지표 재확인 필요,,,,
2025-11-19_다올투자증권_산업,2025-11-19,다올투자증권,inbox/다올투자증권_전자장비와기기_AI가 쏘아올린 ESS 시장의 개화와 한국의 배터리_20251119.pdf,demand_forecasts,137,기타,ESS,실적치,2024,329.1,,GWh,글로벌(20개국) ESS 설치량 합계,10,실적치는 원문 지표 재확인 필요,,,,
2025-11-19_다올투자증권_산업,2025-11-19,다올투자증권,inbox/다올투자증권_전자장비와기기_AI가 쏘아올린 ESS 시장의 개화와 한국의 배터리_20251119.pdf,demand_forecasts,139,한국,ESS,판매대수,2025,9,,GWh,LG에너지솔루션 ESS용 배터리 출하량(AMPC 대상 캐파 기준 추정),18,지원하지 않는 지표·단위 조합: 판매대수/GWh,,,,
2025-11-19_다올투자증권_산업,2025-11-19,다올투자증권,inbox/다올투자증권_전자장비와기기_AI가 쏘아올린 ESS 시장의 개화와 한국의 배터리_20251119.pdf,demand_forecasts,140,한국,ESS,판매대수,2026,19,,GWh,LG에너지솔루션 ESS용 배터리 출하량 전망,18,지원하지 않는 지표·단위 조합: 판매대수/GWh,,,,
2025-11-19_다올투자증권_산업,2025-11-19,다올투자증권,inbox/다올투자증권_전자장비와기기_AI가 쏘아올린 ESS 시장의 개화와 한국의 배터리_20251119.pdf,demand_forecasts,141,한국,ESS,판매대수,2027,41,,GWh,LG에너지솔루션 ESS용 배터리 출하량 전망,18,지원하지 않는 지표·단위 조합: 판매대수/GWh,,,,
2025-11-19_다올투자증권_산업,2025-11-19,다올투자증권,inbox/다올투자증권_전자장비와기기_AI가 쏘아올린 ESS 시장의 개화와 한국의 배터리_20251119.pdf,demand_forecasts,142,한국,ESS,판매대수,2028,54,,GWh,LG에너지솔루션 ESS용 배터리 출하량 전망,18,지원하지 않는 지표·단위 조합: 판매대수/GWh,,,,
2025-11-19_다올투자증권_산업,2025-11-19,다올투자증권,inbox/다올투자증권_전자장비와기기_AI가 쏘아올린 ESS 시장의 개화와 한국의 배터리_20251119.pdf,demand_forecasts,143,한국,ESS,판매대수,2029,56,,GWh,LG에너지솔루션 ESS용 배터리 출하량 전망,18,지원하지 않는 지표·단위 조합: 판매대수/GWh,,,,
2025-11-19_다올투자증권_산업,2025-11-19,다올투자증권,inbox/다올투자증권_전자장비와기기_AI가 쏘아올린 ESS 시장의 개화와 한국의 배터리_20251119.pdf,demand_forecasts,144,한국,ESS,판매대수,2030,58,,GWh,LG에너지솔루션 ESS용 배터리 출하량 전망,18,지원하지 않는 지표·단위 조합: 판매대수/GWh,,,,
2025-11-19_다올투자증권_산업,2025-11-19,다올투자증권,inbox/다올투자증권_전자장비와기기_AI가 쏘아올린 ESS 시장의 개화와 한국의 배터리_20251119.pdf,demand_forecasts,145,한국,ESS,판매대수,2031,60,,GWh,LG에너지솔루션 ESS용 배터리 출하량 전망,18,지원하지 않는 지표·단위 조합: 판매대수/GWh,,,,
2025-11-19_다올투자증권_산업,2025-11-19,다올투자증권,inbox/다올투자증권_전자장비와기기_AI가 쏘아올린 ESS 시장의 개화와 한국의 배터리_20251119.pdf,demand_forecasts,146,한국,ESS,판매대수,2032,60,,GWh,LG에너지솔루션 ESS용 배터리 출하량 전망,18,지원하지 않는 지표·단위 조합: 판매대수/GWh,,,,
2025-11-19_다올투자증권_산업,2025-11-19,다올투자증권,inbox/다올투자증권_전자장비와기기_AI가 쏘아올린 ESS 시장의 개화와 한국의 배터리_20251119.pdf,demand_forecasts,147,한국,EV,판매대수,2025,22,,GWh,LG에너지솔루션 EV용 배터리 출하량(AMPC 대상 캐파 기준 추정),18,지원하지 않는 지표·단위 조합: 판매대수/GWh,,,,
2025-11-19_다올투자증권_산업,2025-11-19,다올투자증권,inbox/다올투자증권_전자장비와기기_AI가 쏘아올린 ESS 시장의 개화와 한국의 배터리_20251119.pdf,demand_forecasts,148,한국,EV,판매대수,2026,41,,GWh,LG에너지솔루션 EV용 배터리 출하량 전망,18,지원하지 않는 지표·단위 조합: 판매대수/GWh,,,,
2025-11-19_다올투자증권_산업,2025-11-19,다올투자증권,inbox/다올투자증권_전자장비와기기_AI가 쏘아올린 ESS 시장의 개화와 한국의 배터리_20251119.pdf,demand_forecasts,149,한국,EV,판매대수,2027,85,,GWh,LG에너지솔루션 EV용 배터리 출하량 전망,18,지원하지 않는 지표·단위 조합: 판매대수/GWh,,,,
2025-11-19_다올투자증권_산업,2025-11-19,다올투자증권,inbox/다올투자증권_전자장비와기기_AI가 쏘아올린 ESS 시장의 개화와 한국의 배터리_20251119.pdf,demand_forecasts,150,한국,EV,판매대수,2028,141,,GWh,LG에너지솔루션 EV용 배터리 출하량 전망,18,지원하지 않는 지표·단위 조합: 판매대수/GWh,,,,
2025-11-19_다올투자증권_산업,2025-11-19,다올투자증권,inbox/다올투자증권_전자장비와기기_AI가 쏘아올린 ESS 시장의 개화와 한국의 배터리_20251119.pdf,demand_forecasts,151,한국,EV,판매대수,2029,169,,GWh,LG에너지솔루션 EV용 배터리 출하량 전망,18,지원하지 않는 지표·단위 조합: 판매대수/GWh,,,,
2025-11-19_다올투자증권_산업,2025-11-19,다올투자증권,inbox/다올투자증권_전자장비와기기_AI가 쏘아올린 ESS 시장의 개화와 한국의 배터리_20251119.pdf,demand_forecasts,152,한국,EV,판매대수,2030,177,,GWh,LG에너지솔루션 EV용 배터리 출하량 전망,18,지원하지 않는 지표·단위 조합: 판매대수/GWh,,,,
2025-11-19_다올투자증권_산업,2025-11-19,다올투자증권,inbox/다올투자증권_전자장비와기기_AI가 쏘아올린 ESS 시장의 개화와 한국의 배터리_20251119.pdf,demand_forecasts,153,한국,EV,판매대수,2031,182,,GWh,LG에너지솔루션 EV용 배터리 출하량 전망,18,지원하지 않는 지표·단위 조합: 판매대수/GWh,,,,
2025-11-19_다올투자증권_산업,2025-11-19,다올투자증권,inbox/다올투자증권_전자장비와기기_AI가 쏘아올린 ESS 시장의 개화와 한국의 배터리_20251119.pdf,demand_forecasts,154,한국,EV,판매대수,2032,187,,GWh,LG에너지솔루션 EV용 배터리 출하량 전망,18,지원하지 않는 지표·단위 조합: 판매대수/GWh,,,,
2025-11-24_SK증권_산업,2025-11-24,SK증권,inbox/SK증권_전자제품_[2026년 연간전망] ESS 배터리의 빛과 그림자_20251124.pdf,demand_forecasts,1,글로벌,합계,실적치,2023,920,,GWh,글로벌 배터리 시장규모,3,EV·ESS 외 application: 합계 | 실적치는 원문 지표 재확인 필요,,,,
2025-11-24_SK증권_산업,2025-11-24,SK증권,inbox/SK증권_전자제품_[2026년 연간전망] ESS 배터리의 빛과 그림자_20251124.pdf,demand_forecasts,2,글로벌,합계,실적치,2024,1122,,GWh,글로벌 배터리 시장규모,3,EV·ESS 외 application: 합계 | 실적치는 원문 지표 재확인 필요,,,,
2025-11-24_SK증권_산업,2025-11-24,SK증권,inbox/SK증권_전자제품_[2026년 연간전망] ESS 배터리의 빛과 그림자_20251124.pdf,demand_forecasts,3,글로벌,합계,수요량,2025,1363,,GWh,글로벌 배터리 시장규모(F),3,EV·ESS 외 application: 합계,,,,
2025-11-24_SK증권_산업,2025-11-24,SK증권,inbox/SK증권_전자제품_[2026년 연간전망] ESS 배터리의 빛과 그림자_20251124.pdf,demand_forecasts,4,글로벌,합계,수요량,2026,1569,,GWh,글로벌 배터리 시장규모(F),3,EV·ESS 외 application: 합계,,,,
2025-11-24_SK증권_산업,2025-11-24,SK증권,inbox/SK증권_전자제품_[2026년 연간전망] ESS 배터리의 빛과 그림자_20251124.pdf,demand_forecasts,5,글로벌,합계,수요량,2027,1799,,GWh,글로벌 배터리 시장규모(F),3,EV·ESS 외 application: 합계,,,,
2025-11-24_SK증권_산업,2025-11-24,SK증권,inbox/SK증권_전자제품_[2026년 연간전망] ESS 배터리의 빛과 그림자_20251124.pdf,demand_forecasts,6,글로벌,합계,수요량,2028,2063,,GWh,글로벌 배터리 시장규모(F),3,EV·ESS 외 application: 합계,,,,
2025-11-24_SK증권_산업,2025-11-24,SK증권,inbox/SK증권_전자제품_[2026년 연간전망] ESS 배터리의 빛과 그림자_20251124.pdf,demand_forecasts,7,글로벌,합계,수요량,2029,2382,,GWh,글로벌 배터리 시장규모(F),3,EV·ESS 외 application: 합계,,,,
2025-11-24_SK증권_산업,2025-11-24,SK증권,inbox/SK증권_전자제품_[2026년 연간전망] ESS 배터리의 빛과 그림자_20251124.pdf,demand_forecasts,8,글로벌,합계,수요량,2030,2771,,GWh,글로벌 배터리 시장규모(F),3,EV·ESS 외 application: 합계,,,,
2025-11-24_SK증권_산업,2025-11-24,SK증권,inbox/SK증권_전자제품_[2026년 연간전망] ESS 배터리의 빛과 그림자_20251124.pdf,demand_forecasts,9,글로벌,EV,실적치,2023,750,,GWh,"EV 배터리, 글로벌",3,실적치는 원문 지표 재확인 필요,,,,
2025-11-24_SK증권_산업,2025-11-24,SK증권,inbox/SK증권_전자제품_[2026년 연간전망] ESS 배터리의 빛과 그림자_20251124.pdf,demand_forecasts,10,글로벌,EV,실적치,2024,892,,GWh,"EV 배터리, 글로벌",3,실적치는 원문 지표 재확인 필요,,,,
2025-11-24_SK증권_산업,2025-11-24,SK증권,inbox/SK증권_전자제품_[2026년 연간전망] ESS 배터리의 빛과 그림자_20251124.pdf,demand_forecasts,17,글로벌,ESS,실적치,2023,170,,GWh,"ESS 배터리, 글로벌",3,실적치는 원문 지표 재확인 필요,,,,
2025-11-24_SK증권_산업,2025-11-24,SK증권,inbox/SK증권_전자제품_[2026년 연간전망] ESS 배터리의 빛과 그림자_20251124.pdf,demand_forecasts,18,글로벌,ESS,실적치,2024,230,,GWh,"ESS 배터리, 글로벌",3,실적치는 원문 지표 재확인 필요,,,,
2025-11-24_SK증권_산업,2025-11-24,SK증권,inbox/SK증권_전자제품_[2026년 연간전망] ESS 배터리의 빛과 그림자_20251124.pdf,demand_forecasts,25,북미,ESS,실적치,2023,15,,GWh,"ESS 배터리, 미국",3,실적치는 원문 지표 재확인 필요,,,,
2025-11-24_SK증권_산업,2025-11-24,SK증권,inbox/SK증권_전자제품_[2026년 연간전망] ESS 배터리의 빛과 그림자_20251124.pdf,demand_forecasts,26,북미,ESS,실적치,2024,37,,GWh,"ESS 배터리, 미국",3,실적치는 원문 지표 재확인 필요,,,,
2025-11-24_SK증권_산업,2025-11-24,SK증권,inbox/SK증권_전자제품_[2026년 연간전망] ESS 배터리의 빛과 그림자_20251124.pdf,demand_forecasts,33,글로벌,합계,성장률,2023,43,,%,"배터리 시장 성장률(YoY), 글로벌",14,EV·ESS 외 application: 합계,,,,
2025-11-24_SK증권_산업,2025-11-24,SK증권,inbox/SK증권_전자제품_[2026년 연간전망] ESS 배터리의 빛과 그림자_20251124.pdf,demand_forecasts,34,글로벌,합계,성장률,2024,22,,%,"배터리 시장 성장률(YoY), 글로벌",14,EV·ESS 외 application: 합계,,,,
2025-11-24_SK증권_산업,2025-11-24,SK증권,inbox/SK증권_전자제품_[2026년 연간전망] ESS 배터리의 빛과 그림자_20251124.pdf,demand_forecasts,35,글로벌,합계,성장률,2025,21,,%,"배터리 시장 성장률(YoY), 글로벌",14,EV·ESS 외 application: 합계,,,,
2025-11-24_SK증권_산업,2025-11-24,SK증권,inbox/SK증권_전자제품_[2026년 연간전망] ESS 배터리의 빛과 그림자_20251124.pdf,demand_forecasts,36,글로벌,합계,성장률,2026,15,,%,"배터리 시장 성장률(YoY), 글로벌",14,EV·ESS 외 application: 합계,,,,
2025-11-24_SK증권_산업,2025-11-24,SK증권,inbox/SK증권_전자제품_[2026년 연간전망] ESS 배터리의 빛과 그림자_20251124.pdf,demand_forecasts,37,글로벌,합계,성장률,2027,15,,%,"배터리 시장 성장률(YoY), 글로벌",14,EV·ESS 외 application: 합계,,,,
2025-11-24_SK증권_산업,2025-11-24,SK증권,inbox/SK증권_전자제품_[2026년 연간전망] ESS 배터리의 빛과 그림자_20251124.pdf,demand_forecasts,38,글로벌,합계,성장률,2028,15,,%,"배터리 시장 성장률(YoY), 글로벌",14,EV·ESS 외 application: 합계,,,,
2025-11-24_SK증권_산업,2025-11-24,SK증권,inbox/SK증권_전자제품_[2026년 연간전망] ESS 배터리의 빛과 그림자_20251124.pdf,demand_forecasts,39,글로벌,합계,성장률,2029,16,,%,"배터리 시장 성장률(YoY), 글로벌",14,EV·ESS 외 application: 합계,,,,
2025-11-24_SK증권_산업,2025-11-24,SK증권,inbox/SK증권_전자제품_[2026년 연간전망] ESS 배터리의 빛과 그림자_20251124.pdf,demand_forecasts,40,글로벌,합계,성장률,2030,16,,%,"배터리 시장 성장률(YoY), 글로벌",14,EV·ESS 외 application: 합계,,,,
2025-11-24_유진투자증권_산업,2025-11-24,유진투자증권,inbox/유진투자증권_전자장비와기기_2026 연간전망 2026년 희망의 K배터리 밸류체인_20251124.pdf,demand_forecasts,1,글로벌,ESS,실적치,2024,199,,GWh,2024년 실적치,8,실적치는 원문 지표 재확인 필요,,,,
2025-11-24_유진투자증권_산업,2025-11-24,유진투자증권,inbox/유진투자증권_전자장비와기기_2026 연간전망 2026년 희망의 K배터리 밸류체인_20251124.pdf,demand_forecasts,8,미국,ESS,실적치,2024,37.1,,GWh,미국 연도별 BESS 신규 설치용량 전망,8,실적치는 원문 지표 재확인 필요,,,,
2025-11-24_유진투자증권_산업,2025-11-24,유진투자증권,inbox/유진투자증권_전자장비와기기_2026 연간전망 2026년 희망의 K배터리 밸류체인_20251124.pdf,demand_forecasts,15,유럽,ESS,실적치,2024,21.9,,GWh,유럽 연도별 BESS 신규 설치용량 전망,8,실적치는 원문 지표 재확인 필요,,,,
2025-11-24_유진투자증권_산업,2025-11-24,유진투자증권,inbox/유진투자증권_전자장비와기기_2026 연간전망 2026년 희망의 K배터리 밸류체인_20251124.pdf,demand_forecasts,53,북미,EV,실적치,2022,1042,,천대,북미 전기차 판매량(미국+캐나다),43,실적치는 원문 지표 재확인 필요,,,,
2025-11-24_유진투자증권_산업,2025-11-24,유진투자증권,inbox/유진투자증권_전자장비와기기_2026 연간전망 2026년 희망의 K배터리 밸류체인_20251124.pdf,demand_forecasts,54,북미,EV,실적치,2023,1621,,천대,북미 전기차 판매량(미국+캐나다),43,실적치는 원문 지표 재확인 필요,,,,
2025-11-24_유진투자증권_산업,2025-11-24,유진투자증권,inbox/유진투자증권_전자장비와기기_2026 연간전망 2026년 희망의 K배터리 밸류체인_20251124.pdf,demand_forecasts,55,북미,EV,실적치,2024,1808,,천대,북미 전기차 판매량(미국+캐나다),43,실적치는 원문 지표 재확인 필요,,,,
2025-11-24_유진투자증권_산업,2025-11-24,유진투자증권,inbox/유진투자증권_전자장비와기기_2026 연간전망 2026년 희망의 K배터리 밸류체인_20251124.pdf,demand_forecasts,62,미국,EV,실적치,2022,918,,천대,미국 전기차 판매량,43,실적치는 원문 지표 재확인 필요,,,,
2025-11-24_유진투자증권_산업,2025-11-24,유진투자증권,inbox/유진투자증권_전자장비와기기_2026 연간전망 2026년 희망의 K배터리 밸류체인_20251124.pdf,demand_forecasts,63,미국,EV,실적치,2023,1436,,천대,미국 전기차 판매량,43,실적치는 원문 지표 재확인 필요,,,,
2025-11-24_유진투자증권_산업,2025-11-24,유진투자증권,inbox/유진투자증권_전자장비와기기_2026 연간전망 2026년 희망의 K배터리 밸류체인_20251124.pdf,demand_forecasts,64,미국,EV,실적치,2024,1570,,천대,미국 전기차 판매량,43,실적치는 원문 지표 재확인 필요,,,,
2025-11-24_유진투자증권_산업,2025-11-24,유진투자증권,inbox/유진투자증권_전자장비와기기_2026 연간전망 2026년 희망의 K배터리 밸류체인_20251124.pdf,demand_forecasts,89,북미,EV,실적치,2022,124,,천대,캐나다 전기차 판매량,43,실적치는 원문 지표 재확인 필요,,,,
2025-11-24_유진투자증권_산업,2025-11-24,유진투자증권,inbox/유진투자증권_전자장비와기기_2026 연간전망 2026년 희망의 K배터리 밸류체인_20251124.pdf,demand_forecasts,90,북미,EV,실적치,2023,185,,천대,캐나다 전기차 판매량,43,실적치는 원문 지표 재확인 필요,,,,
2025-11-24_유진투자증권_산업,2025-11-24,유진투자증권,inbox/유진투자증권_전자장비와기기_2026 연간전망 2026년 희망의 K배터리 밸류체인_20251124.pdf,demand_forecasts,91,북미,EV,실적치,2024,238,,천대,캐나다 전기차 판매량,43,실적치는 원문 지표 재확인 필요,,,,
2025-11-24_유진투자증권_산업,2025-11-24,유진투자증권,inbox/유진투자증권_전자장비와기기_2026 연간전망 2026년 희망의 K배터리 밸류체인_20251124.pdf,demand_forecasts,98,기타,EV,실적치,2022,6234,,천대,"아시아,대양주 전기차 판매량 합계(중국+일본+기타아시아)",43,실적치는 원문 지표 재확인 필요,,,,
2025-11-24_유진투자증권_산업,2025-11-24,유진투자증권,inbox/유진투자증권_전자장비와기기_2026 연간전망 2026년 희망의 K배터리 밸류체인_20251124.pdf,demand_forecasts,99,기타,EV,실적치,2023,8497,,천대,"아시아,대양주 전기차 판매량 합계(중국+일본+기타아시아)",43,실적치는 원문 지표 재확인 필요,,,,
2025-11-24_유진투자증권_산업,2025-11-24,유진투자증권,inbox/유진투자증권_전자장비와기기_2026 연간전망 2026년 희망의 K배터리 밸류체인_20251124.pdf,demand_forecasts,100,기타,EV,실적치,2024,11558,,천대,"아시아,대양주 전기차 판매량 합계(중국+일본+기타아시아)",43,실적치는 원문 지표 재확인 필요,,,,
2025-11-24_유진투자증권_산업,2025-11-24,유진투자증권,inbox/유진투자증권_전자장비와기기_2026 연간전망 2026년 희망의 K배터리 밸류체인_20251124.pdf,demand_forecasts,107,중국,EV,실적치,2022,5924,,천대,중국 전기차 판매량,43,실적치는 원문 지표 재확인 필요,,,,
2025-11-24_유진투자증권_산업,2025-11-24,유진투자증권,inbox/유진투자증권_전자장비와기기_2026 연간전망 2026년 희망의 K배터리 밸류체인_20251124.pdf,demand_forecasts,108,중국,EV,실적치,2023,8095,,천대,중국 전기차 판매량,43,실적치는 원문 지표 재확인 필요,,,,
2025-11-24_유진투자증권_산업,2025-11-24,유진투자증권,inbox/유진투자증권_전자장비와기기_2026 연간전망 2026년 희망의 K배터리 밸류체인_20251124.pdf,demand_forecasts,109,중국,EV,실적치,2024,11156,,천대,중국 전기차 판매량,43,실적치는 원문 지표 재확인 필요,,,,
2025-11-24_유진투자증권_산업,2025-11-24,유진투자증권,inbox/유진투자증권_전자장비와기기_2026 연간전망 2026년 희망의 K배터리 밸류체인_20251124.pdf,demand_forecasts,134,기타,EV,실적치,2022,59,,천대,일본 전기차 판매량,43,실적치는 원문 지표 재확인 필요,,,,
2025-11-24_유진투자증권_산업,2025-11-24,유진투자증권,inbox/유진투자증권_전자장비와기기_2026 연간전망 2026년 희망의 K배터리 밸류체인_20251124.pdf,demand_forecasts,135,기타,EV,실적치,2023,89,,천대,일본 전기차 판매량,43,실적치는 원문 지표 재확인 필요,,,,
2025-11-24_유진투자증권_산업,2025-11-24,유진투자증권,inbox/유진투자증권_전자장비와기기_2026 연간전망 2026년 희망의 K배터리 밸류체인_20251124.pdf,demand_forecasts,136,기타,EV,실적치,2024,60,,천대,일본 전기차 판매량,43,실적치는 원문 지표 재확인 필요,,,,
2025-11-24_유진투자증권_산업,2025-11-24,유진투자증권,inbox/유진투자증권_전자장비와기기_2026 연간전망 2026년 희망의 K배터리 밸류체인_20251124.pdf,demand_forecasts,161,기타,EV,실적치,2022,501,,천대,"기타 아시아 전기차 판매량 합계(중국,일본 제외)",43,실적치는 원문 지표 재확인 필요,,,,
2025-11-24_유진투자증권_산업,2025-11-24,유진투자증권,inbox/유진투자증권_전자장비와기기_2026 연간전망 2026년 희망의 K배터리 밸류체인_20251124.pdf,demand_forecasts,162,기타,EV,실적치,2023,628,,천대,"기타 아시아 전기차 판매량 합계(중국,일본 제외)",43,실적치는 원문 지표 재확인 필요,,,,
2025-11-24_유진투자증권_산업,2025-11-24,유진투자증권,inbox/유진투자증권_전자장비와기기_2026 연간전망 2026년 희망의 K배터리 밸류체인_20251124.pdf,demand_forecasts,163,기타,EV,실적치,2024,683,,천대,"기타 아시아 전기차 판매량 합계(중국,일본 제외)",43,실적치는 원문 지표 재확인 필요,,,,
2025-11-24_유진투자증권_산업,2025-11-24,유진투자증권,inbox/유진투자증권_전자장비와기기_2026 연간전망 2026년 희망의 K배터리 밸류체인_20251124.pdf,demand_forecasts,170,유럽,EV,실적치,2022,2602,,천대,유럽 전기차 판매량,43,실적치는 원문 지표 재확인 필요,,,,
2025-11-24_유진투자증권_산업,2025-11-24,유진투자증권,inbox/유진투자증권_전자장비와기기_2026 연간전망 2026년 희망의 K배터리 밸류체인_20251124.pdf,demand_forecasts,171,유럽,EV,실적치,2023,3010,,천대,유럽 전기차 판매량,43,실적치는 원문 지표 재확인 필요,,,,
2025-11-24_유진투자증권_산업,2025-11-24,유진투자증권,inbox/유진투자증권_전자장비와기기_2026 연간전망 2026년 희망의 K배터리 밸류체인_20251124.pdf,demand_forecasts,172,유럽,EV,실적치,2024,2945,,천대,유럽 전기차 판매량,43,실적치는 원문 지표 재확인 필요,,,,
2025-11-24_유진투자증권_산업,2025-11-24,유진투자증권,inbox/유진투자증권_전자장비와기기_2026 연간전망 2026년 희망의 K배터리 밸류체인_20251124.pdf,demand_forecasts,197,기타,EV,실적치,2022,213,,천대,"기타국가(북미,아시아,유럽 제외) 전기차 판매량",43,실적치는 원문 지표 재확인 필요,,,,
2025-11-24_유진투자증권_산업,2025-11-24,유진투자증권,inbox/유진투자증권_전자장비와기기_2026 연간전망 2026년 희망의 K배터리 밸류체인_20251124.pdf,demand_forecasts,198,기타,EV,실적치,2023,562,,천대,"기타국가(북미,아시아,유럽 제외) 전기차 판매량",43,실적치는 원문 지표 재확인 필요,,,,
2025-11-24_유진투자증권_산업,2025-11-24,유진투자증권,inbox/유진투자증권_전자장비와기기_2026 연간전망 2026년 희망의 K배터리 밸류체인_20251124.pdf,demand_forecasts,199,기타,EV,실적치,2024,1313,,천대,"기타국가(북미,아시아,유럽 제외) 전기차 판매량",43,실적치는 원문 지표 재확인 필요,,,,
2025-11-24_유진투자증권_산업,2025-11-24,유진투자증권,inbox/유진투자증권_전자장비와기기_2026 연간전망 2026년 희망의 K배터리 밸류체인_20251124.pdf,demand_forecasts,206,글로벌,EV,실적치,2022,10091,,천대,전세계 전기차 판매량,43,실적치는 원문 지표 재확인 필요,,,,
2025-11-24_유진투자증권_산업,2025-11-24,유진투자증권,inbox/유진투자증권_전자장비와기기_2026 연간전망 2026년 희망의 K배터리 밸류체인_20251124.pdf,demand_forecasts,207,글로벌,EV,실적치,2023,13689,,천대,전세계 전기차 판매량,43,실적치는 원문 지표 재확인 필요,,,,
2025-11-24_유진투자증권_산업,2025-11-24,유진투자증권,inbox/유진투자증권_전자장비와기기_2026 연간전망 2026년 희망의 K배터리 밸류체인_20251124.pdf,demand_forecasts,208,글로벌,EV,실적치,2024,17623,,천대,전세계 전기차 판매량,43,실적치는 원문 지표 재확인 필요,,,,
2025-11-24_유진투자증권_산업,2025-11-24,유진투자증권,inbox/유진투자증권_전자장비와기기_2026 연간전망 2026년 희망의 K배터리 밸류체인_20251124.pdf,demand_forecasts,233,유럽,EV,실적치,2024,573,,천대,독일 전기차 판매량,25,실적치는 원문 지표 재확인 필요,,,,
2025-11-24_유진투자증권_산업,2025-11-24,유진투자증권,inbox/유진투자증권_전자장비와기기_2026 연간전망 2026년 희망의 K배터리 밸류체인_20251124.pdf,demand_forecasts,239,유럽,EV,실적치,2024,437,,천대,프랑스 전기차 판매량,26,실적치는 원문 지표 재확인 필요,,,,
2025-11-24_유진투자증권_산업,2025-11-24,유진투자증권,inbox/유진투자증권_전자장비와기기_2026 연간전망 2026년 희망의 K배터리 밸류체인_20251124.pdf,demand_forecasts,245,유럽,EV,실적치,2024,549,,천대,영국 전기차 판매량,27,실적치는 원문 지표 재확인 필요,,,,
2025-11-24_유진투자증권_산업,2025-11-24,유진투자증권,inbox/유진투자증권_전자장비와기기_2026 연간전망 2026년 희망의 K배터리 밸류체인_20251124.pdf,demand_forecasts,251,유럽,EV,실적치,2024,118,,천대,이탈리아 전기차 판매량,28,실적치는 원문 지표 재확인 필요,,,,
2025-11-24_유진투자증권_산업,2025-11-24,유진투자증권,inbox/유진투자증권_전자장비와기기_2026 연간전망 2026년 희망의 K배터리 밸류체인_20251124.pdf,demand_forecasts,257,유럽,EV,실적치,2024,116,,천대,스페인 전기차 판매량,29,실적치는 원문 지표 재확인 필요,,,,
2026-03-16_하나증권_산업,2026-03-16,하나증권,inbox/하나증권_전자장비와기기_인터배터리가 투자자에게 주는 함의_20260316.pdf,demand_forecasts,1,글로벌,ESS,실적치,2024,399,,GWh,삼성SDI 연구소장 컨퍼런스 발표(글로벌 ESS 시장 규모),3,실적치는 원문 지표 재확인 필요,,,,
2026-03-16_하나증권_산업,2026-03-16,하나증권,inbox/하나증권_전자장비와기기_인터배터리가 투자자에게 주는 함의_20260316.pdf,demand_forecasts,3,글로벌,로봇,수요량,2025,0.03,,GWh,삼성SDI 연구소 발표 자료 기준,10,EV·ESS 외 application: 로봇,,,,
2026-03-16_하나증권_산업,2026-03-16,하나증권,inbox/하나증권_전자장비와기기_인터배터리가 투자자에게 주는 함의_20260316.pdf,demand_forecasts,4,글로벌,로봇,수요량,2030,1.4,,GWh,삼성SDI 연구소 발표 자료 기준,10,EV·ESS 외 application: 로봇,,,,
2026-03-16_하나증권_산업,2026-03-16,하나증권,inbox/하나증권_전자장비와기기_인터배터리가 투자자에게 주는 함의_20260316.pdf,demand_forecasts,5,글로벌,로봇,수요량,2040,138.3,,GWh,삼성SDI 연구소 발표 자료 기준,10,EV·ESS 외 application: 로봇,,,,
2026-03-16_하나증권_산업,2026-03-16,하나증권,inbox/하나증권_전자장비와기기_인터배터리가 투자자에게 주는 함의_20260316.pdf,demand_forecasts,6,글로벌,UAM,수요량,2030,3.7,,GWh,삼성SDI 연구소 발표 자료 기준,10,EV·ESS 외 application: UAM,,,,
2026-03-16_하나증권_산업,2026-03-16,하나증권,inbox/하나증권_전자장비와기기_인터배터리가 투자자에게 주는 함의_20260316.pdf,demand_forecasts,7,글로벌,UAM,수요량,2035,68.0,,GWh,삼성SDI 연구소 발표 자료 기준,10,EV·ESS 외 application: UAM,,,,
2026-04-06_하나증권_산업,2026-04-06,하나증권,"inbox/하나증권_전자장비와기기_Weekly 이배속  ESS 성장 지속, 기대감 없는 EV의 반등_20260406.pdf",demand_forecasts,1,글로벌,EV,판매대수,2026,105.5,,만대,"2026년 2월 BEV+PHEV 합계, YoY-13%(SNE Research)",9,월간·누적 자료는 period 재확인 필요,,,,
2026-04-06_하나증권_산업,2026-04-06,하나증권,"inbox/하나증권_전자장비와기기_Weekly 이배속  ESS 성장 지속, 기대감 없는 EV의 반등_20260406.pdf",demand_forecasts,2,미국,EV,판매대수,2026,7.5,,만대,"2026년 2월, YoY-35%(SNE Research)",9,월간·누적 자료는 period 재확인 필요,,,,
2026-04-06_하나증권_산업,2026-04-06,하나증권,"inbox/하나증권_전자장비와기기_Weekly 이배속  ESS 성장 지속, 기대감 없는 EV의 반등_20260406.pdf",demand_forecasts,3,중국,EV,판매대수,2026,50.4,,만대,"2026년 2월, YoY-31%(SNE Research)",9,월간·누적 자료는 period 재확인 필요,,,,
2026-04-06_하나증권_산업,2026-04-06,하나증권,"inbox/하나증권_전자장비와기기_Weekly 이배속  ESS 성장 지속, 기대감 없는 EV의 반등_20260406.pdf",demand_forecasts,4,유럽,EV,판매대수,2026,31.0,,만대,"2026년 2월, YoY+20%(SNE Research)",9,월간·누적 자료는 period 재확인 필요,,,,
2026-04-06_하나증권_산업,2026-04-06,하나증권,"inbox/하나증권_전자장비와기기_Weekly 이배속  ESS 성장 지속, 기대감 없는 EV의 반등_20260406.pdf",demand_forecasts,5,미국,EV,판매대수,2026,104847,,대,"2026년 3월, YoY-33.7%, MoM+22.9%, 판매점유율7.4%(WardsAuto)",10,월간·누적 자료는 period 재확인 필요,,,,
2026-04-06_하나증권_산업,2026-04-06,하나증권,"inbox/하나증권_전자장비와기기_Weekly 이배속  ESS 성장 지속, 기대감 없는 EV의 반등_20260406.pdf",demand_forecasts,6,중국,EV,판매대수,2026,412000,,대,"2026년 2월, YoY-33.8%, MoM-20.8%, 판매점유율39.5%(CPCA)",10,월간·누적 자료는 period 재확인 필요,,,,
2026-04-06_하나증권_산업,2026-04-06,하나증권,"inbox/하나증권_전자장비와기기_Weekly 이배속  ESS 성장 지속, 기대감 없는 EV의 반등_20260406.pdf",demand_forecasts,7,유럽,EV,판매대수,2026,23278,,대,"영국, 2026년 2월, YoY-18.4%, 판매점유율25.8%(Cleantechnica)",10,월간·누적 자료는 period 재확인 필요,,,,
2026-04-06_하나증권_산업,2026-04-06,하나증권,"inbox/하나증권_전자장비와기기_Weekly 이배속  ESS 성장 지속, 기대감 없는 EV의 반등_20260406.pdf",demand_forecasts,8,유럽,EV,판매대수,2026,70603,,대,"독일, 2026년 2월, YoY+27.3%, 판매점유율33.4%(Cleantechnica)",10,월간·누적 자료는 period 재확인 필요,,,,
2026-04-06_하나증권_산업,2026-04-06,하나증권,"inbox/하나증권_전자장비와기기_Weekly 이배속  ESS 성장 지속, 기대감 없는 EV의 반등_20260406.pdf",demand_forecasts,9,유럽,EV,판매대수,2026,57951,,대,"프랑스, 2026년 3월, YoY+54.3%, 판매점유율32.8%(Cleantechnica)",10,월간·누적 자료는 period 재확인 필요,,,,
2026-04-06_하나증권_산업,2026-04-06,하나증권,"inbox/하나증권_전자장비와기기_Weekly 이배속  ESS 성장 지속, 기대감 없는 EV의 반등_20260406.pdf",demand_forecasts,10,유럽,EV,판매대수,2026,17471,,대,"스웨덴, 2026년 3월, YoY+18.8%, 판매점유율63.3%(Cleantechnica)",10,월간·누적 자료는 period 재확인 필요,,,,
2026-04-06_하나증권_산업,2026-04-06,하나증권,"inbox/하나증권_전자장비와기기_Weekly 이배속  ESS 성장 지속, 기대감 없는 EV의 반등_20260406.pdf",demand_forecasts,11,유럽,EV,판매대수,2026,17532,,대,"노르웨이, 2026년 3월, YoY+41.4%, 판매점유율99.1%(Cleantechnica)",10,월간·누적 자료는 period 재확인 필요,,,,
2026-04-06_하나증권_산업,2026-04-06,하나증권,"inbox/하나증권_전자장비와기기_Weekly 이배속  ESS 성장 지속, 기대감 없는 EV의 반등_20260406.pdf",demand_forecasts,12,미국,EV,판매대수,2026,8.9,,만대,"2026년 3월 순수전기차(BEV), YoY-27%, MoM+22%(WardsAuto)",13,월간·누적 자료는 period 재확인 필요,,,,
2026-04-06_하나증권_산업,2026-04-06,하나증권,"inbox/하나증권_전자장비와기기_Weekly 이배속  ESS 성장 지속, 기대감 없는 EV의 반등_20260406.pdf",demand_forecasts,13,미국,EV,침투율,2026,6.3,,%,2026년 3월 BEV 침투율(WardsAuto),13,월간·누적 자료는 period 재확인 필요,,,,
2026-04-06_하나증권_산업,2026-04-06,하나증권,"inbox/하나증권_전자장비와기기_Weekly 이배속  ESS 성장 지속, 기대감 없는 EV의 반등_20260406.pdf",demand_forecasts,14,글로벌,ESS,수요량,2026,21.6,,GWh,"2026년 2월 신규 설치량, YoY+45%, Grid17.1GWh+BTM4.5GWh(Rho Motion)",7,월간·누적 자료는 period 재확인 필요,,,,
2026-04-06_하나증권_산업,2026-04-06,하나증권,"inbox/하나증권_전자장비와기기_Weekly 이배속  ESS 성장 지속, 기대감 없는 EV의 반등_20260406.pdf",demand_forecasts,15,글로벌,ESS,수요량,2026,40.2,,GWh,"2026년 1-2월 누적 설치량, YoY+15%(Rho Motion)",7,월간·누적 자료는 period 재확인 필요,,,,
2026-04-06_하나증권_산업,2026-04-06,하나증권,"inbox/하나증권_전자장비와기기_Weekly 이배속  ESS 성장 지속, 기대감 없는 EV의 반등_20260406.pdf",demand_forecasts,16,북미,ESS,수요량,2026,3.2,,GWh,"미국, 2026년 2월 신규 설치량, YoY+190%(Rho Motion)",7,월간·누적 자료는 period 재확인 필요,,,,
2026-04-06_하나증권_산업,2026-04-06,하나증권,"inbox/하나증권_전자장비와기기_Weekly 이배속  ESS 성장 지속, 기대감 없는 EV의 반등_20260406.pdf",demand_forecasts,17,북미,ESS,수요량,2026,6.3,,GWh,"미국, 2026년 1-2월 누적 설치량, YoY+113%(Rho Motion)",7,월간·누적 자료는 period 재확인 필요,,,,
2026-04-06_하나증권_산업,2026-04-06,하나증권,"inbox/하나증권_전자장비와기기_Weekly 이배속  ESS 성장 지속, 기대감 없는 EV의 반등_20260406.pdf",demand_forecasts,18,유럽,ESS,수요량,2026,2.1,,GWh,"2026년 2월 신규 설치량, YoY+12%(Rho Motion)",7,월간·누적 자료는 period 재확인 필요,,,,
2026-04-06_하나증권_산업,2026-04-06,하나증권,"inbox/하나증권_전자장비와기기_Weekly 이배속  ESS 성장 지속, 기대감 없는 EV의 반등_20260406.pdf",demand_forecasts,19,유럽,ESS,수요량,2026,4.2,,GWh,"2026년 1-2월 누적 설치량, YoY+36%(Rho Motion)",7,월간·누적 자료는 period 재확인 필요,,,,
2026-04-06_하나증권_산업,2026-04-06,하나증권,"inbox/하나증권_전자장비와기기_Weekly 이배속  ESS 성장 지속, 기대감 없는 EV의 반등_20260406.pdf",demand_forecasts,20,중국,ESS,수요량,2026,10.7,,GWh,"2026년 2월 신규 설치량, YoY+19%(Rho Motion)",7,월간·누적 자료는 period 재확인 필요,,,,
2026-04-06_하나증권_산업,2026-04-06,하나증권,"inbox/하나증권_전자장비와기기_Weekly 이배속  ESS 성장 지속, 기대감 없는 EV의 반등_20260406.pdf",demand_forecasts,21,중국,ESS,수요량,2026,19.9,,GWh,"2026년 1-2월 누적 설치량, YoY-7%(Rho Motion)",7,월간·누적 자료는 period 재확인 필요,,,,
2026-04-06_하나증권_산업,2026-04-06,하나증권,"inbox/하나증권_전자장비와기기_Weekly 이배속  ESS 성장 지속, 기대감 없는 EV의 반등_20260406.pdf",demand_forecasts,22,글로벌,EV,수요량,2026,61.2,,GWh,"전기차 배터리 출하량, 2026년 2월, YoY-5%, CATL25.2/BYD7.7/LGES6.9/SK on2.9/CALB2.5/Panasonic2.2/삼성SDI1.7(SNE Research)",15,월간·누적 자료는 period 재확인 필요,,,,
2026-04-06_하나증권_산업,2026-04-06,하나증권,"inbox/하나증권_전자장비와기기_Weekly 이배속  ESS 성장 지속, 기대감 없는 EV의 반등_20260406.pdf",demand_forecasts,23,글로벌,EV,수요량,2026,134.9,,GWh,"전기차 배터리 출하량, 2026년 1-2월 누적, YoY+4%(SNE Research)",15,월간·누적 자료는 period 재확인 필요,,,,
2026-04-06_하나증권_산업,2026-04-06,하나증권,"inbox/하나증권_전자장비와기기_Weekly 이배속  ESS 성장 지속, 기대감 없는 EV의 반등_20260406.pdf",demand_forecasts,24,북미,EV,수요량,2026,6.2,,GWh,"미국 전기차 배터리 출하량, 2026년 2월, YoY-30%(SNE Research)",15,월간·누적 자료는 period 재확인 필요,,,,
2026-04-06_하나증권_산업,2026-04-06,하나증권,"inbox/하나증권_전자장비와기기_Weekly 이배속  ESS 성장 지속, 기대감 없는 EV의 반등_20260406.pdf",demand_forecasts,25,중국,EV,수요량,2026,29.0,,GWh,"전기차 배터리 출하량, 2026년 2월, YoY-17%(SNE Research)",15,월간·누적 자료는 period 재확인 필요,,,,
2026-04-06_하나증권_산업,2026-04-06,하나증권,"inbox/하나증권_전자장비와기기_Weekly 이배속  ESS 성장 지속, 기대감 없는 EV의 반등_20260406.pdf",demand_forecasts,26,유럽,EV,수요량,2026,16.6,,GWh,"전기차 배터리 출하량, 2026년 2월, YoY+14%(SNE Research)",15,월간·누적 자료는 period 재확인 필요,,,,
2026-05-17_유진투자증권_산업,2026-05-17,유진투자증권,inbox/유진투자증권_전자장비와기기_2H26 OUTLOOK 화려한 배터리 테마주 장세 시작_20260517.pdf,demand_forecasts,1,북미,EV,실적치,2022,1042,,천대,북미 합계(미국+캐나다),60,실적치는 원문 지표 재확인 필요,지표 판정·검토 유지,판매대수,FY,2022~2025년 국가·권역별 전기차 판매 실적. 지표는 판정했지만 P1 신규 백필과 분리해 후속 명시 이관 검토
2026-05-17_유진투자증권_산업,2026-05-17,유진투자증권,inbox/유진투자증권_전자장비와기기_2H26 OUTLOOK 화려한 배터리 테마주 장세 시작_20260517.pdf,demand_forecasts,2,북미,EV,실적치,2023,1621,,천대,북미 합계(미국+캐나다),60,실적치는 원문 지표 재확인 필요,지표 판정·검토 유지,판매대수,FY,2022~2025년 국가·권역별 전기차 판매 실적. 지표는 판정했지만 P1 신규 백필과 분리해 후속 명시 이관 검토
2026-05-17_유진투자증권_산업,2026-05-17,유진투자증권,inbox/유진투자증권_전자장비와기기_2H26 OUTLOOK 화려한 배터리 테마주 장세 시작_20260517.pdf,demand_forecasts,3,북미,EV,실적치,2024,1841,,천대,북미 합계(미국+캐나다),60,실적치는 원문 지표 재확인 필요,지표 판정·검토 유지,판매대수,FY,2022~2025년 국가·권역별 전기차 판매 실적. 지표는 판정했지만 P1 신규 백필과 분리해 후속 명시 이관 검토
2026-05-17_유진투자증권_산업,2026-05-17,유진투자증권,inbox/유진투자증권_전자장비와기기_2H26 OUTLOOK 화려한 배터리 테마주 장세 시작_20260517.pdf,demand_forecasts,10,북미,EV,실적치,2022,918,,천대,미국,60,실적치는 원문 지표 재확인 필요,지표 판정·검토 유지,판매대수,FY,2022~2025년 국가·권역별 전기차 판매 실적. 지표는 판정했지만 P1 신규 백필과 분리해 후속 명시 이관 검토
2026-05-17_유진투자증권_산업,2026-05-17,유진투자증권,inbox/유진투자증권_전자장비와기기_2H26 OUTLOOK 화려한 배터리 테마주 장세 시작_20260517.pdf,demand_forecasts,11,북미,EV,실적치,2023,1436,,천대,미국,60,실적치는 원문 지표 재확인 필요,지표 판정·검토 유지,판매대수,FY,2022~2025년 국가·권역별 전기차 판매 실적. 지표는 판정했지만 P1 신규 백필과 분리해 후속 명시 이관 검토
2026-05-17_유진투자증권_산업,2026-05-17,유진투자증권,inbox/유진투자증권_전자장비와기기_2H26 OUTLOOK 화려한 배터리 테마주 장세 시작_20260517.pdf,demand_forecasts,12,북미,EV,실적치,2024,1570,,천대,미국,60,실적치는 원문 지표 재확인 필요,지표 판정·검토 유지,판매대수,FY,2022~2025년 국가·권역별 전기차 판매 실적. 지표는 판정했지만 P1 신규 백필과 분리해 후속 명시 이관 검토
2026-05-17_유진투자증권_산업,2026-05-17,유진투자증권,inbox/유진투자증권_전자장비와기기_2H26 OUTLOOK 화려한 배터리 테마주 장세 시작_20260517.pdf,demand_forecasts,19,북미,EV,실적치,2022,124,,천대,캐나다,60,실적치는 원문 지표 재확인 필요,지표 판정·검토 유지,판매대수,FY,2022~2025년 국가·권역별 전기차 판매 실적. 지표는 판정했지만 P1 신규 백필과 분리해 후속 명시 이관 검토
2026-05-17_유진투자증권_산업,2026-05-17,유진투자증권,inbox/유진투자증권_전자장비와기기_2H26 OUTLOOK 화려한 배터리 테마주 장세 시작_20260517.pdf,demand_forecasts,20,북미,EV,실적치,2023,185,,천대,캐나다,60,실적치는 원문 지표 재확인 필요,지표 판정·검토 유지,판매대수,FY,2022~2025년 국가·권역별 전기차 판매 실적. 지표는 판정했지만 P1 신규 백필과 분리해 후속 명시 이관 검토
2026-05-17_유진투자증권_산업,2026-05-17,유진투자증권,inbox/유진투자증권_전자장비와기기_2H26 OUTLOOK 화려한 배터리 테마주 장세 시작_20260517.pdf,demand_forecasts,21,북미,EV,실적치,2024,271,,천대,캐나다,60,실적치는 원문 지표 재확인 필요,지표 판정·검토 유지,판매대수,FY,2022~2025년 국가·권역별 전기차 판매 실적. 지표는 판정했지만 P1 신규 백필과 분리해 후속 명시 이관 검토
2026-05-17_유진투자증권_산업,2026-05-17,유진투자증권,inbox/유진투자증권_전자장비와기기_2H26 OUTLOOK 화려한 배터리 테마주 장세 시작_20260517.pdf,demand_forecasts,28,기타,EV,실적치,2022,6271,,천대,아시아·대양주 합계,60,실적치는 원문 지표 재확인 필요,지표 판정·검토 유지,판매대수,FY,2022~2025년 국가·권역별 전기차 판매 실적. 지표는 판정했지만 P1 신규 백필과 분리해 후속 명시 이관 검토
2026-05-17_유진투자증권_산업,2026-05-17,유진투자증권,inbox/유진투자증권_전자장비와기기_2H26 OUTLOOK 화려한 배터리 테마주 장세 시작_20260517.pdf,demand_forecasts,29,기타,EV,실적치,2023,8574,,천대,아시아·대양주 합계,60,실적치는 원문 지표 재확인 필요,지표 판정·검토 유지,판매대수,FY,2022~2025년 국가·권역별 전기차 판매 실적. 지표는 판정했지만 P1 신규 백필과 분리해 후속 명시 이관 검토
2026-05-17_유진투자증권_산업,2026-05-17,유진투자증권,inbox/유진투자증권_전자장비와기기_2H26 OUTLOOK 화려한 배터리 테마주 장세 시작_20260517.pdf,demand_forecasts,30,기타,EV,실적치,2024,11644,,천대,아시아·대양주 합계,60,실적치는 원문 지표 재확인 필요,지표 판정·검토 유지,판매대수,FY,2022~2025년 국가·권역별 전기차 판매 실적. 지표는 판정했지만 P1 신규 백필과 분리해 후속 명시 이관 검토
2026-05-17_유진투자증권_산업,2026-05-17,유진투자증권,inbox/유진투자증권_전자장비와기기_2H26 OUTLOOK 화려한 배터리 테마주 장세 시작_20260517.pdf,demand_forecasts,37,중국,EV,실적치,2022,5924,,천대,중국,60,실적치는 원문 지표 재확인 필요,지표 판정·검토 유지,판매대수,FY,2022~2025년 국가·권역별 전기차 판매 실적. 지표는 판정했지만 P1 신규 백필과 분리해 후속 명시 이관 검토
2026-05-17_유진투자증권_산업,2026-05-17,유진투자증권,inbox/유진투자증권_전자장비와기기_2H26 OUTLOOK 화려한 배터리 테마주 장세 시작_20260517.pdf,demand_forecasts,38,중국,EV,실적치,2023,8095,,천대,중국,60,실적치는 원문 지표 재확인 필요,지표 판정·검토 유지,판매대수,FY,2022~2025년 국가·권역별 전기차 판매 실적. 지표는 판정했지만 P1 신규 백필과 분리해 후속 명시 이관 검토
2026-05-17_유진투자증권_산업,2026-05-17,유진투자증권,inbox/유진투자증권_전자장비와기기_2H26 OUTLOOK 화려한 배터리 테마주 장세 시작_20260517.pdf,demand_forecasts,39,중국,EV,실적치,2024,11156,,천대,중국,60,실적치는 원문 지표 재확인 필요,지표 판정·검토 유지,판매대수,FY,2022~2025년 국가·권역별 전기차 판매 실적. 지표는 판정했지만 P1 신규 백필과 분리해 후속 명시 이관 검토
2026-05-17_유진투자증권_산업,2026-05-17,유진투자증권,inbox/유진투자증권_전자장비와기기_2H26 OUTLOOK 화려한 배터리 테마주 장세 시작_20260517.pdf,demand_forecasts,46,기타,EV,실적치,2022,96,,천대,일본,60,실적치는 원문 지표 재확인 필요,지표 판정·검토 유지,판매대수,FY,2022~2025년 국가·권역별 전기차 판매 실적. 지표는 판정했지만 P1 신규 백필과 분리해 후속 명시 이관 검토
2026-05-17_유진투자증권_산업,2026-05-17,유진투자증권,inbox/유진투자증권_전자장비와기기_2H26 OUTLOOK 화려한 배터리 테마주 장세 시작_20260517.pdf,demand_forecasts,47,기타,EV,실적치,2023,141,,천대,일본,60,실적치는 원문 지표 재확인 필요,지표 판정·검토 유지,판매대수,FY,2022~2025년 국가·권역별 전기차 판매 실적. 지표는 판정했지만 P1 신규 백필과 분리해 후속 명시 이관 검토
2026-05-17_유진투자증권_산업,2026-05-17,유진투자증권,inbox/유진투자증권_전자장비와기기_2H26 OUTLOOK 화려한 배터리 테마주 장세 시작_20260517.pdf,demand_forecasts,48,기타,EV,실적치,2024,110,,천대,일본,60,실적치는 원문 지표 재확인 필요,지표 판정·검토 유지,판매대수,FY,2022~2025년 국가·권역별 전기차 판매 실적. 지표는 판정했지만 P1 신규 백필과 분리해 후속 명시 이관 검토
2026-05-17_유진투자증권_산업,2026-05-17,유진투자증권,inbox/유진투자증권_전자장비와기기_2H26 OUTLOOK 화려한 배터리 테마주 장세 시작_20260517.pdf,demand_forecasts,55,기타,EV,실적치,2022,251,,천대,기타아시아,60,실적치는 원문 지표 재확인 필요,지표 판정·검토 유지,판매대수,FY,2022~2025년 국가·권역별 전기차 판매 실적. 지표는 판정했지만 P1 신규 백필과 분리해 후속 명시 이관 검토
2026-05-17_유진투자증권_산업,2026-05-17,유진투자증권,inbox/유진투자증권_전자장비와기기_2H26 OUTLOOK 화려한 배터리 테마주 장세 시작_20260517.pdf,demand_forecasts,56,기타,EV,실적치,2023,338,,천대,기타아시아,60,실적치는 원문 지표 재확인 필요,지표 판정·검토 유지,판매대수,FY,2022~2025년 국가·권역별 전기차 판매 실적. 지표는 판정했지만 P1 신규 백필과 분리해 후속 명시 이관 검토
2026-05-17_유진투자증권_산업,2026-05-17,유진투자증권,inbox/유진투자증권_전자장비와기기_2H26 OUTLOOK 화려한 배터리 테마주 장세 시작_20260517.pdf,demand_forecasts,57,기타,EV,실적치,2024,379,,천대,기타아시아,60,실적치는 원문 지표 재확인 필요,지표 판정·검토 유지,판매대수,FY,2022~2025년 국가·권역별 전기차 판매 실적. 지표는 판정했지만 P1 신규 백필과 분리해 후속 명시 이관 검토
2026-05-17_유진투자증권_산업,2026-05-17,유진투자증권,inbox/유진투자증권_전자장비와기기_2H26 OUTLOOK 화려한 배터리 테마주 장세 시작_20260517.pdf,demand_forecasts,64,유럽,EV,실적치,2022,2602,,천대,유럽,60,실적치는 원문 지표 재확인 필요,지표 판정·검토 유지,판매대수,FY,2022~2025년 국가·권역별 전기차 판매 실적. 지표는 판정했지만 P1 신규 백필과 분리해 후속 명시 이관 검토
2026-05-17_유진투자증권_산업,2026-05-17,유진투자증권,inbox/유진투자증권_전자장비와기기_2H26 OUTLOOK 화려한 배터리 테마주 장세 시작_20260517.pdf,demand_forecasts,65,유럽,EV,실적치,2023,3010,,천대,유럽,60,실적치는 원문 지표 재확인 필요,지표 판정·검토 유지,판매대수,FY,2022~2025년 국가·권역별 전기차 판매 실적. 지표는 판정했지만 P1 신규 백필과 분리해 후속 명시 이관 검토
2026-05-17_유진투자증권_산업,2026-05-17,유진투자증권,inbox/유진투자증권_전자장비와기기_2H26 OUTLOOK 화려한 배터리 테마주 장세 시작_20260517.pdf,demand_forecasts,66,유럽,EV,실적치,2024,2945,,천대,유럽,60,실적치는 원문 지표 재확인 필요,지표 판정·검토 유지,판매대수,FY,2022~2025년 국가·권역별 전기차 판매 실적. 지표는 판정했지만 P1 신규 백필과 분리해 후속 명시 이관 검토
2026-05-17_유진투자증권_산업,2026-05-17,유진투자증권,inbox/유진투자증권_전자장비와기기_2H26 OUTLOOK 화려한 배터리 테마주 장세 시작_20260517.pdf,demand_forecasts,73,기타,EV,실적치,2022,175,,천대,기타국가,60,실적치는 원문 지표 재확인 필요,지표 판정·검토 유지,판매대수,FY,2022~2025년 국가·권역별 전기차 판매 실적. 지표는 판정했지만 P1 신규 백필과 분리해 후속 명시 이관 검토
2026-05-17_유진투자증권_산업,2026-05-17,유진투자증권,inbox/유진투자증권_전자장비와기기_2H26 OUTLOOK 화려한 배터리 테마주 장세 시작_20260517.pdf,demand_forecasts,74,기타,EV,실적치,2023,485,,천대,기타국가,60,실적치는 원문 지표 재확인 필요,지표 판정·검토 유지,판매대수,FY,2022~2025년 국가·권역별 전기차 판매 실적. 지표는 판정했지만 P1 신규 백필과 분리해 후속 명시 이관 검토
2026-05-17_유진투자증권_산업,2026-05-17,유진투자증권,inbox/유진투자증권_전자장비와기기_2H26 OUTLOOK 화려한 배터리 테마주 장세 시작_20260517.pdf,demand_forecasts,75,기타,EV,실적치,2024,1193,,천대,기타국가,60,실적치는 원문 지표 재확인 필요,지표 판정·검토 유지,판매대수,FY,2022~2025년 국가·권역별 전기차 판매 실적. 지표는 판정했지만 P1 신규 백필과 분리해 후속 명시 이관 검토
2026-05-17_유진투자증권_산업,2026-05-17,유진투자증권,inbox/유진투자증권_전자장비와기기_2H26 OUTLOOK 화려한 배터리 테마주 장세 시작_20260517.pdf,demand_forecasts,82,글로벌,EV,실적치,2022,10091,,천대,전세계,60,실적치는 원문 지표 재확인 필요,지표 판정·검토 유지,판매대수,FY,2022~2025년 국가·권역별 전기차 판매 실적. 지표는 판정했지만 P1 신규 백필과 분리해 후속 명시 이관 검토
2026-05-17_유진투자증권_산업,2026-05-17,유진투자증권,inbox/유진투자증권_전자장비와기기_2H26 OUTLOOK 화려한 배터리 테마주 장세 시작_20260517.pdf,demand_forecasts,83,글로벌,EV,실적치,2023,13689,,천대,전세계,60,실적치는 원문 지표 재확인 필요,지표 판정·검토 유지,판매대수,FY,2022~2025년 국가·권역별 전기차 판매 실적. 지표는 판정했지만 P1 신규 백필과 분리해 후속 명시 이관 검토
2026-05-17_유진투자증권_산업,2026-05-17,유진투자증권,inbox/유진투자증권_전자장비와기기_2H26 OUTLOOK 화려한 배터리 테마주 장세 시작_20260517.pdf,demand_forecasts,84,글로벌,EV,실적치,2024,17623,,천대,전세계,60,실적치는 원문 지표 재확인 필요,지표 판정·검토 유지,판매대수,FY,2022~2025년 국가·권역별 전기차 판매 실적. 지표는 판정했지만 P1 신규 백필과 분리해 후속 명시 이관 검토
2026-05-17_유진투자증권_산업,2026-05-17,유진투자증권,inbox/유진투자증권_전자장비와기기_2H26 OUTLOOK 화려한 배터리 테마주 장세 시작_20260517.pdf,demand_forecasts,91,글로벌,EV,실적치,2022,12.7,,%,전세계 전기차 판매 비중(전체 자동차 판매 대비),60,실적치는 원문 지표 재확인 필요,지표 판정·검토 유지,침투율,FY,전체 판매 또는 EV·ESS 배터리 용량 중 해당 시장의 연간 비중
2026-05-17_유진투자증권_산업,2026-05-17,유진투자증권,inbox/유진투자증권_전자장비와기기_2H26 OUTLOOK 화려한 배터리 테마주 장세 시작_20260517.pdf,demand_forecasts,92,글로벌,EV,실적치,2023,15.7,,%,전세계 전기차 판매 비중(전체 자동차 판매 대비),60,실적치는 원문 지표 재확인 필요,지표 판정·검토 유지,침투율,FY,전체 판매 또는 EV·ESS 배터리 용량 중 해당 시장의 연간 비중
2026-05-17_유진투자증권_산업,2026-05-17,유진투자증권,inbox/유진투자증권_전자장비와기기_2H26 OUTLOOK 화려한 배터리 테마주 장세 시작_20260517.pdf,demand_forecasts,93,글로벌,EV,실적치,2024,19.6,,%,전세계 전기차 판매 비중(전체 자동차 판매 대비),60,실적치는 원문 지표 재확인 필요,지표 판정·검토 유지,침투율,FY,전체 판매 또는 EV·ESS 배터리 용량 중 해당 시장의 연간 비중
2026-05-17_유진투자증권_산업,2026-05-17,유진투자증권,inbox/유진투자증권_전자장비와기기_2H26 OUTLOOK 화려한 배터리 테마주 장세 시작_20260517.pdf,demand_forecasts,106,글로벌,EV,실적치,2025,1055,,GWh,글로벌 EV 배터리 수요,6,실적치는 원문 지표 재확인 필요,지표 판정·검토 유지,수요량,FY,EV 배터리 및 용도별 소듐이온 배터리의 연간 수요
2026-05-17_유진투자증권_산업,2026-05-17,유진투자증권,inbox/유진투자증권_전자장비와기기_2H26 OUTLOOK 화려한 배터리 테마주 장세 시작_20260517.pdf,demand_forecasts,112,북미,ESS,실적치,2025,51,,GWh,미국 BESS 신규 설치용량,11,실적치는 원문 지표 재확인 필요,지표 판정·검토 유지,설치에너지,FY,미국 BESS 신규 설치의 2025년 연간 실적
2026-05-17_유진투자증권_산업,2026-05-17,유진투자증권,inbox/유진투자증권_전자장비와기기_2H26 OUTLOOK 화려한 배터리 테마주 장세 시작_20260517.pdf,demand_forecasts,124,글로벌,ESS,실적치,2025,23,,%,글로벌 EV+ESS 배터리 중 BESS 비중,12,실적치는 원문 지표 재확인 필요,지표 판정·검토 유지,침투율,FY,전체 판매 또는 EV·ESS 배터리 용량 중 해당 시장의 연간 비중
2026-05-17_유진투자증권_산업,2026-05-17,유진투자증권,inbox/유진투자증권_전자장비와기기_2H26 OUTLOOK 화려한 배터리 테마주 장세 시작_20260517.pdf,demand_forecasts,130,북미,ESS,실적치,2025,32,,%,미국 EV+ESS 배터리 중 BESS 비중,12,실적치는 원문 지표 재확인 필요,지표 판정·검토 유지,침투율,FY,전체 판매 또는 EV·ESS 배터리 용량 중 해당 시장의 연간 비중
2026-05-17_유진투자증권_산업,2026-05-17,유진투자증권,inbox/유진투자증권_전자장비와기기_2H26 OUTLOOK 화려한 배터리 테마주 장세 시작_20260517.pdf,demand_forecasts,136,유럽,ESS,실적치,2025,17,,%,유럽 EV+ESS 배터리 중 BESS 비중,12,실적치는 원문 지표 재확인 필요,지표 판정·검토 유지,침투율,FY,전체 판매 또는 EV·ESS 배터리 용량 중 해당 시장의 연간 비중
2026-05-17_유진투자증권_산업,2026-05-17,유진투자증권,inbox/유진투자증권_전자장비와기기_2H26 OUTLOOK 화려한 배터리 테마주 장세 시작_20260517.pdf,demand_forecasts,152,글로벌,EV,실적치,2024,0.6,,GWh,"소듐이온 배터리, Passenger EV",36,실적치는 원문 지표 재확인 필요,지표 판정·검토 유지,수요량,FY,EV 배터리 및 용도별 소듐이온 배터리의 연간 수요
2026-05-17_유진투자증권_산업,2026-05-17,유진투자증권,inbox/유진투자증권_전자장비와기기_2H26 OUTLOOK 화려한 배터리 테마주 장세 시작_20260517.pdf,demand_forecasts,153,글로벌,EV,실적치,2025,2.3,,GWh,"소듐이온 배터리, Passenger EV",36,실적치는 원문 지표 재확인 필요,지표 판정·검토 유지,수요량,FY,EV 배터리 및 용도별 소듐이온 배터리의 연간 수요
2026-05-17_유진투자증권_산업,2026-05-17,유진투자증권,inbox/유진투자증권_전자장비와기기_2H26 OUTLOOK 화려한 배터리 테마주 장세 시작_20260517.pdf,demand_forecasts,155,글로벌,ESS,실적치,2024,0.2,,GWh,"소듐이온 배터리, Stationary storage",36,실적치는 원문 지표 재확인 필요,지표 판정·검토 유지,수요량,FY,EV 배터리 및 용도별 소듐이온 배터리의 연간 수요
2026-05-17_유진투자증권_산업,2026-05-17,유진투자증권,inbox/유진투자증권_전자장비와기기_2H26 OUTLOOK 화려한 배터리 테마주 장세 시작_20260517.pdf,demand_forecasts,156,글로벌,ESS,실적치,2025,1.4,,GWh,"소듐이온 배터리, Stationary storage",36,실적치는 원문 지표 재확인 필요,지표 판정·검토 유지,수요량,FY,EV 배터리 및 용도별 소듐이온 배터리의 연간 수요
2026-05-17_유진투자증권_산업,2026-05-17,유진투자증권,inbox/유진투자증권_전자장비와기기_2H26 OUTLOOK 화려한 배터리 테마주 장세 시작_20260517.pdf,demand_forecasts,158,글로벌,EV,실적치,2025,0.8,,GWh,"소듐이온 배터리, Two-and-Three Wheelers",36,실적치는 원문 지표 재확인 필요,지표 판정·검토 유지,수요량,FY,EV 배터리 및 용도별 소듐이온 배터리의 연간 수요
2026-05-17_유진투자증권_산업,2026-05-17,유진투자증권,inbox/유진투자증권_전자장비와기기_2H26 OUTLOOK 화려한 배터리 테마주 장세 시작_20260517.pdf,demand_forecasts,163,유럽,EV,실적치,2025,857,,천대,독일 전기차 판매,45,실적치는 원문 지표 재확인 필요,지표 판정·검토 유지,판매대수,FY,2022~2025년 국가·권역별 전기차 판매 실적. 지표는 판정했지만 P1 신규 백필과 분리해 후속 명시 이관 검토
2026-05-17_유진투자증권_산업,2026-05-17,유진투자증권,inbox/유진투자증권_전자장비와기기_2H26 OUTLOOK 화려한 배터리 테마주 장세 시작_20260517.pdf,demand_forecasts,166,유럽,EV,실적치,2025,436,,천대,프랑스 전기차 판매,46,실적치는 원문 지표 재확인 필요,지표 판정·검토 유지,판매대수,FY,2022~2025년 국가·권역별 전기차 판매 실적. 지표는 판정했지만 P1 신규 백필과 분리해 후속 명시 이관 검토
2026-05-17_유진투자증권_산업,2026-05-17,유진투자증권,inbox/유진투자증권_전자장비와기기_2H26 OUTLOOK 화려한 배터리 테마주 장세 시작_20260517.pdf,demand_forecasts,169,유럽,EV,실적치,2025,698,,천대,영국 전기차 판매,47,실적치는 원문 지표 재확인 필요,지표 판정·검토 유지,판매대수,FY,2022~2025년 국가·권역별 전기차 판매 실적. 지표는 판정했지만 P1 신규 백필과 분리해 후속 명시 이관 검토
2026-05-17_유진투자증권_산업,2026-05-17,유진투자증권,inbox/유진투자증권_전자장비와기기_2H26 OUTLOOK 화려한 배터리 테마주 장세 시작_20260517.pdf,demand_forecasts,172,유럽,EV,실적치,2025,192,,천대,이탈리아 전기차 판매,48,실적치는 원문 지표 재확인 필요,지표 판정·검토 유지,판매대수,FY,2022~2025년 국가·권역별 전기차 판매 실적. 지표는 판정했지만 P1 신규 백필과 분리해 후속 명시 이관 검토
2026-05-17_유진투자증권_산업,2026-05-17,유진투자증권,inbox/유진투자증권_전자장비와기기_2H26 OUTLOOK 화려한 배터리 테마주 장세 시작_20260517.pdf,demand_forecasts,175,유럽,EV,실적치,2025,226,,천대,스페인 전기차 판매,49,실적치는 원문 지표 재확인 필요,지표 판정·검토 유지,판매대수,FY,2022~2025년 국가·권역별 전기차 판매 실적. 지표는 판정했지만 P1 신규 백필과 분리해 후속 명시 이관 검토
2026-06-08_하나증권_산업,2026-06-08,하나증권,inbox/하나증권_전자장비와기기_배터리 투자자가 준비해야 하는 3가지_20260608.pdf,demand_forecasts,1,유럽,EV,성장률,2026,9,,%,2026년3월 유럽 전기차 배터리 전체 출하량 YoY,1,월간·누적 자료는 period 재확인 필요,연간 인덱스 보류,성장률,월간,월별 전기차 배터리 출하 증가율이므로 FY 값으로 이관 금지
2026-06-08_하나증권_산업,2026-06-08,하나증권,inbox/하나증권_전자장비와기기_배터리 투자자가 준비해야 하는 3가지_20260608.pdf,demand_forecasts,2,유럽,EV,성장률,2026,23,,%,2026년4월 유럽 전기차 배터리 전체 출하량 YoY,1,월간·누적 자료는 period 재확인 필요,연간 인덱스 보류,성장률,월간,월별 전기차 배터리 출하 증가율이므로 FY 값으로 이관 금지
2026-06-08_하나증권_산업,2026-06-08,하나증권,inbox/하나증권_전자장비와기기_배터리 투자자가 준비해야 하는 3가지_20260608.pdf,demand_forecasts,3,북미,EV,판매대수,2026,8.1,,만대,"2026년5월 미국 BEV(YoY-20%,MoM+12%)",2,월간·누적 자료는 period 재확인 필요,연간 인덱스 보류,판매대수,월간,2026년 4~5월 단월 판매량이므로 FY 값으로 이관 금지
2026-06-08_하나증권_산업,2026-06-08,하나증권,inbox/하나증권_전자장비와기기_배터리 투자자가 준비해야 하는 3가지_20260608.pdf,demand_forecasts,4,북미,EV,판매대수,2026,2.3,,만대,"2026년5월 미국 PHEV(YoY-15%,MoM+34%)",2,월간·누적 자료는 period 재확인 필요,연간 인덱스 보류,판매대수,월간,2026년 4~5월 단월 판매량이므로 FY 값으로 이관 금지
2026-06-08_하나증권_산업,2026-06-08,하나증권,inbox/하나증권_전자장비와기기_배터리 투자자가 준비해야 하는 3가지_20260608.pdf,demand_forecasts,5,유럽,EV,판매대수,2026,6.0,,만대,2026년5월 독일 BEV(YoY+39%),2,월간·누적 자료는 period 재확인 필요,연간 인덱스 보류,판매대수,월간,2026년 4~5월 단월 판매량이므로 FY 값으로 이관 금지
2026-06-08_하나증권_산업,2026-06-08,하나증권,inbox/하나증권_전자장비와기기_배터리 투자자가 준비해야 하는 3가지_20260608.pdf,demand_forecasts,6,유럽,EV,판매대수,2026,2.8,,만대,2026년5월 독일 PHEV(YoY+11%),2,월간·누적 자료는 period 재확인 필요,연간 인덱스 보류,판매대수,월간,2026년 4~5월 단월 판매량이므로 FY 값으로 이관 금지
2026-06-08_하나증권_산업,2026-06-08,하나증권,inbox/하나증권_전자장비와기기_배터리 투자자가 준비해야 하는 3가지_20260608.pdf,demand_forecasts,7,유럽,EV,판매대수,2026,4.4,,만대,"2026년5월 영국 BEV(YoY+34%,MoM+12%)",2,월간·누적 자료는 period 재확인 필요,연간 인덱스 보류,판매대수,월간,2026년 4~5월 단월 판매량이므로 FY 값으로 이관 금지
2026-06-08_하나증권_산업,2026-06-08,하나증권,inbox/하나증권_전자장비와기기_배터리 투자자가 준비해야 하는 3가지_20260608.pdf,demand_forecasts,8,유럽,EV,판매대수,2026,2.2,,만대,"2026년5월 영국 PHEV(YoY+24%,MoM+8%)",2,월간·누적 자료는 period 재확인 필요,연간 인덱스 보류,판매대수,월간,2026년 4~5월 단월 판매량이므로 FY 값으로 이관 금지
2026-06-08_하나증권_산업,2026-06-08,하나증권,inbox/하나증권_전자장비와기기_배터리 투자자가 준비해야 하는 3가지_20260608.pdf,demand_forecasts,9,유럽,EV,판매대수,2026,3.8,,만대,"2026년5월 프랑스 BEV(YoY+95%,MoM+4%)",2,월간·누적 자료는 period 재확인 필요,연간 인덱스 보류,판매대수,월간,2026년 4~5월 단월 판매량이므로 FY 값으로 이관 금지
2026-06-08_하나증권_산업,2026-06-08,하나증권,inbox/하나증권_전자장비와기기_배터리 투자자가 준비해야 하는 3가지_20260608.pdf,demand_forecasts,10,유럽,EV,판매대수,2026,0.8,,만대,"2026년5월 프랑스 PHEV(YoY-6%,MoM-8%)",2,월간·누적 자료는 period 재확인 필요,연간 인덱스 보류,판매대수,월간,2026년 4~5월 단월 판매량이므로 FY 값으로 이관 금지
2026-06-08_하나증권_산업,2026-06-08,하나증권,inbox/하나증권_전자장비와기기_배터리 투자자가 준비해야 하는 3가지_20260608.pdf,demand_forecasts,11,글로벌,EV,판매대수,2026,171.6,,만대,2026년4월 글로벌 EV 판매량 합계(YoY+10%),9,월간·누적 자료는 period 재확인 필요,연간 인덱스 보류,판매대수,월간,2026년 4~5월 단월 판매량이므로 FY 값으로 이관 금지
2026-06-08_하나증권_산업,2026-06-08,하나증권,inbox/하나증권_전자장비와기기_배터리 투자자가 준비해야 하는 3가지_20260608.pdf,demand_forecasts,12,글로벌,EV,판매대수,2026,125.7,,만대,2026년4월 글로벌 BEV(YoY+20%),9,월간·누적 자료는 period 재확인 필요,연간 인덱스 보류,판매대수,월간,2026년 4~5월 단월 판매량이므로 FY 값으로 이관 금지
2026-06-08_하나증권_산업,2026-06-08,하나증권,inbox/하나증권_전자장비와기기_배터리 투자자가 준비해야 하는 3가지_20260608.pdf,demand_forecasts,13,글로벌,EV,판매대수,2026,45.9,,만대,2026년4월 글로벌 PHEV(YoY-10%),9,월간·누적 자료는 period 재확인 필요,연간 인덱스 보류,판매대수,월간,2026년 4~5월 단월 판매량이므로 FY 값으로 이관 금지
2026-06-08_하나증권_산업,2026-06-08,하나증권,inbox/하나증권_전자장비와기기_배터리 투자자가 준비해야 하는 3가지_20260608.pdf,demand_forecasts,14,북미,EV,판매대수,2026,8.6,,만대,2026년4월 미국 EV 합계(YoY-35%),9,월간·누적 자료는 period 재확인 필요,연간 인덱스 보류,판매대수,월간,2026년 4~5월 단월 판매량이므로 FY 값으로 이관 금지
2026-06-08_하나증권_산업,2026-06-08,하나증권,inbox/하나증권_전자장비와기기_배터리 투자자가 준비해야 하는 3가지_20260608.pdf,demand_forecasts,15,북미,EV,판매대수,2026,7.5,,만대,2026년4월 미국 BEV(YoY-26%),9,월간·누적 자료는 period 재확인 필요,연간 인덱스 보류,판매대수,월간,2026년 4~5월 단월 판매량이므로 FY 값으로 이관 금지
2026-06-08_하나증권_산업,2026-06-08,하나증권,inbox/하나증권_전자장비와기기_배터리 투자자가 준비해야 하는 3가지_20260608.pdf,demand_forecasts,16,북미,EV,판매대수,2026,1.1,,만대,2026년4월 미국 PHEV(YoY-64%),9,월간·누적 자료는 period 재확인 필요,연간 인덱스 보류,판매대수,월간,2026년 4~5월 단월 판매량이므로 FY 값으로 이관 금지
2026-06-08_하나증권_산업,2026-06-08,하나증권,inbox/하나증권_전자장비와기기_배터리 투자자가 준비해야 하는 3가지_20260608.pdf,demand_forecasts,17,중국,EV,판매대수,2026,98.9,,만대,2026년4월 중국 EV 합계(YoY-1%),9,월간·누적 자료는 period 재확인 필요,연간 인덱스 보류,판매대수,월간,2026년 4~5월 단월 판매량이므로 FY 값으로 이관 금지
2026-06-08_하나증권_산업,2026-06-08,하나증권,inbox/하나증권_전자장비와기기_배터리 투자자가 준비해야 하는 3가지_20260608.pdf,demand_forecasts,18,중국,EV,판매대수,2026,71.2,,만대,2026년4월 중국 BEV(YoY+11%),9,월간·누적 자료는 period 재확인 필요,연간 인덱스 보류,판매대수,월간,2026년 4~5월 단월 판매량이므로 FY 값으로 이관 금지
2026-06-08_하나증권_산업,2026-06-08,하나증권,inbox/하나증권_전자장비와기기_배터리 투자자가 준비해야 하는 3가지_20260608.pdf,demand_forecasts,19,중국,EV,판매대수,2026,27.7,,만대,2026년4월 중국 PHEV(YoY-20%),9,월간·누적 자료는 period 재확인 필요,연간 인덱스 보류,판매대수,월간,2026년 4~5월 단월 판매량이므로 FY 값으로 이관 금지
2026-06-08_하나증권_산업,2026-06-08,하나증권,inbox/하나증권_전자장비와기기_배터리 투자자가 준비해야 하는 3가지_20260608.pdf,demand_forecasts,20,유럽,EV,판매대수,2026,40.3,,만대,2026년4월 유럽 EV 합계(YoY+27%),9,월간·누적 자료는 period 재확인 필요,연간 인덱스 보류,판매대수,월간,2026년 4~5월 단월 판매량이므로 FY 값으로 이관 금지
2026-06-08_하나증권_산업,2026-06-08,하나증권,inbox/하나증권_전자장비와기기_배터리 투자자가 준비해야 하는 3가지_20260608.pdf,demand_forecasts,21,유럽,EV,판매대수,2026,27.8,,만대,2026년4월 유럽 BEV(YoY+33%),9,월간·누적 자료는 period 재확인 필요,연간 인덱스 보류,판매대수,월간,2026년 4~5월 단월 판매량이므로 FY 값으로 이관 금지
2026-06-08_하나증권_산업,2026-06-08,하나증권,inbox/하나증권_전자장비와기기_배터리 투자자가 준비해야 하는 3가지_20260608.pdf,demand_forecasts,22,유럽,EV,판매대수,2026,12.5,,만대,2026년4월 유럽 PHEV(YoY+16%),9,월간·누적 자료는 period 재확인 필요,연간 인덱스 보류,판매대수,월간,2026년 4~5월 단월 판매량이므로 FY 값으로 이관 금지
2026-06-08_하나증권_산업,2026-06-08,하나증권,inbox/하나증권_전자장비와기기_배터리 투자자가 준비해야 하는 3가지_20260608.pdf,demand_forecasts,23,북미,EV,실적치,2026,44.97,,만대,미국 연간 누적(1-5월) 전기차 판매대수(YoY-29.1%),10,실적치는 원문 지표 재확인 필요 | 월간·누적 자료는 period 재확인 필요,연간 인덱스 보류,판매대수,YTD,2026년 1~4월 또는 1~5월 누적 판매량이므로 FY 값으로 이관 금지
2026-06-08_하나증권_산업,2026-06-08,하나증권,inbox/하나증권_전자장비와기기_배터리 투자자가 준비해야 하는 3가지_20260608.pdf,demand_forecasts,25,중국,EV,실적치,2026,248.1,,만대,중국 연간 누적(1-4월) 전기차 판매대수(YoY-18.0%),10,실적치는 원문 지표 재확인 필요 | 월간·누적 자료는 period 재확인 필요,연간 인덱스 보류,판매대수,YTD,2026년 1~4월 또는 1~5월 누적 판매량이므로 FY 값으로 이관 금지
2026-06-08_하나증권_산업,2026-06-08,하나증권,inbox/하나증권_전자장비와기기_배터리 투자자가 준비해야 하는 3가지_20260608.pdf,demand_forecasts,27,유럽,EV,실적치,2026,33.31,,만대,영국 연간 누적(1-5월) 전기차 판매대수(YoY+26.6%),10,실적치는 원문 지표 재확인 필요 | 월간·누적 자료는 period 재확인 필요,연간 인덱스 보류,판매대수,YTD,2026년 1~4월 또는 1~5월 누적 판매량이므로 FY 값으로 이관 금지
2026-06-08_하나증권_산업,2026-06-08,하나증권,inbox/하나증권_전자장비와기기_배터리 투자자가 준비해야 하는 3가지_20260608.pdf,demand_forecasts,29,유럽,EV,실적치,2026,32.76,,만대,독일 연간 누적(1-4월) 전기차 판매대수(YoY+32.9%),10,실적치는 원문 지표 재확인 필요 | 월간·누적 자료는 period 재확인 필요,연간 인덱스 보류,판매대수,YTD,2026년 1~4월 또는 1~5월 누적 판매량이므로 FY 값으로 이관 금지
2026-06-08_하나증권_산업,2026-06-08,하나증권,inbox/하나증권_전자장비와기기_배터리 투자자가 준비해야 하는 3가지_20260608.pdf,demand_forecasts,31,유럽,EV,실적치,2026,22.3,,만대,프랑스 연간 누적(1-5월) 전기차 판매대수(YoY+42.2%),10,실적치는 원문 지표 재확인 필요 | 월간·누적 자료는 period 재확인 필요,연간 인덱스 보류,판매대수,YTD,2026년 1~4월 또는 1~5월 누적 판매량이므로 FY 값으로 이관 금지
2026-06-08_하나증권_산업,2026-06-08,하나증권,inbox/하나증권_전자장비와기기_배터리 투자자가 준비해야 하는 3가지_20260608.pdf,demand_forecasts,33,유럽,EV,실적치,2026,7.37,,만대,스웨덴 연간 누적(1-5월) 전기차 판매대수(YoY+7.7%),10,실적치는 원문 지표 재확인 필요 | 월간·누적 자료는 period 재확인 필요,연간 인덱스 보류,판매대수,YTD,2026년 1~4월 또는 1~5월 누적 판매량이므로 FY 값으로 이관 금지
2026-06-08_하나증권_산업,2026-06-08,하나증권,inbox/하나증권_전자장비와기기_배터리 투자자가 준비해야 하는 3가지_20260608.pdf,demand_forecasts,35,유럽,EV,실적치,2026,5.38,,만대,노르웨이 연간 누적(1-5월) 전기차 판매대수(YoY-3.0%),10,실적치는 원문 지표 재확인 필요 | 월간·누적 자료는 period 재확인 필요,연간 인덱스 보류,판매대수,YTD,2026년 1~4월 또는 1~5월 누적 판매량이므로 FY 값으로 이관 금지
2026-06-08_하나증권_산업,2026-06-08,하나증권,inbox/하나증권_전자장비와기기_배터리 투자자가 준비해야 하는 3가지_20260608.pdf,demand_forecasts,37,글로벌,ESS,실적치,2026,88.1,,GWh,"글로벌 ESS 신규 설치 누적(1-4월, YoY+30.8%)",8,실적치는 원문 지표 재확인 필요 | 월간·누적 자료는 period 재확인 필요,연간 인덱스 보류,설치에너지,YTD,2026년 1~4월 ESS 신규 설치 누적값이므로 FY 값으로 이관 금지
2026-06-08_하나증권_산업,2026-06-08,하나증권,inbox/하나증권_전자장비와기기_배터리 투자자가 준비해야 하는 3가지_20260608.pdf,demand_forecasts,38,북미,ESS,실적치,2026,12.4,,GWh,"미국 ESS 신규 설치 누적(1-4월, YoY+10.5%)",8,실적치는 원문 지표 재확인 필요 | 월간·누적 자료는 period 재확인 필요,연간 인덱스 보류,설치에너지,YTD,2026년 1~4월 ESS 신규 설치 누적값이므로 FY 값으로 이관 금지
2026-06-08_하나증권_산업,2026-06-08,하나증권,inbox/하나증권_전자장비와기기_배터리 투자자가 준비해야 하는 3가지_20260608.pdf,demand_forecasts,39,유럽,ESS,실적치,2026,10.2,,GWh,"유럽 ESS 신규 설치 누적(1-4월, YoY+67.7%)",8,실적치는 원문 지표 재확인 필요 | 월간·누적 자료는 period 재확인 필요,연간 인덱스 보류,설치에너지,YTD,2026년 1~4월 ESS 신규 설치 누적값이므로 FY 값으로 이관 금지
2026-06-08_하나증권_산업,2026-06-08,하나증권,inbox/하나증권_전자장비와기기_배터리 투자자가 준비해야 하는 3가지_20260608.pdf,demand_forecasts,40,중국,ESS,실적치,2026,41.0,,GWh,"중국 ESS 신규 설치 누적(1-4월, YoY+10.9%)",8,실적치는 원문 지표 재확인 필요 | 월간·누적 자료는 period 재확인 필요,연간 인덱스 보류,설치에너지,YTD,2026년 1~4월 ESS 신규 설치 누적값이므로 FY 값으로 이관 금지
2026-06-08_하나증권_산업,2026-06-08,하나증권,inbox/하나증권_전자장비와기기_배터리 투자자가 준비해야 하는 3가지_20260608.pdf,demand_forecasts,41,기타,ESS,실적치,2026,24.5,,GWh,"기타지역 ESS 신규 설치 누적(1-4월, YoY+87.4%)",8,실적치는 원문 지표 재확인 필요 | 월간·누적 자료는 period 재확인 필요,연간 인덱스 보류,설치에너지,YTD,2026년 1~4월 ESS 신규 설치 누적값이므로 FY 값으로 이관 금지
2026-06-08_하나증권_산업,2026-06-08,하나증권,inbox/하나증권_전자장비와기기_배터리 투자자가 준비해야 하는 3가지_20260608.pdf,demand_forecasts,42,글로벌,EV,실적치,2026,352.7,,GWh,"글로벌 전기차용 리튬이온 배터리 출하량 누적(1-4월, YoY+14%)",15,실적치는 원문 지표 재확인 필요 | 월간·누적 자료는 period 재확인 필요,연간 인덱스 보류,수요량,YTD,2026년 1~4월 전기차용 배터리 출하 누적값이므로 FY 값으로 이관 금지
