report_id,date,house,origin_schema,legacy_row,series_id,market,application,system_type,geography_raw,geography,parent_geography,geography_level,metric,fy,period,value,value_prev,unit,value_type,series_class,subsegment_raw,basis,scope_note,source_owner,source_kind,extraction_method,value_precision,source_page
2023-05-23_SK증권_산업,2023-05-23,SK증권,demand_forecasts,1,legacy_p60_0c54f7b67c,EV,전체,,글로벌,글로벌,,글로벌,판매대수,2023,FY,545,,만대,추정,시장전체,,중국 제외 EV 출하량,,,원천불명,표,근사,60
2023-05-23_SK증권_산업,2023-05-23,SK증권,demand_forecasts,2,legacy_p60_0c54f7b67c,EV,전체,,글로벌,글로벌,,글로벌,판매대수,2024,FY,648,,만대,추정,시장전체,,중국 제외 EV 출하량,,,원천불명,표,근사,60
2023-05-23_SK증권_산업,2023-05-23,SK증권,demand_forecasts,3,legacy_p60_0c54f7b67c,EV,전체,,글로벌,글로벌,,글로벌,판매대수,2025,FY,791,,만대,추정,시장전체,,중국 제외 EV 출하량,,,원천불명,표,근사,60
2023-05-23_SK증권_산업,2023-05-23,SK증권,demand_forecasts,4,legacy_p60_0c54f7b67c,EV,전체,,글로벌,글로벌,,글로벌,판매대수,2026,FY,1029,,만대,추정,시장전체,,중국 제외 EV 출하량,,,원천불명,표,근사,60
2023-05-23_SK증권_산업,2023-05-23,SK증권,demand_forecasts,5,legacy_p60_0c54f7b67c,EV,전체,,글로벌,글로벌,,글로벌,판매대수,2027,FY,1216,,만대,추정,시장전체,,중국 제외 EV 출하량,,,원천불명,표,근사,60
2023-05-23_SK증권_산업,2023-05-23,SK증권,demand_forecasts,6,legacy_p60_0c54f7b67c,EV,전체,,글로벌,글로벌,,글로벌,판매대수,2028,FY,1456,,만대,추정,시장전체,,중국 제외 EV 출하량,,,원천불명,표,근사,60
2023-05-23_SK증권_산업,2023-05-23,SK증권,demand_forecasts,7,legacy_p60_0c54f7b67c,EV,전체,,글로벌,글로벌,,글로벌,판매대수,2029,FY,1704,,만대,추정,시장전체,,중국 제외 EV 출하량,,,원천불명,표,근사,60
2023-05-23_SK증권_산업,2023-05-23,SK증권,demand_forecasts,8,legacy_p60_0c54f7b67c,EV,전체,,글로벌,글로벌,,글로벌,판매대수,2030,FY,1937,,만대,추정,시장전체,,중국 제외 EV 출하량,,,원천불명,표,근사,60
2023-05-23_SK증권_산업,2023-05-23,SK증권,demand_forecasts,9,legacy_p60_0c54f7b67c,EV,전체,,글로벌,글로벌,,글로벌,판매대수,2031,FY,2174,,만대,추정,시장전체,,중국 제외 EV 출하량,,,원천불명,표,근사,60
2023-05-23_SK증권_산업,2023-05-23,SK증권,demand_forecasts,10,legacy_p60_0c54f7b67c,EV,전체,,글로벌,글로벌,,글로벌,판매대수,2032,FY,2478,,만대,추정,시장전체,,중국 제외 EV 출하량,,,원천불명,표,근사,60
2023-05-23_SK증권_산업,2023-05-23,SK증권,demand_forecasts,11,legacy_p60_0c54f7b67c,EV,전체,,글로벌,글로벌,,글로벌,판매대수,2033,FY,2771,,만대,추정,시장전체,,중국 제외 EV 출하량,,,원천불명,표,근사,60
2023-05-23_SK증권_산업,2023-05-23,SK증권,demand_forecasts,12,legacy_p60_0c54f7b67c,EV,전체,,글로벌,글로벌,,글로벌,판매대수,2034,FY,3104,,만대,추정,시장전체,,중국 제외 EV 출하량,,,원천불명,표,근사,60
2023-05-23_SK증권_산업,2023-05-23,SK증권,demand_forecasts,13,legacy_p60_0c54f7b67c,EV,전체,,글로벌,글로벌,,글로벌,판매대수,2035,FY,3444,,만대,추정,시장전체,,중국 제외 EV 출하량,,,원천불명,표,근사,60
2023-05-23_SK증권_산업,2023-05-23,SK증권,demand_forecasts,14,legacy_p60_9741323904,EV,전체,,글로벌,글로벌,,글로벌,수요량,2023,FY,300,,GWh,추정,시장전체,,중국 제외 EV용 배터리 수요,,,원천불명,표,근사,60
2023-05-23_SK증권_산업,2023-05-23,SK증권,demand_forecasts,15,legacy_p60_9741323904,EV,전체,,글로벌,글로벌,,글로벌,수요량,2024,FY,389,,GWh,추정,시장전체,,중국 제외 EV용 배터리 수요,,,원천불명,표,근사,60
2023-05-23_SK증권_산업,2023-05-23,SK증권,demand_forecasts,16,legacy_p60_9741323904,EV,전체,,글로벌,글로벌,,글로벌,수요량,2025,FY,514,,GWh,추정,시장전체,,중국 제외 EV용 배터리 수요,,,원천불명,표,근사,60
2023-05-23_SK증권_산업,2023-05-23,SK증권,demand_forecasts,17,legacy_p60_9741323904,EV,전체,,글로벌,글로벌,,글로벌,수요량,2026,FY,720,,GWh,추정,시장전체,,중국 제외 EV용 배터리 수요,,,원천불명,표,근사,60
2023-05-23_SK증권_산업,2023-05-23,SK증권,demand_forecasts,18,legacy_p60_9741323904,EV,전체,,글로벌,글로벌,,글로벌,수요량,2027,FY,875,,GWh,추정,시장전체,,중국 제외 EV용 배터리 수요,,,원천불명,표,근사,60
2023-05-23_SK증권_산업,2023-05-23,SK증권,demand_forecasts,19,legacy_p60_9741323904,EV,전체,,글로벌,글로벌,,글로벌,수요량,2028,FY,1078,,GWh,추정,시장전체,,중국 제외 EV용 배터리 수요,,,원천불명,표,근사,60
2023-05-23_SK증권_산업,2023-05-23,SK증권,demand_forecasts,20,legacy_p60_9741323904,EV,전체,,글로벌,글로벌,,글로벌,수요량,2029,FY,1295,,GWh,추정,시장전체,,중국 제외 EV용 배터리 수요,,,원천불명,표,근사,60
2023-05-23_SK증권_산업,2023-05-23,SK증권,demand_forecasts,21,legacy_p60_9741323904,EV,전체,,글로벌,글로벌,,글로벌,수요량,2030,FY,1492,,GWh,추정,시장전체,,중국 제외 EV용 배터리 수요,,,원천불명,표,근사,60
2023-05-23_SK증권_산업,2023-05-23,SK증권,demand_forecasts,22,legacy_p60_9741323904,EV,전체,,글로벌,글로벌,,글로벌,수요량,2031,FY,1696,,GWh,추정,시장전체,,중국 제외 EV용 배터리 수요,,,원천불명,표,근사,60
2023-05-23_SK증권_산업,2023-05-23,SK증권,demand_forecasts,23,legacy_p60_9741323904,EV,전체,,글로벌,글로벌,,글로벌,수요량,2032,FY,1957,,GWh,추정,시장전체,,중국 제외 EV용 배터리 수요,,,원천불명,표,근사,60
2023-05-23_SK증권_산업,2023-05-23,SK증권,demand_forecasts,24,legacy_p60_9741323904,EV,전체,,글로벌,글로벌,,글로벌,수요량,2033,FY,2217,,GWh,추정,시장전체,,중국 제외 EV용 배터리 수요,,,원천불명,표,근사,60
2023-05-23_SK증권_산업,2023-05-23,SK증권,demand_forecasts,25,legacy_p60_9741323904,EV,전체,,글로벌,글로벌,,글로벌,수요량,2034,FY,2483,,GWh,추정,시장전체,,중국 제외 EV용 배터리 수요,,,원천불명,표,근사,60
2023-05-23_SK증권_산업,2023-05-23,SK증권,demand_forecasts,26,legacy_p60_9741323904,EV,전체,,글로벌,글로벌,,글로벌,수요량,2035,FY,2756,,GWh,추정,시장전체,,중국 제외 EV용 배터리 수요,,,원천불명,표,근사,60
2023-05-23_SK증권_산업,2023-05-23,SK증권,demand_forecasts,27,legacy_p60_a97b59eccf,ESS,전체,,글로벌,글로벌,,글로벌,수요량,2023,FY,10,,GWh,추정,시장전체,,주택용 ESS 증분 수요,,,원천불명,표,근사,60
2023-05-23_SK증권_산업,2023-05-23,SK증권,demand_forecasts,28,legacy_p60_a97b59eccf,ESS,전체,,글로벌,글로벌,,글로벌,수요량,2024,FY,26,,GWh,추정,시장전체,,주택용 ESS 증분 수요,,,원천불명,표,근사,60
2023-05-23_SK증권_산업,2023-05-23,SK증권,demand_forecasts,29,legacy_p60_a97b59eccf,ESS,전체,,글로벌,글로벌,,글로벌,수요량,2025,FY,64,,GWh,추정,시장전체,,주택용 ESS 증분 수요,,,원천불명,표,근사,60
2023-05-23_SK증권_산업,2023-05-23,SK증권,demand_forecasts,30,legacy_p60_a97b59eccf,ESS,전체,,글로벌,글로벌,,글로벌,수요량,2026,FY,128,,GWh,추정,시장전체,,주택용 ESS 증분 수요,,,원천불명,표,근사,60
2023-05-23_SK증권_산업,2023-05-23,SK증권,demand_forecasts,31,legacy_p60_a97b59eccf,ESS,전체,,글로벌,글로벌,,글로벌,수요량,2027,FY,186,,GWh,추정,시장전체,,주택용 ESS 증분 수요,,,원천불명,표,근사,60
2023-05-23_SK증권_산업,2023-05-23,SK증권,demand_forecasts,32,legacy_p60_a97b59eccf,ESS,전체,,글로벌,글로벌,,글로벌,수요량,2028,FY,198,,GWh,추정,시장전체,,주택용 ESS 증분 수요,,,원천불명,표,근사,60
2023-05-23_SK증권_산업,2023-05-23,SK증권,demand_forecasts,33,legacy_p60_a97b59eccf,ESS,전체,,글로벌,글로벌,,글로벌,수요량,2029,FY,250,,GWh,추정,시장전체,,주택용 ESS 증분 수요,,,원천불명,표,근사,60
2023-05-23_SK증권_산업,2023-05-23,SK증권,demand_forecasts,34,legacy_p60_a97b59eccf,ESS,전체,,글로벌,글로벌,,글로벌,수요량,2030,FY,256,,GWh,추정,시장전체,,주택용 ESS 증분 수요,,,원천불명,표,근사,60
2023-05-23_SK증권_산업,2023-05-23,SK증권,demand_forecasts,35,legacy_p60_a97b59eccf,ESS,전체,,글로벌,글로벌,,글로벌,수요량,2031,FY,320,,GWh,추정,시장전체,,주택용 ESS 증분 수요,,,원천불명,표,근사,60
2023-05-23_SK증권_산업,2023-05-23,SK증권,demand_forecasts,36,legacy_p60_a97b59eccf,ESS,전체,,글로벌,글로벌,,글로벌,수요량,2032,FY,384,,GWh,추정,시장전체,,주택용 ESS 증분 수요,,,원천불명,표,근사,60
2023-05-23_SK증권_산업,2023-05-23,SK증권,demand_forecasts,37,legacy_p60_a97b59eccf,ESS,전체,,글로벌,글로벌,,글로벌,수요량,2033,FY,384,,GWh,추정,시장전체,,주택용 ESS 증분 수요,,,원천불명,표,근사,60
2023-05-23_SK증권_산업,2023-05-23,SK증권,demand_forecasts,38,legacy_p60_a97b59eccf,ESS,전체,,글로벌,글로벌,,글로벌,수요량,2034,FY,448,,GWh,추정,시장전체,,주택용 ESS 증분 수요,,,원천불명,표,근사,60
2023-05-23_SK증권_산업,2023-05-23,SK증권,demand_forecasts,39,legacy_p60_a97b59eccf,ESS,전체,,글로벌,글로벌,,글로벌,수요량,2035,FY,512,,GWh,추정,시장전체,,주택용 ESS 증분 수요,,,원천불명,표,근사,60
2023-05-23_SK증권_산업,2023-05-23,SK증권,demand_forecasts,40,legacy_p60_1dbfd402dd,ESS,상업·산업용(C&I),,글로벌,글로벌,,글로벌,수요량,2023,FY,45,,GWh,추정,서브세그먼트,,산업용 ESS 증분 수요,,,원천불명,표,근사,60
2023-05-23_SK증권_산업,2023-05-23,SK증권,demand_forecasts,41,legacy_p60_1dbfd402dd,ESS,상업·산업용(C&I),,글로벌,글로벌,,글로벌,수요량,2024,FY,97,,GWh,추정,서브세그먼트,,산업용 ESS 증분 수요,,,원천불명,표,근사,60
2023-05-23_SK증권_산업,2023-05-23,SK증권,demand_forecasts,42,legacy_p60_1dbfd402dd,ESS,상업·산업용(C&I),,글로벌,글로벌,,글로벌,수요량,2025,FY,244,,GWh,추정,서브세그먼트,,산업용 ESS 증분 수요,,,원천불명,표,근사,60
2023-05-23_SK증권_산업,2023-05-23,SK증권,demand_forecasts,43,legacy_p60_1dbfd402dd,ESS,상업·산업용(C&I),,글로벌,글로벌,,글로벌,수요량,2026,FY,487,,GWh,추정,서브세그먼트,,산업용 ESS 증분 수요,,,원천불명,표,근사,60
2023-05-23_SK증권_산업,2023-05-23,SK증권,demand_forecasts,44,legacy_p60_1dbfd402dd,ESS,상업·산업용(C&I),,글로벌,글로벌,,글로벌,수요량,2027,FY,706,,GWh,추정,서브세그먼트,,산업용 ESS 증분 수요,,,원천불명,표,근사,60
2023-05-23_SK증권_산업,2023-05-23,SK증권,demand_forecasts,45,legacy_p60_1dbfd402dd,ESS,상업·산업용(C&I),,글로벌,글로벌,,글로벌,수요량,2028,FY,755,,GWh,추정,서브세그먼트,,산업용 ESS 증분 수요,,,원천불명,표,근사,60
2023-05-23_SK증권_산업,2023-05-23,SK증권,demand_forecasts,46,legacy_p60_1dbfd402dd,ESS,상업·산업용(C&I),,글로벌,글로벌,,글로벌,수요량,2029,FY,950,,GWh,추정,서브세그먼트,,산업용 ESS 증분 수요,,,원천불명,표,근사,60
2023-05-23_SK증권_산업,2023-05-23,SK증권,demand_forecasts,47,legacy_p60_1dbfd402dd,ESS,상업·산업용(C&I),,글로벌,글로벌,,글로벌,수요량,2030,FY,999,,GWh,추정,서브세그먼트,,산업용 ESS 증분 수요,,,원천불명,표,근사,60
2023-05-23_SK증권_산업,2023-05-23,SK증권,demand_forecasts,48,legacy_p60_1dbfd402dd,ESS,상업·산업용(C&I),,글로벌,글로벌,,글로벌,수요량,2031,FY,1218,,GWh,추정,서브세그먼트,,산업용 ESS 증분 수요,,,원천불명,표,근사,60
2023-05-23_SK증권_산업,2023-05-23,SK증권,demand_forecasts,49,legacy_p60_1dbfd402dd,ESS,상업·산업용(C&I),,글로벌,글로벌,,글로벌,수요량,2032,FY,1462,,GWh,추정,서브세그먼트,,산업용 ESS 증분 수요,,,원천불명,표,근사,60
2023-05-23_SK증권_산업,2023-05-23,SK증권,demand_forecasts,50,legacy_p60_1dbfd402dd,ESS,상업·산업용(C&I),,글로벌,글로벌,,글로벌,수요량,2033,FY,1462,,GWh,추정,서브세그먼트,,산업용 ESS 증분 수요,,,원천불명,표,근사,60
2023-05-23_SK증권_산업,2023-05-23,SK증권,demand_forecasts,51,legacy_p60_1dbfd402dd,ESS,상업·산업용(C&I),,글로벌,글로벌,,글로벌,수요량,2034,FY,1705,,GWh,추정,서브세그먼트,,산업용 ESS 증분 수요,,,원천불명,표,근사,60
2023-05-23_SK증권_산업,2023-05-23,SK증권,demand_forecasts,52,legacy_p60_1dbfd402dd,ESS,상업·산업용(C&I),,글로벌,글로벌,,글로벌,수요량,2035,FY,1949,,GWh,추정,서브세그먼트,,산업용 ESS 증분 수요,,,원천불명,표,근사,60
2023-05-23_SK증권_산업,2023-05-23,SK증권,demand_forecasts,53,legacy_p60_837c012580,ESS,전체,,글로벌,글로벌,,글로벌,수요량,2023,FY,55,,GWh,추정,시장전체,,ESS 배터리 수요 합계(주택+산업),,,원천불명,표,근사,60
2023-05-23_SK증권_산업,2023-05-23,SK증권,demand_forecasts,54,legacy_p60_837c012580,ESS,전체,,글로벌,글로벌,,글로벌,수요량,2024,FY,123,,GWh,추정,시장전체,,ESS 배터리 수요 합계(주택+산업),,,원천불명,표,근사,60
2023-05-23_SK증권_산업,2023-05-23,SK증권,demand_forecasts,55,legacy_p60_837c012580,ESS,전체,,글로벌,글로벌,,글로벌,수요량,2025,FY,308,,GWh,추정,시장전체,,ESS 배터리 수요 합계(주택+산업),,,원천불명,표,근사,60
2023-05-23_SK증권_산업,2023-05-23,SK증권,demand_forecasts,56,legacy_p60_837c012580,ESS,전체,,글로벌,글로벌,,글로벌,수요량,2026,FY,615,,GWh,추정,시장전체,,ESS 배터리 수요 합계(주택+산업),,,원천불명,표,근사,60
2023-05-23_SK증권_산업,2023-05-23,SK증권,demand_forecasts,57,legacy_p60_837c012580,ESS,전체,,글로벌,글로벌,,글로벌,수요량,2027,FY,892,,GWh,추정,시장전체,,ESS 배터리 수요 합계(주택+산업),,,원천불명,표,근사,60
2023-05-23_SK증권_산업,2023-05-23,SK증권,demand_forecasts,58,legacy_p60_837c012580,ESS,전체,,글로벌,글로벌,,글로벌,수요량,2028,FY,954,,GWh,추정,시장전체,,ESS 배터리 수요 합계(주택+산업),,,원천불명,표,근사,60
2023-05-23_SK증권_산업,2023-05-23,SK증권,demand_forecasts,59,legacy_p60_837c012580,ESS,전체,,글로벌,글로벌,,글로벌,수요량,2029,FY,1200,,GWh,추정,시장전체,,ESS 배터리 수요 합계(주택+산업),,,원천불명,표,근사,60
2023-05-23_SK증권_산업,2023-05-23,SK증권,demand_forecasts,60,legacy_p60_837c012580,ESS,전체,,글로벌,글로벌,,글로벌,수요량,2030,FY,1261,,GWh,추정,시장전체,,ESS 배터리 수요 합계(주택+산업),,,원천불명,표,근사,60
2023-05-23_SK증권_산업,2023-05-23,SK증권,demand_forecasts,61,legacy_p60_837c012580,ESS,전체,,글로벌,글로벌,,글로벌,수요량,2031,FY,1538,,GWh,추정,시장전체,,ESS 배터리 수요 합계(주택+산업),,,원천불명,표,근사,60
2023-05-23_SK증권_산업,2023-05-23,SK증권,demand_forecasts,62,legacy_p60_837c012580,ESS,전체,,글로벌,글로벌,,글로벌,수요량,2032,FY,1846,,GWh,추정,시장전체,,ESS 배터리 수요 합계(주택+산업),,,원천불명,표,근사,60
2023-05-23_SK증권_산업,2023-05-23,SK증권,demand_forecasts,63,legacy_p60_837c012580,ESS,전체,,글로벌,글로벌,,글로벌,수요량,2033,FY,1846,,GWh,추정,시장전체,,ESS 배터리 수요 합계(주택+산업),,,원천불명,표,근사,60
2023-05-23_SK증권_산업,2023-05-23,SK증권,demand_forecasts,64,legacy_p60_837c012580,ESS,전체,,글로벌,글로벌,,글로벌,수요량,2034,FY,2153,,GWh,추정,시장전체,,ESS 배터리 수요 합계(주택+산업),,,원천불명,표,근사,60
2023-05-23_SK증권_산업,2023-05-23,SK증권,demand_forecasts,65,legacy_p60_837c012580,ESS,전체,,글로벌,글로벌,,글로벌,수요량,2035,FY,2461,,GWh,추정,시장전체,,ESS 배터리 수요 합계(주택+산업),,,원천불명,표,근사,60
2023-05-23_SK증권_산업,2023-05-23,SK증권,demand_forecasts,79,legacy_p49_ec594f9297,EV,전체,,글로벌,글로벌,,글로벌,판매대수,2023,FY,1370,,만대,추정,시장전체,,중국 포함 글로벌 EV 출하량 전체,,,원천불명,표,근사,49
2023-05-23_SK증권_산업,2023-05-23,SK증권,demand_forecasts,80,legacy_p49_ec594f9297,EV,전체,,글로벌,글로벌,,글로벌,판매대수,2024,FY,1740,,만대,추정,시장전체,,중국 포함 글로벌 EV 출하량 전체,,,원천불명,표,근사,49
2023-05-23_SK증권_산업,2023-05-23,SK증권,demand_forecasts,81,legacy_p49_ec594f9297,EV,전체,,글로벌,글로벌,,글로벌,판매대수,2025,FY,2070,,만대,추정,시장전체,,중국 포함 글로벌 EV 출하량 전체,,,원천불명,표,근사,49
2023-05-23_SK증권_산업,2023-05-23,SK증권,demand_forecasts,82,legacy_p49_ec594f9297,EV,전체,,글로벌,글로벌,,글로벌,판매대수,2026,FY,2405,,만대,추정,시장전체,,중국 포함 글로벌 EV 출하량 전체,,,원천불명,표,근사,49
2023-05-23_SK증권_산업,2023-05-23,SK증권,demand_forecasts,83,legacy_p49_ec594f9297,EV,전체,,글로벌,글로벌,,글로벌,판매대수,2027,FY,2755,,만대,추정,시장전체,,중국 포함 글로벌 EV 출하량 전체,,,원천불명,표,근사,49
2023-05-23_SK증권_산업,2023-05-23,SK증권,demand_forecasts,84,legacy_p49_ec594f9297,EV,전체,,글로벌,글로벌,,글로벌,판매대수,2028,FY,3135,,만대,추정,시장전체,,중국 포함 글로벌 EV 출하량 전체,,,원천불명,표,근사,49
2023-05-23_SK증권_산업,2023-05-23,SK증권,demand_forecasts,85,legacy_p49_ec594f9297,EV,전체,,글로벌,글로벌,,글로벌,판매대수,2029,FY,3515,,만대,추정,시장전체,,중국 포함 글로벌 EV 출하량 전체,,,원천불명,표,근사,49
2023-05-23_SK증권_산업,2023-05-23,SK증권,demand_forecasts,86,legacy_p49_ec594f9297,EV,전체,,글로벌,글로벌,,글로벌,판매대수,2030,FY,3895,,만대,추정,시장전체,,중국 포함 글로벌 EV 출하량 전체,,,원천불명,표,근사,49
2023-05-23_SK증권_산업,2023-05-23,SK증권,demand_forecasts,87,legacy_p49_ec594f9297,EV,전체,,글로벌,글로벌,,글로벌,판매대수,2031,FY,4275,,만대,추정,시장전체,,중국 포함 글로벌 EV 출하량 전체,,,원천불명,표,근사,49
2023-05-23_SK증권_산업,2023-05-23,SK증권,demand_forecasts,88,legacy_p49_ec594f9297,EV,전체,,글로벌,글로벌,,글로벌,판매대수,2032,FY,4750,,만대,추정,시장전체,,중국 포함 글로벌 EV 출하량 전체,,,원천불명,표,근사,49
2023-05-23_SK증권_산업,2023-05-23,SK증권,demand_forecasts,89,legacy_p49_ec594f9297,EV,전체,,글로벌,글로벌,,글로벌,판매대수,2033,FY,5225,,만대,추정,시장전체,,중국 포함 글로벌 EV 출하량 전체,,,원천불명,표,근사,49
2023-05-23_SK증권_산업,2023-05-23,SK증권,demand_forecasts,90,legacy_p49_ec594f9297,EV,전체,,글로벌,글로벌,,글로벌,판매대수,2034,FY,5700,,만대,추정,시장전체,,중국 포함 글로벌 EV 출하량 전체,,,원천불명,표,근사,49
2023-05-23_SK증권_산업,2023-05-23,SK증권,demand_forecasts,91,legacy_p49_ec594f9297,EV,전체,,글로벌,글로벌,,글로벌,판매대수,2035,FY,6175,,만대,추정,시장전체,,중국 포함 글로벌 EV 출하량 전체,,,원천불명,표,근사,49
2023-05-23_SK증권_산업,2023-05-23,SK증권,demand_forecasts,131,legacy_p49_7e318b3786,EV,전체,,글로벌,글로벌,,글로벌,침투율,2025,FY,25,,%,추정,시장전체,,당사 전기차 침투율 가정(자동차 시장 내),,,원천불명,표,근사,49
2023-05-23_SK증권_산업,2023-05-23,SK증권,demand_forecasts,132,legacy_p49_315b98ff6f,EV,전체,,글로벌,글로벌,,글로벌,침투율,2030,FY,41,,%,추정,시장전체,,당사 전기차 침투율 가정(자본시장 눈높이 50%대비 보수적),,,원천불명,표,근사,49
2023-05-23_SK증권_산업,2023-05-23,SK증권,demand_forecasts,133,legacy_p49_36027891d0,EV,전체,,글로벌,글로벌,,글로벌,침투율,2035,FY,65,,%,추정,시장전체,,당사 전기차 침투율 가정,,,원천불명,표,근사,49
2023-05-23_SK증권_산업,2023-05-23,SK증권,demand_forecasts,138,legacy_p55_6a189c204e,EV,전체,,글로벌,글로벌,,글로벌,성장률,2030,FY,25,,%,추정,시장전체,,EV 배터리 수요 2022~2030 8년 CAGR,,,원천불명,표,근사,55
2023-05-23_SK증권_산업,2023-05-23,SK증권,demand_forecasts,139,legacy_p55_a7dacc199d,ESS,전체,,글로벌,글로벌,,글로벌,성장률,2030,FY,27,,%,추정,시장전체,,ESS 배터리 수요 2022~2030 8년 CAGR,,,원천불명,표,근사,55
2023-05-23_SK증권_산업,2023-05-23,SK증권,demand_forecasts,142,legacy_p48_9a13b24db9,EV,전체,,글로벌(중국 외),글로벌,,글로벌,수요량,2030,FY,2999,,GWh,추정,서브세그먼트,,"본문 서술 수치. 동일 보고서의 상세 수급표(p.49, 1,492GWh)와 값이 상이하나 원문 그대로 수집",중국 제외,,원천불명,본문,근사,48
2023-07-06_대신증권_산업,2023-07-06,대신증권,demand_forecasts,3,legacy_p48_119c31743a,EV,전체,,중국,중국,글로벌,국가,수요량,2023,FY,418,,GWh,추정,시장전체,,"글로벌 EV 배터리 시장 추정(PHEV+BEV 기준, 지역별, 표44)",,,원천불명,표,근사,48
2023-07-06_대신증권_산업,2023-07-06,대신증권,demand_forecasts,4,legacy_p48_119c31743a,EV,전체,,중국,중국,글로벌,국가,수요량,2024,FY,544,,GWh,추정,시장전체,,"글로벌 EV 배터리 시장 추정(PHEV+BEV 기준, 지역별, 표44)",,,원천불명,표,근사,48
2023-07-06_대신증권_산업,2023-07-06,대신증권,demand_forecasts,5,legacy_p48_119c31743a,EV,전체,,중국,중국,글로벌,국가,수요량,2025,FY,631,,GWh,추정,시장전체,,"글로벌 EV 배터리 시장 추정(PHEV+BEV 기준, 지역별, 표44)",,,원천불명,표,근사,48
2023-07-06_대신증권_산업,2023-07-06,대신증권,demand_forecasts,6,legacy_p48_119c31743a,EV,전체,,중국,중국,글로벌,국가,수요량,2026,FY,715,,GWh,추정,시장전체,,"글로벌 EV 배터리 시장 추정(PHEV+BEV 기준, 지역별, 표44)",,,원천불명,표,근사,48
2023-07-06_대신증권_산업,2023-07-06,대신증권,demand_forecasts,7,legacy_p48_119c31743a,EV,전체,,중국,중국,글로벌,국가,수요량,2027,FY,783,,GWh,추정,시장전체,,"글로벌 EV 배터리 시장 추정(PHEV+BEV 기준, 지역별, 표44)",,,원천불명,표,근사,48
2023-07-06_대신증권_산업,2023-07-06,대신증권,demand_forecasts,8,legacy_p48_119c31743a,EV,전체,,중국,중국,글로벌,국가,수요량,2028,FY,881,,GWh,추정,시장전체,,"글로벌 EV 배터리 시장 추정(PHEV+BEV 기준, 지역별, 표44)",,,원천불명,표,근사,48
2023-07-06_대신증권_산업,2023-07-06,대신증권,demand_forecasts,9,legacy_p48_119c31743a,EV,전체,,중국,중국,글로벌,국가,수요량,2029,FY,992,,GWh,추정,시장전체,,"글로벌 EV 배터리 시장 추정(PHEV+BEV 기준, 지역별, 표44)",,,원천불명,표,근사,48
2023-07-06_대신증권_산업,2023-07-06,대신증권,demand_forecasts,10,legacy_p48_119c31743a,EV,전체,,중국,중국,글로벌,국가,수요량,2030,FY,1122,,GWh,추정,시장전체,,"글로벌 EV 배터리 시장 추정(PHEV+BEV 기준, 지역별, 표44)",,,원천불명,표,근사,48
2023-07-06_대신증권_산업,2023-07-06,대신증권,demand_forecasts,13,legacy_p48_f0e6a91c51,EV,전체,,유럽,유럽,글로벌,권역,수요량,2023,FY,158,,GWh,추정,시장전체,,"글로벌 EV 배터리 시장 추정(PHEV+BEV 기준, 지역별, 표44)",,,원천불명,표,근사,48
2023-07-06_대신증권_산업,2023-07-06,대신증권,demand_forecasts,14,legacy_p48_f0e6a91c51,EV,전체,,유럽,유럽,글로벌,권역,수요량,2024,FY,213,,GWh,추정,시장전체,,"글로벌 EV 배터리 시장 추정(PHEV+BEV 기준, 지역별, 표44)",,,원천불명,표,근사,48
2023-07-06_대신증권_산업,2023-07-06,대신증권,demand_forecasts,15,legacy_p48_f0e6a91c51,EV,전체,,유럽,유럽,글로벌,권역,수요량,2025,FY,283,,GWh,추정,시장전체,,"글로벌 EV 배터리 시장 추정(PHEV+BEV 기준, 지역별, 표44)",,,원천불명,표,근사,48
2023-07-06_대신증권_산업,2023-07-06,대신증권,demand_forecasts,16,legacy_p48_f0e6a91c51,EV,전체,,유럽,유럽,글로벌,권역,수요량,2026,FY,429,,GWh,추정,시장전체,,"글로벌 EV 배터리 시장 추정(PHEV+BEV 기준, 지역별, 표44)",,,원천불명,표,근사,48
2023-07-06_대신증권_산업,2023-07-06,대신증권,demand_forecasts,17,legacy_p48_f0e6a91c51,EV,전체,,유럽,유럽,글로벌,권역,수요량,2027,FY,539,,GWh,추정,시장전체,,"글로벌 EV 배터리 시장 추정(PHEV+BEV 기준, 지역별, 표44)",,,원천불명,표,근사,48
2023-07-06_대신증권_산업,2023-07-06,대신증권,demand_forecasts,18,legacy_p48_f0e6a91c51,EV,전체,,유럽,유럽,글로벌,권역,수요량,2028,FY,720,,GWh,추정,시장전체,,"글로벌 EV 배터리 시장 추정(PHEV+BEV 기준, 지역별, 표44)",,,원천불명,표,근사,48
2023-07-06_대신증권_산업,2023-07-06,대신증권,demand_forecasts,19,legacy_p48_f0e6a91c51,EV,전체,,유럽,유럽,글로벌,권역,수요량,2029,FY,939,,GWh,추정,시장전체,,"글로벌 EV 배터리 시장 추정(PHEV+BEV 기준, 지역별, 표44)",,,원천불명,표,근사,48
2023-07-06_대신증권_산업,2023-07-06,대신증권,demand_forecasts,20,legacy_p48_f0e6a91c51,EV,전체,,유럽,유럽,글로벌,권역,수요량,2030,FY,1169,,GWh,추정,시장전체,,"글로벌 EV 배터리 시장 추정(PHEV+BEV 기준, 지역별, 표44)",,,원천불명,표,근사,48
2023-07-06_대신증권_산업,2023-07-06,대신증권,demand_forecasts,23,legacy_p48_e8bc58b5c2,EV,전체,,북미,북미,글로벌,권역,수요량,2023,FY,118,,GWh,추정,시장전체,,"글로벌 EV 배터리 시장 추정(PHEV+BEV 기준, 지역별, 표44)",,,원천불명,표,근사,48
2023-07-06_대신증권_산업,2023-07-06,대신증권,demand_forecasts,24,legacy_p48_e8bc58b5c2,EV,전체,,북미,북미,글로벌,권역,수요량,2024,FY,212,,GWh,추정,시장전체,,"글로벌 EV 배터리 시장 추정(PHEV+BEV 기준, 지역별, 표44)",,,원천불명,표,근사,48
2023-07-06_대신증권_산업,2023-07-06,대신증권,demand_forecasts,25,legacy_p48_e8bc58b5c2,EV,전체,,북미,북미,글로벌,권역,수요량,2025,FY,331,,GWh,추정,시장전체,,"글로벌 EV 배터리 시장 추정(PHEV+BEV 기준, 지역별, 표44)",,,원천불명,표,근사,48
2023-07-06_대신증권_산업,2023-07-06,대신증권,demand_forecasts,26,legacy_p48_e8bc58b5c2,EV,전체,,북미,북미,글로벌,권역,수요량,2026,FY,431,,GWh,추정,시장전체,,"글로벌 EV 배터리 시장 추정(PHEV+BEV 기준, 지역별, 표44)",,,원천불명,표,근사,48
2023-07-06_대신증권_산업,2023-07-06,대신증권,demand_forecasts,27,legacy_p48_e8bc58b5c2,EV,전체,,북미,북미,글로벌,권역,수요량,2027,FY,609,,GWh,추정,시장전체,,"글로벌 EV 배터리 시장 추정(PHEV+BEV 기준, 지역별, 표44)",,,원천불명,표,근사,48
2023-07-06_대신증권_산업,2023-07-06,대신증권,demand_forecasts,28,legacy_p48_e8bc58b5c2,EV,전체,,북미,북미,글로벌,권역,수요량,2028,FY,791,,GWh,추정,시장전체,,"글로벌 EV 배터리 시장 추정(PHEV+BEV 기준, 지역별, 표44)",,,원천불명,표,근사,48
2023-07-06_대신증권_산업,2023-07-06,대신증권,demand_forecasts,29,legacy_p48_e8bc58b5c2,EV,전체,,북미,북미,글로벌,권역,수요량,2029,FY,969,,GWh,추정,시장전체,,"글로벌 EV 배터리 시장 추정(PHEV+BEV 기준, 지역별, 표44)",,,원천불명,표,근사,48
2023-07-06_대신증권_산업,2023-07-06,대신증권,demand_forecasts,30,legacy_p48_e8bc58b5c2,EV,전체,,북미,북미,글로벌,권역,수요량,2030,FY,1188,,GWh,추정,시장전체,,"글로벌 EV 배터리 시장 추정(PHEV+BEV 기준, 지역별, 표44)",,,원천불명,표,근사,48
2023-07-06_대신증권_산업,2023-07-06,대신증권,demand_forecasts,33,legacy_p48_c23d86e76d,EV,전체,,기타,기타,글로벌,권역,수요량,2023,FY,29,,GWh,추정,시장전체,,"글로벌 EV 배터리 시장 추정(PHEV+BEV 기준, 지역별, 표44)",,,원천불명,표,근사,48
2023-07-06_대신증권_산업,2023-07-06,대신증권,demand_forecasts,34,legacy_p48_c23d86e76d,EV,전체,,기타,기타,글로벌,권역,수요량,2024,FY,51,,GWh,추정,시장전체,,"글로벌 EV 배터리 시장 추정(PHEV+BEV 기준, 지역별, 표44)",,,원천불명,표,근사,48
2023-07-06_대신증권_산업,2023-07-06,대신증권,demand_forecasts,35,legacy_p48_c23d86e76d,EV,전체,,기타,기타,글로벌,권역,수요량,2025,FY,77,,GWh,추정,시장전체,,"글로벌 EV 배터리 시장 추정(PHEV+BEV 기준, 지역별, 표44)",,,원천불명,표,근사,48
2023-07-06_대신증권_산업,2023-07-06,대신증권,demand_forecasts,36,legacy_p48_c23d86e76d,EV,전체,,기타,기타,글로벌,권역,수요량,2026,FY,90,,GWh,추정,시장전체,,"글로벌 EV 배터리 시장 추정(PHEV+BEV 기준, 지역별, 표44)",,,원천불명,표,근사,48
2023-07-06_대신증권_산업,2023-07-06,대신증권,demand_forecasts,37,legacy_p48_c23d86e76d,EV,전체,,기타,기타,글로벌,권역,수요량,2027,FY,103,,GWh,추정,시장전체,,"글로벌 EV 배터리 시장 추정(PHEV+BEV 기준, 지역별, 표44)",,,원천불명,표,근사,48
2023-07-06_대신증권_산업,2023-07-06,대신증권,demand_forecasts,38,legacy_p48_c23d86e76d,EV,전체,,기타,기타,글로벌,권역,수요량,2028,FY,114,,GWh,추정,시장전체,,"글로벌 EV 배터리 시장 추정(PHEV+BEV 기준, 지역별, 표44)",,,원천불명,표,근사,48
2023-07-06_대신증권_산업,2023-07-06,대신증권,demand_forecasts,39,legacy_p48_c23d86e76d,EV,전체,,기타,기타,글로벌,권역,수요량,2029,FY,122,,GWh,추정,시장전체,,"글로벌 EV 배터리 시장 추정(PHEV+BEV 기준, 지역별, 표44)",,,원천불명,표,근사,48
2023-07-06_대신증권_산업,2023-07-06,대신증권,demand_forecasts,40,legacy_p48_c23d86e76d,EV,전체,,기타,기타,글로벌,권역,수요량,2030,FY,135,,GWh,추정,시장전체,,"글로벌 EV 배터리 시장 추정(PHEV+BEV 기준, 지역별, 표44)",,,원천불명,표,근사,48
2023-07-06_대신증권_산업,2023-07-06,대신증권,demand_forecasts,43,legacy_p48_62217fbb89,EV,전체,,글로벌,글로벌,,글로벌,수요량,2023,FY,722,,GWh,추정,시장전체,,"글로벌 EV 배터리 시장 추정(PHEV+BEV 기준, 지역별, 표44)",,,원천불명,표,근사,48
2023-07-06_대신증권_산업,2023-07-06,대신증권,demand_forecasts,44,legacy_p48_62217fbb89,EV,전체,,글로벌,글로벌,,글로벌,수요량,2024,FY,1020,,GWh,추정,시장전체,,"글로벌 EV 배터리 시장 추정(PHEV+BEV 기준, 지역별, 표44)",,,원천불명,표,근사,48
2023-07-06_대신증권_산업,2023-07-06,대신증권,demand_forecasts,45,legacy_p48_62217fbb89,EV,전체,,글로벌,글로벌,,글로벌,수요량,2025,FY,1323,,GWh,추정,시장전체,,"글로벌 EV 배터리 시장 추정(PHEV+BEV 기준, 지역별, 표44)",,,원천불명,표,근사,48
2023-07-06_대신증권_산업,2023-07-06,대신증권,demand_forecasts,46,legacy_p48_62217fbb89,EV,전체,,글로벌,글로벌,,글로벌,수요량,2026,FY,1665,,GWh,추정,시장전체,,"글로벌 EV 배터리 시장 추정(PHEV+BEV 기준, 지역별, 표44)",,,원천불명,표,근사,48
2023-07-06_대신증권_산업,2023-07-06,대신증권,demand_forecasts,47,legacy_p48_62217fbb89,EV,전체,,글로벌,글로벌,,글로벌,수요량,2027,FY,2034,,GWh,추정,시장전체,,"글로벌 EV 배터리 시장 추정(PHEV+BEV 기준, 지역별, 표44)",,,원천불명,표,근사,48
2023-07-06_대신증권_산업,2023-07-06,대신증권,demand_forecasts,48,legacy_p48_62217fbb89,EV,전체,,글로벌,글로벌,,글로벌,수요량,2028,FY,2506,,GWh,추정,시장전체,,"글로벌 EV 배터리 시장 추정(PHEV+BEV 기준, 지역별, 표44)",,,원천불명,표,근사,48
2023-07-06_대신증권_산업,2023-07-06,대신증권,demand_forecasts,49,legacy_p48_62217fbb89,EV,전체,,글로벌,글로벌,,글로벌,수요량,2029,FY,3022,,GWh,추정,시장전체,,"글로벌 EV 배터리 시장 추정(PHEV+BEV 기준, 지역별, 표44)",,,원천불명,표,근사,48
2023-07-06_대신증권_산업,2023-07-06,대신증권,demand_forecasts,50,legacy_p48_62217fbb89,EV,전체,,글로벌,글로벌,,글로벌,수요량,2030,FY,3614,,GWh,추정,시장전체,,"글로벌 EV 배터리 시장 추정(PHEV+BEV 기준, 지역별, 표44)",,,원천불명,표,근사,48
2023-07-06_대신증권_산업,2023-07-06,대신증권,demand_forecasts,53,legacy_p47_9767cd32b1,EV,전체,,중국,중국,글로벌,국가,판매대수,2023,FY,8963,,천대,추정,시장전체,,"글로벌 EV 판매량 추정(PHEV+BEV 기준, 지역별, 표43)",,,원천불명,표,근사,47
2023-07-06_대신증권_산업,2023-07-06,대신증권,demand_forecasts,54,legacy_p47_9767cd32b1,EV,전체,,중국,중국,글로벌,국가,판매대수,2024,FY,11425,,천대,추정,시장전체,,"글로벌 EV 판매량 추정(PHEV+BEV 기준, 지역별, 표43)",,,원천불명,표,근사,47
2023-07-06_대신증권_산업,2023-07-06,대신증권,demand_forecasts,55,legacy_p47_9767cd32b1,EV,전체,,중국,중국,글로벌,국가,판매대수,2025,FY,13006,,천대,추정,시장전체,,"글로벌 EV 판매량 추정(PHEV+BEV 기준, 지역별, 표43)",,,원천불명,표,근사,47
2023-07-06_대신증권_산업,2023-07-06,대신증권,demand_forecasts,56,legacy_p47_9767cd32b1,EV,전체,,중국,중국,글로벌,국가,판매대수,2026,FY,14431,,천대,추정,시장전체,,"글로벌 EV 판매량 추정(PHEV+BEV 기준, 지역별, 표43)",,,원천불명,표,근사,47
2023-07-06_대신증권_산업,2023-07-06,대신증권,demand_forecasts,57,legacy_p47_9767cd32b1,EV,전체,,중국,중국,글로벌,국가,판매대수,2027,FY,15505,,천대,추정,시장전체,,"글로벌 EV 판매량 추정(PHEV+BEV 기준, 지역별, 표43)",,,원천불명,표,근사,47
2023-07-06_대신증권_산업,2023-07-06,대신증권,demand_forecasts,58,legacy_p47_9767cd32b1,EV,전체,,중국,중국,글로벌,국가,판매대수,2028,FY,17099,,천대,추정,시장전체,,"글로벌 EV 판매량 추정(PHEV+BEV 기준, 지역별, 표43)",,,원천불명,표,근사,47
2023-07-06_대신증권_산업,2023-07-06,대신증권,demand_forecasts,59,legacy_p47_9767cd32b1,EV,전체,,중국,중국,글로벌,국가,판매대수,2029,FY,18883,,천대,추정,시장전체,,"글로벌 EV 판매량 추정(PHEV+BEV 기준, 지역별, 표43)",,,원천불명,표,근사,47
2023-07-06_대신증권_산업,2023-07-06,대신증권,demand_forecasts,60,legacy_p47_9767cd32b1,EV,전체,,중국,중국,글로벌,국가,판매대수,2030,FY,20938,,천대,추정,시장전체,,"글로벌 EV 판매량 추정(PHEV+BEV 기준, 지역별, 표43)",,,원천불명,표,근사,47
2023-07-06_대신증권_산업,2023-07-06,대신증권,demand_forecasts,63,legacy_p47_f907174d4c,EV,전체,,유럽,유럽,글로벌,권역,판매대수,2023,FY,3361,,천대,추정,시장전체,,"글로벌 EV 판매량 추정(PHEV+BEV 기준, 지역별, 표43)",,,원천불명,표,근사,47
2023-07-06_대신증권_산업,2023-07-06,대신증권,demand_forecasts,64,legacy_p47_f907174d4c,EV,전체,,유럽,유럽,글로벌,권역,판매대수,2024,FY,4318,,천대,추정,시장전체,,"글로벌 EV 판매량 추정(PHEV+BEV 기준, 지역별, 표43)",,,원천불명,표,근사,47
2023-07-06_대신증권_산업,2023-07-06,대신증권,demand_forecasts,65,legacy_p47_f907174d4c,EV,전체,,유럽,유럽,글로벌,권역,판매대수,2025,FY,5471,,천대,추정,시장전체,,"글로벌 EV 판매량 추정(PHEV+BEV 기준, 지역별, 표43)",,,원천불명,표,근사,47
2023-07-06_대신증권_산업,2023-07-06,대신증권,demand_forecasts,66,legacy_p47_f907174d4c,EV,전체,,유럽,유럽,글로벌,권역,판매대수,2026,FY,7895,,천대,추정,시장전체,,"글로벌 EV 판매량 추정(PHEV+BEV 기준, 지역별, 표43)",,,원천불명,표,근사,47
2023-07-06_대신증권_산업,2023-07-06,대신증권,demand_forecasts,67,legacy_p47_f907174d4c,EV,전체,,유럽,유럽,글로벌,권역,판매대수,2027,FY,9444,,천대,추정,시장전체,,"글로벌 EV 판매량 추정(PHEV+BEV 기준, 지역별, 표43)",,,원천불명,표,근사,47
2023-07-06_대신증권_산업,2023-07-06,대신증권,demand_forecasts,68,legacy_p47_f907174d4c,EV,전체,,유럽,유럽,글로벌,권역,판매대수,2028,FY,12023,,천대,추정,시장전체,,"글로벌 EV 판매량 추정(PHEV+BEV 기준, 지역별, 표43)",,,원천불명,표,근사,47
2023-07-06_대신증권_산업,2023-07-06,대신증권,demand_forecasts,69,legacy_p47_f907174d4c,EV,전체,,유럽,유럽,글로벌,권역,판매대수,2029,FY,14936,,천대,추정,시장전체,,"글로벌 EV 판매량 추정(PHEV+BEV 기준, 지역별, 표43)",,,원천불명,표,근사,47
2023-07-06_대신증권_산업,2023-07-06,대신증권,demand_forecasts,70,legacy_p47_f907174d4c,EV,전체,,유럽,유럽,글로벌,권역,판매대수,2030,FY,17696,,천대,추정,시장전체,,"글로벌 EV 판매량 추정(PHEV+BEV 기준, 지역별, 표43)",,,원천불명,표,근사,47
2023-07-06_대신증권_산업,2023-07-06,대신증권,demand_forecasts,73,legacy_p47_ada05533df,EV,전체,,북미,북미,글로벌,권역,판매대수,2023,FY,1740,,천대,추정,시장전체,,"글로벌 EV 판매량 추정(PHEV+BEV 기준, 지역별, 표43)",,,원천불명,표,근사,47
2023-07-06_대신증권_산업,2023-07-06,대신증권,demand_forecasts,74,legacy_p47_ada05533df,EV,전체,,북미,북미,글로벌,권역,판매대수,2024,FY,3049,,천대,추정,시장전체,,"글로벌 EV 판매량 추정(PHEV+BEV 기준, 지역별, 표43)",,,원천불명,표,근사,47
2023-07-06_대신증권_산업,2023-07-06,대신증권,demand_forecasts,75,legacy_p47_ada05533df,EV,전체,,북미,북미,글로벌,권역,판매대수,2025,FY,4617,,천대,추정,시장전체,,"글로벌 EV 판매량 추정(PHEV+BEV 기준, 지역별, 표43)",,,원천불명,표,근사,47
2023-07-06_대신증권_산업,2023-07-06,대신증권,demand_forecasts,76,legacy_p47_ada05533df,EV,전체,,북미,북미,글로벌,권역,판매대수,2026,FY,5836,,천대,추정,시장전체,,"글로벌 EV 판매량 추정(PHEV+BEV 기준, 지역별, 표43)",,,원천불명,표,근사,47
2023-07-06_대신증권_산업,2023-07-06,대신증권,demand_forecasts,77,legacy_p47_ada05533df,EV,전체,,북미,북미,글로벌,권역,판매대수,2027,FY,7996,,천대,추정,시장전체,,"글로벌 EV 판매량 추정(PHEV+BEV 기준, 지역별, 표43)",,,원천불명,표,근사,47
2023-07-06_대신증권_산업,2023-07-06,대신증권,demand_forecasts,78,legacy_p47_ada05533df,EV,전체,,북미,북미,글로벌,권역,판매대수,2028,FY,10094,,천대,추정,시장전체,,"글로벌 EV 판매량 추정(PHEV+BEV 기준, 지역별, 표43)",,,원천불명,표,근사,47
2023-07-06_대신증권_산업,2023-07-06,대신증권,demand_forecasts,79,legacy_p47_ada05533df,EV,전체,,북미,북미,글로벌,권역,판매대수,2029,FY,11999,,천대,추정,시장전체,,"글로벌 EV 판매량 추정(PHEV+BEV 기준, 지역별, 표43)",,,원천불명,표,근사,47
2023-07-06_대신증권_산업,2023-07-06,대신증권,demand_forecasts,80,legacy_p47_ada05533df,EV,전체,,북미,북미,글로벌,권역,판매대수,2030,FY,14284,,천대,추정,시장전체,,"글로벌 EV 판매량 추정(PHEV+BEV 기준, 지역별, 표43)",,,원천불명,표,근사,47
2023-07-06_대신증권_산업,2023-07-06,대신증권,demand_forecasts,83,legacy_p47_a364ea1a8f,EV,전체,,기타,기타,글로벌,권역,판매대수,2023,FY,529,,천대,추정,시장전체,,"글로벌 EV 판매량 추정(PHEV+BEV 기준, 지역별, 표43)",,,원천불명,표,근사,47
2023-07-06_대신증권_산업,2023-07-06,대신증권,demand_forecasts,84,legacy_p47_a364ea1a8f,EV,전체,,기타,기타,글로벌,권역,판매대수,2024,FY,957,,천대,추정,시장전체,,"글로벌 EV 판매량 추정(PHEV+BEV 기준, 지역별, 표43)",,,원천불명,표,근사,47
2023-07-06_대신증권_산업,2023-07-06,대신증권,demand_forecasts,85,legacy_p47_a364ea1a8f,EV,전체,,기타,기타,글로벌,권역,판매대수,2025,FY,1510,,천대,추정,시장전체,,"글로벌 EV 판매량 추정(PHEV+BEV 기준, 지역별, 표43)",,,원천불명,표,근사,47
2023-07-06_대신증권_산업,2023-07-06,대신증권,demand_forecasts,86,legacy_p47_a364ea1a8f,EV,전체,,기타,기타,글로벌,권역,판매대수,2026,FY,1822,,천대,추정,시장전체,,"글로벌 EV 판매량 추정(PHEV+BEV 기준, 지역별, 표43)",,,원천불명,표,근사,47
2023-07-06_대신증권_산업,2023-07-06,대신증권,demand_forecasts,87,legacy_p47_a364ea1a8f,EV,전체,,기타,기타,글로벌,권역,판매대수,2027,FY,2142,,천대,추정,시장전체,,"글로벌 EV 판매량 추정(PHEV+BEV 기준, 지역별, 표43)",,,원천불명,표,근사,47
2023-07-06_대신증권_산업,2023-07-06,대신증권,demand_forecasts,88,legacy_p47_a364ea1a8f,EV,전체,,기타,기타,글로벌,권역,판매대수,2028,FY,2439,,천대,추정,시장전체,,"글로벌 EV 판매량 추정(PHEV+BEV 기준, 지역별, 표43)",,,원천불명,표,근사,47
2023-07-06_대신증권_산업,2023-07-06,대신증권,demand_forecasts,89,legacy_p47_a364ea1a8f,EV,전체,,기타,기타,글로벌,권역,판매대수,2029,FY,2681,,천대,추정,시장전체,,"글로벌 EV 판매량 추정(PHEV+BEV 기준, 지역별, 표43)",,,원천불명,표,근사,47
2023-07-06_대신증권_산업,2023-07-06,대신증권,demand_forecasts,90,legacy_p47_a364ea1a8f,EV,전체,,기타,기타,글로벌,권역,판매대수,2030,FY,3067,,천대,추정,시장전체,,"글로벌 EV 판매량 추정(PHEV+BEV 기준, 지역별, 표43)",,,원천불명,표,근사,47
2023-07-06_대신증권_산업,2023-07-06,대신증권,demand_forecasts,93,legacy_p47_6ca250eb1e,EV,전체,,글로벌,글로벌,,글로벌,판매대수,2023,FY,14594,,천대,추정,시장전체,,"글로벌 EV 판매량 추정(PHEV+BEV 기준, 지역별, 표43)",,,원천불명,표,근사,47
2023-07-06_대신증권_산업,2023-07-06,대신증권,demand_forecasts,94,legacy_p47_6ca250eb1e,EV,전체,,글로벌,글로벌,,글로벌,판매대수,2024,FY,19750,,천대,추정,시장전체,,"글로벌 EV 판매량 추정(PHEV+BEV 기준, 지역별, 표43)",,,원천불명,표,근사,47
2023-07-06_대신증권_산업,2023-07-06,대신증권,demand_forecasts,95,legacy_p47_6ca250eb1e,EV,전체,,글로벌,글로벌,,글로벌,판매대수,2025,FY,24604,,천대,추정,시장전체,,"글로벌 EV 판매량 추정(PHEV+BEV 기준, 지역별, 표43)",,,원천불명,표,근사,47
2023-07-06_대신증권_산업,2023-07-06,대신증권,demand_forecasts,96,legacy_p47_6ca250eb1e,EV,전체,,글로벌,글로벌,,글로벌,판매대수,2026,FY,29983,,천대,추정,시장전체,,"글로벌 EV 판매량 추정(PHEV+BEV 기준, 지역별, 표43)",,,원천불명,표,근사,47
2023-07-06_대신증권_산업,2023-07-06,대신증권,demand_forecasts,97,legacy_p47_6ca250eb1e,EV,전체,,글로벌,글로벌,,글로벌,판매대수,2027,FY,35088,,천대,추정,시장전체,,"글로벌 EV 판매량 추정(PHEV+BEV 기준, 지역별, 표43)",,,원천불명,표,근사,47
2023-07-06_대신증권_산업,2023-07-06,대신증권,demand_forecasts,98,legacy_p47_6ca250eb1e,EV,전체,,글로벌,글로벌,,글로벌,판매대수,2028,FY,41656,,천대,추정,시장전체,,"글로벌 EV 판매량 추정(PHEV+BEV 기준, 지역별, 표43)",,,원천불명,표,근사,47
2023-07-06_대신증권_산업,2023-07-06,대신증권,demand_forecasts,99,legacy_p47_6ca250eb1e,EV,전체,,글로벌,글로벌,,글로벌,판매대수,2029,FY,48499,,천대,추정,시장전체,,"글로벌 EV 판매량 추정(PHEV+BEV 기준, 지역별, 표43)",,,원천불명,표,근사,47
2023-07-06_대신증권_산업,2023-07-06,대신증권,demand_forecasts,100,legacy_p47_6ca250eb1e,EV,전체,,글로벌,글로벌,,글로벌,판매대수,2030,FY,55985,,천대,추정,시장전체,,"글로벌 EV 판매량 추정(PHEV+BEV 기준, 지역별, 표43)",,,원천불명,표,근사,47
2023-07-06_대신증권_산업,2023-07-06,대신증권,demand_forecasts,102,legacy_p23_5c5ccf4fb9,EV,전체,,북미,북미,글로벌,권역,수요량,2023,FY,135,,GWh,추정,시장전체,,"북미 EV 배터리 시장 수요(표13, 35~40년경 BEV침투율100% 가정 하 별도 추정, 표44 수치와 상이하나 원문 그대로 수집)",,,원천불명,표,근사,23
2023-07-06_대신증권_산업,2023-07-06,대신증권,demand_forecasts,103,legacy_p23_5c5ccf4fb9,EV,전체,,북미,북미,글로벌,권역,수요량,2024,FY,251,,GWh,추정,시장전체,,"북미 EV 배터리 시장 수요(표13, 35~40년경 BEV침투율100% 가정 하 별도 추정, 표44 수치와 상이하나 원문 그대로 수집)",,,원천불명,표,근사,23
2023-07-06_대신증권_산업,2023-07-06,대신증권,demand_forecasts,104,legacy_p23_5c5ccf4fb9,EV,전체,,북미,북미,글로벌,권역,수요량,2025,FY,397,,GWh,추정,시장전체,,"북미 EV 배터리 시장 수요(표13, 35~40년경 BEV침투율100% 가정 하 별도 추정, 표44 수치와 상이하나 원문 그대로 수집)",,,원천불명,표,근사,23
2023-07-06_대신증권_산업,2023-07-06,대신증권,demand_forecasts,105,legacy_p23_5c5ccf4fb9,EV,전체,,북미,북미,글로벌,권역,수요량,2026,FY,517,,GWh,추정,시장전체,,"북미 EV 배터리 시장 수요(표13, 35~40년경 BEV침투율100% 가정 하 별도 추정, 표44 수치와 상이하나 원문 그대로 수집)",,,원천불명,표,근사,23
2023-07-06_대신증권_산업,2023-07-06,대신증권,demand_forecasts,106,legacy_p23_5c5ccf4fb9,EV,전체,,북미,북미,글로벌,권역,수요량,2027,FY,730,,GWh,추정,시장전체,,"북미 EV 배터리 시장 수요(표13, 35~40년경 BEV침투율100% 가정 하 별도 추정, 표44 수치와 상이하나 원문 그대로 수집)",,,원천불명,표,근사,23
2023-07-06_대신증권_산업,2023-07-06,대신증권,demand_forecasts,107,legacy_p23_5c5ccf4fb9,EV,전체,,북미,북미,글로벌,권역,수요량,2028,FY,950,,GWh,추정,시장전체,,"북미 EV 배터리 시장 수요(표13, 35~40년경 BEV침투율100% 가정 하 별도 추정, 표44 수치와 상이하나 원문 그대로 수집)",,,원천불명,표,근사,23
2023-07-06_대신증권_산업,2023-07-06,대신증권,demand_forecasts,108,legacy_p23_5c5ccf4fb9,EV,전체,,북미,북미,글로벌,권역,수요량,2029,FY,1163,,GWh,추정,시장전체,,"북미 EV 배터리 시장 수요(표13, 35~40년경 BEV침투율100% 가정 하 별도 추정, 표44 수치와 상이하나 원문 그대로 수집)",,,원천불명,표,근사,23
2023-07-06_대신증권_산업,2023-07-06,대신증권,demand_forecasts,109,legacy_p23_5c5ccf4fb9,EV,전체,,북미,북미,글로벌,권역,수요량,2030,FY,1425,,GWh,추정,시장전체,,"북미 EV 배터리 시장 수요(표13, 35~40년경 BEV침투율100% 가정 하 별도 추정, 표44 수치와 상이하나 원문 그대로 수집)",,,원천불명,표,근사,23
2023-07-06_대신증권_산업,2023-07-06,대신증권,demand_forecasts,111,legacy_p21_e37e581c68,EV,전체,,글로벌,글로벌,,글로벌,침투율,2023,FY,42,,%,추정,시장전체,,케미스트리별 배터리 시장 비중 전망(표38) - LFP,,,원천불명,표,근사,21
2023-07-06_대신증권_산업,2023-07-06,대신증권,demand_forecasts,112,legacy_p21_e37e581c68,EV,전체,,글로벌,글로벌,,글로벌,침투율,2025,FY,51,,%,추정,시장전체,,케미스트리별 배터리 시장 비중 전망(표38) - LFP,,,원천불명,표,근사,21
2023-07-06_대신증권_산업,2023-07-06,대신증권,demand_forecasts,113,legacy_p21_e37e581c68,EV,전체,,글로벌,글로벌,,글로벌,침투율,2027,FY,58,,%,추정,시장전체,,케미스트리별 배터리 시장 비중 전망(표38) - LFP,,,원천불명,표,근사,21
2023-07-06_대신증권_산업,2023-07-06,대신증권,demand_forecasts,114,legacy_p21_e37e581c68,EV,전체,,글로벌,글로벌,,글로벌,침투율,2029,FY,64,,%,추정,시장전체,,케미스트리별 배터리 시장 비중 전망(표38) - LFP,,,원천불명,표,근사,21
2023-07-06_대신증권_산업,2023-07-06,대신증권,demand_forecasts,115,legacy_p21_e37e581c68,EV,전체,,글로벌,글로벌,,글로벌,침투율,2030,FY,67,,%,추정,시장전체,,케미스트리별 배터리 시장 비중 전망(표38) - LFP,,,원천불명,표,근사,21
2023-07-06_대신증권_산업,2023-07-06,대신증권,demand_forecasts,117,legacy_p21_3fe255bfdc,EV,전체,,글로벌,글로벌,,글로벌,침투율,2023,FY,33,,%,추정,시장전체,,케미스트리별 배터리 시장 비중 전망(표38) - 하이니켈(NCM/NCA),,,원천불명,표,근사,21
2023-07-06_대신증권_산업,2023-07-06,대신증권,demand_forecasts,118,legacy_p21_3fe255bfdc,EV,전체,,글로벌,글로벌,,글로벌,침투율,2025,FY,25,,%,추정,시장전체,,케미스트리별 배터리 시장 비중 전망(표38) - 하이니켈(NCM/NCA),,,원천불명,표,근사,21
2023-07-06_대신증권_산업,2023-07-06,대신증권,demand_forecasts,119,legacy_p21_3fe255bfdc,EV,전체,,글로벌,글로벌,,글로벌,침투율,2027,FY,19,,%,추정,시장전체,,케미스트리별 배터리 시장 비중 전망(표38) - 하이니켈(NCM/NCA),,,원천불명,표,근사,21
2023-07-06_대신증권_산업,2023-07-06,대신증권,demand_forecasts,120,legacy_p21_3fe255bfdc,EV,전체,,글로벌,글로벌,,글로벌,침투율,2029,FY,14,,%,추정,시장전체,,케미스트리별 배터리 시장 비중 전망(표38) - 하이니켈(NCM/NCA),,,원천불명,표,근사,21
2023-07-06_대신증권_산업,2023-07-06,대신증권,demand_forecasts,121,legacy_p21_3fe255bfdc,EV,전체,,글로벌,글로벌,,글로벌,침투율,2030,FY,12,,%,추정,시장전체,,케미스트리별 배터리 시장 비중 전망(표38) - 하이니켈(NCM/NCA),,,원천불명,표,근사,21
2023-09-12_IBK투자증권_산업,2023-09-12,IBK투자증권,demand_forecasts,5,legacy_p11_d0bece966d,EV,전체,,글로벌,글로벌,,글로벌,침투율,2023,FY,15,,%,추정,시장전체,,내연기관차 판매금지 시점 발표에 따른 침투율 전망,,,원천불명,표,근사,11
2023-09-12_IBK투자증권_산업,2023-09-12,IBK투자증권,demand_forecasts,8,legacy_p11_ab99c98746,EV,전체,,글로벌,글로벌,,글로벌,침투율,2030,FY,50,,%,추정,시장전체,,탄소중립 달성 목표에 따른 장기 전망,,,원천불명,표,근사,11
2023-09-12_IBK투자증권_산업,2023-09-12,IBK투자증권,demand_forecasts,9,legacy_p11_ab99c98746,EV,전체,,글로벌,글로벌,,글로벌,침투율,2035,FY,70,,%,추정,시장전체,,탄소중립 달성 목표에 따른 장기 전망,,,원천불명,표,근사,11
2023-11-21_유진투자증권_산업,2023-11-21,유진투자증권,demand_forecasts,4,legacy_p7_8eea5a0c48,EV,전체,,글로벌,글로벌,,글로벌,판매대수,2023,FY,11547,,천대,추정,시장전체,,"12대 주요 OEM 판매목표(EV+PHEV) 합산치, 2023년 추정",,,원천불명,표,근사,7
2023-11-21_유진투자증권_산업,2023-11-21,유진투자증권,demand_forecasts,5,legacy_p7_653687b6e9,EV,전체,,글로벌,글로벌,,글로벌,판매대수,2024,FY,14477,,천대,추정,시장전체,,12대 주요 OEM 판매목표(EV+PHEV) 합산치 전망,,,원천불명,표,근사,7
2023-11-21_유진투자증권_산업,2023-11-21,유진투자증권,demand_forecasts,6,legacy_p7_653687b6e9,EV,전체,,글로벌,글로벌,,글로벌,판매대수,2025,FY,17500,,천대,추정,시장전체,,12대 주요 OEM 판매목표(EV+PHEV) 합산치 전망,,,원천불명,표,근사,7
2023-11-21_유진투자증권_산업,2023-11-21,유진투자증권,demand_forecasts,7,legacy_p7_ff15be54d5,EV,전체,,글로벌,글로벌,,글로벌,판매대수,2030,FY,42000,,천대,추정,시장전체,,"12대 주요 OEM 판매목표(EV+PHEV) 합산치, 장기 목표(폭스바겐 670만대·르노닛산 440만대·테슬라 550만대 등)",,,원천불명,표,근사,7
2023-11-21_유진투자증권_산업,2023-11-21,유진투자증권,demand_forecasts,8,legacy_p7_0016314d93,EV,전체,,글로벌,글로벌,,글로벌,침투율,2020,FY,64,,%,실적,시장전체,,"12대 OEM이 전체 EV+PHEV 시장에서 차지하는 판매 비중, 실적",,,원천불명,표,근사,7
2023-11-21_유진투자증권_산업,2023-11-21,유진투자증권,demand_forecasts,9,legacy_p7_0016314d93,EV,전체,,글로벌,글로벌,,글로벌,침투율,2021,FY,61,,%,실적,시장전체,,"12대 OEM이 전체 EV+PHEV 시장에서 차지하는 판매 비중, 실적",,,원천불명,표,근사,7
2023-11-21_유진투자증권_산업,2023-11-21,유진투자증권,demand_forecasts,10,legacy_p7_0016314d93,EV,전체,,글로벌,글로벌,,글로벌,침투율,2022,FY,75,,%,실적,시장전체,,"12대 OEM이 전체 EV+PHEV 시장에서 차지하는 판매 비중, 실적",,,원천불명,표,근사,7
2023-11-21_유진투자증권_산업,2023-11-21,유진투자증권,demand_forecasts,11,legacy_p7_bb60fbd630,EV,전체,,글로벌,글로벌,,글로벌,침투율,2023,FY,79,,%,추정,시장전체,,"12대 OEM이 전체 EV+PHEV 시장에서 차지하는 판매 비중, 추정",,,원천불명,표,근사,7
2023-11-21_유진투자증권_산업,2023-11-21,유진투자증권,demand_forecasts,12,legacy_p7_08c3602141,EV,전체,,글로벌,글로벌,,글로벌,침투율,2024,FY,82,,%,추정,시장전체,,"12대 OEM이 전체 EV+PHEV 시장에서 차지하는 판매 비중, 전망",,,원천불명,표,근사,7
2023-11-21_유진투자증권_산업,2023-11-21,유진투자증권,demand_forecasts,13,legacy_p7_08c3602141,EV,전체,,글로벌,글로벌,,글로벌,침투율,2025,FY,83,,%,추정,시장전체,,"12대 OEM이 전체 EV+PHEV 시장에서 차지하는 판매 비중, 전망",,,원천불명,표,근사,7
2023-11-21_유진투자증권_산업,2023-11-21,유진투자증권,demand_forecasts,14,legacy_p7_c21289ac1e,EV,전체,,글로벌,글로벌,,글로벌,침투율,2030,FY,94,,%,추정,시장전체,,"12대 OEM이 전체 EV+PHEV 시장에서 차지하는 판매 비중, 장기 전망",,,원천불명,표,근사,7
2024-02-26_IBK투자증권_산업,2024-02-26,IBK투자증권,demand_forecasts,8,legacy_p23_567783d244,EV,전체,,북미,북미,글로벌,권역,침투율,2023,FY,7.6,,%,실적,시장전체,,"북미 전기차 침투율, YoY+1.1%p",,,원천불명,표,근사,23
2024-02-26_IBK투자증권_산업,2024-02-26,IBK투자증권,demand_forecasts,16,legacy_p11_5a198fca7a,EV,전체,,글로벌,글로벌,,글로벌,침투율,2023,FY,15.6,,%,실적,시장전체,,"글로벌 전기차(BEV+PHEV) 침투율, YoY+2.4%p",,,원천불명,표,근사,11
2024-02-26_IBK투자증권_산업,2024-02-26,IBK투자증권,demand_forecasts,17,legacy_p11_b8e919ad45,EV,전체,,중국,중국,글로벌,국가,침투율,2023,FY,23.9,,%,실적,시장전체,,YoY+4.1%p,,,원천불명,표,근사,11
2024-02-26_IBK투자증권_산업,2024-02-26,IBK투자증권,demand_forecasts,18,legacy_p11_fb0037fe57,EV,전체,,북미,북미,글로벌,권역,침투율,2023,FY,9.4,,%,실적,시장전체,,"미국 기준, YoY+2.3%p",,,원천불명,표,근사,11
2024-02-26_IBK투자증권_산업,2024-02-26,IBK투자증권,demand_forecasts,19,legacy_p11_813ab4514c,EV,전체,,유럽,유럽,글로벌,권역,침투율,2023,FY,28.0,,%,실적,시장전체,,YoY+0.9%p,,,원천불명,표,근사,11
2024-02-26_IBK투자증권_산업,2024-02-26,IBK투자증권,demand_forecasts,28,legacy_p18_af4749e4c4,EV,전체,,글로벌,글로벌,,글로벌,침투율,2023,FY,40.1,,%,실적,시장전체,,"글로벌 LFP 배터리 침투율, YoY+1.9%p",,,원천불명,표,근사,18
2024-02-26_IBK투자증권_산업,2024-02-26,IBK투자증권,demand_forecasts,29,legacy_p18_dad9587f4a,EV,전체,,중국,중국,글로벌,국가,침투율,2023,FY,60.6,,%,실적,시장전체,,"LFP 배터리 침투율, YoY-3.7%p",,,원천불명,표,근사,18
2024-02-26_IBK투자증권_산업,2024-02-26,IBK투자증권,demand_forecasts,30,legacy_p18_bc007cecaa,EV,전체,,유럽,유럽,글로벌,권역,침투율,2023,FY,4.7,,%,실적,시장전체,,"LFP 배터리 침투율, YoY+1.4%p",,,원천불명,표,근사,18
2024-02-26_IBK투자증권_산업,2024-02-26,IBK투자증권,demand_forecasts,31,legacy_p18_f2ce7310c3,EV,전체,,북미,북미,글로벌,권역,침투율,2023,FY,6.9,,%,실적,시장전체,,"LFP 배터리 침투율(미국), YoY-5.3%p",,,원천불명,표,근사,18
2024-02-26_IBK투자증권_산업,2024-02-26,IBK투자증권,demand_forecasts,32,legacy_p28_1fa38413f7,EV,전체,,북미,북미,글로벌,권역,수요량,2023,FY,1511,,GWh,실적,시장전체,,"과거 5년 평균 판매량(2019~2023)+BEV 100% 가정 기준 실질 CAPA(북미 전체, 미국1,279+캐나다140+멕시코93). 수율·가동률 반영시 90*90=1,866GWh, 80*80=2,362GWh",,,원천불명,표,근사,28
2024-02-26_IBK투자증권_산업,2024-02-26,IBK투자증권,demand_forecasts,33,legacy_p66_85b92bba2b,EV,전체,,북미,북미,글로벌,권역,수요량,2024,FY,1930,,GWh,추정,시장전체,,"북미 지역 TOP11 OEM 완성차 생산 CAPA(생산능력 기준, 판매량 아님) 기반 실질 배터리 CAPA 필요량 합산. 90*90=2,383GWh, 80*80=3,016GWh",,,원천불명,표,근사,66
2024-02-26_IBK투자증권_산업,2024-02-26,IBK투자증권,demand_forecasts,34,legacy_p68_5020112ae0,EV,전체,,북미,북미,글로벌,권역,수요량,2030,FY,896,,GWh,추정,시장전체,,"북미 11개 OEM 완성차 생산능력&판매량 평균 기준 2030년 필요 배터리 CAPA(실질치, 전동화비율 50%(대부분 OEM)~100%(Tesla·Mercedes) 가정). 90*90=1,106GWh, 80*80=1,399GWh",,,원천불명,표,근사,68
2024-10-21_상상인증권_산업,2024-10-21,상상인증권,demand_forecasts,6,legacy_p11_73dfbc1089,EV,전체,,글로벌,글로벌,,글로벌,성장률,2025,FY,30.6,,%,추정,시장전체,,글로벌 BEV 판매대수 증가율,,,원천불명,표,근사,11
2024-10-21_상상인증권_산업,2024-10-21,상상인증권,demand_forecasts,7,legacy_p11_27c1942c49,EV,전체,,북미,북미,글로벌,권역,성장률,2025,FY,10,,%,추정,시장전체,,"북미 BEV 증가율 내외, 증가분 상당부분은 중국에 집중",,,원천불명,표,근사,11
2024-10-21_상상인증권_산업,2024-10-21,상상인증권,demand_forecasts,13,legacy_p20_3449d350db,EV,전체,,글로벌,글로벌,,글로벌,판매대수,2025,FY,1879,,만대,추정,시장전체,,"BEV+PHEV 판매대수, 전년대비 +361만대",,,원천불명,표,근사,20
2024-10-21_상상인증권_산업,2024-10-21,상상인증권,demand_forecasts,14,legacy_p20_988cab02e0,EV,전체,,글로벌,글로벌,,글로벌,판매대수,2024,FY,1518,,만대,추정,시장전체,,"2025E 1,879만대 대비 YoY +361만대 명시치 기준 역산",,,원천불명,표,근사,20
2024-10-21_상상인증권_산업,2024-10-21,상상인증권,demand_forecasts,15,legacy_p20_0afe2ae4ba,EV,전체,,중국,중국,글로벌,국가,판매대수,2025,FY,824,,만대,추정,시장전체,,"BEV 기준, 전년대비 +140만대",,,원천불명,표,근사,20
2024-10-21_상상인증권_산업,2024-10-21,상상인증권,demand_forecasts,16,legacy_p20_94d63e4416,EV,전체,,중국,중국,글로벌,국가,판매대수,2024,FY,684,,만대,추정,시장전체,,"2025E 824만대 대비 YoY +140만대 명시치 기준 역산, BEV 기준",,,원천불명,표,근사,20
2024-10-21_상상인증권_산업,2024-10-21,상상인증권,demand_forecasts,17,legacy_p20_f6df0f8ae2,EV,전체,,북미,북미,글로벌,권역,판매대수,2025,FY,178,,만대,추정,시장전체,,"미국 BEV 기준, 전년대비 +47만대",,,원천불명,표,근사,20
2024-10-21_상상인증권_산업,2024-10-21,상상인증권,demand_forecasts,18,legacy_p20_27546cf604,EV,전체,,북미,북미,글로벌,권역,판매대수,2024,FY,131,,만대,추정,시장전체,,"2025E 178만대 대비 YoY +47만대 명시치 기준 역산, 미국 BEV 기준",,,원천불명,표,근사,20
2024-10-21_상상인증권_산업,2024-10-21,상상인증권,demand_forecasts,19,legacy_p5_011beecaa4,EV,전체,,글로벌,글로벌,,글로벌,성장률,2025,FY,20.2,,%,추정,시장전체,,xEV 전용 배터리 수요 증가율(친환경차 판매대수 증가율에 근거),,,원천불명,표,근사,5
2024-10-21_상상인증권_산업,2024-10-21,상상인증권,demand_forecasts,22,legacy_p61_feced0641b,ESS,전체,,글로벌,글로벌,,글로벌,성장률,2025,FY,15,,%,추정,시장전체,,삼성SDI ESS 매출 기준 +15%YoY 이상 전망(3Q24 ESS는 전분기 대비 +20% 내외 성장),,,원천불명,표,근사,61
2024-10-21_상상인증권_산업,2024-10-21,상상인증권,demand_forecasts,26,legacy_p68_8a49336536,EV,전체,,글로벌,글로벌,,글로벌,성장률,2025,FY,40,,%,추정,시장전체,,포스코퓨처엠 하이니켈 양극재 판매량 YoY 증가 예상,,,원천불명,표,근사,68
2025-02-03_흥국증권_산업,2025-02-03,흥국증권,demand_forecasts,10,legacy_p21_c6fe1d78bd,EV,전체,,글로벌,글로벌,,글로벌,수요량,2024,FY,4.8,,GWh,실적,시장전체,,"Tesla 4680 배터리 수요(Cybertruck 전용, 2024년 실적치)",,,원천불명,표,근사,21
2025-02-03_흥국증권_산업,2025-02-03,흥국증권,demand_forecasts,11,legacy_p21_ecdef811f5,EV,전체,,글로벌,글로벌,,글로벌,수요량,2025,FY,7.4,,GWh,시나리오,시나리오,,"Tesla 4680 수요, Model Q 미출시 시나리오(0), 판매 가이던스 YoY+16.3%",,,원천불명,표,근사,21
2025-02-03_흥국증권_산업,2025-02-03,흥국증권,demand_forecasts,12,legacy_p21_1ab3c5a5a4,EV,전체,,글로벌,글로벌,,글로벌,수요량,2025,FY,14.2,,GWh,시나리오,시나리오,,"Tesla 4680 수요, 시나리오(1) Model Q 6.5만대 판매, 가이던스 YoY+20%",,,원천불명,표,근사,21
2025-02-03_흥국증권_산업,2025-02-03,흥국증권,demand_forecasts,13,legacy_p21_4fb3ae7d62,EV,전체,,글로벌,글로벌,,글로벌,수요량,2025,FY,20.9,,GWh,시나리오,시나리오,,"Tesla 4680 수요, 시나리오(2) Model Q 15.4만대 판매, 가이던스 YoY+25%",,,원천불명,표,근사,21
2025-02-03_흥국증권_산업,2025-02-03,흥국증권,demand_forecasts,14,legacy_p21_9fdb0524bf,EV,전체,,글로벌,글로벌,,글로벌,수요량,2025,FY,27.5,,GWh,시나리오,시나리오,,"Tesla 4680 수요, 시나리오(3) Model Q 24.2만대 판매, 가이던스 YoY+30%",,,원천불명,표,근사,21
2025-02-03_흥국증권_산업,2025-02-03,흥국증권,demand_forecasts,15,legacy_p21_08d3ef46ff,EV,전체,,글로벌,글로벌,,글로벌,판매대수,2024,FY,1774,,천대,실적,시장전체,,"Tesla 총 판매대수(2024년 실적, YoY-3.9%)",,,원천불명,표,근사,21
2025-02-03_흥국증권_산업,2025-02-03,흥국증권,demand_forecasts,16,legacy_p21_13aa121752,EV,전체,,글로벌,글로벌,,글로벌,판매대수,2025,FY,2064,,천대,시나리오,시나리오,,"Tesla 총 판매대수, Model Q 미출시 시나리오(0), YoY+16.3%",,,원천불명,표,근사,21
2025-02-03_흥국증권_산업,2025-02-03,흥국증권,demand_forecasts,17,legacy_p21_7d12cb0e40,EV,전체,,글로벌,글로벌,,글로벌,판매대수,2025,FY,2129,,천대,시나리오,시나리오,,"Tesla 총 판매대수 시나리오(1) Model Q 6.5만대 포함, YoY+20.0%",,,원천불명,표,근사,21
2025-02-03_흥국증권_산업,2025-02-03,흥국증권,demand_forecasts,18,legacy_p21_205668d362,EV,전체,,글로벌,글로벌,,글로벌,판매대수,2025,FY,2218,,천대,시나리오,시나리오,,"Tesla 총 판매대수 시나리오(2) Model Q 15.4만대 포함, YoY+25.0%",,,원천불명,표,근사,21
2025-02-03_흥국증권_산업,2025-02-03,흥국증권,demand_forecasts,19,legacy_p21_6311aa5129,EV,전체,,글로벌,글로벌,,글로벌,판매대수,2025,FY,2306,,천대,시나리오,시나리오,,"Tesla 총 판매대수 시나리오(3) Model Q 24.2만대 포함, YoY+30.0%",,,원천불명,표,근사,21
2025-03-21_삼성증권_산업,2025-03-21,삼성증권,demand_forecasts,37,legacy_p22_f980a5359e,EV,전체,,글로벌,글로벌,,글로벌,수요량,2025,FY,1280,,GWh,추정,시장전체,,글로벌 xEV(전기차) 배터리 수요,,,원천불명,표,근사,22
2025-03-21_삼성증권_산업,2025-03-21,삼성증권,demand_forecasts,38,legacy_p22_1095004b8d,EV,전체,,글로벌,글로벌,,글로벌,수요량,2026,FY,1558,,GWh,추정,시장전체,,글로벌 xEV 배터리 수요,,,원천불명,표,근사,22
2025-03-21_삼성증권_산업,2025-03-21,삼성증권,demand_forecasts,39,legacy_p22_1095004b8d,EV,전체,,글로벌,글로벌,,글로벌,수요량,2027,FY,1886,,GWh,추정,시장전체,,글로벌 xEV 배터리 수요,,,원천불명,표,근사,22
2025-03-21_삼성증권_산업,2025-03-21,삼성증권,demand_forecasts,40,legacy_p22_cdaa101681,EV,전체,,글로벌,글로벌,,글로벌,수요량,2030,FY,3328,,GWh,추정,시장전체,,"글로벌 xEV 배터리 수요, CAGR('25-30) 21%",,,원천불명,표,근사,22
2025-05-16_하나증권_산업,2025-05-16,하나증권,demand_forecasts,2,legacy_p13_ae3cb71dd2,EV,전체,,북미,북미,글로벌,권역,침투율,2030,FY,35.1,,%,추정,시장전체,,연평균 +18.1% 성장 가정,,,원천불명,표,근사,13
2025-05-16_하나증권_산업,2025-05-16,하나증권,demand_forecasts,3,legacy_p13_ae3cb71dd2,EV,전체,,북미,북미,글로벌,권역,침투율,2034,FY,48.8,,%,추정,시장전체,,연평균 +18.1% 성장 가정,,,원천불명,표,근사,13
2025-05-16_하나증권_산업,2025-05-16,하나증권,demand_forecasts,5,legacy_p22_f4c3b11fdf,EV,전체,,북미,북미,글로벌,권역,수요량,2030,FY,416,,GWh,추정,시장전체,,"전기차 배터리 전체 수요, 연평균 +18% 성장",,,원천불명,표,근사,22
2025-05-16_하나증권_산업,2025-05-16,하나증권,demand_forecasts,6,legacy_p22_f4c3b11fdf,EV,전체,,북미,북미,글로벌,권역,수요량,2034,FY,579,,GWh,추정,시장전체,,"전기차 배터리 전체 수요, 연평균 +18% 성장",,,원천불명,표,근사,22
2025-05-16_하나증권_산업,2025-05-16,하나증권,demand_forecasts,7,legacy_p22_61ae555a74,EV,전체,,북미,북미,글로벌,권역,수요량,2030,FY,326,,GWh,추정,시장전체,,"한국기업 침투가능수요: LFP침투율 6%→31%, LFP시장 내 한국점유 70%, 삼원계시장 내 한국점유 80% 가정",,,원천불명,표,근사,22
2025-05-16_하나증권_산업,2025-05-16,하나증권,demand_forecasts,8,legacy_p22_61ae555a74,EV,전체,,북미,북미,글로벌,권역,수요량,2034,FY,446,,GWh,추정,시장전체,,"한국기업 침투가능수요: LFP침투율 6%→31%, LFP시장 내 한국점유 70%, 삼원계시장 내 한국점유 80% 가정",,,원천불명,표,근사,22
2025-05-16_하나증권_산업,2025-05-16,하나증권,demand_forecasts,10,legacy_p22_79f1c3a437,EV,전체,,유럽,유럽,글로벌,권역,수요량,2030,FY,476,,GWh,추정,시장전체,,"전기차 배터리 전체 수요, 연평균 +15% 성장",,,원천불명,표,근사,22
2025-05-16_하나증권_산업,2025-05-16,하나증권,demand_forecasts,11,legacy_p22_79f1c3a437,EV,전체,,유럽,유럽,글로벌,권역,수요량,2034,FY,666,,GWh,추정,시장전체,,"전기차 배터리 전체 수요, 연평균 +15% 성장",,,원천불명,표,근사,22
2025-05-16_하나증권_산업,2025-05-16,하나증권,demand_forecasts,12,legacy_p22_361be0d0d3,EV,전체,,유럽,유럽,글로벌,권역,수요량,2030,FY,170,,GWh,추정,시장전체,,"한국기업 침투가능수요: LFP침투율 7%→36%, LFP시장 내 점유 15%, 삼원계시장 내 점유 40% 가정",,,원천불명,표,근사,22
2025-05-16_하나증권_산업,2025-05-16,하나증권,demand_forecasts,13,legacy_p22_361be0d0d3,EV,전체,,유럽,유럽,글로벌,권역,수요량,2034,FY,210,,GWh,추정,시장전체,,"한국기업 침투가능수요: LFP침투율 7%→36%, LFP시장 내 점유 15%, 삼원계시장 내 점유 40% 가정",,,원천불명,표,근사,22
2025-05-16_하나증권_산업,2025-05-16,하나증권,demand_forecasts,15,legacy_p14_30dfdb96ac,EV,전체,,유럽,유럽,글로벌,권역,침투율,2025,FY,22.4,,%,추정,시장전체,,"BEV 17.4%, PHEV 8.0% 구성 전망",,,원천불명,표,근사,14
2025-05-16_하나증권_산업,2025-05-16,하나증권,demand_forecasts,16,legacy_p14_5294d8d1e9,EV,전체,,유럽,유럽,글로벌,권역,침투율,2030,FY,59.1,,%,추정,시장전체,,연평균 +13.2% 성장 가정,,,원천불명,표,근사,14
2025-05-16_하나증권_산업,2025-05-16,하나증권,demand_forecasts,17,legacy_p14_5294d8d1e9,EV,전체,,유럽,유럽,글로벌,권역,침투율,2034,FY,73.0,,%,추정,시장전체,,연평균 +13.2% 성장 가정,,,원천불명,표,근사,14
2025-06-10_SK증권_산업,2025-06-10,SK증권,demand_forecasts,4,legacy_p29_25a00ed694,EV,전체,,글로벌,글로벌,,글로벌,판매대수,2025,FY,2000,,만대,추정,시장전체,,"SK증권 추정, 25F",,,원천불명,표,근사,29
2025-06-10_SK증권_산업,2025-06-10,SK증권,demand_forecasts,6,legacy_p28_07f849f91f,EV,전체,,글로벌,글로벌,,글로벌,성장률,2025,FY,20,,%,추정,시장전체,,"SK증권 추정, 차트상 '20%?'로 불확실성 표기",,,원천불명,차트,근사,28
2025-06-10_SK증권_산업,2025-06-10,SK증권,demand_forecasts,7,legacy_p30_08b55be2fc,EV,전체,,북미,북미,글로벌,권역,성장률,2025,FY,8,,%,추정,시장전체,,2025년 미국 전기차(BEV+PHEV) 출하량 성장률 전망,,,원천불명,표,근사,30
2025-06-10_SK증권_산업,2025-06-10,SK증권,demand_forecasts,8,legacy_p30_1776522084,EV,전체,,유럽,유럽,글로벌,권역,성장률,2025,FY,9,,%,추정,시장전체,,2025년 유럽 전기차(BEV+PHEV) 출하량 성장률 전망,,,원천불명,표,근사,30
2025-07-25_iM증권_산업,2025-07-25,iM증권,demand_forecasts,1,legacy_p3_9ad200266e,ESS,전체,,글로벌,글로벌,,글로벌,수요량,2030,FY,748,,GWh,추정,시장전체,,"2030년 전세계 ESS 설치 용량, 2024년 대비 약 2.5배 증가(SNE리서치·BloombergNEF 데이터 평균)",,,원천불명,표,근사,3
2025-07-25_iM증권_산업,2025-07-25,iM증권,demand_forecasts,3,legacy_p16_f6ad6a423d,ESS,전체,,북미,북미,글로벌,권역,수요량,2025,FY,97,,GWh,추정,시장전체,,미국 ESS 시장 규모(용량 기준) 전망,,,원천불명,표,근사,16
2025-07-25_iM증권_산업,2025-07-25,iM증권,demand_forecasts,4,legacy_p16_f6ad6a423d,ESS,전체,,북미,북미,글로벌,권역,수요량,2026,FY,122,,GWh,추정,시장전체,,미국 ESS 시장 규모(용량 기준) 전망,,,원천불명,표,근사,16
2025-07-25_iM증권_산업,2025-07-25,iM증권,demand_forecasts,5,legacy_p16_f6ad6a423d,ESS,전체,,북미,북미,글로벌,권역,수요량,2027,FY,136,,GWh,추정,시장전체,,미국 ESS 시장 규모(용량 기준) 전망,,,원천불명,표,근사,16
2025-07-25_iM증권_산업,2025-07-25,iM증권,demand_forecasts,6,legacy_p16_f6ad6a423d,ESS,전체,,북미,북미,글로벌,권역,수요량,2028,FY,153,,GWh,추정,시장전체,,미국 ESS 시장 규모(용량 기준) 전망,,,원천불명,표,근사,16
2025-07-25_iM증권_산업,2025-07-25,iM증권,demand_forecasts,12,legacy_p16_368ad644c1,ESS,전체,,중국,중국,글로벌,국가,점유율,2024,FY,71,,%,실적,시장전체,,미국 ESS 수입액 기준 중국 점유율(실적),,,원천불명,표,근사,16
2025-07-25_iM증권_산업,2025-07-25,iM증권,demand_forecasts,13,legacy_p16_ae00bc5e85,ESS,전체,,한국,한국,글로벌,국가,점유율,2024,FY,11,,%,실적,시장전체,,미국 ESS 수입액 기준 한국 점유율(실적),,,원천불명,표,근사,16
2025-07-25_iM증권_산업,2025-07-25,iM증권,demand_forecasts,14,legacy_p16_f631ed2d9d,ESS,전체,,기타,기타,글로벌,권역,점유율,2024,FY,18,,%,실적,시장전체,,미국 ESS 수입액 기준 기타국 점유율(실적),,,원천불명,표,근사,16
2025-07-25_iM증권_산업,2025-07-25,iM증권,demand_forecasts,15,legacy_p16_2f549785c9,ESS,전체,,중국,중국,글로벌,국가,점유율,2025,FY,65,71,%,추정,시장전체,,미국 ESS 수입액 기준 중국 점유율 전망,,,원천불명,표,근사,16
2025-07-25_iM증권_산업,2025-07-25,iM증권,demand_forecasts,16,legacy_p16_8dc30a5156,ESS,전체,,한국,한국,글로벌,국가,점유율,2025,FY,13,11,%,추정,시장전체,,미국 ESS 수입액 기준 한국 점유율 전망,,,원천불명,표,근사,16
2025-07-25_iM증권_산업,2025-07-25,iM증권,demand_forecasts,17,legacy_p16_851185411c,ESS,전체,,기타,기타,글로벌,권역,점유율,2025,FY,23,18,%,추정,시장전체,,미국 ESS 수입액 기준 기타국 점유율 전망,,,원천불명,표,근사,16
2025-07-25_iM증권_산업,2025-07-25,iM증권,demand_forecasts,18,legacy_p16_ee3cf69a53,ESS,전체,,중국,중국,글로벌,국가,점유율,2026,FY,55,65,%,추정,시장전체,,"미국 ESS 수입액 기준 중국 점유율 전망, 48E 세액공제·관세로 인한 급격한 하락 반영",,,원천불명,표,근사,16
2025-07-25_iM증권_산업,2025-07-25,iM증권,demand_forecasts,19,legacy_p16_8dc30a5156,ESS,전체,,한국,한국,글로벌,국가,점유율,2026,FY,23,13,%,추정,시장전체,,미국 ESS 수입액 기준 한국 점유율 전망,,,원천불명,표,근사,16
2025-07-25_iM증권_산업,2025-07-25,iM증권,demand_forecasts,20,legacy_p16_851185411c,ESS,전체,,기타,기타,글로벌,권역,점유율,2026,FY,23,23,%,추정,시장전체,,미국 ESS 수입액 기준 기타국 점유율 전망,,,원천불명,표,근사,16
2025-07-25_iM증권_산업,2025-07-25,iM증권,demand_forecasts,21,legacy_p16_2f549785c9,ESS,전체,,중국,중국,글로벌,국가,점유율,2027,FY,40,55,%,추정,시장전체,,미국 ESS 수입액 기준 중국 점유율 전망,,,원천불명,표,근사,16
2025-07-25_iM증권_산업,2025-07-25,iM증권,demand_forecasts,22,legacy_p16_8dc30a5156,ESS,전체,,한국,한국,글로벌,국가,점유율,2027,FY,40,23,%,추정,시장전체,,미국 ESS 수입액 기준 한국 점유율 전망,,,원천불명,표,근사,16
2025-07-25_iM증권_산업,2025-07-25,iM증권,demand_forecasts,23,legacy_p16_851185411c,ESS,전체,,기타,기타,글로벌,권역,점유율,2027,FY,20,23,%,추정,시장전체,,미국 ESS 수입액 기준 기타국 점유율 전망,,,원천불명,표,근사,16
2025-07-25_iM증권_산업,2025-07-25,iM증권,demand_forecasts,24,legacy_p16_2f549785c9,ESS,전체,,중국,중국,글로벌,국가,점유율,2028,FY,25,40,%,추정,시장전체,,미국 ESS 수입액 기준 중국 점유율 전망,,,원천불명,표,근사,16
2025-07-25_iM증권_산업,2025-07-25,iM증권,demand_forecasts,25,legacy_p16_8dc30a5156,ESS,전체,,한국,한국,글로벌,국가,점유율,2028,FY,55,40,%,추정,시장전체,,미국 ESS 수입액 기준 한국 점유율 전망,,,원천불명,표,근사,16
2025-07-25_iM증권_산업,2025-07-25,iM증권,demand_forecasts,26,legacy_p16_851185411c,ESS,전체,,기타,기타,글로벌,권역,점유율,2028,FY,20,20,%,추정,시장전체,,미국 ESS 수입액 기준 기타국 점유율 전망,,,원천불명,표,근사,16
2025-07-25_iM증권_산업,2025-07-25,iM증권,demand_forecasts,27,legacy_p14_0e2929d6e4,EV,전체,,북미,북미,글로벌,권역,침투율,2030,FY,20,28,%,추정,시장전체,,"북미 신차 판매 내 전기차(BEV+PHEV) 침투율, 감세법안 시행 후 기존 28%(시장 평균 전망치 약 30%)에서 하향 조정",,,원천불명,표,근사,14
2025-10-23_삼성증권_산업,2025-10-23,삼성증권,demand_forecasts,21,legacy_p5_22a8f77cea,ESS,데이터센터,UPS,북미,북미,글로벌,권역,수요량,2025,FY,45.2,,GWh,추정,서브세그먼트,,"BNEF, 삼성증권 추정 (미국 데이터센터 전력 부하 vs UPS, 북미 ESS, EV 배터리 수요 전망 표)",,,원천불명,표,근사,5
2025-10-23_삼성증권_산업,2025-10-23,삼성증권,demand_forecasts,22,legacy_p5_cc0868726c,ESS,데이터센터,UPS,북미,북미,글로벌,권역,침투율,2025,FY,23,,%,추정,서브세그먼트,,"BNEF, 삼성증권 추정 (미국 데이터센터 전력 부하 vs UPS, 북미 ESS, EV 배터리 수요 전망 표)",,,원천불명,표,근사,5
2025-10-23_삼성증권_산업,2025-10-23,삼성증권,demand_forecasts,25,legacy_p5_22a8f77cea,ESS,데이터센터,UPS,북미,북미,글로벌,권역,수요량,2026,FY,38.2,,GWh,추정,서브세그먼트,,"BNEF, 삼성증권 추정 (미국 데이터센터 전력 부하 vs UPS, 북미 ESS, EV 배터리 수요 전망 표)",,,원천불명,표,근사,5
2025-10-23_삼성증권_산업,2025-10-23,삼성증권,demand_forecasts,26,legacy_p5_cc0868726c,ESS,데이터센터,UPS,북미,북미,글로벌,권역,침투율,2026,FY,18,,%,추정,서브세그먼트,,"BNEF, 삼성증권 추정 (미국 데이터센터 전력 부하 vs UPS, 북미 ESS, EV 배터리 수요 전망 표)",,,원천불명,표,근사,5
2025-10-23_삼성증권_산업,2025-10-23,삼성증권,demand_forecasts,29,legacy_p5_22a8f77cea,ESS,데이터센터,UPS,북미,북미,글로벌,권역,수요량,2027,FY,49.8,,GWh,추정,서브세그먼트,,"BNEF, 삼성증권 추정 (미국 데이터센터 전력 부하 vs UPS, 북미 ESS, EV 배터리 수요 전망 표)",,,원천불명,표,근사,5
2025-10-23_삼성증권_산업,2025-10-23,삼성증권,demand_forecasts,30,legacy_p5_cc0868726c,ESS,데이터센터,UPS,북미,북미,글로벌,권역,침투율,2027,FY,19,,%,추정,서브세그먼트,,"BNEF, 삼성증권 추정 (미국 데이터센터 전력 부하 vs UPS, 북미 ESS, EV 배터리 수요 전망 표)",,,원천불명,표,근사,5
2025-10-23_삼성증권_산업,2025-10-23,삼성증권,demand_forecasts,33,legacy_p5_22a8f77cea,ESS,데이터센터,UPS,북미,북미,글로벌,권역,수요량,2028,FY,61.2,,GWh,추정,서브세그먼트,,"BNEF, 삼성증권 추정 (미국 데이터센터 전력 부하 vs UPS, 북미 ESS, EV 배터리 수요 전망 표)",,,원천불명,표,근사,5
2025-10-23_삼성증권_산업,2025-10-23,삼성증권,demand_forecasts,34,legacy_p5_cc0868726c,ESS,데이터센터,UPS,북미,북미,글로벌,권역,침투율,2028,FY,18,,%,추정,서브세그먼트,,"BNEF, 삼성증권 추정 (미국 데이터센터 전력 부하 vs UPS, 북미 ESS, EV 배터리 수요 전망 표)",,,원천불명,표,근사,5
2025-10-23_삼성증권_산업,2025-10-23,삼성증권,demand_forecasts,37,legacy_p5_22a8f77cea,ESS,데이터센터,UPS,북미,북미,글로벌,권역,수요량,2029,FY,69.1,,GWh,추정,서브세그먼트,,"BNEF, 삼성증권 추정 (미국 데이터센터 전력 부하 vs UPS, 북미 ESS, EV 배터리 수요 전망 표)",,,원천불명,표,근사,5
2025-10-23_삼성증권_산업,2025-10-23,삼성증권,demand_forecasts,38,legacy_p5_cc0868726c,ESS,데이터센터,UPS,북미,북미,글로벌,권역,침투율,2029,FY,18,,%,추정,서브세그먼트,,"BNEF, 삼성증권 추정 (미국 데이터센터 전력 부하 vs UPS, 북미 ESS, EV 배터리 수요 전망 표)",,,원천불명,표,근사,5
2025-10-23_삼성증권_산업,2025-10-23,삼성증권,demand_forecasts,41,legacy_p5_22a8f77cea,ESS,데이터센터,UPS,북미,북미,글로벌,권역,수요량,2030,FY,75.8,,GWh,추정,서브세그먼트,,"BNEF, 삼성증권 추정 (미국 데이터센터 전력 부하 vs UPS, 북미 ESS, EV 배터리 수요 전망 표)",,,원천불명,표,근사,5
2025-10-23_삼성증권_산업,2025-10-23,삼성증권,demand_forecasts,42,legacy_p5_cc0868726c,ESS,데이터센터,UPS,북미,북미,글로벌,권역,침투율,2030,FY,17,,%,추정,서브세그먼트,,"BNEF, 삼성증권 추정 (미국 데이터센터 전력 부하 vs UPS, 북미 ESS, EV 배터리 수요 전망 표)",,,원천불명,표,근사,5
2025-10-23_삼성증권_산업,2025-10-23,삼성증권,demand_forecasts,45,legacy_p5_22a8f77cea,ESS,데이터센터,UPS,북미,북미,글로벌,권역,수요량,2031,FY,83.6,,GWh,추정,서브세그먼트,,"BNEF, 삼성증권 추정 (미국 데이터센터 전력 부하 vs UPS, 북미 ESS, EV 배터리 수요 전망 표)",,,원천불명,표,근사,5
2025-10-23_삼성증권_산업,2025-10-23,삼성증권,demand_forecasts,46,legacy_p5_cc0868726c,ESS,데이터센터,UPS,북미,북미,글로벌,권역,침투율,2031,FY,16,,%,추정,서브세그먼트,,"BNEF, 삼성증권 추정 (미국 데이터센터 전력 부하 vs UPS, 북미 ESS, EV 배터리 수요 전망 표)",,,원천불명,표,근사,5
2025-10-23_삼성증권_산업,2025-10-23,삼성증권,demand_forecasts,49,legacy_p5_22a8f77cea,ESS,데이터센터,UPS,북미,북미,글로벌,권역,수요량,2032,FY,89.6,,GWh,추정,서브세그먼트,,"BNEF, 삼성증권 추정 (미국 데이터센터 전력 부하 vs UPS, 북미 ESS, EV 배터리 수요 전망 표)",,,원천불명,표,근사,5
2025-10-23_삼성증권_산업,2025-10-23,삼성증권,demand_forecasts,50,legacy_p5_cc0868726c,ESS,데이터센터,UPS,북미,북미,글로벌,권역,침투율,2032,FY,15,,%,추정,서브세그먼트,,"BNEF, 삼성증권 추정 (미국 데이터센터 전력 부하 vs UPS, 북미 ESS, EV 배터리 수요 전망 표)",,,원천불명,표,근사,5
2025-10-23_삼성증권_산업,2025-10-23,삼성증권,demand_forecasts,53,legacy_p5_22a8f77cea,ESS,데이터센터,UPS,북미,북미,글로벌,권역,수요량,2033,FY,95.6,,GWh,추정,서브세그먼트,,"BNEF, 삼성증권 추정 (미국 데이터센터 전력 부하 vs UPS, 북미 ESS, EV 배터리 수요 전망 표)",,,원천불명,표,근사,5
2025-10-23_삼성증권_산업,2025-10-23,삼성증권,demand_forecasts,54,legacy_p5_cc0868726c,ESS,데이터센터,UPS,북미,북미,글로벌,권역,침투율,2033,FY,13,,%,추정,서브세그먼트,,"BNEF, 삼성증권 추정 (미국 데이터센터 전력 부하 vs UPS, 북미 ESS, EV 배터리 수요 전망 표)",,,원천불명,표,근사,5
2025-10-23_삼성증권_산업,2025-10-23,삼성증권,demand_forecasts,57,legacy_p5_22a8f77cea,ESS,데이터센터,UPS,북미,북미,글로벌,권역,수요량,2034,FY,103.4,,GWh,추정,서브세그먼트,,"BNEF, 삼성증권 추정 (미국 데이터센터 전력 부하 vs UPS, 북미 ESS, EV 배터리 수요 전망 표)",,,원천불명,표,근사,5
2025-10-23_삼성증권_산업,2025-10-23,삼성증권,demand_forecasts,58,legacy_p5_cc0868726c,ESS,데이터센터,UPS,북미,북미,글로벌,권역,침투율,2034,FY,13,,%,추정,서브세그먼트,,"BNEF, 삼성증권 추정 (미국 데이터센터 전력 부하 vs UPS, 북미 ESS, EV 배터리 수요 전망 표)",,,원천불명,표,근사,5
2025-10-23_삼성증권_산업,2025-10-23,삼성증권,demand_forecasts,61,legacy_p5_22a8f77cea,ESS,데이터센터,UPS,북미,북미,글로벌,권역,수요량,2035,FY,109.6,,GWh,추정,서브세그먼트,,"BNEF, 삼성증권 추정 (미국 데이터센터 전력 부하 vs UPS, 북미 ESS, EV 배터리 수요 전망 표)",,,원천불명,표,근사,5
2025-10-23_삼성증권_산업,2025-10-23,삼성증권,demand_forecasts,62,legacy_p5_cc0868726c,ESS,데이터센터,UPS,북미,북미,글로벌,권역,침투율,2035,FY,13,,%,추정,서브세그먼트,,"BNEF, 삼성증권 추정 (미국 데이터센터 전력 부하 vs UPS, 북미 ESS, EV 배터리 수요 전망 표)",,,원천불명,표,근사,5
2025-11-19_다올투자증권_산업,2025-11-19,다올투자증권,demand_forecasts,6,legacy_p28_7423596bb0,EV,전체,,글로벌,글로벌,,글로벌,판매대수,2025,FY,12890,,천대,추정,시장전체,,글로벌 BEV 판매대수 전망,,,원천불명,표,근사,28
2025-11-19_다올투자증권_산업,2025-11-19,다올투자증권,demand_forecasts,7,legacy_p28_7423596bb0,EV,전체,,글로벌,글로벌,,글로벌,판매대수,2026,FY,14952,,천대,추정,시장전체,,글로벌 BEV 판매대수 전망,,,원천불명,표,근사,28
2025-11-19_다올투자증권_산업,2025-11-19,다올투자증권,demand_forecasts,8,legacy_p28_7423596bb0,EV,전체,,글로벌,글로벌,,글로벌,판매대수,2027,FY,17494,,천대,추정,시장전체,,글로벌 BEV 판매대수 전망,,,원천불명,표,근사,28
2025-11-19_다올투자증권_산업,2025-11-19,다올투자증권,demand_forecasts,9,legacy_p28_7423596bb0,EV,전체,,글로벌,글로벌,,글로벌,판매대수,2028,FY,20293,,천대,추정,시장전체,,글로벌 BEV 판매대수 전망,,,원천불명,표,근사,28
2025-11-19_다올투자증권_산업,2025-11-19,다올투자증권,demand_forecasts,15,legacy_p28_d583f14f36,EV,전체,,글로벌,글로벌,,글로벌,판매대수,2025,FY,7142,,천대,추정,시장전체,,글로벌 PHEV 판매대수 전망,,,원천불명,표,근사,28
2025-11-19_다올투자증권_산업,2025-11-19,다올투자증권,demand_forecasts,16,legacy_p28_d583f14f36,EV,전체,,글로벌,글로벌,,글로벌,판매대수,2026,FY,7999,,천대,추정,시장전체,,글로벌 PHEV 판매대수 전망,,,원천불명,표,근사,28
2025-11-19_다올투자증권_산업,2025-11-19,다올투자증권,demand_forecasts,17,legacy_p28_d583f14f36,EV,전체,,글로벌,글로벌,,글로벌,판매대수,2027,FY,8879,,천대,추정,시장전체,,글로벌 PHEV 판매대수 전망,,,원천불명,표,근사,28
2025-11-19_다올투자증권_산업,2025-11-19,다올투자증권,demand_forecasts,18,legacy_p28_d583f14f36,EV,전체,,글로벌,글로벌,,글로벌,판매대수,2028,FY,9411,,천대,추정,시장전체,,글로벌 PHEV 판매대수 전망,,,원천불명,표,근사,28
2025-11-19_다올투자증권_산업,2025-11-19,다올투자증권,demand_forecasts,24,legacy_p28_f5f0b11299,EV,전체,,글로벌,글로벌,,글로벌,판매대수,2025,FY,6091,,천대,추정,시장전체,,글로벌 HEV 판매대수 전망,,,원천불명,표,근사,28
2025-11-19_다올투자증권_산업,2025-11-19,다올투자증권,demand_forecasts,25,legacy_p28_f5f0b11299,EV,전체,,글로벌,글로벌,,글로벌,판매대수,2026,FY,7066,,천대,추정,시장전체,,글로벌 HEV 판매대수 전망,,,원천불명,표,근사,28
2025-11-19_다올투자증권_산업,2025-11-19,다올투자증권,demand_forecasts,26,legacy_p28_f5f0b11299,EV,전체,,글로벌,글로벌,,글로벌,판매대수,2027,FY,8055,,천대,추정,시장전체,,글로벌 HEV 판매대수 전망,,,원천불명,표,근사,28
2025-11-19_다올투자증권_산업,2025-11-19,다올투자증권,demand_forecasts,27,legacy_p28_f5f0b11299,EV,전체,,글로벌,글로벌,,글로벌,판매대수,2028,FY,9021,,천대,추정,시장전체,,글로벌 HEV 판매대수 전망,,,원천불명,표,근사,28
2025-11-19_다올투자증권_산업,2025-11-19,다올투자증권,demand_forecasts,33,legacy_p28_69a705ab7b,EV,전체,,글로벌,글로벌,,글로벌,판매대수,2025,FY,26123,,천대,추정,시장전체,,글로벌 xEV 합계 판매대수 전망,,,원천불명,표,근사,28
2025-11-19_다올투자증권_산업,2025-11-19,다올투자증권,demand_forecasts,34,legacy_p28_69a705ab7b,EV,전체,,글로벌,글로벌,,글로벌,판매대수,2026,FY,30017,,천대,추정,시장전체,,글로벌 xEV 합계 판매대수 전망,,,원천불명,표,근사,28
2025-11-19_다올투자증권_산업,2025-11-19,다올투자증권,demand_forecasts,35,legacy_p28_69a705ab7b,EV,전체,,글로벌,글로벌,,글로벌,판매대수,2027,FY,34428,,천대,추정,시장전체,,글로벌 xEV 합계 판매대수 전망,,,원천불명,표,근사,28
2025-11-19_다올투자증권_산업,2025-11-19,다올투자증권,demand_forecasts,36,legacy_p28_69a705ab7b,EV,전체,,글로벌,글로벌,,글로벌,판매대수,2028,FY,38726,,천대,추정,시장전체,,글로벌 xEV 합계 판매대수 전망,,,원천불명,표,근사,28
2025-11-19_다올투자증권_산업,2025-11-19,다올투자증권,demand_forecasts,51,legacy_p28_ab577f2cfb,EV,전체,,유럽,유럽,글로벌,권역,판매대수,2025,FY,2448,,천대,추정,시장전체,,유럽 BEV 판매대수 전망,,,원천불명,표,근사,28
2025-11-19_다올투자증권_산업,2025-11-19,다올투자증권,demand_forecasts,52,legacy_p28_fcc251ba1d,EV,전체,,유럽,유럽,글로벌,권역,판매대수,2026,FY,2963,,천대,추정,시장전체,,"유럽 BEV 판매대수 전망, 2026년부터 CO2규제 강화로 EV믹스 확대",,,원천불명,표,근사,28
2025-11-19_다올투자증권_산업,2025-11-19,다올투자증권,demand_forecasts,53,legacy_p28_ab577f2cfb,EV,전체,,유럽,유럽,글로벌,권역,판매대수,2027,FY,3525,,천대,추정,시장전체,,유럽 BEV 판매대수 전망,,,원천불명,표,근사,28
2025-11-19_다올투자증권_산업,2025-11-19,다올투자증권,demand_forecasts,54,legacy_p28_ab577f2cfb,EV,전체,,유럽,유럽,글로벌,권역,판매대수,2028,FY,4019,,천대,추정,시장전체,,유럽 BEV 판매대수 전망,,,원천불명,표,근사,28
2025-11-19_다올투자증권_산업,2025-11-19,다올투자증권,demand_forecasts,60,legacy_p28_18ab72afaa,EV,전체,,중국,중국,글로벌,국가,판매대수,2025,FY,8175,,천대,추정,시장전체,,중국 BEV 판매대수 전망,,,원천불명,표,근사,28
2025-11-19_다올투자증권_산업,2025-11-19,다올투자증권,demand_forecasts,61,legacy_p28_18ab72afaa,EV,전체,,중국,중국,글로벌,국가,판매대수,2026,FY,9483,,천대,추정,시장전체,,중국 BEV 판매대수 전망,,,원천불명,표,근사,28
2025-11-19_다올투자증권_산업,2025-11-19,다올투자증권,demand_forecasts,62,legacy_p28_18ab72afaa,EV,전체,,중국,중국,글로벌,국가,판매대수,2027,FY,11095,,천대,추정,시장전체,,중국 BEV 판매대수 전망,,,원천불명,표,근사,28
2025-11-19_다올투자증권_산업,2025-11-19,다올투자증권,demand_forecasts,63,legacy_p28_18ab72afaa,EV,전체,,중국,중국,글로벌,국가,판매대수,2028,FY,12760,,천대,추정,시장전체,,중국 BEV 판매대수 전망,,,원천불명,표,근사,28
2025-11-19_다올투자증권_산업,2025-11-19,다올투자증권,demand_forecasts,69,legacy_p28_ddc556dbfa,EV,전체,,북미,북미,글로벌,권역,판매대수,2025,FY,1354,,천대,추정,시장전체,,"미국 BEV 판매대수 전망, IRA 보조금 폐지로 성장률 둔화",,,원천불명,표,근사,28
2025-11-19_다올투자증권_산업,2025-11-19,다올투자증권,demand_forecasts,70,legacy_p28_e320aa3dac,EV,전체,,북미,북미,글로벌,권역,판매대수,2026,FY,1422,,천대,추정,시장전체,,"미국 BEV 판매대수 전망, 2H26 반등 기대",,,원천불명,표,근사,28
2025-11-19_다올투자증권_산업,2025-11-19,다올투자증권,demand_forecasts,71,legacy_p28_c5c351a80a,EV,전체,,북미,북미,글로벌,권역,판매대수,2027,FY,1663,,천대,추정,시장전체,,미국 BEV 판매대수 전망,,,원천불명,표,근사,28
2025-11-19_다올투자증권_산업,2025-11-19,다올투자증권,demand_forecasts,72,legacy_p28_c5c351a80a,EV,전체,,북미,북미,글로벌,권역,판매대수,2028,FY,1929,,천대,추정,시장전체,,미국 BEV 판매대수 전망,,,원천불명,표,근사,28
2025-11-19_다올투자증권_산업,2025-11-19,다올투자증권,demand_forecasts,78,legacy_p28_62dd87d1a0,EV,전체,,한국,한국,글로벌,국가,판매대수,2025,FY,163,,천대,추정,시장전체,,한국 BEV 판매대수 전망,,,원천불명,표,근사,28
2025-11-19_다올투자증권_산업,2025-11-19,다올투자증권,demand_forecasts,79,legacy_p28_62dd87d1a0,EV,전체,,한국,한국,글로벌,국가,판매대수,2026,FY,184,,천대,추정,시장전체,,한국 BEV 판매대수 전망,,,원천불명,표,근사,28
2025-11-19_다올투자증권_산업,2025-11-19,다올투자증권,demand_forecasts,80,legacy_p28_62dd87d1a0,EV,전체,,한국,한국,글로벌,국가,판매대수,2027,FY,204,,천대,추정,시장전체,,한국 BEV 판매대수 전망,,,원천불명,표,근사,28
2025-11-19_다올투자증권_산업,2025-11-19,다올투자증권,demand_forecasts,81,legacy_p28_62dd87d1a0,EV,전체,,한국,한국,글로벌,국가,판매대수,2028,FY,227,,천대,추정,시장전체,,한국 BEV 판매대수 전망,,,원천불명,표,근사,28
2025-11-19_다올투자증권_산업,2025-11-19,다올투자증권,demand_forecasts,87,legacy_p28_1c5babd322,EV,전체,,기타,기타,글로벌,권역,판매대수,2025,FY,749,,천대,추정,시장전체,,ROW BEV 판매대수 전망,,,원천불명,표,근사,28
2025-11-19_다올투자증권_산업,2025-11-19,다올투자증권,demand_forecasts,88,legacy_p28_1c5babd322,EV,전체,,기타,기타,글로벌,권역,판매대수,2026,FY,901,,천대,추정,시장전체,,ROW BEV 판매대수 전망,,,원천불명,표,근사,28
2025-11-19_다올투자증권_산업,2025-11-19,다올투자증권,demand_forecasts,89,legacy_p28_1c5babd322,EV,전체,,기타,기타,글로벌,권역,판매대수,2027,FY,1006,,천대,추정,시장전체,,ROW BEV 판매대수 전망,,,원천불명,표,근사,28
2025-11-19_다올투자증권_산업,2025-11-19,다올투자증권,demand_forecasts,90,legacy_p28_1c5babd322,EV,전체,,기타,기타,글로벌,권역,판매대수,2028,FY,1358,,천대,추정,시장전체,,ROW BEV 판매대수 전망,,,원천불명,표,근사,28
2025-11-19_다올투자증권_산업,2025-11-19,다올투자증권,demand_forecasts,91,legacy_p28_45e647fb9e,EV,전체,,글로벌,글로벌,,글로벌,침투율,2020,FY,2.6,,%,실적,시장전체,,글로벌 BEV 침투율(자동차 판매 대비),,,원천불명,표,근사,28
2025-11-19_다올투자증권_산업,2025-11-19,다올투자증권,demand_forecasts,92,legacy_p28_3b37fbe6c1,EV,전체,,글로벌,글로벌,,글로벌,침투율,2021,FY,5.7,,%,실적,시장전체,,글로벌 BEV 침투율,,,원천불명,표,근사,28
2025-11-19_다올투자증권_산업,2025-11-19,다올투자증권,demand_forecasts,93,legacy_p28_3b37fbe6c1,EV,전체,,글로벌,글로벌,,글로벌,침투율,2022,FY,9.8,,%,실적,시장전체,,글로벌 BEV 침투율,,,원천불명,표,근사,28
2025-11-19_다올투자증권_산업,2025-11-19,다올투자증권,demand_forecasts,94,legacy_p28_3b37fbe6c1,EV,전체,,글로벌,글로벌,,글로벌,침투율,2023,FY,11.4,,%,실적,시장전체,,글로벌 BEV 침투율,,,원천불명,표,근사,28
2025-11-19_다올투자증권_산업,2025-11-19,다올투자증권,demand_forecasts,95,legacy_p28_3b37fbe6c1,EV,전체,,글로벌,글로벌,,글로벌,침투율,2024,FY,12.3,,%,실적,시장전체,,글로벌 BEV 침투율,,,원천불명,표,근사,28
2025-11-19_다올투자증권_산업,2025-11-19,다올투자증권,demand_forecasts,96,legacy_p28_9d166c59c1,EV,전체,,글로벌,글로벌,,글로벌,침투율,2025,FY,14.1,,%,추정,시장전체,,글로벌 BEV 침투율 전망,,,원천불명,표,근사,28
2025-11-19_다올투자증권_산업,2025-11-19,다올투자증권,demand_forecasts,97,legacy_p28_9d166c59c1,EV,전체,,글로벌,글로벌,,글로벌,침투율,2026,FY,16.1,,%,추정,시장전체,,글로벌 BEV 침투율 전망,,,원천불명,표,근사,28
2025-11-19_다올투자증권_산업,2025-11-19,다올투자증권,demand_forecasts,98,legacy_p28_9d166c59c1,EV,전체,,글로벌,글로벌,,글로벌,침투율,2027,FY,18.6,,%,추정,시장전체,,글로벌 BEV 침투율 전망,,,원천불명,표,근사,28
2025-11-19_다올투자증권_산업,2025-11-19,다올투자증권,demand_forecasts,99,legacy_p28_9d166c59c1,EV,전체,,글로벌,글로벌,,글로벌,침투율,2028,FY,20.9,,%,추정,시장전체,,글로벌 BEV 침투율 전망,,,원천불명,표,근사,28
2025-11-19_다올투자증권_산업,2025-11-19,다올투자증권,demand_forecasts,100,legacy_p28_1e809cb5b7,EV,전체,,글로벌,글로벌,,글로벌,침투율,2020,FY,6.7,,%,실적,시장전체,,글로벌 xEV(HEV+PHEV+BEV) 침투율,,,원천불명,표,근사,28
2025-11-19_다올투자증권_산업,2025-11-19,다올투자증권,demand_forecasts,101,legacy_p28_e7e0f1323a,EV,전체,,글로벌,글로벌,,글로벌,침투율,2021,FY,11.7,,%,실적,시장전체,,글로벌 xEV 침투율,,,원천불명,표,근사,28
2025-11-19_다올투자증권_산업,2025-11-19,다올투자증권,demand_forecasts,102,legacy_p28_e7e0f1323a,EV,전체,,글로벌,글로벌,,글로벌,침투율,2022,FY,17.6,,%,실적,시장전체,,글로벌 xEV 침투율,,,원천불명,표,근사,28
2025-11-19_다올투자증권_산업,2025-11-19,다올투자증권,demand_forecasts,103,legacy_p28_e7e0f1323a,EV,전체,,글로벌,글로벌,,글로벌,침투율,2023,FY,21.1,,%,실적,시장전체,,글로벌 xEV 침투율,,,원천불명,표,근사,28
2025-11-19_다올투자증권_산업,2025-11-19,다올투자증권,demand_forecasts,104,legacy_p28_e7e0f1323a,EV,전체,,글로벌,글로벌,,글로벌,침투율,2024,FY,25.2,,%,실적,시장전체,,글로벌 xEV 침투율,,,원천불명,표,근사,28
2025-11-19_다올투자증권_산업,2025-11-19,다올투자증권,demand_forecasts,105,legacy_p28_4ad5eacdbf,EV,전체,,글로벌,글로벌,,글로벌,침투율,2025,FY,28.6,,%,추정,시장전체,,글로벌 xEV 침투율 전망,,,원천불명,표,근사,28
2025-11-19_다올투자증권_산업,2025-11-19,다올투자증권,demand_forecasts,106,legacy_p28_4ad5eacdbf,EV,전체,,글로벌,글로벌,,글로벌,침투율,2026,FY,32.4,,%,추정,시장전체,,글로벌 xEV 침투율 전망,,,원천불명,표,근사,28
2025-11-19_다올투자증권_산업,2025-11-19,다올투자증권,demand_forecasts,107,legacy_p28_4ad5eacdbf,EV,전체,,글로벌,글로벌,,글로벌,침투율,2027,FY,36.6,,%,추정,시장전체,,글로벌 xEV 침투율 전망,,,원천불명,표,근사,28
2025-11-19_다올투자증권_산업,2025-11-19,다올투자증권,demand_forecasts,108,legacy_p28_4ad5eacdbf,EV,전체,,글로벌,글로벌,,글로벌,침투율,2028,FY,39.9,,%,추정,시장전체,,글로벌 xEV 침투율 전망,,,원천불명,표,근사,28
2025-11-19_다올투자증권_산업,2025-11-19,다올투자증권,demand_forecasts,116,legacy_p19_01223e6d2b,EV,전체,,글로벌,글로벌,,글로벌,수요량,2025,FY,974,,GWh,추정,시장전체,,글로벌 전기차용 배터리 시장 규모(TAM) 전망,,,원천불명,표,근사,19
2025-11-19_다올투자증권_산업,2025-11-19,다올투자증권,demand_forecasts,117,legacy_p19_01223e6d2b,EV,전체,,글로벌,글로벌,,글로벌,수요량,2026,FY,1095,,GWh,추정,시장전체,,글로벌 전기차용 배터리 시장 규모(TAM) 전망,,,원천불명,표,근사,19
2025-11-19_다올투자증권_산업,2025-11-19,다올투자증권,demand_forecasts,118,legacy_p19_01223e6d2b,EV,전체,,글로벌,글로벌,,글로벌,수요량,2027,FY,1276,,GWh,추정,시장전체,,글로벌 전기차용 배터리 시장 규모(TAM) 전망,,,원천불명,표,근사,19
2025-11-19_다올투자증권_산업,2025-11-19,다올투자증권,demand_forecasts,119,legacy_p19_d97cc50490,EV,전체,,글로벌,글로벌,,글로벌,수요량,2028,FY,1413,,GWh,추정,시장전체,,"글로벌 전기차용 배터리 시장 규모(TAM) 전망, EV용 배터리 시장은 1TWh를 이미 상회",,,원천불명,표,근사,19
2025-11-19_다올투자증권_산업,2025-11-19,다올투자증권,demand_forecasts,122,legacy_p19_21c2ce4f3e,ESS,전체,,글로벌,글로벌,,글로벌,수요량,2025,FY,544,,GWh,추정,시장전체,,"글로벌 ESS용 배터리 시장 규모 전망, 최근 매년 50% 이상 고성장",,,원천불명,표,근사,19
2025-11-19_다올투자증권_산업,2025-11-19,다올투자증권,demand_forecasts,123,legacy_p19_de8c940ca4,ESS,전체,,글로벌,글로벌,,글로벌,수요량,2030,FY,760,,GWh,추정,시장전체,,"글로벌 ESS용 배터리 시장 규모, 현재의 시장 컨센서스치",,,원천불명,표,근사,19
2025-11-19_다올투자증권_산업,2025-11-19,다올투자증권,demand_forecasts,124,legacy_p19_860887db82,ESS,전체,,글로벌,글로벌,,글로벌,수요량,2030,FY,2000,,GWh,추정,시장전체,,"다올투자증권 추정치(연평균 30% 성장 가정시), ESS 시장이 EV 시장 규모(2028E 1,413GWh)를 넘어설 것으로 전망",,,원천불명,표,근사,19
2025-11-19_다올투자증권_산업,2025-11-19,다올투자증권,demand_forecasts,125,legacy_p8_eeb24e7dda,ESS,데이터센터,,북미,북미,글로벌,권역,수요량,2025,FY,75.3,,GWh,추정,서브세그먼트,,미국 데이터센터/그리드향 ESS 설치 수요(IEA 기준 신재생 저장수요 매개변수 반영 추정),,,원천불명,표,근사,8
2025-11-19_다올투자증권_산업,2025-11-19,다올투자증권,demand_forecasts,126,legacy_p8_c3c85f1aa9,ESS,데이터센터,,북미,북미,글로벌,권역,수요량,2030,FY,308.2,,GWh,추정,서브세그먼트,,"미국 데이터센터/그리드향 ESS 설치 수요 전망, AI훈련 부하 확대에 따라 2h에서 4h 수준으로 부하 가능한 ESS 용량 필요",,,원천불명,표,근사,8
2025-11-19_다올투자증권_산업,2025-11-19,다올투자증권,demand_forecasts,127,legacy_p8_efd98ae4ba,ESS,데이터센터,,유럽,유럽,글로벌,권역,수요량,2025,FY,27.4,,GWh,추정,서브세그먼트,,유럽 데이터센터/그리드향 ESS 설치 수요,,,원천불명,표,근사,8
2025-11-19_다올투자증권_산업,2025-11-19,다올투자증권,demand_forecasts,128,legacy_p8_36c56ff059,ESS,데이터센터,,유럽,유럽,글로벌,권역,수요량,2030,FY,154.1,,GWh,추정,서브세그먼트,,유럽 데이터센터/그리드향 ESS 설치 수요 전망,,,원천불명,표,근사,8
2025-11-19_다올투자증권_산업,2025-11-19,다올투자증권,demand_forecasts,129,legacy_p8_31d9f795c3,ESS,데이터센터,,글로벌,글로벌,,글로벌,수요량,2025,FY,102.7,,GWh,추정,서브세그먼트,,미국+유럽 합산 데이터센터/그리드향 ESS 설치 수요,,,원천불명,표,근사,8
2025-11-19_다올투자증권_산업,2025-11-19,다올투자증권,demand_forecasts,130,legacy_p8_a76c483653,ESS,데이터센터,,글로벌,글로벌,,글로벌,수요량,2030,FY,462.3,,GWh,추정,서브세그먼트,,"미국+유럽 합산 데이터센터/그리드향 ESS 설치 수요 전망, 2030년 300GWh 수준 상회 가능",,,원천불명,표,근사,8
2025-11-19_다올투자증권_산업,2025-11-19,다올투자증권,demand_forecasts,132,legacy_p10_f3124a3af3,ESS,전체,,북미,북미,글로벌,권역,수요량,2027,FY,244.6,,GWh,추정,시장전체,,미국 ESS 설치량 전망(2027P),,,원천불명,표,근사,10
2025-11-19_다올투자증권_산업,2025-11-19,다올투자증권,demand_forecasts,134,legacy_p10_0eb57af19e,ESS,전체,,중국,중국,글로벌,국가,수요량,2027,FY,721.2,,GWh,추정,시장전체,,중국 ESS 설치량 전망(2027P),,,원천불명,표,근사,10
2025-11-19_다올투자증권_산업,2025-11-19,다올투자증권,demand_forecasts,136,legacy_p10_660740ad2c,ESS,전체,,한국,한국,글로벌,국가,수요량,2027,FY,1.3,,GWh,추정,시장전체,,대한민국 ESS 설치량 전망(2027P),,,원천불명,표,근사,10
2025-11-19_다올투자증권_산업,2025-11-19,다올투자증권,demand_forecasts,138,legacy_p10_585c75d5ab,ESS,전체,,기타,기타,글로벌,권역,수요량,2027,FY,1278.5,,GWh,추정,시장전체,,글로벌(20개국) ESS 설치량 합계 전망(2027P),,,원천불명,표,근사,10
2025-11-24_SK증권_산업,2025-11-24,SK증권,demand_forecasts,11,legacy_p3_aba3ad2e06,EV,전체,,글로벌,글로벌,,글로벌,수요량,2025,FY,1075,,GWh,추정,시장전체,,"EV 배터리, 글로벌(F)",,,원천불명,표,근사,3
2025-11-24_SK증권_산업,2025-11-24,SK증권,demand_forecasts,12,legacy_p9_766014f523,EV,전체,,글로벌,글로벌,,글로벌,수요량,2026,FY,1210,,GWh,추정,시장전체,,2년 전 추정 대비 약 450GWh 하회(명시적 수치는 비공개),,,원천불명,표,근사,9
2025-11-24_SK증권_산업,2025-11-24,SK증권,demand_forecasts,13,legacy_p3_aba3ad2e06,EV,전체,,글로벌,글로벌,,글로벌,수요량,2027,FY,1367,,GWh,추정,시장전체,,"EV 배터리, 글로벌(F)",,,원천불명,표,근사,3
2025-11-24_SK증권_산업,2025-11-24,SK증권,demand_forecasts,14,legacy_p3_aba3ad2e06,EV,전체,,글로벌,글로벌,,글로벌,수요량,2028,FY,1545,,GWh,추정,시장전체,,"EV 배터리, 글로벌(F)",,,원천불명,표,근사,3
2025-11-24_SK증권_산업,2025-11-24,SK증권,demand_forecasts,15,legacy_p3_aba3ad2e06,EV,전체,,글로벌,글로벌,,글로벌,수요량,2029,FY,1761,,GWh,추정,시장전체,,"EV 배터리, 글로벌(F)",,,원천불명,표,근사,3
2025-11-24_SK증권_산업,2025-11-24,SK증권,demand_forecasts,16,legacy_p3_aba3ad2e06,EV,전체,,글로벌,글로벌,,글로벌,수요량,2030,FY,2026,,GWh,추정,시장전체,,"EV 배터리, 글로벌(F)",,,원천불명,표,근사,3
2025-11-24_SK증권_산업,2025-11-24,SK증권,demand_forecasts,19,legacy_p3_775bc9c69c,ESS,전체,,글로벌,글로벌,,글로벌,수요량,2025,FY,288,,GWh,추정,시장전체,,"ESS 배터리, 글로벌(F)",,,원천불명,표,근사,3
2025-11-24_SK증권_산업,2025-11-24,SK증권,demand_forecasts,20,legacy_p9_fcf14046ab,ESS,전체,,글로벌,글로벌,,글로벌,수요량,2026,FY,359,,GWh,추정,시장전체,,2년 전 추정 대비 약 100GWh 상회(명시적 수치는 비공개),,,원천불명,표,근사,9
2025-11-24_SK증권_산업,2025-11-24,SK증권,demand_forecasts,21,legacy_p3_775bc9c69c,ESS,전체,,글로벌,글로벌,,글로벌,수요량,2027,FY,431,,GWh,추정,시장전체,,"ESS 배터리, 글로벌(F)",,,원천불명,표,근사,3
2025-11-24_SK증권_산업,2025-11-24,SK증권,demand_forecasts,22,legacy_p3_775bc9c69c,ESS,전체,,글로벌,글로벌,,글로벌,수요량,2028,FY,518,,GWh,추정,시장전체,,"ESS 배터리, 글로벌(F)",,,원천불명,표,근사,3
2025-11-24_SK증권_산업,2025-11-24,SK증권,demand_forecasts,23,legacy_p3_775bc9c69c,ESS,전체,,글로벌,글로벌,,글로벌,수요량,2029,FY,621,,GWh,추정,시장전체,,"ESS 배터리, 글로벌(F)",,,원천불명,표,근사,3
2025-11-24_SK증권_산업,2025-11-24,SK증권,demand_forecasts,24,legacy_p3_775bc9c69c,ESS,전체,,글로벌,글로벌,,글로벌,수요량,2030,FY,745,,GWh,추정,시장전체,,"ESS 배터리, 글로벌(F)",,,원천불명,표,근사,3
2025-11-24_SK증권_산업,2025-11-24,SK증권,demand_forecasts,27,legacy_p3_0c5ab85277,ESS,전체,,북미,북미,글로벌,권역,수요량,2025,FY,54,,GWh,추정,시장전체,,"ESS 배터리, 미국(F); p.16 북미ESS수요 전망과 동일",,,원천불명,표,근사,3
2025-11-24_SK증권_산업,2025-11-24,SK증권,demand_forecasts,28,legacy_p3_0c5ab85277,ESS,전체,,북미,북미,글로벌,권역,수요량,2026,FY,75,,GWh,추정,시장전체,,"ESS 배터리, 미국(F); p.16 북미ESS수요 전망과 동일",,,원천불명,표,근사,3
2025-11-24_SK증권_산업,2025-11-24,SK증권,demand_forecasts,29,legacy_p3_0c5ab85277,ESS,전체,,북미,북미,글로벌,권역,수요량,2027,FY,97,,GWh,추정,시장전체,,"ESS 배터리, 미국(F); p.16 북미ESS수요 전망과 동일",,,원천불명,표,근사,3
2025-11-24_SK증권_산업,2025-11-24,SK증권,demand_forecasts,30,legacy_p3_0c5ab85277,ESS,전체,,북미,북미,글로벌,권역,수요량,2028,FY,120,,GWh,추정,시장전체,,"ESS 배터리, 미국(F); p.16 북미ESS수요 전망과 동일",,,원천불명,표,근사,3
2025-11-24_SK증권_산업,2025-11-24,SK증권,demand_forecasts,31,legacy_p3_95f308af38,ESS,전체,,북미,북미,글로벌,권역,수요량,2029,FY,149,,GWh,추정,시장전체,,"ESS 배터리, 미국(F)",,,원천불명,표,근사,3
2025-11-24_SK증권_산업,2025-11-24,SK증권,demand_forecasts,32,legacy_p3_95f308af38,ESS,전체,,북미,북미,글로벌,권역,수요량,2030,FY,184,,GWh,추정,시장전체,,"ESS 배터리, 미국(F)",,,원천불명,표,근사,3
2025-11-24_SK증권_산업,2025-11-24,SK증권,demand_forecasts,41,legacy_p14_7450a1adfe,EV,전체,,글로벌,글로벌,,글로벌,성장률,2023,FY,43,,%,실적,시장전체,,"EV 배터리 성장률(YoY), 글로벌",,,원천불명,표,근사,14
2025-11-24_SK증권_산업,2025-11-24,SK증권,demand_forecasts,42,legacy_p14_7450a1adfe,EV,전체,,글로벌,글로벌,,글로벌,성장률,2024,FY,19,,%,실적,시장전체,,"EV 배터리 성장률(YoY), 글로벌",,,원천불명,표,근사,14
2025-11-24_SK증권_산업,2025-11-24,SK증권,demand_forecasts,43,legacy_p14_7450a1adfe,EV,전체,,글로벌,글로벌,,글로벌,성장률,2025,FY,20,,%,추정,시장전체,,"EV 배터리 성장률(YoY), 글로벌",,,원천불명,표,근사,14
2025-11-24_SK증권_산업,2025-11-24,SK증권,demand_forecasts,44,legacy_p14_7450a1adfe,EV,전체,,글로벌,글로벌,,글로벌,성장률,2026,FY,13,,%,추정,시장전체,,"EV 배터리 성장률(YoY), 글로벌",,,원천불명,표,근사,14
2025-11-24_SK증권_산업,2025-11-24,SK증권,demand_forecasts,45,legacy_p14_7450a1adfe,EV,전체,,글로벌,글로벌,,글로벌,성장률,2027,FY,13,,%,추정,시장전체,,"EV 배터리 성장률(YoY), 글로벌",,,원천불명,표,근사,14
2025-11-24_SK증권_산업,2025-11-24,SK증권,demand_forecasts,46,legacy_p14_7450a1adfe,EV,전체,,글로벌,글로벌,,글로벌,성장률,2028,FY,13,,%,추정,시장전체,,"EV 배터리 성장률(YoY), 글로벌",,,원천불명,표,근사,14
2025-11-24_SK증권_산업,2025-11-24,SK증권,demand_forecasts,47,legacy_p14_7450a1adfe,EV,전체,,글로벌,글로벌,,글로벌,성장률,2029,FY,14,,%,추정,시장전체,,"EV 배터리 성장률(YoY), 글로벌",,,원천불명,표,근사,14
2025-11-24_SK증권_산업,2025-11-24,SK증권,demand_forecasts,48,legacy_p14_7450a1adfe,EV,전체,,글로벌,글로벌,,글로벌,성장률,2030,FY,15,,%,추정,시장전체,,"EV 배터리 성장률(YoY), 글로벌",,,원천불명,표,근사,14
2025-11-24_SK증권_산업,2025-11-24,SK증권,demand_forecasts,49,legacy_p14_245e0c4790,ESS,전체,,글로벌,글로벌,,글로벌,성장률,2023,FY,42,,%,실적,시장전체,,"ESS 배터리 성장률(YoY), 글로벌",,,원천불명,표,근사,14
2025-11-24_SK증권_산업,2025-11-24,SK증권,demand_forecasts,50,legacy_p14_245e0c4790,ESS,전체,,글로벌,글로벌,,글로벌,성장률,2024,FY,35,,%,실적,시장전체,,"ESS 배터리 성장률(YoY), 글로벌",,,원천불명,표,근사,14
2025-11-24_SK증권_산업,2025-11-24,SK증권,demand_forecasts,51,legacy_p14_245e0c4790,ESS,전체,,글로벌,글로벌,,글로벌,성장률,2025,FY,25,,%,추정,시장전체,,"ESS 배터리 성장률(YoY), 글로벌",,,원천불명,표,근사,14
2025-11-24_SK증권_산업,2025-11-24,SK증권,demand_forecasts,52,legacy_p14_245e0c4790,ESS,전체,,글로벌,글로벌,,글로벌,성장률,2026,FY,25,,%,추정,시장전체,,"ESS 배터리 성장률(YoY), 글로벌",,,원천불명,표,근사,14
2025-11-24_SK증권_산업,2025-11-24,SK증권,demand_forecasts,53,legacy_p14_245e0c4790,ESS,전체,,글로벌,글로벌,,글로벌,성장률,2027,FY,20,,%,추정,시장전체,,"ESS 배터리 성장률(YoY), 글로벌",,,원천불명,표,근사,14
2025-11-24_SK증권_산업,2025-11-24,SK증권,demand_forecasts,54,legacy_p14_245e0c4790,ESS,전체,,글로벌,글로벌,,글로벌,성장률,2028,FY,20,,%,추정,시장전체,,"ESS 배터리 성장률(YoY), 글로벌",,,원천불명,표,근사,14
2025-11-24_SK증권_산업,2025-11-24,SK증권,demand_forecasts,55,legacy_p14_245e0c4790,ESS,전체,,글로벌,글로벌,,글로벌,성장률,2029,FY,20,,%,추정,시장전체,,"ESS 배터리 성장률(YoY), 글로벌",,,원천불명,표,근사,14
2025-11-24_SK증권_산업,2025-11-24,SK증권,demand_forecasts,56,legacy_p14_245e0c4790,ESS,전체,,글로벌,글로벌,,글로벌,성장률,2030,FY,20,,%,추정,시장전체,,"ESS 배터리 성장률(YoY), 글로벌",,,원천불명,표,근사,14
2025-11-24_SK증권_산업,2025-11-24,SK증권,demand_forecasts,57,legacy_p14_6dd7e37c87,ESS,전체,,북미,북미,글로벌,권역,성장률,2024,FY,146,,%,실적,시장전체,,"ESS 배터리 성장률(YoY), 미국 (2023년은 '-' 표기로 기준연도)",,,원천불명,표,근사,14
2025-11-24_SK증권_산업,2025-11-24,SK증권,demand_forecasts,58,legacy_p14_a1cbae8cf7,ESS,전체,,북미,북미,글로벌,권역,성장률,2025,FY,47,,%,추정,시장전체,,"ESS 배터리 성장률(YoY), 미국",,,원천불명,표,근사,14
2025-11-24_SK증권_산업,2025-11-24,SK증권,demand_forecasts,59,legacy_p14_a1cbae8cf7,ESS,전체,,북미,북미,글로벌,권역,성장률,2026,FY,38,,%,추정,시장전체,,"ESS 배터리 성장률(YoY), 미국",,,원천불명,표,근사,14
2025-11-24_SK증권_산업,2025-11-24,SK증권,demand_forecasts,60,legacy_p14_a1cbae8cf7,ESS,전체,,북미,북미,글로벌,권역,성장률,2027,FY,30,,%,추정,시장전체,,"ESS 배터리 성장률(YoY), 미국",,,원천불명,표,근사,14
2025-11-24_SK증권_산업,2025-11-24,SK증권,demand_forecasts,61,legacy_p14_a1cbae8cf7,ESS,전체,,북미,북미,글로벌,권역,성장률,2028,FY,24,,%,추정,시장전체,,"ESS 배터리 성장률(YoY), 미국",,,원천불명,표,근사,14
2025-11-24_SK증권_산업,2025-11-24,SK증권,demand_forecasts,62,legacy_p14_a1cbae8cf7,ESS,전체,,북미,북미,글로벌,권역,성장률,2029,FY,24,,%,추정,시장전체,,"ESS 배터리 성장률(YoY), 미국",,,원천불명,표,근사,14
2025-11-24_SK증권_산업,2025-11-24,SK증권,demand_forecasts,63,legacy_p14_a1cbae8cf7,ESS,전체,,북미,북미,글로벌,권역,성장률,2030,FY,24,,%,추정,시장전체,,"ESS 배터리 성장률(YoY), 미국",,,원천불명,표,근사,14
2025-11-24_SK증권_산업,2025-11-24,SK증권,demand_forecasts,64,legacy_p9_3c0b3420d0,EV,전체,,글로벌,글로벌,,글로벌,판매대수,2026,FY,2429,,만대,추정,시장전체,,"전년대비 15% 증가, 2년 전 추정 대비 약 9% 낮은 수치",,,원천불명,표,근사,9
2025-11-24_유진투자증권_산업,2025-11-24,유진투자증권,demand_forecasts,2,legacy_p8_d5dd95d33e,ESS,전체,BESS,글로벌,글로벌,,글로벌,수요량,2025,FY,286,,GWh,추정,시장전체,,글로벌 연도별 BESS 신규 설치용량 전망,,,원천불명,표,근사,8
2025-11-24_유진투자증권_산업,2025-11-24,유진투자증권,demand_forecasts,3,legacy_p8_d5dd95d33e,ESS,전체,BESS,글로벌,글로벌,,글로벌,수요량,2026,FY,367,,GWh,추정,시장전체,,글로벌 연도별 BESS 신규 설치용량 전망,,,원천불명,표,근사,8
2025-11-24_유진투자증권_산업,2025-11-24,유진투자증권,demand_forecasts,4,legacy_p8_d5dd95d33e,ESS,전체,BESS,글로벌,글로벌,,글로벌,수요량,2027,FY,452,,GWh,추정,시장전체,,글로벌 연도별 BESS 신규 설치용량 전망,,,원천불명,표,근사,8
2025-11-24_유진투자증권_산업,2025-11-24,유진투자증권,demand_forecasts,5,legacy_p8_d5dd95d33e,ESS,전체,BESS,글로벌,글로벌,,글로벌,수요량,2028,FY,527,,GWh,추정,시장전체,,글로벌 연도별 BESS 신규 설치용량 전망,,,원천불명,표,근사,8
2025-11-24_유진투자증권_산업,2025-11-24,유진투자증권,demand_forecasts,6,legacy_p8_d5dd95d33e,ESS,전체,BESS,글로벌,글로벌,,글로벌,수요량,2029,FY,619,,GWh,추정,시장전체,,글로벌 연도별 BESS 신규 설치용량 전망,,,원천불명,표,근사,8
2025-11-24_유진투자증권_산업,2025-11-24,유진투자증권,demand_forecasts,7,legacy_p8_d5dd95d33e,ESS,전체,BESS,글로벌,글로벌,,글로벌,수요량,2030,FY,718,,GWh,추정,시장전체,,글로벌 연도별 BESS 신규 설치용량 전망,,,원천불명,표,근사,8
2025-11-24_유진투자증권_산업,2025-11-24,유진투자증권,demand_forecasts,9,legacy_p8_ebd9518e15,ESS,전체,BESS,미국,미국,북미,국가,수요량,2025,FY,48,,GWh,추정,시장전체,,미국 연도별 BESS 신규 설치용량 전망,,,원천불명,표,근사,8
2025-11-24_유진투자증권_산업,2025-11-24,유진투자증권,demand_forecasts,10,legacy_p8_ebd9518e15,ESS,전체,BESS,미국,미국,북미,국가,수요량,2026,FY,64,,GWh,추정,시장전체,,미국 연도별 BESS 신규 설치용량 전망,,,원천불명,표,근사,8
2025-11-24_유진투자증권_산업,2025-11-24,유진투자증권,demand_forecasts,11,legacy_p8_ebd9518e15,ESS,전체,BESS,미국,미국,북미,국가,수요량,2027,FY,78,,GWh,추정,시장전체,,미국 연도별 BESS 신규 설치용량 전망,,,원천불명,표,근사,8
2025-11-24_유진투자증권_산업,2025-11-24,유진투자증권,demand_forecasts,12,legacy_p8_ebd9518e15,ESS,전체,BESS,미국,미국,북미,국가,수요량,2028,FY,91,,GWh,추정,시장전체,,미국 연도별 BESS 신규 설치용량 전망,,,원천불명,표,근사,8
2025-11-24_유진투자증권_산업,2025-11-24,유진투자증권,demand_forecasts,13,legacy_p8_ebd9518e15,ESS,전체,BESS,미국,미국,북미,국가,수요량,2029,FY,105,,GWh,추정,시장전체,,미국 연도별 BESS 신규 설치용량 전망,,,원천불명,표,근사,8
2025-11-24_유진투자증권_산업,2025-11-24,유진투자증권,demand_forecasts,14,legacy_p8_ebd9518e15,ESS,전체,BESS,미국,미국,북미,국가,수요량,2030,FY,113,,GWh,추정,시장전체,,미국 연도별 BESS 신규 설치용량 전망,,,원천불명,표,근사,8
2025-11-24_유진투자증권_산업,2025-11-24,유진투자증권,demand_forecasts,16,legacy_p8_dee1e61a5b,ESS,전체,BESS,유럽,유럽,글로벌,권역,수요량,2025,FY,30,,GWh,추정,시장전체,,유럽 연도별 BESS 신규 설치용량 전망,,,원천불명,표,근사,8
2025-11-24_유진투자증권_산업,2025-11-24,유진투자증권,demand_forecasts,17,legacy_p8_dee1e61a5b,ESS,전체,BESS,유럽,유럽,글로벌,권역,수요량,2026,FY,42,,GWh,추정,시장전체,,유럽 연도별 BESS 신규 설치용량 전망,,,원천불명,표,근사,8
2025-11-24_유진투자증권_산업,2025-11-24,유진투자증권,demand_forecasts,18,legacy_p8_dee1e61a5b,ESS,전체,BESS,유럽,유럽,글로벌,권역,수요량,2027,FY,65,,GWh,추정,시장전체,,유럽 연도별 BESS 신규 설치용량 전망,,,원천불명,표,근사,8
2025-11-24_유진투자증권_산업,2025-11-24,유진투자증권,demand_forecasts,19,legacy_p8_dee1e61a5b,ESS,전체,BESS,유럽,유럽,글로벌,권역,수요량,2028,FY,88,,GWh,추정,시장전체,,유럽 연도별 BESS 신규 설치용량 전망,,,원천불명,표,근사,8
2025-11-24_유진투자증권_산업,2025-11-24,유진투자증권,demand_forecasts,20,legacy_p8_dee1e61a5b,ESS,전체,BESS,유럽,유럽,글로벌,권역,수요량,2029,FY,110,,GWh,추정,시장전체,,유럽 연도별 BESS 신규 설치용량 전망,,,원천불명,표,근사,8
2025-11-24_유진투자증권_산업,2025-11-24,유진투자증권,demand_forecasts,21,legacy_p8_dee1e61a5b,ESS,전체,BESS,유럽,유럽,글로벌,권역,수요량,2030,FY,135,,GWh,추정,시장전체,,유럽 연도별 BESS 신규 설치용량 전망,,,원천불명,표,근사,8
2025-11-24_유진투자증권_산업,2025-11-24,유진투자증권,demand_forecasts,22,legacy_p9_bfa1cfe521,ESS,전체,BESS,글로벌,글로벌,,글로벌,침투율,2024,FY,18,,%,실적,시장전체,,글로벌 EV+ESS 배터리 수요 중 BESS 비중,,,원천불명,표,근사,9
2025-11-24_유진투자증권_산업,2025-11-24,유진투자증권,demand_forecasts,23,legacy_p9_bfa1cfe521,ESS,전체,BESS,글로벌,글로벌,,글로벌,침투율,2025,FY,20,,%,추정,시장전체,,글로벌 EV+ESS 배터리 수요 중 BESS 비중,,,원천불명,표,근사,9
2025-11-24_유진투자증권_산업,2025-11-24,유진투자증권,demand_forecasts,24,legacy_p9_bfa1cfe521,ESS,전체,BESS,글로벌,글로벌,,글로벌,침투율,2026,FY,21,,%,추정,시장전체,,글로벌 EV+ESS 배터리 수요 중 BESS 비중,,,원천불명,표,근사,9
2025-11-24_유진투자증권_산업,2025-11-24,유진투자증권,demand_forecasts,25,legacy_p9_bfa1cfe521,ESS,전체,BESS,글로벌,글로벌,,글로벌,침투율,2027,FY,22,,%,추정,시장전체,,글로벌 EV+ESS 배터리 수요 중 BESS 비중,,,원천불명,표,근사,9
2025-11-24_유진투자증권_산업,2025-11-24,유진투자증권,demand_forecasts,26,legacy_p9_bfa1cfe521,ESS,전체,BESS,글로벌,글로벌,,글로벌,침투율,2028,FY,22,,%,추정,시장전체,,글로벌 EV+ESS 배터리 수요 중 BESS 비중,,,원천불명,표,근사,9
2025-11-24_유진투자증권_산업,2025-11-24,유진투자증권,demand_forecasts,27,legacy_p9_bfa1cfe521,ESS,전체,BESS,글로벌,글로벌,,글로벌,침투율,2029,FY,22,,%,추정,시장전체,,글로벌 EV+ESS 배터리 수요 중 BESS 비중,,,원천불명,표,근사,9
2025-11-24_유진투자증권_산업,2025-11-24,유진투자증권,demand_forecasts,28,legacy_p9_bfa1cfe521,ESS,전체,BESS,글로벌,글로벌,,글로벌,침투율,2030,FY,23,,%,추정,시장전체,,글로벌 EV+ESS 배터리 수요 중 BESS 비중,,,원천불명,표,근사,9
2025-11-24_유진투자증권_산업,2025-11-24,유진투자증권,demand_forecasts,29,legacy_p9_d194920ee6,ESS,전체,BESS,미국,미국,북미,국가,침투율,2024,FY,24,,%,실적,시장전체,,미국 EV+ESS 배터리 수요 중 BESS 비중,,,원천불명,표,근사,9
2025-11-24_유진투자증권_산업,2025-11-24,유진투자증권,demand_forecasts,30,legacy_p9_d194920ee6,ESS,전체,BESS,미국,미국,북미,국가,침투율,2025,FY,29,,%,추정,시장전체,,미국 EV+ESS 배터리 수요 중 BESS 비중,,,원천불명,표,근사,9
2025-11-24_유진투자증권_산업,2025-11-24,유진투자증권,demand_forecasts,31,legacy_p9_d194920ee6,ESS,전체,BESS,미국,미국,북미,국가,침투율,2026,FY,34,,%,추정,시장전체,,미국 EV+ESS 배터리 수요 중 BESS 비중,,,원천불명,표,근사,9
2025-11-24_유진투자증권_산업,2025-11-24,유진투자증권,demand_forecasts,32,legacy_p9_d194920ee6,ESS,전체,BESS,미국,미국,북미,국가,침투율,2027,FY,35,,%,추정,시장전체,,미국 EV+ESS 배터리 수요 중 BESS 비중,,,원천불명,표,근사,9
2025-11-24_유진투자증권_산업,2025-11-24,유진투자증권,demand_forecasts,33,legacy_p9_d194920ee6,ESS,전체,BESS,미국,미국,북미,국가,침투율,2028,FY,34,,%,추정,시장전체,,미국 EV+ESS 배터리 수요 중 BESS 비중,,,원천불명,표,근사,9
2025-11-24_유진투자증권_산업,2025-11-24,유진투자증권,demand_forecasts,34,legacy_p9_d194920ee6,ESS,전체,BESS,미국,미국,북미,국가,침투율,2029,FY,32,,%,추정,시장전체,,미국 EV+ESS 배터리 수요 중 BESS 비중,,,원천불명,표,근사,9
2025-11-24_유진투자증권_산업,2025-11-24,유진투자증권,demand_forecasts,35,legacy_p9_d194920ee6,ESS,전체,BESS,미국,미국,북미,국가,침투율,2030,FY,28,,%,추정,시장전체,,미국 EV+ESS 배터리 수요 중 BESS 비중,,,원천불명,표,근사,9
2025-11-24_유진투자증권_산업,2025-11-24,유진투자증권,demand_forecasts,36,legacy_p9_82aaf12ea5,ESS,전체,BESS,유럽,유럽,글로벌,권역,침투율,2024,FY,16,,%,실적,시장전체,,유럽 EV+ESS 배터리 수요 중 BESS 비중,,,원천불명,표,근사,9
2025-11-24_유진투자증권_산업,2025-11-24,유진투자증권,demand_forecasts,37,legacy_p9_82aaf12ea5,ESS,전체,BESS,유럽,유럽,글로벌,권역,침투율,2025,FY,17,,%,추정,시장전체,,유럽 EV+ESS 배터리 수요 중 BESS 비중,,,원천불명,표,근사,9
2025-11-24_유진투자증권_산업,2025-11-24,유진투자증권,demand_forecasts,38,legacy_p9_82aaf12ea5,ESS,전체,BESS,유럽,유럽,글로벌,권역,침투율,2026,FY,19,,%,추정,시장전체,,유럽 EV+ESS 배터리 수요 중 BESS 비중,,,원천불명,표,근사,9
2025-11-24_유진투자증권_산업,2025-11-24,유진투자증권,demand_forecasts,39,legacy_p9_82aaf12ea5,ESS,전체,BESS,유럽,유럽,글로벌,권역,침투율,2027,FY,22,,%,추정,시장전체,,유럽 EV+ESS 배터리 수요 중 BESS 비중,,,원천불명,표,근사,9
2025-11-24_유진투자증권_산업,2025-11-24,유진투자증권,demand_forecasts,40,legacy_p9_82aaf12ea5,ESS,전체,BESS,유럽,유럽,글로벌,권역,침투율,2028,FY,24,,%,추정,시장전체,,유럽 EV+ESS 배터리 수요 중 BESS 비중,,,원천불명,표,근사,9
2025-11-24_유진투자증권_산업,2025-11-24,유진투자증권,demand_forecasts,41,legacy_p9_82aaf12ea5,ESS,전체,BESS,유럽,유럽,글로벌,권역,침투율,2029,FY,25,,%,추정,시장전체,,유럽 EV+ESS 배터리 수요 중 BESS 비중,,,원천불명,표,근사,9
2025-11-24_유진투자증권_산업,2025-11-24,유진투자증권,demand_forecasts,42,legacy_p9_82aaf12ea5,ESS,전체,BESS,유럽,유럽,글로벌,권역,침투율,2030,FY,25,,%,추정,시장전체,,유럽 EV+ESS 배터리 수요 중 BESS 비중,,,원천불명,표,근사,9
2025-11-24_유진투자증권_산업,2025-11-24,유진투자증권,demand_forecasts,43,legacy_p15_5f0d47269b,ESS,전체,BESS,한국,한국,글로벌,국가,수요량,2026,FY,4.2,,GWh,추정,시장전체,,태양광 발전 연계 2시간 충전용 BESS 필요 용량(국내),,,원천불명,표,근사,15
2025-11-24_유진투자증권_산업,2025-11-24,유진투자증권,demand_forecasts,44,legacy_p15_5f0d47269b,ESS,전체,BESS,한국,한국,글로벌,국가,수요량,2027,FY,5.6,,GWh,추정,시장전체,,태양광 발전 연계 2시간 충전용 BESS 필요 용량(국내),,,원천불명,표,근사,15
2025-11-24_유진투자증권_산업,2025-11-24,유진투자증권,demand_forecasts,45,legacy_p15_5f0d47269b,ESS,전체,BESS,한국,한국,글로벌,국가,수요량,2028,FY,7,,GWh,추정,시장전체,,태양광 발전 연계 2시간 충전용 BESS 필요 용량(국내),,,원천불명,표,근사,15
2025-11-24_유진투자증권_산업,2025-11-24,유진투자증권,demand_forecasts,46,legacy_p15_5f0d47269b,ESS,전체,BESS,한국,한국,글로벌,국가,수요량,2029,FY,7,,GWh,추정,시장전체,,태양광 발전 연계 2시간 충전용 BESS 필요 용량(국내),,,원천불명,표,근사,15
2025-11-24_유진투자증권_산업,2025-11-24,유진투자증권,demand_forecasts,47,legacy_p15_5f0d47269b,ESS,전체,BESS,한국,한국,글로벌,국가,수요량,2030,FY,7,,GWh,추정,시장전체,,태양광 발전 연계 2시간 충전용 BESS 필요 용량(국내),,,원천불명,표,근사,15
2025-11-24_유진투자증권_산업,2025-11-24,유진투자증권,demand_forecasts,48,legacy_p15_5bacf04640,ESS,전체,BESS,한국,한국,글로벌,국가,수요량,2026,FY,18,,GWh,추정,시장전체,,태양광 발전 연계 6시간 충전용 BESS 필요 용량(국내),,,원천불명,표,근사,15
2025-11-24_유진투자증권_산업,2025-11-24,유진투자증권,demand_forecasts,49,legacy_p15_5bacf04640,ESS,전체,BESS,한국,한국,글로벌,국가,수요량,2027,FY,24,,GWh,추정,시장전체,,태양광 발전 연계 6시간 충전용 BESS 필요 용량(국내),,,원천불명,표,근사,15
2025-11-24_유진투자증권_산업,2025-11-24,유진투자증권,demand_forecasts,50,legacy_p15_5bacf04640,ESS,전체,BESS,한국,한국,글로벌,국가,수요량,2028,FY,30,,GWh,추정,시장전체,,태양광 발전 연계 6시간 충전용 BESS 필요 용량(국내),,,원천불명,표,근사,15
2025-11-24_유진투자증권_산업,2025-11-24,유진투자증권,demand_forecasts,51,legacy_p15_5bacf04640,ESS,전체,BESS,한국,한국,글로벌,국가,수요량,2029,FY,30,,GWh,추정,시장전체,,태양광 발전 연계 6시간 충전용 BESS 필요 용량(국내),,,원천불명,표,근사,15
2025-11-24_유진투자증권_산업,2025-11-24,유진투자증권,demand_forecasts,52,legacy_p15_5bacf04640,ESS,전체,BESS,한국,한국,글로벌,국가,수요량,2030,FY,30,,GWh,추정,시장전체,,태양광 발전 연계 6시간 충전용 BESS 필요 용량(국내),,,원천불명,표,근사,15
2025-11-24_유진투자증권_산업,2025-11-24,유진투자증권,demand_forecasts,56,legacy_p43_76b80f1532,EV,전체,,북미,북미,글로벌,권역,판매대수,2025,FY,1840,,천대,추정,시장전체,,북미 전기차 판매량(미국+캐나다),,,원천불명,표,근사,43
2025-11-24_유진투자증권_산업,2025-11-24,유진투자증권,demand_forecasts,57,legacy_p43_76b80f1532,EV,전체,,북미,북미,글로벌,권역,판매대수,2026,FY,1910,,천대,추정,시장전체,,북미 전기차 판매량(미국+캐나다),,,원천불명,표,근사,43
2025-11-24_유진투자증권_산업,2025-11-24,유진투자증권,demand_forecasts,58,legacy_p43_76b80f1532,EV,전체,,북미,북미,글로벌,권역,판매대수,2027,FY,2206,,천대,추정,시장전체,,북미 전기차 판매량(미국+캐나다),,,원천불명,표,근사,43
2025-11-24_유진투자증권_산업,2025-11-24,유진투자증권,demand_forecasts,59,legacy_p43_76b80f1532,EV,전체,,북미,북미,글로벌,권역,판매대수,2028,FY,2631,,천대,추정,시장전체,,북미 전기차 판매량(미국+캐나다),,,원천불명,표,근사,43
2025-11-24_유진투자증권_산업,2025-11-24,유진투자증권,demand_forecasts,60,legacy_p43_76b80f1532,EV,전체,,북미,북미,글로벌,권역,판매대수,2029,FY,3278,,천대,추정,시장전체,,북미 전기차 판매량(미국+캐나다),,,원천불명,표,근사,43
2025-11-24_유진투자증권_산업,2025-11-24,유진투자증권,demand_forecasts,61,legacy_p43_76b80f1532,EV,전체,,북미,북미,글로벌,권역,판매대수,2030,FY,4215,,천대,추정,시장전체,,북미 전기차 판매량(미국+캐나다),,,원천불명,표,근사,43
2025-11-24_유진투자증권_산업,2025-11-24,유진투자증권,demand_forecasts,65,legacy_p43_73b8ad4018,EV,전체,,미국,미국,북미,국가,판매대수,2025,FY,1598,,천대,추정,시장전체,,미국 전기차 판매량,,,원천불명,표,근사,43
2025-11-24_유진투자증권_산업,2025-11-24,유진투자증권,demand_forecasts,66,legacy_p43_73b8ad4018,EV,전체,,미국,미국,북미,국가,판매대수,2026,FY,1660,,천대,추정,시장전체,,미국 전기차 판매량,,,원천불명,표,근사,43
2025-11-24_유진투자증권_산업,2025-11-24,유진투자증권,demand_forecasts,67,legacy_p43_73b8ad4018,EV,전체,,미국,미국,북미,국가,판매대수,2027,FY,1919,,천대,추정,시장전체,,미국 전기차 판매량,,,원천불명,표,근사,43
2025-11-24_유진투자증권_산업,2025-11-24,유진투자증권,demand_forecasts,68,legacy_p43_73b8ad4018,EV,전체,,미국,미국,북미,국가,판매대수,2028,FY,2290,,천대,추정,시장전체,,미국 전기차 판매량,,,원천불명,표,근사,43
2025-11-24_유진투자증권_산업,2025-11-24,유진투자증권,demand_forecasts,69,legacy_p43_73b8ad4018,EV,전체,,미국,미국,북미,국가,판매대수,2029,FY,2860,,천대,추정,시장전체,,미국 전기차 판매량,,,원천불명,표,근사,43
2025-11-24_유진투자증권_산업,2025-11-24,유진투자증권,demand_forecasts,70,legacy_p43_73b8ad4018,EV,전체,,미국,미국,북미,국가,판매대수,2030,FY,3705,,천대,추정,시장전체,,미국 전기차 판매량,,,원천불명,표,근사,43
2025-11-24_유진투자증권_산업,2025-11-24,유진투자증권,demand_forecasts,71,legacy_p43_f4052202d3,EV,전체,,미국,미국,북미,국가,성장률,2022,FY,51.2,,%,실적,시장전체,,미국 전기차 판매 YoY,,,원천불명,표,근사,43
2025-11-24_유진투자증권_산업,2025-11-24,유진투자증권,demand_forecasts,72,legacy_p43_f4052202d3,EV,전체,,미국,미국,북미,국가,성장률,2023,FY,56.3,,%,실적,시장전체,,미국 전기차 판매 YoY,,,원천불명,표,근사,43
2025-11-24_유진투자증권_산업,2025-11-24,유진투자증권,demand_forecasts,73,legacy_p43_f4052202d3,EV,전체,,미국,미국,북미,국가,성장률,2024,FY,9.3,,%,실적,시장전체,,미국 전기차 판매 YoY,,,원천불명,표,근사,43
2025-11-24_유진투자증권_산업,2025-11-24,유진투자증권,demand_forecasts,74,legacy_p43_f4052202d3,EV,전체,,미국,미국,북미,국가,성장률,2025,FY,1.8,,%,추정,시장전체,,미국 전기차 판매 YoY,,,원천불명,표,근사,43
2025-11-24_유진투자증권_산업,2025-11-24,유진투자증권,demand_forecasts,75,legacy_p43_f4052202d3,EV,전체,,미국,미국,북미,국가,성장률,2026,FY,3.9,,%,추정,시장전체,,미국 전기차 판매 YoY,,,원천불명,표,근사,43
2025-11-24_유진투자증권_산업,2025-11-24,유진투자증권,demand_forecasts,76,legacy_p43_f4052202d3,EV,전체,,미국,미국,북미,국가,성장률,2027,FY,15.6,,%,추정,시장전체,,미국 전기차 판매 YoY,,,원천불명,표,근사,43
2025-11-24_유진투자증권_산업,2025-11-24,유진투자증권,demand_forecasts,77,legacy_p43_f4052202d3,EV,전체,,미국,미국,북미,국가,성장률,2028,FY,19.3,,%,추정,시장전체,,미국 전기차 판매 YoY,,,원천불명,표,근사,43
2025-11-24_유진투자증권_산업,2025-11-24,유진투자증권,demand_forecasts,78,legacy_p43_f4052202d3,EV,전체,,미국,미국,북미,국가,성장률,2029,FY,24.9,,%,추정,시장전체,,미국 전기차 판매 YoY,,,원천불명,표,근사,43
2025-11-24_유진투자증권_산업,2025-11-24,유진투자증권,demand_forecasts,79,legacy_p43_f4052202d3,EV,전체,,미국,미국,북미,국가,성장률,2030,FY,29.5,,%,추정,시장전체,,미국 전기차 판매 YoY,,,원천불명,표,근사,43
2025-11-24_유진투자증권_산업,2025-11-24,유진투자증권,demand_forecasts,80,legacy_p43_f74fb82517,EV,전체,,미국,미국,북미,국가,침투율,2022,FY,6.7,,%,실적,시장전체,,미국 전체 자동차 판매 대비 전기차 비중,,,원천불명,표,근사,43
2025-11-24_유진투자증권_산업,2025-11-24,유진투자증권,demand_forecasts,81,legacy_p43_f74fb82517,EV,전체,,미국,미국,북미,국가,침투율,2023,FY,9.3,,%,실적,시장전체,,미국 전체 자동차 판매 대비 전기차 비중,,,원천불명,표,근사,43
2025-11-24_유진투자증권_산업,2025-11-24,유진투자증권,demand_forecasts,82,legacy_p43_f74fb82517,EV,전체,,미국,미국,북미,국가,침투율,2024,FY,9.9,,%,실적,시장전체,,미국 전체 자동차 판매 대비 전기차 비중,,,원천불명,표,근사,43
2025-11-24_유진투자증권_산업,2025-11-24,유진투자증권,demand_forecasts,83,legacy_p43_f74fb82517,EV,전체,,미국,미국,북미,국가,침투율,2025,FY,9.8,,%,추정,시장전체,,미국 전체 자동차 판매 대비 전기차 비중,,,원천불명,표,근사,43
2025-11-24_유진투자증권_산업,2025-11-24,유진투자증권,demand_forecasts,84,legacy_p43_f74fb82517,EV,전체,,미국,미국,북미,국가,침투율,2026,FY,10.0,,%,추정,시장전체,,미국 전체 자동차 판매 대비 전기차 비중,,,원천불명,표,근사,43
2025-11-24_유진투자증권_산업,2025-11-24,유진투자증권,demand_forecasts,85,legacy_p43_f74fb82517,EV,전체,,미국,미국,북미,국가,침투율,2027,FY,11.3,,%,추정,시장전체,,미국 전체 자동차 판매 대비 전기차 비중,,,원천불명,표,근사,43
2025-11-24_유진투자증권_산업,2025-11-24,유진투자증권,demand_forecasts,86,legacy_p43_f74fb82517,EV,전체,,미국,미국,북미,국가,침투율,2028,FY,13.2,,%,추정,시장전체,,미국 전체 자동차 판매 대비 전기차 비중,,,원천불명,표,근사,43
2025-11-24_유진투자증권_산업,2025-11-24,유진투자증권,demand_forecasts,87,legacy_p43_f74fb82517,EV,전체,,미국,미국,북미,국가,침투율,2029,FY,16.2,,%,추정,시장전체,,미국 전체 자동차 판매 대비 전기차 비중,,,원천불명,표,근사,43
2025-11-24_유진투자증권_산업,2025-11-24,유진투자증권,demand_forecasts,88,legacy_p43_f74fb82517,EV,전체,,미국,미국,북미,국가,침투율,2030,FY,20.6,,%,추정,시장전체,,미국 전체 자동차 판매 대비 전기차 비중,,,원천불명,표,근사,43
2025-11-24_유진투자증권_산업,2025-11-24,유진투자증권,demand_forecasts,92,legacy_p43_e09e3288ec,EV,전체,,북미,북미,글로벌,권역,판매대수,2025,FY,242,,천대,추정,시장전체,,캐나다 전기차 판매량,,,원천불명,표,근사,43
2025-11-24_유진투자증권_산업,2025-11-24,유진투자증권,demand_forecasts,93,legacy_p43_e09e3288ec,EV,전체,,북미,북미,글로벌,권역,판매대수,2026,FY,249,,천대,추정,시장전체,,캐나다 전기차 판매량,,,원천불명,표,근사,43
2025-11-24_유진투자증권_산업,2025-11-24,유진투자증권,demand_forecasts,94,legacy_p43_e09e3288ec,EV,전체,,북미,북미,글로벌,권역,판매대수,2027,FY,287,,천대,추정,시장전체,,캐나다 전기차 판매량,,,원천불명,표,근사,43
2025-11-24_유진투자증권_산업,2025-11-24,유진투자증권,demand_forecasts,95,legacy_p43_e09e3288ec,EV,전체,,북미,북미,글로벌,권역,판매대수,2028,FY,341,,천대,추정,시장전체,,캐나다 전기차 판매량,,,원천불명,표,근사,43
2025-11-24_유진투자증권_산업,2025-11-24,유진투자증권,demand_forecasts,96,legacy_p43_e09e3288ec,EV,전체,,북미,북미,글로벌,권역,판매대수,2029,FY,417,,천대,추정,시장전체,,캐나다 전기차 판매량,,,원천불명,표,근사,43
2025-11-24_유진투자증권_산업,2025-11-24,유진투자증권,demand_forecasts,97,legacy_p43_e09e3288ec,EV,전체,,북미,북미,글로벌,권역,판매대수,2030,FY,510,,천대,추정,시장전체,,캐나다 전기차 판매량,,,원천불명,표,근사,43
2025-11-24_유진투자증권_산업,2025-11-24,유진투자증권,demand_forecasts,101,legacy_p43_ff00a4808f,EV,전체,,기타,기타,글로벌,권역,판매대수,2025,FY,14622,,천대,추정,시장전체,,"아시아,대양주 전기차 판매량 합계(중국+일본+기타아시아)",,,원천불명,표,근사,43
2025-11-24_유진투자증권_산업,2025-11-24,유진투자증권,demand_forecasts,102,legacy_p43_ff00a4808f,EV,전체,,기타,기타,글로벌,권역,판매대수,2026,FY,17177,,천대,추정,시장전체,,"아시아,대양주 전기차 판매량 합계(중국+일본+기타아시아)",,,원천불명,표,근사,43
2025-11-24_유진투자증권_산업,2025-11-24,유진투자증권,demand_forecasts,103,legacy_p43_ff00a4808f,EV,전체,,기타,기타,글로벌,권역,판매대수,2027,FY,19623,,천대,추정,시장전체,,"아시아,대양주 전기차 판매량 합계(중국+일본+기타아시아)",,,원천불명,표,근사,43
2025-11-24_유진투자증권_산업,2025-11-24,유진투자증권,demand_forecasts,104,legacy_p43_ff00a4808f,EV,전체,,기타,기타,글로벌,권역,판매대수,2028,FY,22099,,천대,추정,시장전체,,"아시아,대양주 전기차 판매량 합계(중국+일본+기타아시아)",,,원천불명,표,근사,43
2025-11-24_유진투자증권_산업,2025-11-24,유진투자증권,demand_forecasts,105,legacy_p43_ff00a4808f,EV,전체,,기타,기타,글로벌,권역,판매대수,2029,FY,24047,,천대,추정,시장전체,,"아시아,대양주 전기차 판매량 합계(중국+일본+기타아시아)",,,원천불명,표,근사,43
2025-11-24_유진투자증권_산업,2025-11-24,유진투자증권,demand_forecasts,106,legacy_p43_ff00a4808f,EV,전체,,기타,기타,글로벌,권역,판매대수,2030,FY,25656,,천대,추정,시장전체,,"아시아,대양주 전기차 판매량 합계(중국+일본+기타아시아)",,,원천불명,표,근사,43
2025-11-24_유진투자증권_산업,2025-11-24,유진투자증권,demand_forecasts,110,legacy_p43_bb88982974,EV,전체,,중국,중국,글로벌,국가,판매대수,2025,FY,14125,,천대,추정,시장전체,,중국 전기차 판매량,,,원천불명,표,근사,43
2025-11-24_유진투자증권_산업,2025-11-24,유진투자증권,demand_forecasts,111,legacy_p43_bb88982974,EV,전체,,중국,중국,글로벌,국가,판매대수,2026,FY,16576,,천대,추정,시장전체,,중국 전기차 판매량,,,원천불명,표,근사,43
2025-11-24_유진투자증권_산업,2025-11-24,유진투자증권,demand_forecasts,112,legacy_p43_bb88982974,EV,전체,,중국,중국,글로벌,국가,판매대수,2027,FY,18897,,천대,추정,시장전체,,중국 전기차 판매량,,,원천불명,표,근사,43
2025-11-24_유진투자증권_산업,2025-11-24,유진투자증권,demand_forecasts,113,legacy_p43_bb88982974,EV,전체,,중국,중국,글로벌,국가,판매대수,2028,FY,21229,,천대,추정,시장전체,,중국 전기차 판매량,,,원천불명,표,근사,43
2025-11-24_유진투자증권_산업,2025-11-24,유진투자증권,demand_forecasts,114,legacy_p43_bb88982974,EV,전체,,중국,중국,글로벌,국가,판매대수,2029,FY,23000,,천대,추정,시장전체,,중국 전기차 판매량,,,원천불명,표,근사,43
2025-11-24_유진투자증권_산업,2025-11-24,유진투자증권,demand_forecasts,115,legacy_p43_bb88982974,EV,전체,,중국,중국,글로벌,국가,판매대수,2030,FY,24384,,천대,추정,시장전체,,중국 전기차 판매량,,,원천불명,표,근사,43
2025-11-24_유진투자증권_산업,2025-11-24,유진투자증권,demand_forecasts,116,legacy_p43_8c011440de,EV,전체,,중국,중국,글로벌,국가,성장률,2022,FY,83.7,,%,실적,시장전체,,중국 전기차 판매 YoY,,,원천불명,표,근사,43
2025-11-24_유진투자증권_산업,2025-11-24,유진투자증권,demand_forecasts,117,legacy_p43_8c011440de,EV,전체,,중국,중국,글로벌,국가,성장률,2023,FY,36.6,,%,실적,시장전체,,중국 전기차 판매 YoY,,,원천불명,표,근사,43
2025-11-24_유진투자증권_산업,2025-11-24,유진투자증권,demand_forecasts,118,legacy_p43_8c011440de,EV,전체,,중국,중국,글로벌,국가,성장률,2024,FY,37.8,,%,실적,시장전체,,중국 전기차 판매 YoY,,,원천불명,표,근사,43
2025-11-24_유진투자증권_산업,2025-11-24,유진투자증권,demand_forecasts,119,legacy_p43_8c011440de,EV,전체,,중국,중국,글로벌,국가,성장률,2025,FY,26.6,,%,추정,시장전체,,중국 전기차 판매 YoY,,,원천불명,표,근사,43
2025-11-24_유진투자증권_산업,2025-11-24,유진투자증권,demand_forecasts,120,legacy_p43_8c011440de,EV,전체,,중국,중국,글로벌,국가,성장률,2026,FY,17.4,,%,추정,시장전체,,중국 전기차 판매 YoY,,,원천불명,표,근사,43
2025-11-24_유진투자증권_산업,2025-11-24,유진투자증권,demand_forecasts,121,legacy_p43_8c011440de,EV,전체,,중국,중국,글로벌,국가,성장률,2027,FY,14.0,,%,추정,시장전체,,중국 전기차 판매 YoY,,,원천불명,표,근사,43
2025-11-24_유진투자증권_산업,2025-11-24,유진투자증권,demand_forecasts,122,legacy_p43_8c011440de,EV,전체,,중국,중국,글로벌,국가,성장률,2028,FY,12.3,,%,추정,시장전체,,중국 전기차 판매 YoY,,,원천불명,표,근사,43
2025-11-24_유진투자증권_산업,2025-11-24,유진투자증권,demand_forecasts,123,legacy_p43_8c011440de,EV,전체,,중국,중국,글로벌,국가,성장률,2029,FY,8.3,,%,추정,시장전체,,중국 전기차 판매 YoY,,,원천불명,표,근사,43
2025-11-24_유진투자증권_산업,2025-11-24,유진투자증권,demand_forecasts,124,legacy_p43_8c011440de,EV,전체,,중국,중국,글로벌,국가,성장률,2030,FY,6.0,,%,추정,시장전체,,중국 전기차 판매 YoY,,,원천불명,표,근사,43
2025-11-24_유진투자증권_산업,2025-11-24,유진투자증권,demand_forecasts,125,legacy_p43_cb79ab936f,EV,전체,,중국,중국,글로벌,국가,침투율,2022,FY,22.1,,%,실적,시장전체,,중국 전체 자동차 판매 대비 전기차 비중,,,원천불명,표,근사,43
2025-11-24_유진투자증권_산업,2025-11-24,유진투자증권,demand_forecasts,126,legacy_p43_cb79ab936f,EV,전체,,중국,중국,글로벌,국가,침투율,2023,FY,26.9,,%,실적,시장전체,,중국 전체 자동차 판매 대비 전기차 비중,,,원천불명,표,근사,43
2025-11-24_유진투자증권_산업,2025-11-24,유진투자증권,demand_forecasts,127,legacy_p43_cb79ab936f,EV,전체,,중국,중국,글로벌,국가,침투율,2024,FY,36.0,,%,실적,시장전체,,중국 전체 자동차 판매 대비 전기차 비중,,,원천불명,표,근사,43
2025-11-24_유진투자증권_산업,2025-11-24,유진투자증권,demand_forecasts,128,legacy_p43_cb79ab936f,EV,전체,,중국,중국,글로벌,국가,침투율,2025,FY,44.2,,%,추정,시장전체,,중국 전체 자동차 판매 대비 전기차 비중,,,원천불명,표,근사,43
2025-11-24_유진투자증권_산업,2025-11-24,유진투자증권,demand_forecasts,129,legacy_p43_cb79ab936f,EV,전체,,중국,중국,글로벌,국가,침투율,2026,FY,50.4,,%,추정,시장전체,,중국 전체 자동차 판매 대비 전기차 비중,,,원천불명,표,근사,43
2025-11-24_유진투자증권_산업,2025-11-24,유진투자증권,demand_forecasts,130,legacy_p43_cb79ab936f,EV,전체,,중국,중국,글로벌,국가,침투율,2027,FY,55.8,,%,추정,시장전체,,중국 전체 자동차 판매 대비 전기차 비중,,,원천불명,표,근사,43
2025-11-24_유진투자증권_산업,2025-11-24,유진투자증권,demand_forecasts,131,legacy_p43_cb79ab936f,EV,전체,,중국,중국,글로벌,국가,침투율,2028,FY,60.9,,%,추정,시장전체,,중국 전체 자동차 판매 대비 전기차 비중,,,원천불명,표,근사,43
2025-11-24_유진투자증권_산업,2025-11-24,유진투자증권,demand_forecasts,132,legacy_p43_cb79ab936f,EV,전체,,중국,중국,글로벌,국가,침투율,2029,FY,64.0,,%,추정,시장전체,,중국 전체 자동차 판매 대비 전기차 비중,,,원천불명,표,근사,43
2025-11-24_유진투자증권_산업,2025-11-24,유진투자증권,demand_forecasts,133,legacy_p43_cb79ab936f,EV,전체,,중국,중국,글로벌,국가,침투율,2030,FY,65.9,,%,추정,시장전체,,중국 전체 자동차 판매 대비 전기차 비중,,,원천불명,표,근사,43
2025-11-24_유진투자증권_산업,2025-11-24,유진투자증권,demand_forecasts,137,legacy_p43_48fa1155e0,EV,전체,,기타,기타,글로벌,권역,판매대수,2025,FY,54,,천대,추정,시장전체,,일본 전기차 판매량,,,원천불명,표,근사,43
2025-11-24_유진투자증권_산업,2025-11-24,유진투자증권,demand_forecasts,138,legacy_p43_48fa1155e0,EV,전체,,기타,기타,글로벌,권역,판매대수,2026,FY,62,,천대,추정,시장전체,,일본 전기차 판매량,,,원천불명,표,근사,43
2025-11-24_유진투자증권_산업,2025-11-24,유진투자증권,demand_forecasts,139,legacy_p43_48fa1155e0,EV,전체,,기타,기타,글로벌,권역,판매대수,2027,FY,76,,천대,추정,시장전체,,일본 전기차 판매량,,,원천불명,표,근사,43
2025-11-24_유진투자증권_산업,2025-11-24,유진투자증권,demand_forecasts,140,legacy_p43_48fa1155e0,EV,전체,,기타,기타,글로벌,권역,판매대수,2028,FY,93,,천대,추정,시장전체,,일본 전기차 판매량,,,원천불명,표,근사,43
2025-11-24_유진투자증권_산업,2025-11-24,유진투자증권,demand_forecasts,141,legacy_p43_48fa1155e0,EV,전체,,기타,기타,글로벌,권역,판매대수,2029,FY,114,,천대,추정,시장전체,,일본 전기차 판매량,,,원천불명,표,근사,43
2025-11-24_유진투자증권_산업,2025-11-24,유진투자증권,demand_forecasts,142,legacy_p43_48fa1155e0,EV,전체,,기타,기타,글로벌,권역,판매대수,2030,FY,139,,천대,추정,시장전체,,일본 전기차 판매량,,,원천불명,표,근사,43
2025-11-24_유진투자증권_산업,2025-11-24,유진투자증권,demand_forecasts,143,legacy_p43_07a69f9b24,EV,전체,,기타,기타,글로벌,권역,성장률,2022,FY,39.4,,%,실적,시장전체,,일본 전기차 판매 YoY,,,원천불명,표,근사,43
2025-11-24_유진투자증권_산업,2025-11-24,유진투자증권,demand_forecasts,144,legacy_p43_07a69f9b24,EV,전체,,기타,기타,글로벌,권역,성장률,2023,FY,50.5,,%,실적,시장전체,,일본 전기차 판매 YoY,,,원천불명,표,근사,43
2025-11-24_유진투자증권_산업,2025-11-24,유진투자증권,demand_forecasts,145,legacy_p43_07a69f9b24,EV,전체,,기타,기타,글로벌,권역,성장률,2024,FY,-31.9,,%,실적,시장전체,,일본 전기차 판매 YoY,,,원천불명,표,근사,43
2025-11-24_유진투자증권_산업,2025-11-24,유진투자증권,demand_forecasts,146,legacy_p43_07a69f9b24,EV,전체,,기타,기타,글로벌,권역,성장률,2025,FY,-10.0,,%,추정,시장전체,,일본 전기차 판매 YoY,,,원천불명,표,근사,43
2025-11-24_유진투자증권_산업,2025-11-24,유진투자증권,demand_forecasts,147,legacy_p43_07a69f9b24,EV,전체,,기타,기타,글로벌,권역,성장률,2026,FY,13.3,,%,추정,시장전체,,일본 전기차 판매 YoY,,,원천불명,표,근사,43
2025-11-24_유진투자증권_산업,2025-11-24,유진투자증권,demand_forecasts,148,legacy_p43_07a69f9b24,EV,전체,,기타,기타,글로벌,권역,성장률,2027,FY,23.8,,%,추정,시장전체,,일본 전기차 판매 YoY,,,원천불명,표,근사,43
2025-11-24_유진투자증권_산업,2025-11-24,유진투자증권,demand_forecasts,149,legacy_p43_07a69f9b24,EV,전체,,기타,기타,글로벌,권역,성장률,2028,FY,22.6,,%,추정,시장전체,,일본 전기차 판매 YoY,,,원천불명,표,근사,43
2025-11-24_유진투자증권_산업,2025-11-24,유진투자증권,demand_forecasts,150,legacy_p43_07a69f9b24,EV,전체,,기타,기타,글로벌,권역,성장률,2029,FY,22.4,,%,추정,시장전체,,일본 전기차 판매 YoY,,,원천불명,표,근사,43
2025-11-24_유진투자증권_산업,2025-11-24,유진투자증권,demand_forecasts,151,legacy_p43_07a69f9b24,EV,전체,,기타,기타,글로벌,권역,성장률,2030,FY,21.8,,%,추정,시장전체,,일본 전기차 판매 YoY,,,원천불명,표,근사,43
2025-11-24_유진투자증권_산업,2025-11-24,유진투자증권,demand_forecasts,152,legacy_p43_42910901ab,EV,전체,,기타,기타,글로벌,권역,침투율,2022,FY,1.3,,%,실적,시장전체,,일본 전체 자동차 판매 대비 전기차 비중,,,원천불명,표,근사,43
2025-11-24_유진투자증권_산업,2025-11-24,유진투자증권,demand_forecasts,153,legacy_p43_42910901ab,EV,전체,,기타,기타,글로벌,권역,침투율,2023,FY,1.9,,%,실적,시장전체,,일본 전체 자동차 판매 대비 전기차 비중,,,원천불명,표,근사,43
2025-11-24_유진투자증권_산업,2025-11-24,유진투자증권,demand_forecasts,154,legacy_p43_42910901ab,EV,전체,,기타,기타,글로벌,권역,침투율,2024,FY,1.3,,%,실적,시장전체,,일본 전체 자동차 판매 대비 전기차 비중,,,원천불명,표,근사,43
2025-11-24_유진투자증권_산업,2025-11-24,유진투자증권,demand_forecasts,155,legacy_p43_42910901ab,EV,전체,,기타,기타,글로벌,권역,침투율,2025,FY,1.1,,%,추정,시장전체,,일본 전체 자동차 판매 대비 전기차 비중,,,원천불명,표,근사,43
2025-11-24_유진투자증권_산업,2025-11-24,유진투자증권,demand_forecasts,156,legacy_p43_42910901ab,EV,전체,,기타,기타,글로벌,권역,침투율,2026,FY,1.2,,%,추정,시장전체,,일본 전체 자동차 판매 대비 전기차 비중,,,원천불명,표,근사,43
2025-11-24_유진투자증권_산업,2025-11-24,유진투자증권,demand_forecasts,157,legacy_p43_42910901ab,EV,전체,,기타,기타,글로벌,권역,침투율,2027,FY,1.5,,%,추정,시장전체,,일본 전체 자동차 판매 대비 전기차 비중,,,원천불명,표,근사,43
2025-11-24_유진투자증권_산업,2025-11-24,유진투자증권,demand_forecasts,158,legacy_p43_42910901ab,EV,전체,,기타,기타,글로벌,권역,침투율,2028,FY,1.8,,%,추정,시장전체,,일본 전체 자동차 판매 대비 전기차 비중,,,원천불명,표,근사,43
2025-11-24_유진투자증권_산업,2025-11-24,유진투자증권,demand_forecasts,159,legacy_p43_42910901ab,EV,전체,,기타,기타,글로벌,권역,침투율,2029,FY,2.2,,%,추정,시장전체,,일본 전체 자동차 판매 대비 전기차 비중,,,원천불명,표,근사,43
2025-11-24_유진투자증권_산업,2025-11-24,유진투자증권,demand_forecasts,160,legacy_p43_42910901ab,EV,전체,,기타,기타,글로벌,권역,침투율,2030,FY,2.6,,%,추정,시장전체,,일본 전체 자동차 판매 대비 전기차 비중,,,원천불명,표,근사,43
2025-11-24_유진투자증권_산업,2025-11-24,유진투자증권,demand_forecasts,164,legacy_p43_9c1bdeecf6,EV,전체,,기타,기타,글로벌,권역,판매대수,2025,FY,886,,천대,추정,시장전체,,"기타 아시아 전기차 판매량 합계(중국,일본 제외)",,,원천불명,표,근사,43
2025-11-24_유진투자증권_산업,2025-11-24,유진투자증권,demand_forecasts,165,legacy_p43_9c1bdeecf6,EV,전체,,기타,기타,글로벌,권역,판매대수,2026,FY,1079,,천대,추정,시장전체,,"기타 아시아 전기차 판매량 합계(중국,일본 제외)",,,원천불명,표,근사,43
2025-11-24_유진투자증권_산업,2025-11-24,유진투자증권,demand_forecasts,166,legacy_p43_9c1bdeecf6,EV,전체,,기타,기타,글로벌,권역,판매대수,2027,FY,1300,,천대,추정,시장전체,,"기타 아시아 전기차 판매량 합계(중국,일본 제외)",,,원천불명,표,근사,43
2025-11-24_유진투자증권_산업,2025-11-24,유진투자증권,demand_forecasts,167,legacy_p43_9c1bdeecf6,EV,전체,,기타,기타,글로벌,권역,판매대수,2028,FY,1552,,천대,추정,시장전체,,"기타 아시아 전기차 판매량 합계(중국,일본 제외)",,,원천불명,표,근사,43
2025-11-24_유진투자증권_산업,2025-11-24,유진투자증권,demand_forecasts,168,legacy_p43_9c1bdeecf6,EV,전체,,기타,기타,글로벌,권역,판매대수,2029,FY,1864,,천대,추정,시장전체,,"기타 아시아 전기차 판매량 합계(중국,일본 제외)",,,원천불명,표,근사,43
2025-11-24_유진투자증권_산업,2025-11-24,유진투자증권,demand_forecasts,169,legacy_p43_9c1bdeecf6,EV,전체,,기타,기타,글로벌,권역,판매대수,2030,FY,2264,,천대,추정,시장전체,,"기타 아시아 전기차 판매량 합계(중국,일본 제외)",,,원천불명,표,근사,43
2025-11-24_유진투자증권_산업,2025-11-24,유진투자증권,demand_forecasts,173,legacy_p43_136f11e914,EV,전체,,유럽,유럽,글로벌,권역,판매대수,2025,FY,3747,,천대,추정,시장전체,,유럽 전기차 판매량,,,원천불명,표,근사,43
2025-11-24_유진투자증권_산업,2025-11-24,유진투자증권,demand_forecasts,174,legacy_p43_136f11e914,EV,전체,,유럽,유럽,글로벌,권역,판매대수,2026,FY,4514,,천대,추정,시장전체,,유럽 전기차 판매량,,,원천불명,표,근사,43
2025-11-24_유진투자증권_산업,2025-11-24,유진투자증권,demand_forecasts,175,legacy_p43_136f11e914,EV,전체,,유럽,유럽,글로벌,권역,판매대수,2027,FY,5572,,천대,추정,시장전체,,유럽 전기차 판매량,,,원천불명,표,근사,43
2025-11-24_유진투자증권_산업,2025-11-24,유진투자증권,demand_forecasts,176,legacy_p43_136f11e914,EV,전체,,유럽,유럽,글로벌,권역,판매대수,2028,FY,6318,,천대,추정,시장전체,,유럽 전기차 판매량,,,원천불명,표,근사,43
2025-11-24_유진투자증권_산업,2025-11-24,유진투자증권,demand_forecasts,177,legacy_p43_136f11e914,EV,전체,,유럽,유럽,글로벌,권역,판매대수,2029,FY,7376,,천대,추정,시장전체,,유럽 전기차 판매량,,,원천불명,표,근사,43
2025-11-24_유진투자증권_산업,2025-11-24,유진투자증권,demand_forecasts,178,legacy_p43_136f11e914,EV,전체,,유럽,유럽,글로벌,권역,판매대수,2030,FY,8747,,천대,추정,시장전체,,유럽 전기차 판매량,,,원천불명,표,근사,43
2025-11-24_유진투자증권_산업,2025-11-24,유진투자증권,demand_forecasts,179,legacy_p43_1e452d56e0,EV,전체,,유럽,유럽,글로벌,권역,성장률,2022,FY,15.1,,%,실적,시장전체,,유럽 전기차 판매 YoY,,,원천불명,표,근사,43
2025-11-24_유진투자증권_산업,2025-11-24,유진투자증권,demand_forecasts,180,legacy_p43_1e452d56e0,EV,전체,,유럽,유럽,글로벌,권역,성장률,2023,FY,15.6,,%,실적,시장전체,,유럽 전기차 판매 YoY,,,원천불명,표,근사,43
2025-11-24_유진투자증권_산업,2025-11-24,유진투자증권,demand_forecasts,181,legacy_p43_1e452d56e0,EV,전체,,유럽,유럽,글로벌,권역,성장률,2024,FY,-2.1,,%,실적,시장전체,,유럽 전기차 판매 YoY,,,원천불명,표,근사,43
2025-11-24_유진투자증권_산업,2025-11-24,유진투자증권,demand_forecasts,182,legacy_p43_1e452d56e0,EV,전체,,유럽,유럽,글로벌,권역,성장률,2025,FY,27.2,,%,추정,시장전체,,유럽 전기차 판매 YoY,,,원천불명,표,근사,43
2025-11-24_유진투자증권_산업,2025-11-24,유진투자증권,demand_forecasts,183,legacy_p43_1e452d56e0,EV,전체,,유럽,유럽,글로벌,권역,성장률,2026,FY,20.5,,%,추정,시장전체,,유럽 전기차 판매 YoY,,,원천불명,표,근사,43
2025-11-24_유진투자증권_산업,2025-11-24,유진투자증권,demand_forecasts,184,legacy_p43_1e452d56e0,EV,전체,,유럽,유럽,글로벌,권역,성장률,2027,FY,23.4,,%,추정,시장전체,,유럽 전기차 판매 YoY,,,원천불명,표,근사,43
2025-11-24_유진투자증권_산업,2025-11-24,유진투자증권,demand_forecasts,185,legacy_p43_1e452d56e0,EV,전체,,유럽,유럽,글로벌,권역,성장률,2028,FY,13.4,,%,추정,시장전체,,유럽 전기차 판매 YoY,,,원천불명,표,근사,43
2025-11-24_유진투자증권_산업,2025-11-24,유진투자증권,demand_forecasts,186,legacy_p43_1e452d56e0,EV,전체,,유럽,유럽,글로벌,권역,성장률,2029,FY,16.7,,%,추정,시장전체,,유럽 전기차 판매 YoY,,,원천불명,표,근사,43
2025-11-24_유진투자증권_산업,2025-11-24,유진투자증권,demand_forecasts,187,legacy_p43_1e452d56e0,EV,전체,,유럽,유럽,글로벌,권역,성장률,2030,FY,18.6,,%,추정,시장전체,,유럽 전기차 판매 YoY,,,원천불명,표,근사,43
2025-11-24_유진투자증권_산업,2025-11-24,유진투자증권,demand_forecasts,188,legacy_p43_1613e90385,EV,전체,,유럽,유럽,글로벌,권역,침투율,2022,FY,22.3,,%,실적,시장전체,,유럽 전체 자동차 판매 대비 전기차 비중,,,원천불명,표,근사,43
2025-11-24_유진투자증권_산업,2025-11-24,유진투자증권,demand_forecasts,189,legacy_p43_1613e90385,EV,전체,,유럽,유럽,글로벌,권역,침투율,2023,FY,23.2,,%,실적,시장전체,,유럽 전체 자동차 판매 대비 전기차 비중,,,원천불명,표,근사,43
2025-11-24_유진투자증권_산업,2025-11-24,유진투자증권,demand_forecasts,190,legacy_p43_1613e90385,EV,전체,,유럽,유럽,글로벌,권역,침투율,2024,FY,22.9,,%,실적,시장전체,,유럽 전체 자동차 판매 대비 전기차 비중,,,원천불명,표,근사,43
2025-11-24_유진투자증권_산업,2025-11-24,유진투자증권,demand_forecasts,191,legacy_p43_1613e90385,EV,전체,,유럽,유럽,글로벌,권역,침투율,2025,FY,28.7,,%,추정,시장전체,,유럽 전체 자동차 판매 대비 전기차 비중,,,원천불명,표,근사,43
2025-11-24_유진투자증권_산업,2025-11-24,유진투자증권,demand_forecasts,192,legacy_p43_1613e90385,EV,전체,,유럽,유럽,글로벌,권역,침투율,2026,FY,33.9,,%,추정,시장전체,,유럽 전체 자동차 판매 대비 전기차 비중,,,원천불명,표,근사,43
2025-11-24_유진투자증권_산업,2025-11-24,유진투자증권,demand_forecasts,193,legacy_p43_1613e90385,EV,전체,,유럽,유럽,글로벌,권역,침투율,2027,FY,41.1,,%,추정,시장전체,,유럽 전체 자동차 판매 대비 전기차 비중,,,원천불명,표,근사,43
2025-11-24_유진투자증권_산업,2025-11-24,유진투자증권,demand_forecasts,194,legacy_p43_1613e90385,EV,전체,,유럽,유럽,글로벌,권역,침투율,2028,FY,45.7,,%,추정,시장전체,,유럽 전체 자동차 판매 대비 전기차 비중,,,원천불명,표,근사,43
2025-11-24_유진투자증권_산업,2025-11-24,유진투자증권,demand_forecasts,195,legacy_p43_1613e90385,EV,전체,,유럽,유럽,글로벌,권역,침투율,2029,FY,52.3,,%,추정,시장전체,,유럽 전체 자동차 판매 대비 전기차 비중,,,원천불명,표,근사,43
2025-11-24_유진투자증권_산업,2025-11-24,유진투자증권,demand_forecasts,196,legacy_p43_1613e90385,EV,전체,,유럽,유럽,글로벌,권역,침투율,2030,FY,60.8,,%,추정,시장전체,,유럽 전체 자동차 판매 대비 전기차 비중,,,원천불명,표,근사,43
2025-11-24_유진투자증권_산업,2025-11-24,유진투자증권,demand_forecasts,200,legacy_p43_c646d4b7ac,EV,전체,,기타,기타,글로벌,권역,판매대수,2025,FY,1680,,천대,추정,시장전체,,"기타국가(북미,아시아,유럽 제외) 전기차 판매량",,,원천불명,표,근사,43
2025-11-24_유진투자증권_산업,2025-11-24,유진투자증권,demand_forecasts,201,legacy_p43_c646d4b7ac,EV,전체,,기타,기타,글로벌,권역,판매대수,2026,FY,2100,,천대,추정,시장전체,,"기타국가(북미,아시아,유럽 제외) 전기차 판매량",,,원천불명,표,근사,43
2025-11-24_유진투자증권_산업,2025-11-24,유진투자증권,demand_forecasts,202,legacy_p43_c646d4b7ac,EV,전체,,기타,기타,글로벌,권역,판매대수,2027,FY,2583,,천대,추정,시장전체,,"기타국가(북미,아시아,유럽 제외) 전기차 판매량",,,원천불명,표,근사,43
2025-11-24_유진투자증권_산업,2025-11-24,유진투자증권,demand_forecasts,203,legacy_p43_c646d4b7ac,EV,전체,,기타,기타,글로벌,권역,판매대수,2028,FY,3100,,천대,추정,시장전체,,"기타국가(북미,아시아,유럽 제외) 전기차 판매량",,,원천불명,표,근사,43
2025-11-24_유진투자증권_산업,2025-11-24,유진투자증권,demand_forecasts,204,legacy_p43_c646d4b7ac,EV,전체,,기타,기타,글로벌,권역,판매대수,2029,FY,3658,,천대,추정,시장전체,,"기타국가(북미,아시아,유럽 제외) 전기차 판매량",,,원천불명,표,근사,43
2025-11-24_유진투자증권_산업,2025-11-24,유진투자증권,demand_forecasts,205,legacy_p43_c646d4b7ac,EV,전체,,기타,기타,글로벌,권역,판매대수,2030,FY,4280,,천대,추정,시장전체,,"기타국가(북미,아시아,유럽 제외) 전기차 판매량",,,원천불명,표,근사,43
2025-11-24_유진투자증권_산업,2025-11-24,유진투자증권,demand_forecasts,209,legacy_p43_a248ce7cbc,EV,전체,,글로벌,글로벌,,글로벌,판매대수,2025,FY,21889,,천대,추정,시장전체,,전세계 전기차 판매량,,,원천불명,표,근사,43
2025-11-24_유진투자증권_산업,2025-11-24,유진투자증권,demand_forecasts,210,legacy_p43_a248ce7cbc,EV,전체,,글로벌,글로벌,,글로벌,판매대수,2026,FY,25702,,천대,추정,시장전체,,전세계 전기차 판매량,,,원천불명,표,근사,43
2025-11-24_유진투자증권_산업,2025-11-24,유진투자증권,demand_forecasts,211,legacy_p43_a248ce7cbc,EV,전체,,글로벌,글로벌,,글로벌,판매대수,2027,FY,29984,,천대,추정,시장전체,,전세계 전기차 판매량,,,원천불명,표,근사,43
2025-11-24_유진투자증권_산업,2025-11-24,유진투자증권,demand_forecasts,212,legacy_p43_a248ce7cbc,EV,전체,,글로벌,글로벌,,글로벌,판매대수,2028,FY,34148,,천대,추정,시장전체,,전세계 전기차 판매량,,,원천불명,표,근사,43
2025-11-24_유진투자증권_산업,2025-11-24,유진투자증권,demand_forecasts,213,legacy_p43_a248ce7cbc,EV,전체,,글로벌,글로벌,,글로벌,판매대수,2029,FY,38358,,천대,추정,시장전체,,전세계 전기차 판매량,,,원천불명,표,근사,43
2025-11-24_유진투자증권_산업,2025-11-24,유진투자증권,demand_forecasts,214,legacy_p43_a248ce7cbc,EV,전체,,글로벌,글로벌,,글로벌,판매대수,2030,FY,42897,,천대,추정,시장전체,,전세계 전기차 판매량,,,원천불명,표,근사,43
2025-11-24_유진투자증권_산업,2025-11-24,유진투자증권,demand_forecasts,215,legacy_p43_a855075530,EV,전체,,글로벌,글로벌,,글로벌,성장률,2022,FY,55.0,,%,실적,시장전체,,전세계 전기차 판매 YoY,,,원천불명,표,근사,43
2025-11-24_유진투자증권_산업,2025-11-24,유진투자증권,demand_forecasts,216,legacy_p43_a855075530,EV,전체,,글로벌,글로벌,,글로벌,성장률,2023,FY,35.7,,%,실적,시장전체,,전세계 전기차 판매 YoY,,,원천불명,표,근사,43
2025-11-24_유진투자증권_산업,2025-11-24,유진투자증권,demand_forecasts,217,legacy_p43_a855075530,EV,전체,,글로벌,글로벌,,글로벌,성장률,2024,FY,28.7,,%,실적,시장전체,,전세계 전기차 판매 YoY,,,원천불명,표,근사,43
2025-11-24_유진투자증권_산업,2025-11-24,유진투자증권,demand_forecasts,218,legacy_p43_a855075530,EV,전체,,글로벌,글로벌,,글로벌,성장률,2025,FY,24.2,,%,추정,시장전체,,전세계 전기차 판매 YoY,,,원천불명,표,근사,43
2025-11-24_유진투자증권_산업,2025-11-24,유진투자증권,demand_forecasts,219,legacy_p43_a855075530,EV,전체,,글로벌,글로벌,,글로벌,성장률,2026,FY,17.4,,%,추정,시장전체,,전세계 전기차 판매 YoY,,,원천불명,표,근사,43
2025-11-24_유진투자증권_산업,2025-11-24,유진투자증권,demand_forecasts,220,legacy_p43_a855075530,EV,전체,,글로벌,글로벌,,글로벌,성장률,2027,FY,16.7,,%,추정,시장전체,,전세계 전기차 판매 YoY,,,원천불명,표,근사,43
2025-11-24_유진투자증권_산업,2025-11-24,유진투자증권,demand_forecasts,221,legacy_p43_a855075530,EV,전체,,글로벌,글로벌,,글로벌,성장률,2028,FY,13.9,,%,추정,시장전체,,전세계 전기차 판매 YoY,,,원천불명,표,근사,43
2025-11-24_유진투자증권_산업,2025-11-24,유진투자증권,demand_forecasts,222,legacy_p43_a855075530,EV,전체,,글로벌,글로벌,,글로벌,성장률,2029,FY,12.3,,%,추정,시장전체,,전세계 전기차 판매 YoY,,,원천불명,표,근사,43
2025-11-24_유진투자증권_산업,2025-11-24,유진투자증권,demand_forecasts,223,legacy_p43_a855075530,EV,전체,,글로벌,글로벌,,글로벌,성장률,2030,FY,11.8,,%,추정,시장전체,,전세계 전기차 판매 YoY,,,원천불명,표,근사,43
2025-11-24_유진투자증권_산업,2025-11-24,유진투자증권,demand_forecasts,224,legacy_p43_45fa6b3d1e,EV,전체,,글로벌,글로벌,,글로벌,침투율,2022,FY,12.7,,%,실적,시장전체,,전세계 전체 자동차 판매 대비 전기차 비중,,,원천불명,표,근사,43
2025-11-24_유진투자증권_산업,2025-11-24,유진투자증권,demand_forecasts,225,legacy_p43_45fa6b3d1e,EV,전체,,글로벌,글로벌,,글로벌,침투율,2023,FY,15.7,,%,실적,시장전체,,전세계 전체 자동차 판매 대비 전기차 비중,,,원천불명,표,근사,43
2025-11-24_유진투자증권_산업,2025-11-24,유진투자증권,demand_forecasts,226,legacy_p43_45fa6b3d1e,EV,전체,,글로벌,글로벌,,글로벌,침투율,2024,FY,19.6,,%,실적,시장전체,,전세계 전체 자동차 판매 대비 전기차 비중,,,원천불명,표,근사,43
2025-11-24_유진투자증권_산업,2025-11-24,유진투자증권,demand_forecasts,227,legacy_p43_45fa6b3d1e,EV,전체,,글로벌,글로벌,,글로벌,침투율,2025,FY,23.6,,%,추정,시장전체,,전세계 전체 자동차 판매 대비 전기차 비중,,,원천불명,표,근사,43
2025-11-24_유진투자증권_산업,2025-11-24,유진투자증권,demand_forecasts,228,legacy_p43_45fa6b3d1e,EV,전체,,글로벌,글로벌,,글로벌,침투율,2026,FY,27.0,,%,추정,시장전체,,전세계 전체 자동차 판매 대비 전기차 비중,,,원천불명,표,근사,43
2025-11-24_유진투자증권_산업,2025-11-24,유진투자증권,demand_forecasts,229,legacy_p43_45fa6b3d1e,EV,전체,,글로벌,글로벌,,글로벌,침투율,2027,FY,30.8,,%,추정,시장전체,,전세계 전체 자동차 판매 대비 전기차 비중,,,원천불명,표,근사,43
2025-11-24_유진투자증권_산업,2025-11-24,유진투자증권,demand_forecasts,230,legacy_p43_45fa6b3d1e,EV,전체,,글로벌,글로벌,,글로벌,침투율,2028,FY,34.4,,%,추정,시장전체,,전세계 전체 자동차 판매 대비 전기차 비중,,,원천불명,표,근사,43
2025-11-24_유진투자증권_산업,2025-11-24,유진투자증권,demand_forecasts,231,legacy_p43_45fa6b3d1e,EV,전체,,글로벌,글로벌,,글로벌,침투율,2029,FY,37.9,,%,추정,시장전체,,전세계 전체 자동차 판매 대비 전기차 비중,,,원천불명,표,근사,43
2025-11-24_유진투자증권_산업,2025-11-24,유진투자증권,demand_forecasts,232,legacy_p43_45fa6b3d1e,EV,전체,,글로벌,글로벌,,글로벌,침투율,2030,FY,41.6,,%,추정,시장전체,,전세계 전체 자동차 판매 대비 전기차 비중,,,원천불명,표,근사,43
2025-11-24_유진투자증권_산업,2025-11-24,유진투자증권,demand_forecasts,234,legacy_p25_138320758d,EV,전체,,유럽,유럽,글로벌,권역,판매대수,2025,FY,854,,천대,추정,시장전체,,독일 전기차 판매량,,,원천불명,표,근사,25
2025-11-24_유진투자증권_산업,2025-11-24,유진투자증권,demand_forecasts,235,legacy_p25_138320758d,EV,전체,,유럽,유럽,글로벌,권역,판매대수,2026,FY,1109,,천대,추정,시장전체,,독일 전기차 판매량,,,원천불명,표,근사,25
2025-11-24_유진투자증권_산업,2025-11-24,유진투자증권,demand_forecasts,236,legacy_p25_48f7f483d4,EV,전체,,유럽,유럽,글로벌,권역,성장률,2024,FY,-18,,%,실적,시장전체,,독일 전기차 판매량 YoY,,,원천불명,표,근사,25
2025-11-24_유진투자증권_산업,2025-11-24,유진투자증권,demand_forecasts,237,legacy_p25_48f7f483d4,EV,전체,,유럽,유럽,글로벌,권역,성장률,2025,FY,49,,%,추정,시장전체,,독일 전기차 판매량 YoY,,,원천불명,표,근사,25
2025-11-24_유진투자증권_산업,2025-11-24,유진투자증권,demand_forecasts,238,legacy_p25_48f7f483d4,EV,전체,,유럽,유럽,글로벌,권역,성장률,2026,FY,30,,%,추정,시장전체,,독일 전기차 판매량 YoY,,,원천불명,표,근사,25
2025-11-24_유진투자증권_산업,2025-11-24,유진투자증권,demand_forecasts,240,legacy_p26_b69561d4af,EV,전체,,유럽,유럽,글로벌,권역,판매대수,2025,FY,435,,천대,추정,시장전체,,프랑스 전기차 판매량,,,원천불명,표,근사,26
2025-11-24_유진투자증권_산업,2025-11-24,유진투자증권,demand_forecasts,241,legacy_p26_b69561d4af,EV,전체,,유럽,유럽,글로벌,권역,판매대수,2026,FY,496,,천대,추정,시장전체,,프랑스 전기차 판매량,,,원천불명,표,근사,26
2025-11-24_유진투자증권_산업,2025-11-24,유진투자증권,demand_forecasts,242,legacy_p26_37e00cf2c5,EV,전체,,유럽,유럽,글로벌,권역,성장률,2024,FY,-6,,%,실적,시장전체,,프랑스 전기차 판매량 YoY,,,원천불명,표,근사,26
2025-11-24_유진투자증권_산업,2025-11-24,유진투자증권,demand_forecasts,243,legacy_p26_37e00cf2c5,EV,전체,,유럽,유럽,글로벌,권역,성장률,2025,FY,0,,%,추정,시장전체,,프랑스 전기차 판매량 YoY,,,원천불명,표,근사,26
2025-11-24_유진투자증권_산업,2025-11-24,유진투자증권,demand_forecasts,244,legacy_p26_37e00cf2c5,EV,전체,,유럽,유럽,글로벌,권역,성장률,2026,FY,14,,%,추정,시장전체,,프랑스 전기차 판매량 YoY,,,원천불명,표,근사,26
2025-11-24_유진투자증권_산업,2025-11-24,유진투자증권,demand_forecasts,246,legacy_p27_a610cbae52,EV,전체,,유럽,유럽,글로벌,권역,판매대수,2025,FY,703,,천대,추정,시장전체,,영국 전기차 판매량,,,원천불명,표,근사,27
2025-11-24_유진투자증권_산업,2025-11-24,유진투자증권,demand_forecasts,247,legacy_p27_a610cbae52,EV,전체,,유럽,유럽,글로벌,권역,판매대수,2026,FY,888,,천대,추정,시장전체,,영국 전기차 판매량,,,원천불명,표,근사,27
2025-11-24_유진투자증권_산업,2025-11-24,유진투자증권,demand_forecasts,248,legacy_p27_8f154e25b6,EV,전체,,유럽,유럽,글로벌,권역,성장률,2024,FY,20,,%,실적,시장전체,,영국 전기차 판매량 YoY,,,원천불명,표,근사,27
2025-11-24_유진투자증권_산업,2025-11-24,유진투자증권,demand_forecasts,249,legacy_p27_8f154e25b6,EV,전체,,유럽,유럽,글로벌,권역,성장률,2025,FY,28,,%,추정,시장전체,,영국 전기차 판매량 YoY,,,원천불명,표,근사,27
2025-11-24_유진투자증권_산업,2025-11-24,유진투자증권,demand_forecasts,250,legacy_p27_8f154e25b6,EV,전체,,유럽,유럽,글로벌,권역,성장률,2026,FY,26,,%,추정,시장전체,,영국 전기차 판매량 YoY,,,원천불명,표,근사,27
2025-11-24_유진투자증권_산업,2025-11-24,유진투자증권,demand_forecasts,252,legacy_p28_83977ad94d,EV,전체,,유럽,유럽,글로벌,권역,판매대수,2025,FY,174,,천대,추정,시장전체,,이탈리아 전기차 판매량,,,원천불명,표,근사,28
2025-11-24_유진투자증권_산업,2025-11-24,유진투자증권,demand_forecasts,253,legacy_p28_83977ad94d,EV,전체,,유럽,유럽,글로벌,권역,판매대수,2026,FY,211,,천대,추정,시장전체,,이탈리아 전기차 판매량,,,원천불명,표,근사,28
2025-11-24_유진투자증권_산업,2025-11-24,유진투자증권,demand_forecasts,254,legacy_p28_75501827e8,EV,전체,,유럽,유럽,글로벌,권역,성장률,2024,FY,-13,,%,실적,시장전체,,이탈리아 전기차 판매량 YoY,,,원천불명,표,근사,28
2025-11-24_유진투자증권_산업,2025-11-24,유진투자증권,demand_forecasts,255,legacy_p28_75501827e8,EV,전체,,유럽,유럽,글로벌,권역,성장률,2025,FY,48,,%,추정,시장전체,,이탈리아 전기차 판매량 YoY,,,원천불명,표,근사,28
2025-11-24_유진투자증권_산업,2025-11-24,유진투자증권,demand_forecasts,256,legacy_p28_75501827e8,EV,전체,,유럽,유럽,글로벌,권역,성장률,2026,FY,21,,%,추정,시장전체,,이탈리아 전기차 판매량 YoY,,,원천불명,표,근사,28
2025-11-24_유진투자증권_산업,2025-11-24,유진투자증권,demand_forecasts,258,legacy_p29_a86804be9c,EV,전체,,유럽,유럽,글로벌,권역,판매대수,2025,FY,223,,천대,추정,시장전체,,스페인 전기차 판매량,,,원천불명,표,근사,29
2025-11-24_유진투자증권_산업,2025-11-24,유진투자증권,demand_forecasts,259,legacy_p29_a86804be9c,EV,전체,,유럽,유럽,글로벌,권역,판매대수,2026,FY,283,,천대,추정,시장전체,,스페인 전기차 판매량,,,원천불명,표,근사,29
2025-11-24_유진투자증권_산업,2025-11-24,유진투자증권,demand_forecasts,260,legacy_p29_ed5ea330c0,EV,전체,,유럽,유럽,글로벌,권역,성장률,2024,FY,2,,%,실적,시장전체,,스페인 전기차 판매량 YoY,,,원천불명,표,근사,29
2025-11-24_유진투자증권_산업,2025-11-24,유진투자증권,demand_forecasts,261,legacy_p29_ed5ea330c0,EV,전체,,유럽,유럽,글로벌,권역,성장률,2025,FY,92,,%,추정,시장전체,,스페인 전기차 판매량 YoY,,,원천불명,표,근사,29
2025-11-24_유진투자증권_산업,2025-11-24,유진투자증권,demand_forecasts,262,legacy_p29_ed5ea330c0,EV,전체,,유럽,유럽,글로벌,권역,성장률,2026,FY,27,,%,추정,시장전체,,스페인 전기차 판매량 YoY,,,원천불명,표,근사,29
2026-03-16_하나증권_산업,2026-03-16,하나증권,demand_forecasts,2,legacy_p3_cff0081282,ESS,데이터센터,,글로벌,글로벌,,글로벌,수요량,2035,FY,1232,,GWh,추정,서브세그먼트,,"AI 데이터센터용 전력소비 급증 반영, 2024년 대비 약 3배 성장 전망 (삼성SDI 연구소)",,,원천불명,표,근사,3
2026-04-06_하나증권_산업,2026-04-06,하나증권,demand_forecasts,1,legacy_p9_63570ebfce,EV,전체,,글로벌,글로벌,,글로벌,판매대수,2026,FY,105.5,,만대,추정,시장전체,,"2026년 2월 BEV+PHEV 합계, YoY-13%(SNE Research)",,,원천불명,표,근사,9
2026-04-06_하나증권_산업,2026-04-06,하나증권,demand_forecasts,2,legacy_p9_e528154a60,EV,전체,,미국,미국,북미,국가,판매대수,2026,FY,7.5,,만대,추정,시장전체,,"2026년 2월, YoY-35%(SNE Research)",,,원천불명,표,근사,9
2026-04-06_하나증권_산업,2026-04-06,하나증권,demand_forecasts,3,legacy_p9_52306c4203,EV,전체,,중국,중국,글로벌,국가,판매대수,2026,FY,50.4,,만대,추정,시장전체,,"2026년 2월, YoY-31%(SNE Research)",,,원천불명,표,근사,9
2026-04-06_하나증권_산업,2026-04-06,하나증권,demand_forecasts,4,legacy_p9_a2a4d9d6d3,EV,전체,,유럽,유럽,글로벌,권역,판매대수,2026,FY,31.0,,만대,추정,시장전체,,"2026년 2월, YoY+20%(SNE Research)",,,원천불명,표,근사,9
2026-04-06_하나증권_산업,2026-04-06,하나증권,demand_forecasts,5,legacy_p10_56b99bacbc,EV,전체,,미국,미국,북미,국가,판매대수,2026,FY,104847,,대,추정,시장전체,,"2026년 3월, YoY-33.7%, MoM+22.9%, 판매점유율7.4%(WardsAuto)",,,원천불명,표,근사,10
2026-04-06_하나증권_산업,2026-04-06,하나증권,demand_forecasts,6,legacy_p10_567a285118,EV,전체,,중국,중국,글로벌,국가,판매대수,2026,FY,412000,,대,추정,시장전체,,"2026년 2월, YoY-33.8%, MoM-20.8%, 판매점유율39.5%(CPCA)",,,원천불명,표,근사,10
2026-04-06_하나증권_산업,2026-04-06,하나증권,demand_forecasts,7,legacy_p10_fcb3f06472,EV,전체,,유럽,유럽,글로벌,권역,판매대수,2026,FY,23278,,대,추정,시장전체,,"영국, 2026년 2월, YoY-18.4%, 판매점유율25.8%(Cleantechnica)",,,원천불명,표,근사,10
2026-04-06_하나증권_산업,2026-04-06,하나증권,demand_forecasts,8,legacy_p10_8cf08f3056,EV,전체,,유럽,유럽,글로벌,권역,판매대수,2026,FY,70603,,대,추정,시장전체,,"독일, 2026년 2월, YoY+27.3%, 판매점유율33.4%(Cleantechnica)",,,원천불명,표,근사,10
2026-04-06_하나증권_산업,2026-04-06,하나증권,demand_forecasts,9,legacy_p10_0598620d57,EV,전체,,유럽,유럽,글로벌,권역,판매대수,2026,FY,57951,,대,추정,시장전체,,"프랑스, 2026년 3월, YoY+54.3%, 판매점유율32.8%(Cleantechnica)",,,원천불명,표,근사,10
2026-04-06_하나증권_산업,2026-04-06,하나증권,demand_forecasts,10,legacy_p10_c05496d3b2,EV,전체,,유럽,유럽,글로벌,권역,판매대수,2026,FY,17471,,대,추정,시장전체,,"스웨덴, 2026년 3월, YoY+18.8%, 판매점유율63.3%(Cleantechnica)",,,원천불명,표,근사,10
2026-04-06_하나증권_산업,2026-04-06,하나증권,demand_forecasts,11,legacy_p10_7f90849644,EV,전체,,유럽,유럽,글로벌,권역,판매대수,2026,FY,17532,,대,추정,시장전체,,"노르웨이, 2026년 3월, YoY+41.4%, 판매점유율99.1%(Cleantechnica)",,,원천불명,표,근사,10
2026-04-06_하나증권_산업,2026-04-06,하나증권,demand_forecasts,12,legacy_p13_395d65a749,EV,전체,,미국,미국,북미,국가,판매대수,2026,FY,8.9,,만대,추정,시장전체,,"2026년 3월 순수전기차(BEV), YoY-27%, MoM+22%(WardsAuto)",,,원천불명,표,근사,13
2026-04-06_하나증권_산업,2026-04-06,하나증권,demand_forecasts,13,legacy_p13_cd655f328b,EV,전체,,미국,미국,북미,국가,침투율,2026,FY,6.3,,%,추정,시장전체,,2026년 3월 BEV 침투율(WardsAuto),,,원천불명,표,근사,13
2026-04-06_하나증권_산업,2026-04-06,하나증권,demand_forecasts,14,legacy_p7_05bd085aef,ESS,Grid/Utility,,글로벌,글로벌,,글로벌,수요량,2026,FY,21.6,,GWh,추정,서브세그먼트,,"2026년 2월 신규 설치량, YoY+45%, Grid17.1GWh+BTM4.5GWh(Rho Motion)",,,원천불명,표,근사,7
2026-04-06_하나증권_산업,2026-04-06,하나증권,demand_forecasts,15,legacy_p7_f78da8fc87,ESS,전체,,글로벌,글로벌,,글로벌,수요량,2026,FY,40.2,,GWh,추정,시장전체,,"2026년 1-2월 누적 설치량, YoY+15%(Rho Motion)",,,원천불명,표,근사,7
2026-04-06_하나증권_산업,2026-04-06,하나증권,demand_forecasts,16,legacy_p7_0d25612f23,ESS,전체,,북미,북미,글로벌,권역,수요량,2026,FY,3.2,,GWh,추정,시장전체,,"미국, 2026년 2월 신규 설치량, YoY+190%(Rho Motion)",,,원천불명,표,근사,7
2026-04-06_하나증권_산업,2026-04-06,하나증권,demand_forecasts,17,legacy_p7_96280fca8b,ESS,전체,,북미,북미,글로벌,권역,수요량,2026,FY,6.3,,GWh,추정,시장전체,,"미국, 2026년 1-2월 누적 설치량, YoY+113%(Rho Motion)",,,원천불명,표,근사,7
2026-04-06_하나증권_산업,2026-04-06,하나증권,demand_forecasts,18,legacy_p7_afd1bc1c11,ESS,전체,,유럽,유럽,글로벌,권역,수요량,2026,FY,2.1,,GWh,추정,시장전체,,"2026년 2월 신규 설치량, YoY+12%(Rho Motion)",,,원천불명,표,근사,7
2026-04-06_하나증권_산업,2026-04-06,하나증권,demand_forecasts,19,legacy_p7_5cd00b4545,ESS,전체,,유럽,유럽,글로벌,권역,수요량,2026,FY,4.2,,GWh,추정,시장전체,,"2026년 1-2월 누적 설치량, YoY+36%(Rho Motion)",,,원천불명,표,근사,7
2026-04-06_하나증권_산업,2026-04-06,하나증권,demand_forecasts,20,legacy_p7_cf5f7bea2d,ESS,전체,,중국,중국,글로벌,국가,수요량,2026,FY,10.7,,GWh,추정,시장전체,,"2026년 2월 신규 설치량, YoY+19%(Rho Motion)",,,원천불명,표,근사,7
2026-04-06_하나증권_산업,2026-04-06,하나증권,demand_forecasts,21,legacy_p7_cfc6f92bd4,ESS,전체,,중국,중국,글로벌,국가,수요량,2026,FY,19.9,,GWh,추정,시장전체,,"2026년 1-2월 누적 설치량, YoY-7%(Rho Motion)",,,원천불명,표,근사,7
2026-04-06_하나증권_산업,2026-04-06,하나증권,demand_forecasts,22,legacy_p15_101c191f24,EV,전체,,글로벌,글로벌,,글로벌,수요량,2026,FY,61.2,,GWh,추정,시장전체,,"전기차 배터리 출하량, 2026년 2월, YoY-5%, CATL25.2/BYD7.7/LGES6.9/SK on2.9/CALB2.5/Panasonic2.2/삼성SDI1.7(SNE Research)",,,원천불명,표,근사,15
2026-04-06_하나증권_산업,2026-04-06,하나증권,demand_forecasts,23,legacy_p15_241600a212,EV,전체,,글로벌,글로벌,,글로벌,수요량,2026,FY,134.9,,GWh,추정,시장전체,,"전기차 배터리 출하량, 2026년 1-2월 누적, YoY+4%(SNE Research)",,,원천불명,표,근사,15
2026-04-06_하나증권_산업,2026-04-06,하나증권,demand_forecasts,24,legacy_p15_740ceaa701,EV,전체,,북미,북미,글로벌,권역,수요량,2026,FY,6.2,,GWh,추정,시장전체,,"미국 전기차 배터리 출하량, 2026년 2월, YoY-30%(SNE Research)",,,원천불명,표,근사,15
2026-04-06_하나증권_산업,2026-04-06,하나증권,demand_forecasts,25,legacy_p15_c0baeb9052,EV,전체,,중국,중국,글로벌,국가,수요량,2026,FY,29.0,,GWh,추정,시장전체,,"전기차 배터리 출하량, 2026년 2월, YoY-17%(SNE Research)",,,원천불명,표,근사,15
2026-04-06_하나증권_산업,2026-04-06,하나증권,demand_forecasts,26,legacy_p15_55d4c0741e,EV,전체,,유럽,유럽,글로벌,권역,수요량,2026,FY,16.6,,GWh,추정,시장전체,,"전기차 배터리 출하량, 2026년 2월, YoY+14%(SNE Research)",,,원천불명,표,근사,15
2026-05-17_유진투자증권_산업,2026-05-17,유진투자증권,demand_forecasts,4,legacy_p60_9b7db35ba2,EV,전체,,북미,북미,글로벌,권역,판매대수,2025,FY,1651,,천대,실적,시장전체,,북미 합계(미국+캐나다),,,원천불명,표,근사,60
2026-05-17_유진투자증권_산업,2026-05-17,유진투자증권,demand_forecasts,5,legacy_p60_9b7db35ba2,EV,전체,,북미,북미,글로벌,권역,판매대수,2026,FY,1494,,천대,추정,시장전체,,북미 합계(미국+캐나다),,,원천불명,표,근사,60
2026-05-17_유진투자증권_산업,2026-05-17,유진투자증권,demand_forecasts,6,legacy_p60_9b7db35ba2,EV,전체,,북미,북미,글로벌,권역,판매대수,2027,FY,1727,,천대,추정,시장전체,,북미 합계(미국+캐나다),,,원천불명,표,근사,60
2026-05-17_유진투자증권_산업,2026-05-17,유진투자증권,demand_forecasts,7,legacy_p60_9b7db35ba2,EV,전체,,북미,북미,글로벌,권역,판매대수,2028,FY,2055,,천대,추정,시장전체,,북미 합계(미국+캐나다),,,원천불명,표,근사,60
2026-05-17_유진투자증권_산업,2026-05-17,유진투자증권,demand_forecasts,8,legacy_p60_9b7db35ba2,EV,전체,,북미,북미,글로벌,권역,판매대수,2029,FY,2571,,천대,추정,시장전체,,북미 합계(미국+캐나다),,,원천불명,표,근사,60
2026-05-17_유진투자증권_산업,2026-05-17,유진투자증권,demand_forecasts,9,legacy_p60_9b7db35ba2,EV,전체,,북미,북미,글로벌,권역,판매대수,2030,FY,3307,,천대,추정,시장전체,,북미 합계(미국+캐나다),,,원천불명,표,근사,60
2026-05-17_유진투자증권_산업,2026-05-17,유진투자증권,demand_forecasts,13,legacy_p60_c1e52c4211,EV,전체,,북미,북미,글로벌,권역,판매대수,2025,FY,1474,,천대,실적,시장전체,,미국,,,원천불명,표,근사,60
2026-05-17_유진투자증권_산업,2026-05-17,유진투자증권,demand_forecasts,14,legacy_p60_c1e52c4211,EV,전체,,북미,북미,글로벌,권역,판매대수,2026,FY,1297,,천대,추정,시장전체,,미국,,,원천불명,표,근사,60
2026-05-17_유진투자증권_산업,2026-05-17,유진투자증권,demand_forecasts,15,legacy_p60_c1e52c4211,EV,전체,,북미,북미,글로벌,권역,판매대수,2027,FY,1504,,천대,추정,시장전체,,미국,,,원천불명,표,근사,60
2026-05-17_유진투자증권_산업,2026-05-17,유진투자증권,demand_forecasts,16,legacy_p60_c1e52c4211,EV,전체,,북미,북미,글로벌,권역,판매대수,2028,FY,1792,,천대,추정,시장전체,,미국,,,원천불명,표,근사,60
2026-05-17_유진투자증권_산업,2026-05-17,유진투자증권,demand_forecasts,17,legacy_p60_c1e52c4211,EV,전체,,북미,북미,글로벌,권역,판매대수,2029,FY,2248,,천대,추정,시장전체,,미국,,,원천불명,표,근사,60
2026-05-17_유진투자증권_산업,2026-05-17,유진투자증권,demand_forecasts,18,legacy_p60_c1e52c4211,EV,전체,,북미,북미,글로벌,권역,판매대수,2030,FY,2912,,천대,추정,시장전체,,미국,,,원천불명,표,근사,60
2026-05-17_유진투자증권_산업,2026-05-17,유진투자증권,demand_forecasts,22,legacy_p60_8b938155b7,EV,전체,,북미,북미,글로벌,권역,판매대수,2025,FY,177,,천대,실적,시장전체,,캐나다,,,원천불명,표,근사,60
2026-05-17_유진투자증권_산업,2026-05-17,유진투자증권,demand_forecasts,23,legacy_p60_8b938155b7,EV,전체,,북미,북미,글로벌,권역,판매대수,2026,FY,197,,천대,추정,시장전체,,캐나다,,,원천불명,표,근사,60
2026-05-17_유진투자증권_산업,2026-05-17,유진투자증권,demand_forecasts,24,legacy_p60_8b938155b7,EV,전체,,북미,북미,글로벌,권역,판매대수,2027,FY,223,,천대,추정,시장전체,,캐나다,,,원천불명,표,근사,60
2026-05-17_유진투자증권_산업,2026-05-17,유진투자증권,demand_forecasts,25,legacy_p60_8b938155b7,EV,전체,,북미,북미,글로벌,권역,판매대수,2028,FY,263,,천대,추정,시장전체,,캐나다,,,원천불명,표,근사,60
2026-05-17_유진투자증권_산업,2026-05-17,유진투자증권,demand_forecasts,26,legacy_p60_8b938155b7,EV,전체,,북미,북미,글로벌,권역,판매대수,2029,FY,323,,천대,추정,시장전체,,캐나다,,,원천불명,표,근사,60
2026-05-17_유진투자증권_산업,2026-05-17,유진투자증권,demand_forecasts,27,legacy_p60_8b938155b7,EV,전체,,북미,북미,글로벌,권역,판매대수,2030,FY,396,,천대,추정,시장전체,,캐나다,,,원천불명,표,근사,60
2026-05-17_유진투자증권_산업,2026-05-17,유진투자증권,demand_forecasts,31,legacy_p60_3a2501dfc0,EV,전체,,기타,기타,글로벌,권역,판매대수,2025,FY,13529,,천대,실적,시장전체,,아시아·대양주 합계,,,원천불명,표,근사,60
2026-05-17_유진투자증권_산업,2026-05-17,유진투자증권,demand_forecasts,32,legacy_p60_3a2501dfc0,EV,전체,,기타,기타,글로벌,권역,판매대수,2026,FY,15873,,천대,추정,시장전체,,아시아·대양주 합계,,,원천불명,표,근사,60
2026-05-17_유진투자증권_산업,2026-05-17,유진투자증권,demand_forecasts,33,legacy_p60_3a2501dfc0,EV,전체,,기타,기타,글로벌,권역,판매대수,2027,FY,18271,,천대,추정,시장전체,,아시아·대양주 합계,,,원천불명,표,근사,60
2026-05-17_유진투자증권_산업,2026-05-17,유진투자증권,demand_forecasts,34,legacy_p60_3a2501dfc0,EV,전체,,기타,기타,글로벌,권역,판매대수,2028,FY,20726,,천대,추정,시장전체,,아시아·대양주 합계,,,원천불명,표,근사,60
2026-05-17_유진투자증권_산업,2026-05-17,유진투자증권,demand_forecasts,35,legacy_p60_3a2501dfc0,EV,전체,,기타,기타,글로벌,권역,판매대수,2029,FY,22915,,천대,추정,시장전체,,아시아·대양주 합계,,,원천불명,표,근사,60
2026-05-17_유진투자증권_산업,2026-05-17,유진투자증권,demand_forecasts,36,legacy_p60_3a2501dfc0,EV,전체,,기타,기타,글로벌,권역,판매대수,2030,FY,24879,,천대,추정,시장전체,,아시아·대양주 합계,,,원천불명,표,근사,60
2026-05-17_유진투자증권_산업,2026-05-17,유진투자증권,demand_forecasts,40,legacy_p60_a2b8f5fdb3,EV,전체,,중국,중국,글로벌,국가,판매대수,2025,FY,12842,,천대,실적,시장전체,,중국,,,원천불명,표,근사,60
2026-05-17_유진투자증권_산업,2026-05-17,유진투자증권,demand_forecasts,41,legacy_p60_a2b8f5fdb3,EV,전체,,중국,중국,글로벌,국가,판매대수,2026,FY,14997,,천대,추정,시장전체,,중국,,,원천불명,표,근사,60
2026-05-17_유진투자증권_산업,2026-05-17,유진투자증권,demand_forecasts,42,legacy_p60_a2b8f5fdb3,EV,전체,,중국,중국,글로벌,국가,판매대수,2027,FY,17187,,천대,추정,시장전체,,중국,,,원천불명,표,근사,60
2026-05-17_유진투자증권_산업,2026-05-17,유진투자증권,demand_forecasts,43,legacy_p60_a2b8f5fdb3,EV,전체,,중국,중국,글로벌,국가,판매대수,2028,FY,19383,,천대,추정,시장전체,,중국,,,원천불명,표,근사,60
2026-05-17_유진투자증권_산업,2026-05-17,유진투자증권,demand_forecasts,44,legacy_p60_a2b8f5fdb3,EV,전체,,중국,중국,글로벌,국가,판매대수,2029,FY,21255,,천대,추정,시장전체,,중국,,,원천불명,표,근사,60
2026-05-17_유진투자증권_산업,2026-05-17,유진투자증권,demand_forecasts,45,legacy_p60_a2b8f5fdb3,EV,전체,,중국,중국,글로벌,국가,판매대수,2030,FY,22816,,천대,추정,시장전체,,중국,,,원천불명,표,근사,60
2026-05-17_유진투자증권_산업,2026-05-17,유진투자증권,demand_forecasts,49,legacy_p60_e6a4c94028,EV,전체,,기타,기타,글로벌,권역,판매대수,2025,FY,115,,천대,실적,시장전체,,일본,,,원천불명,표,근사,60
2026-05-17_유진투자증권_산업,2026-05-17,유진투자증권,demand_forecasts,50,legacy_p60_e6a4c94028,EV,전체,,기타,기타,글로벌,권역,판매대수,2026,FY,139,,천대,추정,시장전체,,일본,,,원천불명,표,근사,60
2026-05-17_유진투자증권_산업,2026-05-17,유진투자증권,demand_forecasts,51,legacy_p60_e6a4c94028,EV,전체,,기타,기타,글로벌,권역,판매대수,2027,FY,167,,천대,추정,시장전체,,일본,,,원천불명,표,근사,60
2026-05-17_유진투자증권_산업,2026-05-17,유진투자증권,demand_forecasts,52,legacy_p60_e6a4c94028,EV,전체,,기타,기타,글로벌,권역,판매대수,2028,FY,201,,천대,추정,시장전체,,일본,,,원천불명,표,근사,60
2026-05-17_유진투자증권_산업,2026-05-17,유진투자증권,demand_forecasts,53,legacy_p60_e6a4c94028,EV,전체,,기타,기타,글로벌,권역,판매대수,2029,FY,242,,천대,추정,시장전체,,일본,,,원천불명,표,근사,60
2026-05-17_유진투자증권_산업,2026-05-17,유진투자증권,demand_forecasts,54,legacy_p60_e6a4c94028,EV,전체,,기타,기타,글로벌,권역,판매대수,2030,FY,292,,천대,추정,시장전체,,일본,,,원천불명,표,근사,60
2026-05-17_유진투자증권_산업,2026-05-17,유진투자증권,demand_forecasts,58,legacy_p60_d4c97d1db6,EV,전체,,기타,기타,글로벌,권역,판매대수,2025,FY,572,,천대,실적,시장전체,,기타아시아,,,원천불명,표,근사,60
2026-05-17_유진투자증권_산업,2026-05-17,유진투자증권,demand_forecasts,59,legacy_p60_d4c97d1db6,EV,전체,,기타,기타,글로벌,권역,판매대수,2026,FY,738,,천대,추정,시장전체,,기타아시아,,,원천불명,표,근사,60
2026-05-17_유진투자증권_산업,2026-05-17,유진투자증권,demand_forecasts,60,legacy_p60_d4c97d1db6,EV,전체,,기타,기타,글로벌,권역,판매대수,2027,FY,917,,천대,추정,시장전체,,기타아시아,,,원천불명,표,근사,60
2026-05-17_유진투자증권_산업,2026-05-17,유진투자증권,demand_forecasts,61,legacy_p60_d4c97d1db6,EV,전체,,기타,기타,글로벌,권역,판매대수,2028,FY,1142,,천대,추정,시장전체,,기타아시아,,,원천불명,표,근사,60
2026-05-17_유진투자증권_산업,2026-05-17,유진투자증권,demand_forecasts,62,legacy_p60_d4c97d1db6,EV,전체,,기타,기타,글로벌,권역,판매대수,2029,FY,1418,,천대,추정,시장전체,,기타아시아,,,원천불명,표,근사,60
2026-05-17_유진투자증권_산업,2026-05-17,유진투자증권,demand_forecasts,63,legacy_p60_d4c97d1db6,EV,전체,,기타,기타,글로벌,권역,판매대수,2030,FY,1771,,천대,추정,시장전체,,기타아시아,,,원천불명,표,근사,60
2026-05-17_유진투자증권_산업,2026-05-17,유진투자증권,demand_forecasts,67,legacy_p60_84af2b4e67,EV,전체,,유럽,유럽,글로벌,권역,판매대수,2025,FY,3856,,천대,실적,시장전체,,유럽,,,원천불명,표,근사,60
2026-05-17_유진투자증권_산업,2026-05-17,유진투자증권,demand_forecasts,68,legacy_p60_84af2b4e67,EV,전체,,유럽,유럽,글로벌,권역,판매대수,2026,FY,4669,,천대,추정,시장전체,,유럽,,,원천불명,표,근사,60
2026-05-17_유진투자증권_산업,2026-05-17,유진투자증권,demand_forecasts,69,legacy_p60_84af2b4e67,EV,전체,,유럽,유럽,글로벌,권역,판매대수,2027,FY,5790,,천대,추정,시장전체,,유럽,,,원천불명,표,근사,60
2026-05-17_유진투자증권_산업,2026-05-17,유진투자증권,demand_forecasts,70,legacy_p60_84af2b4e67,EV,전체,,유럽,유럽,글로벌,권역,판매대수,2028,FY,6561,,천대,추정,시장전체,,유럽,,,원천불명,표,근사,60
2026-05-17_유진투자증권_산업,2026-05-17,유진투자증권,demand_forecasts,71,legacy_p60_84af2b4e67,EV,전체,,유럽,유럽,글로벌,권역,판매대수,2029,FY,7656,,천대,추정,시장전체,,유럽,,,원천불명,표,근사,60
2026-05-17_유진투자증권_산업,2026-05-17,유진투자증권,demand_forecasts,72,legacy_p60_84af2b4e67,EV,전체,,유럽,유럽,글로벌,권역,판매대수,2030,FY,9071,,천대,추정,시장전체,,유럽,,,원천불명,표,근사,60
2026-05-17_유진투자증권_산업,2026-05-17,유진투자증권,demand_forecasts,76,legacy_p60_11ce320953,EV,전체,,기타,기타,글로벌,권역,판매대수,2025,FY,1577,,천대,실적,시장전체,,기타국가,,,원천불명,표,근사,60
2026-05-17_유진투자증권_산업,2026-05-17,유진투자증권,demand_forecasts,77,legacy_p60_11ce320953,EV,전체,,기타,기타,글로벌,권역,판매대수,2026,FY,1971,,천대,추정,시장전체,,기타국가,,,원천불명,표,근사,60
2026-05-17_유진투자증권_산업,2026-05-17,유진투자증권,demand_forecasts,78,legacy_p60_11ce320953,EV,전체,,기타,기타,글로벌,권역,판매대수,2027,FY,2424,,천대,추정,시장전체,,기타국가,,,원천불명,표,근사,60
2026-05-17_유진투자증권_산업,2026-05-17,유진투자증권,demand_forecasts,79,legacy_p60_11ce320953,EV,전체,,기타,기타,글로벌,권역,판매대수,2028,FY,2909,,천대,추정,시장전체,,기타국가,,,원천불명,표,근사,60
2026-05-17_유진투자증권_산업,2026-05-17,유진투자증권,demand_forecasts,80,legacy_p60_11ce320953,EV,전체,,기타,기타,글로벌,권역,판매대수,2029,FY,3433,,천대,추정,시장전체,,기타국가,,,원천불명,표,근사,60
2026-05-17_유진투자증권_산업,2026-05-17,유진투자증권,demand_forecasts,81,legacy_p60_11ce320953,EV,전체,,기타,기타,글로벌,권역,판매대수,2030,FY,4016,,천대,추정,시장전체,,기타국가,,,원천불명,표,근사,60
2026-05-17_유진투자증권_산업,2026-05-17,유진투자증권,demand_forecasts,85,legacy_p60_6d30c8fa2e,EV,전체,,글로벌,글로벌,,글로벌,판매대수,2025,FY,20612,,천대,실적,시장전체,,전세계,,,원천불명,표,근사,60
2026-05-17_유진투자증권_산업,2026-05-17,유진투자증권,demand_forecasts,86,legacy_p60_6d30c8fa2e,EV,전체,,글로벌,글로벌,,글로벌,판매대수,2026,FY,24007,,천대,추정,시장전체,,전세계,,,원천불명,표,근사,60
2026-05-17_유진투자증권_산업,2026-05-17,유진투자증권,demand_forecasts,87,legacy_p60_6d30c8fa2e,EV,전체,,글로벌,글로벌,,글로벌,판매대수,2027,FY,28213,,천대,추정,시장전체,,전세계,,,원천불명,표,근사,60
2026-05-17_유진투자증권_산업,2026-05-17,유진투자증권,demand_forecasts,88,legacy_p60_6d30c8fa2e,EV,전체,,글로벌,글로벌,,글로벌,판매대수,2028,FY,32251,,천대,추정,시장전체,,전세계,,,원천불명,표,근사,60
2026-05-17_유진투자증권_산업,2026-05-17,유진투자증권,demand_forecasts,89,legacy_p60_6d30c8fa2e,EV,전체,,글로벌,글로벌,,글로벌,판매대수,2029,FY,36575,,천대,추정,시장전체,,전세계,,,원천불명,표,근사,60
2026-05-17_유진투자증권_산업,2026-05-17,유진투자증권,demand_forecasts,90,legacy_p60_6d30c8fa2e,EV,전체,,글로벌,글로벌,,글로벌,판매대수,2030,FY,41273,,천대,추정,시장전체,,전세계,,,원천불명,표,근사,60
2026-05-17_유진투자증권_산업,2026-05-17,유진투자증권,demand_forecasts,94,legacy_p60_2ff8549d45,EV,전체,,글로벌,글로벌,,글로벌,침투율,2025,FY,22.3,,%,실적,시장전체,,전세계 전기차 판매 비중(전체 자동차 판매 대비),,,원천불명,표,근사,60
2026-05-17_유진투자증권_산업,2026-05-17,유진투자증권,demand_forecasts,95,legacy_p60_2ff8549d45,EV,전체,,글로벌,글로벌,,글로벌,침투율,2026,FY,25.2,,%,추정,시장전체,,전세계 전기차 판매 비중(전체 자동차 판매 대비),,,원천불명,표,근사,60
2026-05-17_유진투자증권_산업,2026-05-17,유진투자증권,demand_forecasts,96,legacy_p60_2ff8549d45,EV,전체,,글로벌,글로벌,,글로벌,침투율,2027,FY,29.0,,%,추정,시장전체,,전세계 전기차 판매 비중(전체 자동차 판매 대비),,,원천불명,표,근사,60
2026-05-17_유진투자증권_산업,2026-05-17,유진투자증권,demand_forecasts,97,legacy_p60_2ff8549d45,EV,전체,,글로벌,글로벌,,글로벌,침투율,2028,FY,32.5,,%,추정,시장전체,,전세계 전기차 판매 비중(전체 자동차 판매 대비),,,원천불명,표,근사,60
2026-05-17_유진투자증권_산업,2026-05-17,유진투자증권,demand_forecasts,98,legacy_p60_2ff8549d45,EV,전체,,글로벌,글로벌,,글로벌,침투율,2029,FY,36.2,,%,추정,시장전체,,전세계 전기차 판매 비중(전체 자동차 판매 대비),,,원천불명,표,근사,60
2026-05-17_유진투자증권_산업,2026-05-17,유진투자증권,demand_forecasts,99,legacy_p60_2ff8549d45,EV,전체,,글로벌,글로벌,,글로벌,침투율,2030,FY,40.0,,%,추정,시장전체,,전세계 전기차 판매 비중(전체 자동차 판매 대비),,,원천불명,표,근사,60
2026-05-17_유진투자증권_산업,2026-05-17,유진투자증권,demand_forecasts,101,legacy_p6_4e28afd6aa,ESS,전체,BESS,글로벌,글로벌,,글로벌,수요량,2026,FY,421,,GWh,추정,시장전체,,글로벌 BESS 신규 설치용량,,,원천불명,표,근사,6
2026-05-17_유진투자증권_산업,2026-05-17,유진투자증권,demand_forecasts,102,legacy_p6_4e28afd6aa,ESS,전체,BESS,글로벌,글로벌,,글로벌,수요량,2027,FY,530,,GWh,추정,시장전체,,글로벌 BESS 신규 설치용량,,,원천불명,표,근사,6
2026-05-17_유진투자증권_산업,2026-05-17,유진투자증권,demand_forecasts,103,legacy_p6_4e28afd6aa,ESS,전체,BESS,글로벌,글로벌,,글로벌,수요량,2028,FY,628,,GWh,추정,시장전체,,글로벌 BESS 신규 설치용량,,,원천불명,표,근사,6
2026-05-17_유진투자증권_산업,2026-05-17,유진투자증권,demand_forecasts,104,legacy_p6_4e28afd6aa,ESS,전체,BESS,글로벌,글로벌,,글로벌,수요량,2029,FY,739,,GWh,추정,시장전체,,글로벌 BESS 신규 설치용량,,,원천불명,표,근사,6
2026-05-17_유진투자증권_산업,2026-05-17,유진투자증권,demand_forecasts,105,legacy_p6_4e28afd6aa,ESS,전체,BESS,글로벌,글로벌,,글로벌,수요량,2030,FY,872,,GWh,추정,시장전체,,글로벌 BESS 신규 설치용량,,,원천불명,표,근사,6
2026-05-17_유진투자증권_산업,2026-05-17,유진투자증권,demand_forecasts,107,legacy_p6_d2f80551e6,EV,전체,,글로벌,글로벌,,글로벌,수요량,2026,FY,1253,,GWh,추정,시장전체,,글로벌 EV 배터리 수요,,,원천불명,표,근사,6
2026-05-17_유진투자증권_산업,2026-05-17,유진투자증권,demand_forecasts,108,legacy_p6_d2f80551e6,EV,전체,,글로벌,글로벌,,글로벌,수요량,2027,FY,1502,,GWh,추정,시장전체,,글로벌 EV 배터리 수요,,,원천불명,표,근사,6
2026-05-17_유진투자증권_산업,2026-05-17,유진투자증권,demand_forecasts,109,legacy_p6_d2f80551e6,EV,전체,,글로벌,글로벌,,글로벌,수요량,2028,FY,1751,,GWh,추정,시장전체,,글로벌 EV 배터리 수요,,,원천불명,표,근사,6
2026-05-17_유진투자증권_산업,2026-05-17,유진투자증권,demand_forecasts,110,legacy_p6_d2f80551e6,EV,전체,,글로벌,글로벌,,글로벌,수요량,2029,FY,2026,,GWh,추정,시장전체,,글로벌 EV 배터리 수요,,,원천불명,표,근사,6
2026-05-17_유진투자증권_산업,2026-05-17,유진투자증권,demand_forecasts,111,legacy_p6_d2f80551e6,EV,전체,,글로벌,글로벌,,글로벌,수요량,2030,FY,2331,,GWh,추정,시장전체,,글로벌 EV 배터리 수요,,,원천불명,표,근사,6
2026-05-17_유진투자증권_산업,2026-05-17,유진투자증권,demand_forecasts,113,legacy_p11_2e5e745ff9,ESS,전체,BESS,북미,북미,글로벌,권역,수요량,2026,FY,67,,GWh,추정,시장전체,,미국 BESS 신규 설치용량,,,원천불명,표,근사,11
2026-05-17_유진투자증권_산업,2026-05-17,유진투자증권,demand_forecasts,114,legacy_p11_2e5e745ff9,ESS,전체,BESS,북미,북미,글로벌,권역,수요량,2027,FY,85,,GWh,추정,시장전체,,미국 BESS 신규 설치용량,,,원천불명,표,근사,11
2026-05-17_유진투자증권_산업,2026-05-17,유진투자증권,demand_forecasts,115,legacy_p11_2e5e745ff9,ESS,전체,BESS,북미,북미,글로벌,권역,수요량,2028,FY,98,,GWh,추정,시장전체,,미국 BESS 신규 설치용량,,,원천불명,표,근사,11
2026-05-17_유진투자증권_산업,2026-05-17,유진투자증권,demand_forecasts,116,legacy_p11_2e5e745ff9,ESS,전체,BESS,북미,북미,글로벌,권역,수요량,2029,FY,115,,GWh,추정,시장전체,,미국 BESS 신규 설치용량,,,원천불명,표,근사,11
2026-05-17_유진투자증권_산업,2026-05-17,유진투자증권,demand_forecasts,117,legacy_p11_2e5e745ff9,ESS,전체,BESS,북미,북미,글로벌,권역,수요량,2030,FY,130,,GWh,추정,시장전체,,미국 BESS 신규 설치용량,,,원천불명,표,근사,11
2026-05-17_유진투자증권_산업,2026-05-17,유진투자증권,demand_forecasts,119,legacy_p11_aa5f670a89,ESS,전체,BESS,유럽,유럽,글로벌,권역,수요량,2026,FY,42,,GWh,추정,시장전체,,유럽 BESS 신규 설치용량,,,원천불명,표,근사,11
2026-05-17_유진투자증권_산업,2026-05-17,유진투자증권,demand_forecasts,120,legacy_p11_aa5f670a89,ESS,전체,BESS,유럽,유럽,글로벌,권역,수요량,2027,FY,65,,GWh,추정,시장전체,,유럽 BESS 신규 설치용량,,,원천불명,표,근사,11
2026-05-17_유진투자증권_산업,2026-05-17,유진투자증권,demand_forecasts,121,legacy_p11_aa5f670a89,ESS,전체,BESS,유럽,유럽,글로벌,권역,수요량,2028,FY,88,,GWh,추정,시장전체,,유럽 BESS 신규 설치용량,,,원천불명,표,근사,11
2026-05-17_유진투자증권_산업,2026-05-17,유진투자증권,demand_forecasts,122,legacy_p11_aa5f670a89,ESS,전체,BESS,유럽,유럽,글로벌,권역,수요량,2029,FY,110,,GWh,추정,시장전체,,유럽 BESS 신규 설치용량,,,원천불명,표,근사,11
2026-05-17_유진투자증권_산업,2026-05-17,유진투자증권,demand_forecasts,123,legacy_p11_aa5f670a89,ESS,전체,BESS,유럽,유럽,글로벌,권역,수요량,2030,FY,135,,GWh,추정,시장전체,,유럽 BESS 신규 설치용량,,,원천불명,표,근사,11
2026-05-17_유진투자증권_산업,2026-05-17,유진투자증권,demand_forecasts,125,legacy_p12_a23d35d47b,ESS,전체,BESS,글로벌,글로벌,,글로벌,침투율,2026,FY,25,,%,추정,시장전체,,글로벌 EV+ESS 배터리 중 BESS 비중,,,원천불명,표,근사,12
2026-05-17_유진투자증권_산업,2026-05-17,유진투자증권,demand_forecasts,126,legacy_p12_a23d35d47b,ESS,전체,BESS,글로벌,글로벌,,글로벌,침투율,2027,FY,26,,%,추정,시장전체,,글로벌 EV+ESS 배터리 중 BESS 비중,,,원천불명,표,근사,12
2026-05-17_유진투자증권_산업,2026-05-17,유진투자증권,demand_forecasts,127,legacy_p12_a23d35d47b,ESS,전체,BESS,글로벌,글로벌,,글로벌,침투율,2028,FY,26,,%,추정,시장전체,,글로벌 EV+ESS 배터리 중 BESS 비중,,,원천불명,표,근사,12
2026-05-17_유진투자증권_산업,2026-05-17,유진투자증권,demand_forecasts,128,legacy_p12_a23d35d47b,ESS,전체,BESS,글로벌,글로벌,,글로벌,침투율,2029,FY,27,,%,추정,시장전체,,글로벌 EV+ESS 배터리 중 BESS 비중,,,원천불명,표,근사,12
2026-05-17_유진투자증권_산업,2026-05-17,유진투자증권,demand_forecasts,129,legacy_p12_a23d35d47b,ESS,전체,BESS,글로벌,글로벌,,글로벌,침투율,2030,FY,27,,%,추정,시장전체,,글로벌 EV+ESS 배터리 중 BESS 비중,,,원천불명,표,근사,12
2026-05-17_유진투자증권_산업,2026-05-17,유진투자증권,demand_forecasts,131,legacy_p12_e78a91411e,ESS,전체,BESS,북미,북미,글로벌,권역,침투율,2026,FY,41,,%,추정,시장전체,,미국 EV+ESS 배터리 중 BESS 비중,,,원천불명,표,근사,12
2026-05-17_유진투자증권_산업,2026-05-17,유진투자증권,demand_forecasts,132,legacy_p12_e78a91411e,ESS,전체,BESS,북미,북미,글로벌,권역,침투율,2027,FY,43,,%,추정,시장전체,,미국 EV+ESS 배터리 중 BESS 비중,,,원천불명,표,근사,12
2026-05-17_유진투자증권_산업,2026-05-17,유진투자증권,demand_forecasts,133,legacy_p12_e78a91411e,ESS,전체,BESS,북미,북미,글로벌,권역,침투율,2028,FY,42,,%,추정,시장전체,,미국 EV+ESS 배터리 중 BESS 비중,,,원천불명,표,근사,12
2026-05-17_유진투자증권_산업,2026-05-17,유진투자증권,demand_forecasts,134,legacy_p12_e78a91411e,ESS,전체,BESS,북미,북미,글로벌,권역,침투율,2029,FY,40,,%,추정,시장전체,,미국 EV+ESS 배터리 중 BESS 비중,,,원천불명,표,근사,12
2026-05-17_유진투자증권_산업,2026-05-17,유진투자증권,demand_forecasts,135,legacy_p12_e78a91411e,ESS,전체,BESS,북미,북미,글로벌,권역,침투율,2030,FY,36,,%,추정,시장전체,,미국 EV+ESS 배터리 중 BESS 비중,,,원천불명,표,근사,12
2026-05-17_유진투자증권_산업,2026-05-17,유진투자증권,demand_forecasts,137,legacy_p12_03b646159f,ESS,전체,BESS,유럽,유럽,글로벌,권역,침투율,2026,FY,18,,%,추정,시장전체,,유럽 EV+ESS 배터리 중 BESS 비중,,,원천불명,표,근사,12
2026-05-17_유진투자증권_산업,2026-05-17,유진투자증권,demand_forecasts,138,legacy_p12_03b646159f,ESS,전체,BESS,유럽,유럽,글로벌,권역,침투율,2027,FY,21,,%,추정,시장전체,,유럽 EV+ESS 배터리 중 BESS 비중,,,원천불명,표,근사,12
2026-05-17_유진투자증권_산업,2026-05-17,유진투자증권,demand_forecasts,139,legacy_p12_03b646159f,ESS,전체,BESS,유럽,유럽,글로벌,권역,침투율,2028,FY,24,,%,추정,시장전체,,유럽 EV+ESS 배터리 중 BESS 비중,,,원천불명,표,근사,12
2026-05-17_유진투자증권_산업,2026-05-17,유진투자증권,demand_forecasts,140,legacy_p12_03b646159f,ESS,전체,BESS,유럽,유럽,글로벌,권역,침투율,2029,FY,24,,%,추정,시장전체,,유럽 EV+ESS 배터리 중 BESS 비중,,,원천불명,표,근사,12
2026-05-17_유진투자증권_산업,2026-05-17,유진투자증권,demand_forecasts,141,legacy_p12_03b646159f,ESS,전체,BESS,유럽,유럽,글로벌,권역,침투율,2030,FY,25,,%,추정,시장전체,,유럽 EV+ESS 배터리 중 BESS 비중,,,원천불명,표,근사,12
2026-05-17_유진투자증권_산업,2026-05-17,유진투자증권,demand_forecasts,142,legacy_p17_42af48dec2,ESS,전체,BESS,한국,한국,글로벌,국가,수요량,2026,FY,3,,GWh,추정,시장전체,,국내 BESS 수요 전망,,,원천불명,표,근사,17
2026-05-17_유진투자증권_산업,2026-05-17,유진투자증권,demand_forecasts,143,legacy_p17_42af48dec2,ESS,전체,BESS,한국,한국,글로벌,국가,수요량,2027,FY,6,,GWh,추정,시장전체,,국내 BESS 수요 전망,,,원천불명,표,근사,17
2026-05-17_유진투자증권_산업,2026-05-17,유진투자증권,demand_forecasts,144,legacy_p17_42af48dec2,ESS,전체,BESS,한국,한국,글로벌,국가,수요량,2028,FY,10,,GWh,추정,시장전체,,국내 BESS 수요 전망,,,원천불명,표,근사,17
2026-05-17_유진투자증권_산업,2026-05-17,유진투자증권,demand_forecasts,145,legacy_p17_42af48dec2,ESS,전체,BESS,한국,한국,글로벌,국가,수요량,2029,FY,10,,GWh,추정,시장전체,,국내 BESS 수요 전망,,,원천불명,표,근사,17
2026-05-17_유진투자증권_산업,2026-05-17,유진투자증권,demand_forecasts,146,legacy_p17_42af48dec2,ESS,전체,BESS,한국,한국,글로벌,국가,수요량,2030,FY,10,,GWh,추정,시장전체,,국내 BESS 수요 전망,,,원천불명,표,근사,17
2026-05-17_유진투자증권_산업,2026-05-17,유진투자증권,demand_forecasts,147,legacy_p17_d631a82aeb,EV,전체,,한국,한국,글로벌,국가,수요량,2026,FY,17,,GWh,추정,시장전체,,국내 전기차용 배터리 수요 전망,,,원천불명,표,근사,17
2026-05-17_유진투자증권_산업,2026-05-17,유진투자증권,demand_forecasts,148,legacy_p17_d631a82aeb,EV,전체,,한국,한국,글로벌,국가,수요량,2027,FY,21,,GWh,추정,시장전체,,국내 전기차용 배터리 수요 전망,,,원천불명,표,근사,17
2026-05-17_유진투자증권_산업,2026-05-17,유진투자증권,demand_forecasts,149,legacy_p17_d631a82aeb,EV,전체,,한국,한국,글로벌,국가,수요량,2028,FY,26,,GWh,추정,시장전체,,국내 전기차용 배터리 수요 전망,,,원천불명,표,근사,17
2026-05-17_유진투자증권_산업,2026-05-17,유진투자증권,demand_forecasts,150,legacy_p17_d631a82aeb,EV,전체,,한국,한국,글로벌,국가,수요량,2029,FY,31,,GWh,추정,시장전체,,국내 전기차용 배터리 수요 전망,,,원천불명,표,근사,17
2026-05-17_유진투자증권_산업,2026-05-17,유진투자증권,demand_forecasts,151,legacy_p17_d631a82aeb,EV,전체,,한국,한국,글로벌,국가,수요량,2030,FY,38,,GWh,추정,시장전체,,국내 전기차용 배터리 수요 전망,,,원천불명,표,근사,17
2026-05-17_유진투자증권_산업,2026-05-17,유진투자증권,demand_forecasts,154,legacy_p36_a47ba5f8ce,EV,전체,,글로벌,글로벌,,글로벌,수요량,2026,FY,4.6,,GWh,추정,시장전체,,"소듐이온 배터리, Passenger EV",,,원천불명,표,근사,36
2026-05-17_유진투자증권_산업,2026-05-17,유진투자증권,demand_forecasts,157,legacy_p36_04db05288c,ESS,전체,,글로벌,글로벌,,글로벌,수요량,2026,FY,4.5,,GWh,추정,시장전체,,"소듐이온 배터리, Stationary storage",,,원천불명,표,근사,36
2026-05-17_유진투자증권_산업,2026-05-17,유진투자증권,demand_forecasts,159,legacy_p36_bcf2debbb4,EV,전체,,글로벌,글로벌,,글로벌,수요량,2026,FY,2.2,,GWh,추정,시장전체,,"소듐이온 배터리, Two-and-Three Wheelers",,,원천불명,표,근사,36
2026-05-17_유진투자증권_산업,2026-05-17,유진투자증권,demand_forecasts,160,legacy_p26_310c944671,EV,전체,,글로벌,글로벌,,글로벌,침투율,2030,FY,3,,%,시나리오,시나리오,,"전고체 배터리 침투율(전체 배터리 캐파 대비, 낙관 시나리오 기준)",,,원천불명,표,근사,26
2026-05-17_유진투자증권_산업,2026-05-17,유진투자증권,demand_forecasts,161,legacy_p26_ec88196f29,EV,전체,,글로벌,글로벌,,글로벌,침투율,2035,FY,10,,%,시나리오,시나리오,,전고체 배터리 침투율(낙관 시나리오),,,원천불명,표,근사,26
2026-05-17_유진투자증권_산업,2026-05-17,유진투자증권,demand_forecasts,162,legacy_p26_1c4f76fdda,EV,전체,,글로벌,글로벌,,글로벌,침투율,2035,FY,7,,%,시나리오,시나리오,,전고체 배터리 침투율(보수 시나리오),,,원천불명,표,근사,26
2026-05-17_유진투자증권_산업,2026-05-17,유진투자증권,demand_forecasts,164,legacy_p45_a08f91dd3d,EV,전체,,유럽,유럽,글로벌,권역,판매대수,2026,FY,1110,,천대,추정,시장전체,,독일 전기차 판매,,,원천불명,표,근사,45
2026-05-17_유진투자증권_산업,2026-05-17,유진투자증권,demand_forecasts,165,legacy_p45_a08f91dd3d,EV,전체,,유럽,유럽,글로벌,권역,판매대수,2027,FY,1470,,천대,추정,시장전체,,독일 전기차 판매,,,원천불명,표,근사,45
2026-05-17_유진투자증권_산업,2026-05-17,유진투자증권,demand_forecasts,167,legacy_p46_bedeb6868e,EV,전체,,유럽,유럽,글로벌,권역,판매대수,2026,FY,510,,천대,추정,시장전체,,프랑스 전기차 판매,,,원천불명,표,근사,46
2026-05-17_유진투자증권_산업,2026-05-17,유진투자증권,demand_forecasts,168,legacy_p46_bedeb6868e,EV,전체,,유럽,유럽,글로벌,권역,판매대수,2027,FY,618,,천대,추정,시장전체,,프랑스 전기차 판매,,,원천불명,표,근사,46
2026-05-17_유진투자증권_산업,2026-05-17,유진투자증권,demand_forecasts,170,legacy_p47_57293b06b0,EV,전체,,유럽,유럽,글로벌,권역,판매대수,2026,FY,870,,천대,추정,시장전체,,영국 전기차 판매,,,원천불명,표,근사,47
2026-05-17_유진투자증권_산업,2026-05-17,유진투자증권,demand_forecasts,171,legacy_p47_57293b06b0,EV,전체,,유럽,유럽,글로벌,권역,판매대수,2027,FY,1098,,천대,추정,시장전체,,영국 전기차 판매,,,원천불명,표,근사,47
2026-05-17_유진투자증권_산업,2026-05-17,유진투자증권,demand_forecasts,173,legacy_p48_826ee196e2,EV,전체,,유럽,유럽,글로벌,권역,판매대수,2026,FY,247,,천대,추정,시장전체,,이탈리아 전기차 판매,,,원천불명,표,근사,48
2026-05-17_유진투자증권_산업,2026-05-17,유진투자증권,demand_forecasts,174,legacy_p48_826ee196e2,EV,전체,,유럽,유럽,글로벌,권역,판매대수,2027,FY,308,,천대,추정,시장전체,,이탈리아 전기차 판매,,,원천불명,표,근사,48
2026-05-17_유진투자증권_산업,2026-05-17,유진투자증권,demand_forecasts,176,legacy_p49_0259d46ba2,EV,전체,,유럽,유럽,글로벌,권역,판매대수,2026,FY,296,,천대,추정,시장전체,,스페인 전기차 판매,,,원천불명,표,근사,49
2026-05-17_유진투자증권_산업,2026-05-17,유진투자증권,demand_forecasts,177,legacy_p49_0259d46ba2,EV,전체,,유럽,유럽,글로벌,권역,판매대수,2027,FY,381,,천대,추정,시장전체,,스페인 전기차 판매,,,원천불명,표,근사,49
2026-06-08_하나증권_산업,2026-06-08,하나증권,demand_forecasts,1,legacy_p1_4d6834945b,EV,전체,,유럽,유럽,글로벌,권역,성장률,2026,FY,9,,%,추정,시장전체,,2026년3월 유럽 전기차 배터리 전체 출하량 YoY,,,원천불명,표,근사,1
2026-06-08_하나증권_산업,2026-06-08,하나증권,demand_forecasts,2,legacy_p1_0aaa68f0a4,EV,전체,,유럽,유럽,글로벌,권역,성장률,2026,FY,23,,%,추정,시장전체,,2026년4월 유럽 전기차 배터리 전체 출하량 YoY,,,원천불명,표,근사,1
2026-06-08_하나증권_산업,2026-06-08,하나증권,demand_forecasts,3,legacy_p2_133ce1c5bf,EV,전체,,북미,북미,글로벌,권역,판매대수,2026,FY,8.1,,만대,추정,시장전체,,"2026년5월 미국 BEV(YoY-20%,MoM+12%)",,,원천불명,표,근사,2
2026-06-08_하나증권_산업,2026-06-08,하나증권,demand_forecasts,4,legacy_p2_9d56c2d9d4,EV,전체,,북미,북미,글로벌,권역,판매대수,2026,FY,2.3,,만대,추정,시장전체,,"2026년5월 미국 PHEV(YoY-15%,MoM+34%)",,,원천불명,표,근사,2
2026-06-08_하나증권_산업,2026-06-08,하나증권,demand_forecasts,5,legacy_p2_8f574eb99e,EV,전체,,유럽,유럽,글로벌,권역,판매대수,2026,FY,6.0,,만대,추정,시장전체,,2026년5월 독일 BEV(YoY+39%),,,원천불명,표,근사,2
2026-06-08_하나증권_산업,2026-06-08,하나증권,demand_forecasts,6,legacy_p2_68f5947a3c,EV,전체,,유럽,유럽,글로벌,권역,판매대수,2026,FY,2.8,,만대,추정,시장전체,,2026년5월 독일 PHEV(YoY+11%),,,원천불명,표,근사,2
2026-06-08_하나증권_산업,2026-06-08,하나증권,demand_forecasts,7,legacy_p2_8a11fe4067,EV,전체,,유럽,유럽,글로벌,권역,판매대수,2026,FY,4.4,,만대,추정,시장전체,,"2026년5월 영국 BEV(YoY+34%,MoM+12%)",,,원천불명,표,근사,2
2026-06-08_하나증권_산업,2026-06-08,하나증권,demand_forecasts,8,legacy_p2_ab73c0bee6,EV,전체,,유럽,유럽,글로벌,권역,판매대수,2026,FY,2.2,,만대,추정,시장전체,,"2026년5월 영국 PHEV(YoY+24%,MoM+8%)",,,원천불명,표,근사,2
2026-06-08_하나증권_산업,2026-06-08,하나증권,demand_forecasts,9,legacy_p2_faf5270c4b,EV,전체,,유럽,유럽,글로벌,권역,판매대수,2026,FY,3.8,,만대,추정,시장전체,,"2026년5월 프랑스 BEV(YoY+95%,MoM+4%)",,,원천불명,표,근사,2
2026-06-08_하나증권_산업,2026-06-08,하나증권,demand_forecasts,10,legacy_p2_93810791ab,EV,전체,,유럽,유럽,글로벌,권역,판매대수,2026,FY,0.8,,만대,추정,시장전체,,"2026년5월 프랑스 PHEV(YoY-6%,MoM-8%)",,,원천불명,표,근사,2
2026-06-08_하나증권_산업,2026-06-08,하나증권,demand_forecasts,11,legacy_p9_5088559650,EV,전체,,글로벌,글로벌,,글로벌,판매대수,2026,FY,171.6,,만대,추정,시장전체,,2026년4월 글로벌 EV 판매량 합계(YoY+10%),,,원천불명,표,근사,9
2026-06-08_하나증권_산업,2026-06-08,하나증권,demand_forecasts,12,legacy_p9_e562f8bebd,EV,전체,,글로벌,글로벌,,글로벌,판매대수,2026,FY,125.7,,만대,추정,시장전체,,2026년4월 글로벌 BEV(YoY+20%),,,원천불명,표,근사,9
2026-06-08_하나증권_산업,2026-06-08,하나증권,demand_forecasts,13,legacy_p9_0d539c6846,EV,전체,,글로벌,글로벌,,글로벌,판매대수,2026,FY,45.9,,만대,추정,시장전체,,2026년4월 글로벌 PHEV(YoY-10%),,,원천불명,표,근사,9
2026-06-08_하나증권_산업,2026-06-08,하나증권,demand_forecasts,14,legacy_p9_27aca27f04,EV,전체,,북미,북미,글로벌,권역,판매대수,2026,FY,8.6,,만대,추정,시장전체,,2026년4월 미국 EV 합계(YoY-35%),,,원천불명,표,근사,9
2026-06-08_하나증권_산업,2026-06-08,하나증권,demand_forecasts,15,legacy_p9_e5b6ef30fc,EV,전체,,북미,북미,글로벌,권역,판매대수,2026,FY,7.5,,만대,추정,시장전체,,2026년4월 미국 BEV(YoY-26%),,,원천불명,표,근사,9
2026-06-08_하나증권_산업,2026-06-08,하나증권,demand_forecasts,16,legacy_p9_d0f1168dd5,EV,전체,,북미,북미,글로벌,권역,판매대수,2026,FY,1.1,,만대,추정,시장전체,,2026년4월 미국 PHEV(YoY-64%),,,원천불명,표,근사,9
2026-06-08_하나증권_산업,2026-06-08,하나증권,demand_forecasts,17,legacy_p9_e69c24d96a,EV,전체,,중국,중국,글로벌,국가,판매대수,2026,FY,98.9,,만대,추정,시장전체,,2026년4월 중국 EV 합계(YoY-1%),,,원천불명,표,근사,9
2026-06-08_하나증권_산업,2026-06-08,하나증권,demand_forecasts,18,legacy_p9_7232f473ff,EV,전체,,중국,중국,글로벌,국가,판매대수,2026,FY,71.2,,만대,추정,시장전체,,2026년4월 중국 BEV(YoY+11%),,,원천불명,표,근사,9
2026-06-08_하나증권_산업,2026-06-08,하나증권,demand_forecasts,19,legacy_p9_f1ea2620d9,EV,전체,,중국,중국,글로벌,국가,판매대수,2026,FY,27.7,,만대,추정,시장전체,,2026년4월 중국 PHEV(YoY-20%),,,원천불명,표,근사,9
2026-06-08_하나증권_산업,2026-06-08,하나증권,demand_forecasts,20,legacy_p9_e09b45cfc6,EV,전체,,유럽,유럽,글로벌,권역,판매대수,2026,FY,40.3,,만대,추정,시장전체,,2026년4월 유럽 EV 합계(YoY+27%),,,원천불명,표,근사,9
2026-06-08_하나증권_산업,2026-06-08,하나증권,demand_forecasts,21,legacy_p9_77791d6af0,EV,전체,,유럽,유럽,글로벌,권역,판매대수,2026,FY,27.8,,만대,추정,시장전체,,2026년4월 유럽 BEV(YoY+33%),,,원천불명,표,근사,9
2026-06-08_하나증권_산업,2026-06-08,하나증권,demand_forecasts,22,legacy_p9_5ef9722820,EV,전체,,유럽,유럽,글로벌,권역,판매대수,2026,FY,12.5,,만대,추정,시장전체,,2026년4월 유럽 PHEV(YoY+16%),,,원천불명,표,근사,9
2026-06-08_하나증권_산업,2026-06-08,하나증권,demand_forecasts,24,legacy_p10_8e82affe49,EV,전체,,북미,북미,글로벌,권역,침투율,2026,FY,6.9,,%,추정,시장전체,,미국 연간 누적 전기차 판매 점유율(M/S),,,원천불명,표,근사,10
2026-06-08_하나증권_산업,2026-06-08,하나증권,demand_forecasts,26,legacy_p10_b027ff095a,EV,전체,,중국,중국,글로벌,국가,침투율,2026,FY,43.7,,%,추정,시장전체,,중국 연간 누적 전기차 판매 점유율(M/S),,,원천불명,표,근사,10
2026-06-08_하나증권_산업,2026-06-08,하나증권,demand_forecasts,28,legacy_p10_d404cd3e60,EV,전체,,유럽,유럽,글로벌,권역,침투율,2026,FY,36.0,,%,추정,시장전체,,영국 연간 누적 전기차 판매 점유율(M/S),,,원천불명,표,근사,10
2026-06-08_하나증권_산업,2026-06-08,하나증권,demand_forecasts,30,legacy_p10_3472d28259,EV,전체,,유럽,유럽,글로벌,권역,침투율,2026,FY,34.5,,%,추정,시장전체,,독일 연간 누적 전기차 판매 점유율(M/S),,,원천불명,표,근사,10
2026-06-08_하나증권_산업,2026-06-08,하나증권,demand_forecasts,32,legacy_p10_1eaf7f906b,EV,전체,,유럽,유럽,글로벌,권역,침투율,2026,FY,33.0,,%,추정,시장전체,,프랑스 연간 누적 전기차 판매 점유율(M/S),,,원천불명,표,근사,10
2026-06-08_하나증권_산업,2026-06-08,하나증권,demand_forecasts,34,legacy_p10_4c2388c671,EV,전체,,유럽,유럽,글로벌,권역,침투율,2026,FY,63.3,,%,추정,시장전체,,스웨덴 연간 누적 전기차 판매 점유율(M/S),,,원천불명,표,근사,10
2026-06-08_하나증권_산업,2026-06-08,하나증권,demand_forecasts,36,legacy_p10_af63f323e3,EV,전체,,유럽,유럽,글로벌,권역,침투율,2026,FY,98.6,,%,추정,시장전체,,노르웨이 연간 누적 전기차 판매 점유율(M/S),,,원천불명,표,근사,10
