report_id,date,house,company,issue,stance_score,summary,source_page
2023-05-23_SK증권_산업,2023-05-23,SK증권,LGES,LFP,3,"실리콘음극재·하이망간양극재·전고체 등 여러 신기술을 강조하지만 가장 중요한 건 LFP이며, 개발 완료 시 중국 업체 점유율을 가져올 핵심 제품군으로 고객사향 LFP 준비 동향을 주목한다.",69
2023-05-23_SK증권_산업,2023-05-23,SK증권,SK온,LFP,5,"LFP 배터리 시제품을 공개했으며 NCM에서는 경쟁사 대비 안정성·경험·수율에서 뒤처지지만, LFP는 국내 업체 모두 초행길로 2035년 국내 1위 배터리 기업이 되기 위한 답안이라고 판단한다.",133
2023-05-23_SK증권_산업,2023-05-23,SK증권,삼성SDI,LFP,3,국내 경쟁사처럼 LFP 제품 개발에 매진 중이며 양산화 성공 시 향후 중국 점유율을 가져올 수 있는 요인으로 적극적인 시장 공략이 요구된다.,81
2023-05-23_SK증권_산업,2023-05-23,SK증권,LGES,AMPC,6,"기대보다 전기차용 배터리 수요가 빠르게 늘며 AMPC 반영 시점이 앞당겨졌고, 국내 1위 생산능력을 기반으로 더 큰 AMPC 수혜가 예상돼 수익성 향상 효과가 극대화될 것으로 본다.",68
2023-05-23_SK증권_산업,2023-05-23,SK증권,삼성SDI,AMPC,-4,"국내 두 경쟁사와 달리 아직 AMPC에 따른 이익 증분이 없으며 2025년부터 AMPC 실적 기여가 시작될 전망으로, 전기차 모멘텀과 AMPC 효과에 대한 기대치가 상대적으로 낮게 반영돼 있다.",85
2023-05-23_SK증권_산업,2023-05-23,SK증권,SK온,AMPC,7,"AMPC를 포함한 영업이익은 24년 1.6조원(흑자전환), 25년 3.9조원으로 급증할 전망이며, AMPC 효과 극대화가 국내 3사 중 가장 가파른 실적 성장의 핵심 투자포인트다.",132
2023-05-23_SK증권_산업,2023-05-23,SK증권,삼성SDI,ESS,6,"국내 ESS 1위 사업자로 매출이 20년 1.3조원→22년 2.1조원→23년 2.8조원(+30%)으로 경쟁사를 압도하고 있으며, 서구권에서 ESS 성장이 본격화되면 수혜 효과가 가장 클 기업으로 판단한다.",81
2023-05-23_SK증권_산업,2023-05-23,SK증권,LGES,ESS,3,"현재 증설 계획으로는 2025년 기준 전사 Capa 내 ESS 비중이 5%에도 못 미쳐, ESS 시장이 개화될 경우 배터리 쇼티지가 심화될 수 있는, 아직 전망치와 주가에 반영되지 않은 성장동력으로 판단한다.",69
2023-05-23_SK증권_산업,2023-05-23,SK증권,LGES,북미투자,6,"GM(얼티엄셀즈)·혼다·스텔란티스·현대차 등과의 JV를 통해 북미에 대규모 장기공급계약형 캐파를 국내 3사 중 가장 공격적으로 확보했으며, 향후 일본 자동차 업체향 수주 확대도 기대한다.",35
2023-05-23_SK증권_산업,2023-05-23,SK증권,삼성SDI,북미투자,-4,"국내 3사 중 유일하게 전기차 배터리 수주 경쟁에서 보수적인 행보를 보여 단기 성장률이 낮아졌고 AMPC 반영 시점도 경쟁사 대비 뒤로 밀렸으나, 신규 고객사와의 계약이 확정될 경우 2025년부터 성장률이 가장 높아질 잠재력이 있다.",81
2023-05-23_SK증권_산업,2023-05-23,SK증권,LGES,밸류에이션,-4,"목표주가는 25년 EPS에 글로벌 Peer 평균 PER 33배를 적용해 산출했으나 현 주가는 23F PER 75배로 절대적/상대적 고평가 구간이며, 전례 없는 업황을 고려해 중장기 실적 기준으로 밸류에이션 부담을 완화해 접근한다.",70
2023-05-23_SK증권_산업,2023-05-23,SK증권,코스모신소재,밸류에이션,-5,"목표주가는 23E PER 255배 수준으로 절대적 밸류에이션 부담이 매우 크지만, 고정비 규모가 작은 후발주자의 가파른 실적 레버리지 효과가 이를 상쇄할 수 있다고 본다.",102
2023-05-23_SK증권_산업,2023-05-23,SK증권,산업전체,수급밸런스,8,"ESS 수요를 반영한 배터리 수급모델상 국내 3사 공급이 2026년부터 EV+ESS 수요를 따라가지 못해 쇼티지가 심화되며(2030년 -1,068GWh, 2035년 -2,567GWh), 공급자 우위가 장기간 지속될 것으로 전망한다.",60
2023-05-23_SK증권_산업,2023-05-23,SK증권,SKC,동박 수익성,4,"1H23 국내 산업용 전력비 인상에 따른 동박 수익성 저하가 지속되나, 3Q23 말레이시아 공장 램프업(국내 대비 4배 이상 높은 OPM 가능)을 계기로 하반기부터 본격적인 실적 개선이 전망된다.",126
2023-05-23_SK증권_산업,2023-05-23,SK증권,코스모신소재,증설투자여력,5,"양극재 Capa를 현재 2만톤에서 26년 10만톤, 중장기 15~20만톤까지 확대할 계획이며, 국내 배터리 3사 모두를 고객사로 확보 중으로 고정비 규모가 작은 회사가 경험할 가장 가파른 실적 레버리지가 기대된다.",102
2023-07-06_대신증권_산업,2023-07-06,대신증권,LGES,북미 EV 배터리 대장주 지위,7,"GM/Ford/Stellantis/현대기아 등과의 다수 JV로 북미 캐파 비중이 22년 8%에서 26년 48%까지 확대되며 북미 EV 배터리 대장주 지위 공고, 목표주가 75만원 유지(Upside 31.8%).",52
2023-07-06_대신증권_산업,2023-07-06,대신증권,LGES,2Q23 실적 눈높이 하향,-2,"유럽 고객사(VW 등) 수요 둔화로 2Q23 영업이익 컨센서스 대비 -6% 하회 전망, 다만 3Q23 유럽향 수요 회복과 북미 판매량 증가로 이연 수요 반영 기대.",52
2023-07-06_대신증권_산업,2023-07-06,대신증권,삼성SDI,북미 사업가치 재평가(Rerating) 필요,6,"국내 경쟁사 대비 상대적으로 뒤처졌던 북미 진출이 STL/GM JV로 가속화되며 25년부터 AMPC 세액공제 실적 반영 예정, 국내 경쟁사(60배) 대비 밸류에이션 매력(23년 PER 25배)도 보유해 매수 접근 필요.",60
2023-07-06_대신증권_산업,2023-07-06,대신증권,삼성SDI,CTP 개발 상대적 지연,-3,"LGES/SKOn 대비 CTP 개발이 늦어 25년까지 CTP 개발, 26년부터 CTC(셀투섀시) 개발을 목표로 설정한 단계.",11
2023-07-06_대신증권_산업,2023-07-06,대신증권,LGES,CTP 상용화 로드맵,5,"22년 9월 셀 블록에 파우치 셀을 꽂는 형식의 CTP 배터리 팩 개발을 언급했고 25~26년 파우치 기반 CTP 상용화 시점으로 제시, TP(Thermal Propagation) 솔루션으로 연기~화염 전이 최대 79분 지연 기술도 확보.",9
2023-07-06_대신증권_산업,2023-07-06,대신증권,SK온,S-PACK 부분적 CTP 1차 개발,3,"22년초 부분적 CTP 기술을 적용한 'S-PACK'을 1차 개발, 모듈 수를 기존 10개에서 4개로 줄여 셀 탑재량을 높였으나 구체적 양산 시점은 미정.",11
2023-07-06_대신증권_산업,2023-07-06,대신증권,SK온,LFP 배터리 개발 착수,2,LFP 배터리 시제품 개발 및 양산을 계획 중인 초기 단계로 국내 3사 중 가장 후발주자.,21
2023-09-12_IBK투자증권_산업,2023-09-12,IBK투자증권,LGES,북미 CAPA/AMPC 수혜 및 유럽·북미 셀 점유율,7,"국내 셀 3사 중 배터리 CAPA를 가장 공격적으로 증설 중이며 GM·Honda·현대차 JV로 안정적 수주잔고(2H22 385조원→1H23 440조원) 확보, 유럽·중국제외 글로벌 점유율 1위(1H23 유럽 39.3%), IRA AMPC 최대 수혜(3년(23~25F)간 연결기준 5.6조원)로 Top Pick 제시(목표주가 750,000원 유지).",84
2023-09-12_IBK투자증권_산업,2023-09-12,IBK투자증권,삼성SDI,프리미엄 배터리(P5·46파이) 중심 수익성 개선,4,"유럽 OEM향 P5 매출 비중이 2Q23 40%에서 연말 50% 이상으로 증가하며 수익성 개선 지속 전망, 46파이(P6) 배터리는 26년 GM향 양산 준비 중. 다만 1H23 유럽 배터리 출하량이 YoY -9.3%로 역성장하는 등 LGES·CATL 대비 상대적으로 낮은 성장률(목표주가 900,000원 유지).",90
2023-09-12_IBK투자증권_산업,2023-09-12,IBK투자증권,SK온,Hyundai-Kia 의존도 하락 및 물량 대체,-6,"북미·유럽 모두 메인 고객사인 Hyundai-Kia향 출하 비중이 하락(유럽 76%→57%, 북미 84%→50%)했으며 월 평균 5,000대 판매되는 Niro(BEV) 모델의 배터리가 CATL로 대체됨. 글로벌(중국제외) 성장률도 YoY+18.4%로 LGES(+59.3%)·CATL(+110.1%) 대비 부진.",19
2023-09-12_IBK투자증권_산업,2023-09-12,IBK투자증권,포스코퓨처엠,그룹 수직계열화를 통한 리튬·니켈 내재화,6,"양극재 리튬 내재화율이 2024년 71%에서 2030년 91%까지 상승할 전망이며 리튬(30년 42.3만톤)·니켈(30년 24만톤)을 포스코 그룹 계열사를 통해 공급받아 원가 경쟁력을 확보, LGES향 노출도가 커 Top Pick(목표주가 470,000원으로 상향).",94
2023-09-12_IBK투자증권_산업,2023-09-12,IBK투자증권,에코프로비엠,투자의견 상향에도 목표주가는 하향,1,"양극재 밸류체인 수직계열화(리튬가공-전구체-양극재-재활용)로 수익성 개선이 기대되어 투자의견은 Trading Buy로 상향했으나, ASP의 메탈 가격 하락 연동에 따른 수익성 둔화로 목표주가는 335,000원에서 300,000원으로 하향.",100
2023-09-12_IBK투자증권_산업,2023-09-12,IBK투자증권,엘앤에프,출하량 부진 및 재고평가손실 우려,-4,"Tesla EV 공장 업그레이드로 3분기 생산량이 일시적으로 둔화되며 1H23 양극재 출하량이 기대치를 하회, 재고자산이 4Q22 1.2조원에서 2Q23 1.6조원으로 증가한 가운데 메탈 가격 하락분의 부정적 재고 영향으로 23년 실적은 예상보다 부진할 전망(영업이익 YoY -63.5%).",104
2023-11-21_유진투자증권_산업,2023-11-21,유진투자증권,LGES,LFP/LMFP 기술 경쟁력,5,"LFP·LMFP·실리콘 음극재 기술개발을 완료했고, 하이니켈 NCMA 프리미엄과 Mid-Ni/LFP/LMFP 중저가 제품 투트랙 전략으로 시장 전 영역을 공략할 계획이다.",69
2023-11-21_유진투자증권_산업,2023-11-21,유진투자증권,SK온,LFP/LMFP 기술 경쟁력,4,"LFP 기술개발을 완료했으나 원재료 외부조달 구조로 LGES 대비 원가 경쟁력은 다소 열위이며, BASF·Mn계(하이망간, LMFP) 양극재 개발을 추진 중이다.",15
2023-11-21_유진투자증권_산업,2023-11-21,유진투자증권,SK온,실적 턴어라운드/흑자전환,7,"2024년 매출액 19.9조원(+52%yoy), 영업이익 1.2조원으로 흑자 전환 전망. 헝가리·중국 증설 완료 및 수율 안정화, 포드 F-150 물량 증가로 연간 배터리 생산량 106GWh(가동률 70%) 달성 가정.",63
2023-11-21_유진투자증권_산업,2023-11-21,유진투자증권,SK온,팩 구조(CTP) 개발 및 원가경쟁력,5,"초장폭 셀(1,000mm), 3세대 Z스태킹, 실리콘 음극재를 활용해 배터리 안정성과 경제성을 모두 확보하고 CTP 개발을 가속화하는 등 후발주자에서 선발주자로 도약을 시도한다.",23
2023-11-21_유진투자증권_산업,2023-11-21,유진투자증권,LGES,프리미엄/중저가 투트랙 전략,6,"High-Ni NCMA로 프리미엄 시장(에너지밀도 강화), 고전압 Mid-Ni NCM·Mn-Rich·LFP/LMFP로 중저가 시장을 동시에 공략하며 46-Series 원통형 생산을 애리조나에 추가 배정하는 등 공급망을 확장한다.",69
2024-02-26_IBK투자증권_산업,2024-02-26,IBK투자증권,LGES,북미 배터리 CAPA 레퍼런스 및 확장성,8,"Top10 OEM 중 9개(JV 4개 포함) 기업과 안정적 레퍼런스를 보유하고 북미 최대 배터리 CAPA(284GWh)를 확보, 북미 물량 증가율이 가장 높을 것으로 전망되어 Top Pick으로 제시",4
2024-02-26_IBK투자증권_산업,2024-02-26,IBK투자증권,LGES,AMPC,6,"IRA AMPC로 인한 수혜는 연결 기준 24년 1.7조원, 25년 3.6조원, 26년 5.2조원으로 3년 누적 10.6조원의 혜택이 기대됨",82
2024-02-26_IBK투자증권_산업,2024-02-26,IBK투자증권,LGES,단기 실적 저점 통과,-2,유럽 폴란드 공장 가동률 축소와 북미 주요 고객사 재고 축적으로 1Q24는 부진한 실적이 예상되나 하반기 이후 GM JV 2공장 가동 등으로 회복 전망,82
2024-02-26_IBK투자증권_산업,2024-02-26,IBK투자증권,삼성SDI,IRA AMPC 연내 반영 및 CAPA 증설,6,"다양한 배터리 포트폴리오(P5/P6 중심)와 공격적 CAPEX(24년 6.4조원)로 중대형 전지 중심 성장, Stellantis JV 1공장 2H24 조기 가동 및 북미 시장 본격 진출 전망",87
2024-02-26_IBK투자증권_산업,2024-02-26,IBK투자증권,삼성SDI,고부가 제품 믹스 개선,5,"고부가 제품(P5,P6) 비중이 24년 50%에서 55%로 증가하며 믹스 개선에 따른 수익성 개선 흐름이 지속될 것으로 기대, 섹터 내 가장 저평가된 기업으로 평가",87
2024-10-21_상상인증권_산업,2024-10-21,상상인증권,삼성SDI,유럽 EV 보조금 재개 및 신규 라인업 효과,4,"BMW EV 신차 라인업, Stellantis 북미 합작 1공장 가동, Audi(VW) 독일 보조금 재개 효과로 2025년 매출 기준 +23% 내외 성장 가능하나 완성차 이익체력 우려와 상쇄될 소지.",64
2024-10-21_상상인증권_산업,2024-10-21,상상인증권,삼성SDI,ESS 사업 성장세,5,3Q24 ESS 사업은 전분기 대비 +20% 내외 성장했고 2025년에도 +15%YoY 이상 성장을 전망.,61
2024-10-21_상상인증권_산업,2024-10-21,상상인증권,삼성SDI,3Q24 실적 컨센서스 하회,-4,"주 고객사 영업이익 가이던스 하향 조정 국면에서 3Q24 매출 4.1조원(-32.1%YoY), 영업이익 1,441억원(-70.9%YoY)으로 컨센서스를 하회할 것으로 예상.",61
2024-10-21_상상인증권_산업,2024-10-21,상상인증권,삼성SDI,이익 회복속도 대비 P·원가 점검 필요,-2,"시장에서 기대하는 2025년 이익 회복속도는 매출성장률을 크게 상회하는 수준으로, P 회복 및 원가요인에 대한 점검이 필요.",23
2025-02-03_흥국증권_산업,2025-02-03,흥국증권,LGES,북미증설,6,2025년 글로벌 CAPA를 270GWh→320GWh로 최대 50GWh 확대하며 미시간·Honda JV·Stellantis JV 등 북미 증설 사이클을 본격화,6
2025-02-03_흥국증권_산업,2025-02-03,흥국증권,LGES,가동률,5,생산 효율화 가정 시 가동률을 53%→63%로 제고하여 하반기 BEP 달성 전제조건을 충족할 것으로 판단,7
2025-02-03_흥국증권_산업,2025-02-03,흥국증권,LGES,고객사재고조정,-4,GM/Tesla 재고조정 이슈가 상반기까지 지속되며 판매 모멘텀에 부담을 줄 것으로 전망,8
2025-02-03_흥국증권_산업,2025-02-03,흥국증권,LGES,46파이,5,오창 4680 라인 준공 및 Tesla Model Q向 공급 가능성이 부각되며 원통형 신규 수주 확대가 기대됨,20
2025-02-03_흥국증권_산업,2025-02-03,흥국증권,LGES,밸류에이션,7,"목표주가 490,000원(BUY 유지)으로 상승여력 39.2%를 제시하고, 2025년 배터리 판매량 YoY+13.8% 정상화를 근거로 제시",24
2025-02-03_흥국증권_산업,2025-02-03,흥국증권,삼성SDI,46파이,4,"1Q25 M-Mobility향 4680 배터리 양산을 개시하며 Rivian向 매출 공백을 일부 복구할 전망이며, BMW向 EV 고객사 확보가 본격 양산의 관건",17
2025-02-03_흥국증권_산업,2025-02-03,흥국증권,삼성SDI,StellantisJV,5,Stellantis JV(33GWh) Ramp-up이 지속되며 중대형 전지 수급이 점진적으로 안정화되는 점이 고무적,30
2025-02-03_흥국증권_산업,2025-02-03,흥국증권,삼성SDI,판매량,-2,2025년 배터리 판매량은 YoY -1.2%로 전년 수준에 그칠 전망이며 상반기 저점 통과 후 하반기 반등을 기대,10
2025-02-03_흥국증권_산업,2025-02-03,흥국증권,삼성SDI,ESS,5,AI 데이터센터향 전력 수요 증가로 ESS가 40%대 성장을 지속할 전망이며 CAPA 20% 증설을 검토,10
2025-02-03_흥국증권_산업,2025-02-03,흥국증권,삼성SDI,목표주가하향,-3,"목표주가를 300,000원으로 하향 제시(BUY 유지, 상승여력 35.1%)하며 신중한 정상화 시나리오를 반영",30
2025-03-21_삼성증권_산업,2025-03-21,삼성증권,LGES,46시리즈 배터리 양산 및 Tesla 공급,6,"46시리즈 양산 본격화(2026년 국내 9GWh+미국 36GWh)로 전기차 외 신규시장(건설장비 등) 개척 전망, Tesla 차세대 Optimus향 4680 배터리 공급 유력 후보로 부각.",33
2025-03-21_삼성증권_산업,2025-03-21,삼성증권,LGES,휴머노이드 로봇 배터리 공급 사례,5,"베어로보틱스에 2170 원통형 배터리 단독 공급 계약 및 기술협력 MOU 체결, 물류 자율주행로봇까지 시장 확장 중.",33
2025-03-21_삼성증권_산업,2025-03-21,삼성증권,LGES,미국/유럽 수요 불확실성 및 관세·IRA 리스크,-6,"트럼프 정부 관세 정책과 IRA 정책 수정 불확실성으로 밸류에이션 프리미엄을 경쟁사 대비 80%→40%로 하향, 목표주가 7% 하향(41만원→38만원), 불확실성 해소 전까지 HOLD 유지.",34
2025-03-21_삼성증권_산업,2025-03-21,삼성증권,LGES,1분기 실적 컨센서스 상회,3,"1Q25 영업이익 954억원으로 컨센서스(404억원) 대비 136% 상회 전망이나 원/달러 환율 상승 효과가 주효했을 뿐 판매량 회복은 제한적, 3분기 이후 미국 판매량 2개 분기 연속 감소 전망.",34
2025-03-21_삼성증권_산업,2025-03-21,삼성증권,삼성SDI,현대차그룹과 로봇 전용 배터리 공동개발 MOU,7,"올해 2월 현대차/기아와 고성능 로봇 전용 배터리 공동개발 MOU 체결, Boston Dynamics향 배터리 탑재 가능성 및 국내 배터리 셀 업체 중 가장 이른 2027년 전고체 양산 목표와 연관.",30
2025-03-21_삼성증권_산업,2025-03-21,삼성증권,삼성SDI,2분기 고객사 수요 회복 기대,4,"1분기 실적은 시장 예상 하회(영업적자 3,474억원)하나 2분기 고객사 주문 회복으로 중대형 전지 30% 매출 성장 및 흑자전환 기대.",42
2025-03-21_삼성증권_산업,2025-03-21,삼성증권,삼성SDI,글로벌 OEM 각형 수요 확대 및 노스볼트 파산 반사수혜,5,"국내 Peer 업체와 달리 2025년 5조원 저점 이후 2027년까지 지속 Capex 확대 계획, 노스볼트 파산으로 각형 배터리 물량 요구 증가 및 유럽 완성차 수요 확보 기대.",42
2025-03-21_삼성증권_산업,2025-03-21,삼성증권,삼성SDI,유상증자 이후 밸류에이션 매력,4,"2조원 유상증자 공시로 주가 6.2% 조정되었으나 이는 과도하게 반영된 측면, P/B 0.7배로 Peer 대비 저평가 영역이라 판단해 목표주가 6% 하향(32만원→30만원)에도 BUY 유지.",42
2025-04-02_유안타증권_산업,2025-04-02,유안타증권,LGES,46파이,7,"국내 3사 중 46시리즈 대량양산이 가장 빠를 것으로 기대. 벤츠·리비안 수주 계약 완료, 46시리즈 주요 고객사 계약을 앞두고 있어 Top Pick으로 유지.",45
2025-04-02_유안타증권_산업,2025-04-02,유안타증권,LGES,전고체,3,"고분자계·황화물계 Two Track 전략으로 고분자 2026년, 황화물계 2030년 900Wh/L 이상 상용화 목표. UCSD와 공동으로 상온 구동 가능한 장수명 전고체전지 개발 중.",41
2025-04-02_유안타증권_산업,2025-04-02,유안타증권,삼성SDI,전고체,4,"수원 영통 연구소에 P/파일럿 라인 구축, 2023년 7월부터 샘플 생산. 황화물계/리튬금속 무음극 방식을 채택했고 3사 중 가장 이른 2027년 상용화를 목표로 제시.",41
2025-04-02_유안타증권_산업,2025-04-02,유안타증권,SK온,전고체,4,"Solid Power와 2026년부터 황화물계 전고체전지 생산 협력, 2028년 상용화 목표. 음극에 실리콘을 적용해 930Wh/L 이상 에너지밀도 구현 계획.",41
2025-05-16_하나증권_산업,2025-05-16,하나증권,LGES,현실적 침투가능수요 하향 반영 Valuation,-3,"미국 배터리 전체 수요를 2030년 416GWh로 산정하되 LFP·중국 우회 침투를 고려한 한국 침투가능수요는 326GWh로 추가 할인, 목표주가 336,000원에 투자의견 중립 유지.",32
2025-05-16_하나증권_산업,2025-05-16,하나증권,LGES,CAPA 계획 하향,-4,"2022~23년 제시했던 2025년 500GWh 목표 대비 실제 2025년 CAPA는 340GWh(가동률 60% 미만)에 불과, 2030년 전후 적정 CAPA를 400GWh 수준으로 재산정.",15
2025-05-16_하나증권_산업,2025-05-16,하나증권,LGES,로봇 등 신시장을 통한 De-rating 방어,3,"2030년 예상 실적 및 Target P/E 20배 적용에 기초하되, 로봇·드론 등 신규 시장 성장성이 배터리의 급격한 De-rating을 막아줄 것으로 판단.",32
2025-05-16_하나증권_산업,2025-05-16,하나증권,삼성SDI,신규 고객사 확보 전까지 모멘텀 부재,-5,"최근 유럽 시장 내 점유율 하락을 반영해 목표주가를 195,000원으로 하향, 기존 고객사향 배터리 출하 감소 속 모멘텀 부재로 투자의견 중립 유지.",36
2025-05-16_하나증권_산업,2025-05-16,하나증권,삼성SDI,장기 P/B 정상화에 따른 하방 제한,2,"목표 시가총액이 2030년 예상 자본총계 대비 0.7배 수준에 불과해 P/B 부담이 크지 않으며, 신규 고객사 확보 시그널 확인 시 상승 여력이 크다고 판단.",28
2025-06-10_SK증권_산업,2025-06-10,SK증권,LGES,증설/생산능력 계획,-5,가장 큰 생산캐파를 보유했다는 것은 미래의 대규모 비용 부담을 의미. 2025년 캐파 계획을 468→340GWh로 하향 조정했음에도 공급과잉 규모는 24년 185GWh에서 25년 194GWh로 확대.,8
2025-06-10_SK증권_산업,2025-06-10,SK증권,LGES,고객 구조,2,GM 25%·테슬라 20% 매출 비중. 대규모 수요를 약속한 GM은 계약 불확실성이 확대되는 반면 테슬라향 매출 보유가 상대적 차별화 포인트가 될 수 있는지가 관건.,9
2025-06-10_SK증권_산업,2025-06-10,SK증권,삼성SDI,재무 안정성,6,차입금의존도(29%)·부채비율 등이 LGES·SK온 대비 상대적으로 양호해 불황기 재무 차별화 포인트로 평가.,23
2025-06-10_SK증권_산업,2025-06-10,SK증권,삼성SDI,고객 구조/경쟁 심화,-4,"BMW 35% 집중된 고객구조 속에 BMW 내 CATL·LGES 진입으로 경쟁 심화, 리비안 내 LFP 채용 확대로 점유율 하락 우려, 스텔란티스는 출하량 불확실.",12
2025-06-10_SK증권_산업,2025-06-10,SK증권,SK온,재무 구조,-8,"차입금의존도 43%(3사 중 최고), 단기차입비중 38%로 신용 부담 존재. 업황보다 재무 안정성이 더 중요한 상황이며 순차입금 30.9조원으로 3사 중 최대.",15
2025-06-10_SK증권_산업,2025-06-10,SK증권,SK온,고객/수요 불확실성,-6,"핵심 고객 포드의 수요 부진이 지속되고 있으며, 북미 고객사(포드 등)의 전략 변화로 미래 캐파 가용 방안이 불투명. 장기공급계약 보상 여부가 핵심 변수.",14
2025-07-25_iM증권_산업,2025-07-25,iM증권,LGES,미국 ESS 시장 점유율 확대 시나리오,8,"미시간 ESS 전용 LFP 공장(16.5GWh)을 지난 6월부터 본격 가동하며 북미 ESS 점유율이 2024년 5%에서 2028년 33%까지 확대될 것으로 가정, ESS 영업이익도 2024년 -800억원에서 2028년 1조2,600억원 규모로 시나리오 상 크게 상향된다.",16
2025-07-25_iM증권_산업,2025-07-25,iM증권,삼성SDI,미국 ESS 시장 점유율 확대 시나리오,8,"올해 말 ESS용 삼원계 생산 개시, 내년 하반기 LFP 라인 증설 계획을 바탕으로 북미 ESS 점유율이 2024년 6%에서 2028년 22%까지 확대될 것으로 가정, ESS 영업이익도 2024년 1,170억원에서 2028년 8,580억원 규모로 상향된다.",16
2025-07-25_iM증권_산업,2025-07-25,iM증권,SK온,미국 ESS 시장 진입 지연,-3,ESS 시장 진입이 지연되어 미국 ESS 시장 국내 업체 점유율 확대 시나리오 분석 대상에서 제외되었다.,14
2025-10-23_삼성증권_산업,2025-10-23,삼성증권,LGES,3Q25 잠정 실적 - 원통형 수요 서프라이즈,6,"영업이익 6,013억원(+22%QoQ)으로 컨센서스 17% 상회, 예상보다 강했던 원통형 제품 수요와 일회성 이익 인식으로 3개 분기 연속 서프라이즈 기록",22
2025-10-23_삼성증권_산업,2025-10-23,삼성증권,LGES,미국 ESS/원통형 차별화 실적 지속력,7,"미국 ESS용 LFP 배터리 생산 확대와 중국/유럽 선도 전기차업체향 파생 모델 신차 효과로 국내 경쟁사 대비 차별적 실적이 1H26까지 지속될 전망, 목표주가 44만원 BUY 유지",23
2025-10-23_삼성증권_산업,2025-10-23,삼성증권,LGES,미국 전기차 세액공제 폐지 영향,-3,3Q25 미국 판매(-31%QoQ) 및 외 수출(-5%QoQ) 부진에도 고객사 약속 물량 미납에 따른 보상금 수령으로 매출 및 이익 인식은 당사 예상치를 상회,22
2025-10-23_삼성증권_산업,2025-10-23,삼성증권,삼성SDI,"3Q25 프리뷰, 4Q 라인 전환·ESS 가동 기대",-2,"3분기 영업이익은 적자 3,256억원으로 시장 예상치 소폭 하회 전망이나, 4분기 북미 SPE 합작공장 첫번째 라인의 유럽향 대응 전환과 ESS 양산 가동 개선에 따른 전지 부문 적자 폭 축소 기대",28
2025-10-23_삼성증권_산업,2025-10-23,삼성증권,삼성SDI,유럽 고객사향 보상금 반영,-4,"중대형 EV 배터리 부문에서 유럽 고객사로부터 수요 부진에 따른 보상금(약 1,000억원 추정) 반영으로 3분기 적자 폭이 확대되나 이는 일회성 요인으로 실제 수익성 변화는 제한적",28
2025-10-23_삼성증권_산업,2025-10-23,삼성증권,삼성SDI,"2026년 실적 전망 하향, 목표주가 소폭 상향",3,"Peer 그룹 EV/EBITDA 배수 상승(11배→12.7배)을 반영해 목표주가를 4% 상향한 25만원으로 제시, 4분기 북미 SPE 라인의 유럽향 대응 전환과 ESS 가동에 따른 손익 개선이 주가에 긍정적으로 반영될 것으로 판단하여 BUY 유지",28
2025-10-23_삼성증권_산업,2025-10-23,삼성증권,LGES,OEM보상금,5,고객사 약속 물량 미납에 따른 보상금 수령으로 미국·수출 판매 부진에도 매출 및 이익이 당사 예상치를 상회한 점을 긍정적으로 평가.,22
2025-10-23_삼성증권_산업,2025-10-23,삼성증권,삼성SDI,OEM보상금,-3,"유럽 고객사 수요 부진에 따른 보상금(약 1,000억원 추정) 반영으로 3분기 적자 폭이 확대되나, 일회성 요인으로 실제 수익성 변화는 제한적이라고 판단.",28
2025-11-19_다올투자증권_산업,2025-11-19,다올투자증권,LGES,ESS 모멘텀 개화,8,"2026년 ESS용 배터리 매출액은 약 7조원(YoY +173%)으로 급증하며 4Q25를 기점으로 분기 매출액이 1조원을 돌파할 전망. 미시건 홀랜드 및 폴란드 랜싱 공장의 ESS 전환으로 2026년말 미국 기준 ESS 공급능력이 50GWh에 육박, 최초 진입 프리미엄 지속.",30
2025-11-19_다올투자증권_산업,2025-11-19,다올투자증권,삼성SDI,ESS향 방향성 전환,6,2026년 ESS 매출액은 약 4조원(YoY +29.8%)으로 전망되며 4Q25를 기점으로 ESS+BBU 합산 매출이 EV용 대형전지 매출을 넘어서기 시작할 전망. 전사 손익분기점 통과는 2H26으로 지연되나 미국 ESS 시황이 매우 우호적이라 미래가치 프라이싱이 필요.,35
2025-11-19_다올투자증권_산업,2025-11-19,다올투자증권,LGES,AMPC 손익 기여,5,"2026년 AMPC 수령액은 약 1조원으로 추정되며, 이를 제외한 영업이익도 3.1조원 규모로 흑자전환. Non-AMPC 지역(전사 생산능력의 약 60%) 가동률 개선이 관건.",30
2025-11-19_다올투자증권_산업,2025-11-19,다올투자증권,삼성SDI,실적 저점 통과 시점,-3,"2025년 매출 역성장이 마무리되며 2026년 동사 매출액은 YoY +10.6%로 반등 예상되나, 4Q25까지는 전사 적자 지속 전망.",35
2025-11-24_SK증권_산업,2025-11-24,SK증권,SK온,북미 EV 보조금 폐지 노출도,-6,"전체 자본 내 미국 비중이 약 68~70%로 3사 중 가장 높아, 보조금 폐지와 재고 둔화 리스크에 가장 크게 노출.",11
2025-11-24_SK증권_산업,2025-11-24,SK증권,LGES,북미 EV 보조금 폐지 노출도,-5,미국 비중이 약 61%로 SK온과 유사하게 높아 보조금 폐지 영향에 크게 노출.,11
2025-11-24_SK증권_산업,2025-11-24,SK증권,삼성SDI,북미 EV 보조금 폐지 노출도,2,미국 비중이 약 6%로 3사 중 가장 낮아 보조금 폐지에 따른 영향이 상대적으로 제한적.,11
2025-11-24_SK증권_산업,2025-11-24,SK증권,LGES,ESS 캐파 전환 선제성,5,EV→ESS 캐파 전환을 3사 중 가장 먼저 시작한 선두주자로 ESS 모멘텀 선점 효과가 기대됨.,13
2025-11-24_SK증권_산업,2025-11-24,SK증권,삼성SDI,ESS 캐파 전환 선제성,3,LG에너지솔루션에 이어 최근 3개월 사이 수십GWh 규모의 EV→ESS 전환 계획을 발표하며 후발 대응.,13
2025-11-24_SK증권_산업,2025-11-24,SK증권,SK온,ESS 캐파 전환 선제성,2,삼성SDI와 유사한 시점에 EV→ESS 전환 계획을 내놓으며 대응에 나섬.,13
2026-01-29_상상인증권_SK온,2026-01-29,상상인증권,SK온,북미EV,-5,미국 전기차 보조금 축소에 따른 물량 감소로 배터리 외형 축소가 진행되었다.,1
2026-01-29_상상인증권_SK온,2026-01-29,상상인증권,SK온,ESS,3,경쟁기업 대비 ESS 수주는 다소 늦었지만 미국의 풍부한 ESS 설치수요를 고려하면 2026년 목표한 20GW 수주잔고 확보가 일정부분 가능할 것으로 판단된다.,1
2026-01-29_상상인증권_SK온,2026-01-29,상상인증권,SK온,유럽EV,2,4분기 유럽 지역 판매는 소폭 증가했다.,1
2026-01-29_상상인증권_SK온,2026-01-29,상상인증권,SK온,배터리판매량,-5,4분기 배터리 사업은 예상대로 부진하여 외형과 영업손익이 전분기 대비 악화되었다.,1
2026-02-23_하나증권_SK온,2026-02-23,하나증권,SK온,북미CAPEX,5,"BOSK(BlueOval SK) 청산으로 Ford가 켄터키 No.1/2 공장 지분 100%를 보유하게 되어 SK온의 감가상각비 부담과 연결 부채(약 6조원)가 줄고, 중장기적으로 SK온 관련 리스크가 축소되는 방향성을 전망한다.",1
2026-02-23_하나증권_SK온,2026-02-23,하나증권,SK온,밸류에이션,-4,"SOTP 밸류에이션에서 삼성SDI/LGES 평균 20배 멀티플의 50% 할인을 적용하면 SK온 EV가 3.3조원이나, 목표주가 산정 시 SK온 가치를 Zero로 반영해 보수적으로 접근했다.",2
2026-02-26_KB증권_LGES,2026-02-26,KB증권,LGES,ESS,8,"AI데이터센터향 전력 확보 수단으로 미국 ESS 수요가 컨센서스를 크게 상회할 것으로 보고, 2026년 ESS 매출 가이던스(전년대비 3배 성장)와 생산능력 확대를 근거로 강한 긍정적 스탠스를 제시.",1
2026-02-26_KB증권_LGES,2026-02-26,KB증권,LGES,북미CAPEX,7,AI데이터센터용 ESS 수요 강세에 대응해 LGES가 2026년말 미국 ESS 생산능력 확장 계획을 30GWh에서 50GWh로 상향한 점을 목표주가 상향의 핵심 근거로 제시.,1
2026-02-26_KB증권_LGES,2026-02-26,KB증권,LGES,관세,4,2026년 중국산 ESS 배터리에 대한 관세 인상(+17.5%)이 LGES의 미국 ESS 점유율 확대에 수혜로 작용할 것으로 전망.,1
2026-02-26_KB증권_LGES,2026-02-26,KB증권,LGES,북미EV,-6,"미국 EV 수요 둔화로 가동률이 낮아진 EV 생산설비를 ESS 설비로 전환해 대응 중이며, 2026년 중대형(EV) 매출과 영업이익 전망을 하향 조정(2026E EV 영업이익 -1,393십억원으로 적자 확대).",5
2026-02-26_KB증권_LGES,2026-02-26,KB증권,LGES,AMPC,4,"AMPC 합계 규모는 2026년에도 견조하게 유지되나 그 구성이 EV 중심(2025년 1,443십억원)에서 ESS 중심(2026년 985십억원)으로 빠르게 이동하며 ESS 부문 수익성 개선에 기여할 전망.",5
2026-03-11_삼성증권_LGES,2026-03-11,삼성증권,LGES,로봇,5,"휴머노이드 6개 업체로부터 이미 공급 중이거나 차세대 모델 양산을 협의 중이며 보스턴 다이내믹스 Atlas향 공급도 추정되어, 극초기 시장에서 선두 지위를 구축하고 있다고 평가했다.",1
2026-03-11_삼성증권_LGES,2026-03-11,삼성증권,LGES,46파이,3,"미국 애리조나(46시리즈, 생산능력 44GWh, 연내 완공)와 유럽(46시리즈, 12GWh, 2028년 가동)에 원통형 생산기지를 확충해 향후 휴머노이드향 공급 확대에 유리한 기반을 마련하고 있다고 평가했다.",1
2026-03-11_삼성증권_LGES,2026-03-11,삼성증권,LGES,중국경쟁,3,극초기 휴머노이드 배터리 시장에서 6개 고객사를 확보한 것은 전기차·ESS와 마찬가지로 중국 업체에 대적할 가장 강력한 경쟁자로 자리매김할 신호라고 해석했다.,1
2026-03-11_삼성증권_삼성SDI,2026-03-11,삼성증권,삼성SDI,ESS,6,AI 데이터센터 시장 확대에 따른 ESS 수요 성장으로 2026년 ESS 매출이 전년비 50% 성장하고 북미 현지 증설·양산을 통해 관세 부담 경감과 세액공제 효과로 수익성이 의미 있게 개선될 것으로 전망했다.,1
2026-03-11_삼성증권_삼성SDI,2026-03-11,삼성증권,삼성SDI,AMPC,3,4Q25 AMPC가 798억원으로 당사 추정치(607억원)를 상회했는데 이는 ESS 출하량은 예상 수준이었으나 원달러 환율 상승 영향이 컸던 것으로 평가했다.,1
2026-03-11_삼성증권_삼성SDI,2026-03-11,삼성증권,삼성SDI,LFP,3,각형 LFP 증설에 따른 북미 고객 수주 확대 기대가 BUY 의견 유지의 근거 중 하나라고 밝혔다.,1
2026-03-11_삼성증권_삼성SDI,2026-03-11,삼성증권,삼성SDI,전고체,2,로봇향 전고체 개발에 대한 기대가 여전히 유효하다고 평가하며 BUY 의견 유지 근거로 제시했다.,1
2026-03-11_삼성증권_삼성SDI,2026-03-11,삼성증권,삼성SDI,로봇,2,로봇향 전고체 배터리 개발 기대를 목표주가·투자의견 유지의 근거 중 하나로 언급했다.,1
2026-03-11_삼성증권_삼성SDI,2026-03-11,삼성증권,삼성SDI,북미CAPEX,4,북미 현지 ESS 증설과 양산 시작을 통해 관세 부담 경감과 세액공제 효과로 하반기 갈수록 수익성이 개선될 것으로 전망했다.,1
2026-03-11_삼성증권_삼성SDI,2026-03-11,삼성증권,삼성SDI,소형전지,3,데이터센터 구축 확대에 따른 전동공구·BBU 수요 증가로 소형전지 부문의 하반기 적자 개선을 긍정적으로 평가했다.,1
2026-03-11_삼성증권_삼성SDI,2026-03-11,삼성증권,삼성SDI,밸류에이션,7,SOTP 밸류에이션의 EBITDA 기준연도를 2026년에서 2027년으로 변경하고 전지 부문 peer 그룹 EV/EBITDA 배수(10.7배)를 적용해 목표주가를 32만원에서 42만원으로 31% 상향했다.,1
2026-03-16_하나증권_산업,2026-03-16,하나증권,LGES,ESS(LFP),7,"LFP ESS 양산 체계를 갖춘 가운데 배전 연계 단독형 ESS를 통한 전력 중개 사업까지 영역을 확장, SMP 예측 기반 차익거래 수익 모델 제시.",5
2026-03-16_하나증권_산업,2026-03-16,하나증권,삼성SDI,ESS(LFP),6,"LFP 각형 기반 SBB 2.0(5.0MWh)을 12월 미국 양산 목표로 제시, 첫 LFP ESS 솔루션 제품 예정.",5
2026-03-16_하나증권_산업,2026-03-16,하나증권,삼성SDI,UPS·BBU,6,"UPS용 LMO 기반 Gen4(U8A1) 공개(263kW급 고출력, 공간효율 33%↑, 15년 수명), UPS 시장 점유율 주도.",6
2026-03-16_하나증권_산업,2026-03-16,하나증권,LGES,UPS·BBU,5,"원통형 전지 강점 바탕으로 서버랙용 BBU 시장에 본격 진출, 무정전 전원 장치 기반 배터리 솔루션 강조.",6
2026-03-16_하나증권_산업,2026-03-16,하나증권,삼성SDI,전고체,7,"파우치형 '솔리드 스택' 전고체 샘플 공개, 2027년 하반기 양산 목표, NCM(로봇)·리튬황/리튬메탈(UAM) 케미스트리 이원화 전략 제시.",10
2026-03-16_하나증권_산업,2026-03-16,하나증권,LGES,전고체,6,"황화물계 전고체 배터리를 EV(2029년, 흑연 음극)와 로봇/UAM(2030년, 무음극)으로 투트랙 개발, 홈 로봇 '클로이드'·자율주행 로봇 'Carti100'에 원통형 배터리 탑재 전시.",12
2026-03-16_하나증권_산업,2026-03-16,하나증권,SK온,전고체,5,"황화물계 전고체 배터리 2029년 양산 목표로 개발 중이며 파일럿 플랜트 준공, 배터리 수명을 기존 대비 약 3배 향상.",12
2026-03-16_하나증권_산업,2026-03-16,하나증권,삼성SDI,각형·구조혁신,7,"PrismStack(적층형 구조) 및 No TP 안전 기술을 핵심 경쟁력으로 강조, 각형 관련 특허 약 1,200건 보유 공개.",14
2026-03-16_하나증권_산업,2026-03-16,하나증권,SK온,로봇 배터리,4,"하이니켈 삼원계 배터리를 탑재한 현대위아 물류 자율이동로봇(AMR)을 부스에 전시, 메타플랜트 아메리카(HMGMA) 등 실제 현장 적용 실적 강조.",12
2026-03-18_미래에셋증권_LGES,2026-03-18,미래에셋증권,LGES,ESS,7,얼티엄 2기 EV 하이니켈 라인을 ESS(LFP)로 전환하며 26년 말 북미 ESS 생산능력이 EV와 유사한 60Gwh 수준까지 확대되고 26년 전사 매출에서도 ESS가 EV를 상회할 것으로 전망하며 이제는 EV보다 ESS 중심 투자전략이 유효한 구간에 진입했다고 판단했다.,1
2026-03-18_미래에셋증권_LGES,2026-03-18,미래에셋증권,LGES,AMPC,6,"북미 ESS 생산능력 및 출하량 추정치 상향에 따라 AMPC를 포함한 ESS 사업부 영업이익이 1.85조원(ESS AMPC 1.37조원)으로 상향 조정되며, 고객사와의 AMPC 쉐어율을 감안해도 ESS 사업부 이익 성장이 본격화될 것으로 판단했다.",1
2026-03-18_미래에셋증권_LGES,2026-03-18,미래에셋증권,LGES,북미CAPEX,6,"26년 말 기준 북미 ESS 생산능력 전망치를 47Gwh에서 60Gwh로 상향 조정했으며, 이는 얼티엄 2기 기존 EV 하이니켈 생산능력(디자인 기준 40Gwh 중 20Gwh 내외)을 LFP ESS 라인(12Gwh 내외)으로 전환한 데 따른 것으로, 북미 ESS 수요 증가 및 수주 확보 가속화를 반영한다고 밝혔다.",1
2026-03-18_미래에셋증권_LGES,2026-03-18,미래에셋증권,LGES,소형전지,4,"Tesla의 유럽/중국 내 신규 모델(Model Y 3열 시트 등) 판매 호조로 소형 사업부의 견조한 실적 흐름이 예상되며, Tesla 향 소형 배터리는 북미 시장 노출도가 없어 EV 사업부 대비 견조한 실적 흐름을 지속하고 있다고 평가했다.",1
2026-03-18_미래에셋증권_LGES,2026-03-18,미래에셋증권,LGES,북미EV,-3,"EV 사업부는 스텔란티스 향 잠재적 보상금 3,000억원 수준 반영 등으로 여전히 영업적자가 지속되나, 1Q26을 저점으로 EV로 인한 추가적인 실적 추정치 하향 조정은 제한적인 상황이라고 판단했다.",1
2026-03-18_미래에셋증권_LGES,2026-03-18,미래에셋증권,LGES,OEM보상금,-3,"스텔란티스향 잠재적 보상금 3,000억원 수준 반영 등으로 EV 부문 영업적자가 지속되나, 1Q26을 저점으로 추가적인 실적 하향은 제한적일 것으로 판단.",1
2026-03-18_미래에셋증권_삼성SDI,2026-03-18,미래에셋증권,삼성SDI,ESS,3,북미 ESS는 추가 수주 확보 등을 통해 26년 이후 견조한 성장세가 지속될 것으로 판단.,1
2026-03-18_미래에셋증권_삼성SDI,2026-03-18,미래에셋증권,삼성SDI,소형전지,5,"원통형 BBU 제품의 판가 및 수익성이 타 제품 대비 10%p 수준 우위이며, 중국 경쟁사의 하이엔드 원통형 진입은 상대적으로 더뎌 개선세가 지속.",1
2026-03-18_미래에셋증권_삼성SDI,2026-03-18,미래에셋증권,삼성SDI,유럽EV,5,"헝가리 라인 가동률이 4Q25 40%에서 2Q26 70%로 개선될 것으로 예상되며, 유럽 OEM의 EV 판매·생산 기조가 26~27년 CO2 규제 회피로 약화되기 어려운 구간.",1
2026-03-18_미래에셋증권_삼성SDI,2026-03-18,미래에셋증권,삼성SDI,중국경쟁,3,"고출력 하이엔드 원통형에서 중국 경쟁사의 글로벌 시장 진입이 상대적으로 더디고, LGES 생산능력 대부분이 Tesla EV향으로 가용되어 있어 관련 수요 증가 수혜가 파나소닉과 삼성SDI에 집중될 전망.",1
2026-03-18_미래에셋증권_삼성SDI,2026-03-18,미래에셋증권,삼성SDI,AMPC,4,"스텔란티스향 보상금 3,000억원을 4Q26에 반영하는 등 AMPC/일회성 보상금이 26년 실적 상향의 주요 요인 중 하나.",1
2026-03-18_미래에셋증권_삼성SDI,2026-03-18,미래에셋증권,삼성SDI,밸류에이션,5,ESS 신규 수주 재개·확대(12월~3월 50GWh 내외 추정)에도 글로벌 경쟁사 대비 여전히 저평가 상태로 밸류에이션 매력이 존재.,1
2026-03-18_미래에셋증권_삼성SDI,2026-03-18,미래에셋증권,삼성SDI,OEM보상금,5,"스텔란티스향 보상금 3,000억원의 4Q26 반영 등 일회성 보상금을 26년 실적 상향의 주요 요인 중 하나로 제시.",1
2026-03-23_NH투자증권_LGES,2026-03-23,NH투자증권,LGES,유럽EV,5,"테슬라의 26년 1,2월 유럽 판매가 12개월만에 y-y 플러스 전환됐고 중국산 EV 최저가격 도입, 스탠다드형 모델 가격 인하, FSD 승인 확대로 하반기 판매 회복이 가속화될 전망",1
2026-03-23_NH투자증권_LGES,2026-03-23,NH투자증권,LGES,밸류에이션,3,경쟁사(삼성SDI) 대비 EV/EBITDA 프리미엄이 현재 역전된 상태이나 모회사 주총(3/31) 전후 오버행 리스크 해소와 테슬라 모멘텀 부각시 프리미엄이 재차 인정받을 것으로 기대,1
2026-03-23_NH투자증권_LGES,2026-03-23,NH투자증권,LGES,ESS,5,1Q26 ESS 매출이 q-q +32% 증가하며 램프업이 지속되고 2026~2027년 ESS 매출·영업이익 비중이 크게 확대될 전망,1
2026-03-23_NH투자증권_LGES,2026-03-23,NH투자증권,LGES,배터리판매량,-5,1Q26 자동차 부문 매출이 q-q -25% 급감하며 부진이 심화되어 회사 전체 영업적자가 지속될 전망,1
2026-03-23_NH투자증권_LGES,2026-03-23,NH투자증권,LGES,AMPC,-4,"1Q26 AMPC가 1,670억원으로 전년比 -64%, 전분기比 -50% 감소하며 AMPC 제외 영업손실 폭이 확대될 전망",1
2026-03-23_NH투자증권_삼성SDI,2026-03-23,NH투자증권,삼성SDI,전고체,2,전고체 관련 기대감이 이미 주가에 상당부분 선반영되어 있어 현 시점에는 전고체 모멘텀보다 실적 개선이 주가에 더 유의미한 변수로 작용할 전망.,1
2026-03-23_NH투자증권_삼성SDI,2026-03-23,NH투자증권,삼성SDI,ESS,2,"SPE2,3 라인 램프업에 따른 2026년 ESS 매출 +53% y-y 성장은 이미 반영된 추세로 실적 측면에서 새로운 서프라이즈 요인은 아님.",1
2026-03-23_NH투자증권_삼성SDI,2026-03-23,NH투자증권,삼성SDI,유럽EV,6,유럽 내 중국산 EV 최저가격 규정 도입에 따라 BMW EV2·현대 아이오닉3(3Q26 출시) 판매 호조가 예상되며 이는 실적 개선의 핵심 동력.,1
2026-03-23_NH투자증권_삼성SDI,2026-03-23,NH투자증권,삼성SDI,AMPC,0,"1Q26 AMPC는 849억원(-22%y-y,+6%q-q)으로 추정되나 AMPC 제외 영업이익은 -3,605억원 적자로 여전히 부진.",1
2026-03-23_NH투자증권_삼성SDI,2026-03-23,NH투자증권,삼성SDI,밸류에이션,3,목표주가를 EBITDA 배수법(2026~27년 평균 EBITDA에 ESS 업사이클·신규시장 개화 기대 반영한 10% 할증 적용)으로 산출해 49만원으로 2% 상향.,6
2026-03-23_NH투자증권_삼성SDI,2026-03-23,NH투자증권,삼성SDI,소형전지,-4,1Q26 소형전지는 매출 +2% q-q에도 비수기 영향으로 마진이 -13%까지 악화될 전망.,1
2026-03-24_키움증권_LGES,2026-03-24,키움증권,LGES,로봇,6,"이미 6개 고객사(테슬라 옵티머스, 보스턴다이내믹스, 유니트리 등 추정)에 원통형 로봇 배터리를 납품 중이며 추가 고객사 확보 가능성이 있어 휴머노이드 배터리 시장 선점 효과가 기대된다.",89
2026-03-24_키움증권_LGES,2026-03-24,키움증권,LGES,북미EV,-3,"전기차(EV, 중대형) 단기 수요는 부진하다고 평가했다.",89
2026-03-24_키움증권_LGES,2026-03-24,키움증권,LGES,ESS,6,ESS 부문 매출 성장세가 지속되고 있으며 북미 ESS CAPA 확대와 추가 수주 모멘텀이 유효하다.,89
2026-03-24_키움증권_LGES,2026-03-24,키움증권,LGES,북미CAPEX,4,Ultium Cells 테네시 라인 전환을 포함해 북미 내 총 5곳의 생산 거점을 확보하는 등 현지 공급 확대가 진행 중이다.,89
2026-03-24_키움증권_LGES,2026-03-24,키움증권,LGES,AMPC,3,북미 현지 공급 확대로 AMPC 수취 규모도 함께 확대되고 있다.,89
2026-03-24_키움증권_LGES,2026-03-24,키움증권,LGES,밸류에이션,4,상반기 Ultium Cells 가동 중단에 따른 실적 추정치 하향과 주가 조정이 있었으나 불확실성이 이미 대부분 주가에 선반영되어 조정 시 매수 전략이 유효하다고 판단한다.,89
2026-03-24_키움증권_삼성SDI,2026-03-24,키움증권,삼성SDI,전고체,6,2027년 하반기 전고체 전지 양산 타임라인을 유지하며 초기에는 휴머노이드·드론·HAPS 등 특수목적 애플리케이션에 우선 적용되고 파우치형 전고체를 내년부터 생산할 계획이라 주가 상승 모멘텀으로 작용할 전망.,1
2026-03-24_키움증권_삼성SDI,2026-03-24,키움증권,삼성SDI,ESS,5,각형 기술 경쟁력과 SPE 공장 라인 전환을 통해 북미 ESS 수주를 지속 확대하고 있으며 전력용·UPS·BBU 수요 증가에 대응한 추가 수주 확보 기대감도 유효.,1
2026-03-24_키움증권_삼성SDI,2026-03-24,키움증권,삼성SDI,AMPC,4,올해 하반기부터 북미 ESS용 LFP 배터리 생산을 시작해 AMPC 증가 효과가 기대되며 이는 전기차 수요 부진을 일부 상쇄시킬 전망.,1
2026-03-24_키움증권_삼성SDI,2026-03-24,키움증권,삼성SDI,로봇,5,현대차·기아와 로봇 전용 배터리 공동개발 MoU를 체결했고 현재 MobED용 배터리를 공급하는 것으로 추정되며 향후 다른 로봇 모델로 확장 가능성이 존재.,1
2026-03-24_키움증권_삼성SDI,2026-03-24,키움증권,삼성SDI,밸류에이션,7,"삼성디스플레이 지분(15.2%) 매각 추진에 따른 재무구조 개선 기대와 Multiple/SDC 지분가치 할인율 변경을 반영해 목표주가를 480,000원으로 상향, BUY 유지.",1
2026-03-24_키움증권_삼성SDI,2026-03-24,키움증권,삼성SDI,LFP,3,올해 하반기부터 북미 ESS용 LFP 배터리 생산을 시작할 예정.,1
2026-03-24_한화투자증권_LGES,2026-03-24,한화투자증권,LGES,ESS,6,"미국 ESS 시장의 급성장과 탈중국 정책을 발판으로 유휴 EV 라인을 ESS로 전환해 2026년 말까지 미국 내 60GWh 규모 ESS Capa를 확보, 기확보된 수주잔고로 높은 가동률이 예상된다",1
2026-03-24_한화투자증권_LGES,2026-03-24,한화투자증권,LGES,유럽EV,4,EU가 3월 4일 발표한 산업가속화법(IAA)의 탈중국 세부내용이 강력하게 구체화될 경우 유럽 공장 가동률이 2025년 40%대에서 2028년 60~80% 수준까지 회복될 수 있다,1
2026-03-24_한화투자증권_LGES,2026-03-24,한화투자증권,LGES,북미EV,-5,얼티엄셀즈 가동 중단 여파로 1분기 자동차전지 매출이 전분기 대비 23% 하락할 것으로 전망되며 미국 EV 시장 부진과 가동률 저하가 지속되고 있다,1
2026-03-24_한화투자증권_LGES,2026-03-24,한화투자증권,LGES,LFP,3,2026년부터 고전압 미드니켈 및 LFP 등 저가 배터리 라인업 양산을 시작해 유럽 시장 점유율 확대를 위한 발판을 마련할 계획이다,1
2026-03-24_한화투자증권_LGES,2026-03-24,한화투자증권,LGES,AMPC,0,"1분기 영업적자 1,383억 원은 AMPC 제외 시 3,041억 원 적자로 확대되며, AMPC를 제외한 실질 수익성은 여전히 부진하다",1
2026-03-24_한화투자증권_삼성SDI,2026-03-24,한화투자증권,삼성SDI,ESS,5,"미국 ESS 시장의 탈중국 기조 강화와 STLA JV NCA 라인의 안정적 가동, 2026년 4분기 LFP ESS 양산 개시로 ESS 부문의 본격적 외형 성장이 재개될 전망이다.",1
2026-03-24_한화투자증권_삼성SDI,2026-03-24,한화투자증권,삼성SDI,북미CAPEX,6,"STLA JV의 유휴 EV 라인을 ESS로 빠르게 전환해 2026년 말 미국 ESS Capa 29GWh를 확보, EV 수요 공백을 메울 예정이다.",1
2026-03-24_한화투자증권_삼성SDI,2026-03-24,한화투자증권,삼성SDI,유럽EV,4,유럽 산업가속화법(IAA) 발표에 따라 탈중국 세부지침이 강력하게 구체화될 경우 2025년 40% 수준인 유럽 공장 가동률이 2028년 60% 이상으로 회복될 가능성이 있다.,1
2026-03-24_한화투자증권_삼성SDI,2026-03-24,한화투자증권,삼성SDI,LFP,2,IAA가 소형 전기차 지원에 집중하는 만큼 고전압 미드니켈 및 LFP 등 보급형 배터리 라인업의 조기 확보가 향후 점유율 회복의 관건이 될 것이다.,1
2026-03-24_한화투자증권_삼성SDI,2026-03-24,한화투자증권,삼성SDI,밸류에이션,7,"목표주가를 52만 원으로 상향하고 투자의견 BUY를 유지하며, 삼성디스플레이 지분 매각에 따른 자산가치 재평가도 주가에 긍정적 동력으로 작용할 것으로 판단한다.",1
2026-03-24_한화투자증권_삼성SDI,2026-03-24,한화투자증권,삼성SDI,AMPC,0,"1분기 영업적자는 AMPC 반영 후 3,227억 원이나 AMPC 제외 시 4,045억 원 적자로 확대되는 등 AMPC가 실적에 유의미한 영향을 미치고 있다.",1
2026-03-25_다올투자증권_LGES,2026-03-25,다올투자증권,LGES,ESS,7,"1Q26 ESS·원통형 볼륨 증가가 확인되며 반등 근거가 뚜렷해지고, 빅테크 데이터센터 Capex 급증과 중국산 ESS 수입금지·관세 강화로 미국 ESS 사업 확장세가 2027~28년까지 지속될 전망이다.",1
2026-03-25_다올투자증권_LGES,2026-03-25,다올투자증권,LGES,관세,6,중국산 ESS 수입금지 조치 입법화 및 관세 확대(현행 50% 육박)가 LGES의 미국 ESS 사업 확장에 우호적으로 작용하고 있다.,1
2026-03-25_다올투자증권_LGES,2026-03-25,다올투자증권,LGES,유럽EV,4,글로벌 EV업체의 유럽·중국 판매량 반등과 EU 자동차 부품 원산지 통제(IAA) 정책 공개로 소형(원통형) 전지 판매 회복세가 확인되기 시작했다.,1
2026-03-25_다올투자증권_LGES,2026-03-25,다올투자증권,LGES,밸류에이션,6,"2027년 기준 적정 P/E 47배를 적용해 CATL 대비 약 100% 이상의 프리미엄을 부여했으며, 이는 장기적인 미국 ESS 시장 확대 수혜를 근거로 정당화된다.",1
2026-03-25_다올투자증권_LGES,2026-03-25,다올투자증권,LGES,AMPC,4,"1Q26을 저점으로 영업이익의 계단식 상승을 예상하며, 연간 1.6조원 내외로 추정되는 AMPC가 실적 개선의 핵심 변수로 작용하고 있다.",1
2026-03-25_신영증권_삼성SDI,2026-03-25,신영증권,삼성SDI,전고체,6,황화물계 전고체 기술 리더십이 국내 셀 업체 중 가장 앞서 있다고 평가하며 2027년 하반기 첫 양산을 통해 시장 선점 효과를 기대함.,1
2026-03-25_신영증권_삼성SDI,2026-03-25,신영증권,삼성SDI,전고체,4,수원 파일럿 라인에서 은-탄소 나노복합층 기반 시제품을 다수 고객사에 샘플 공급 중이며 초기 양산은 1GWh 미만 소규모로 추정.,2
2026-03-25_신영증권_삼성SDI,2026-03-25,신영증권,삼성SDI,로봇,3,초기 전고체 전지 양산 제품은 휴머노이드향으로 우선 공급될 전망이며 전기차용 공급은 2028년 전후로 예상.,2
2026-03-25_신영증권_삼성SDI,2026-03-25,신영증권,삼성SDI,ESS,7,유럽 주요 고객향 판매 회복과 미국 ESS 라인 가동이 2026년 실적을 견인하고 LFP ESS 라인 본격 가동으로 2027년 흑자전환을 예상.,2
2026-03-25_신영증권_삼성SDI,2026-03-25,신영증권,삼성SDI,밸류에이션,7,삼성디스플레이 지분 유동화 가능성을 반영해 자산가치 할인율을 50%에서 30%로 축소하며 목표주가를 기존 대비 16% 상향.,1
2026-03-30_교보증권_LGES,2026-03-30,교보증권,LGES,ESS,5,"전력수요 증가와 AI데이터센터 확산, 재생에너지 연계 수요가 맞물리며 ESS 시장이 구조적 성장 국면에 진입했다고 평가하나 초기 비용 부담으로 수익성은 점진적으로 개선되는 흐름으로 판단.",1
2026-03-30_교보증권_LGES,2026-03-30,교보증권,LGES,소형전지,3,일부 지역의 견조한 수요와 제품 믹스 개선으로 소형전지가 안정적 흐름을 유지하며 전사 실적을 방어하는 역할을 수행 중이라고 평가.,1
2026-03-30_교보증권_LGES,2026-03-30,교보증권,LGES,북미EV,-4,"북미 중심의 EV 수요 회복이 지연되고 주요 고객사 가동률도 낮은 수준을 유지해 자동차전지 업황 부진이 지속되나, 전반적으로 바닥을 통과하는 흐름으로 해석.",1
2026-03-30_교보증권_LGES,2026-03-30,교보증권,LGES,전고체,2,전고체·건식전극·나트륨전지 등 차세대 기술 현실화 여부가 중장기 투자 포인트로 제시됨.,1
2026-03-30_교보증권_LGES,2026-03-30,교보증권,LGES,로봇,2,로봇 등 신규 응용처 확장이 현실화되는지가 중장기 투자 포인트로 언급됨.,1
2026-03-30_교보증권_LGES,2026-03-30,교보증권,LGES,밸류에이션,-2,"투자의견 Buy와 목표주가 570,000원을 유지하며, 최근 주가는 모회사 지분매각 오버행 우려와 시장 변동성으로 수급 부담을 겪고 있다고 평가.",1
2026-03-30_교보증권_삼성SDI,2026-03-30,교보증권,삼성SDI,유럽EV,-6,유럽 OEM 중심으로 EV 수요 부진이 지속되고 있으며 헝가리 공장 라인 축소 및 전환 등 구조조정이 진행 중이다.,1
2026-03-30_교보증권_삼성SDI,2026-03-30,교보증권,삼성SDI,ESS,6,일부 EV 라인이 ESS로 전환되며 프로젝트 단위 수주 중심으로 확보되고 있고 단가가 높아 자동차 대비 수익성 기반이 상대적으로 안정적인 사업부로 자리잡고 있다.,1
2026-03-30_교보증권_삼성SDI,2026-03-30,교보증권,삼성SDI,LFP,2,향후 투자포인트로 ESS 가동률 상승과 LFP 밸류체인 강화를 제시했다.,1
2026-03-30_교보증권_삼성SDI,2026-03-30,교보증권,삼성SDI,전고체,2,전고체 관련 기대감이 최근 상대적으로 강한 주가 흐름에 반영되고 있다.,1
2026-03-30_교보증권_삼성SDI,2026-03-30,교보증권,삼성SDI,로봇,3,AI 데이터센터용 전력 인프라 투자에 따른 전방 수요 회복과 고출력 특성이 요구되는 휴머노이드향 고객사 확대를 투자포인트로 제시했다.,1
2026-03-30_교보증권_삼성SDI,2026-03-30,교보증권,삼성SDI,소형전지,4,전동공구 중심 수요가 회복되는 흐름이며 글로벌 인프라 투자 확대와 데이터센터 확장으로 저점을 지나는 중이다.,1
2026-03-30_교보증권_삼성SDI,2026-03-30,교보증권,삼성SDI,밸류에이션,7,"삼성디스플레이 지분매각에 따른 재무구조 개선 및 실적 개선 초입 국면을 반영해 목표주가를 420,000원에서 580,000원으로 상향했다.",2
2026-03-31_신영증권_LGES,2026-03-31,신영증권,LGES,ESS,8,북미 ESS CAPA가 2026년 말 60GWh(직전 추정 대비 +10GWh)로 확대되고 ESS 매출이 전년 대비 249% 급증하며 전사 증익을 견인할 전망,1
2026-03-31_신영증권_LGES,2026-03-31,신영증권,LGES,AMPC,-4,단독 법인 생산 ESS 배터리에 대한 고객사의 AMPC 배분 압력으로 2026년 AMPC가 전년 대비 23% 감소할 전망이나 이는 이미 시장 기대치에 대부분 반영됨,1
2026-03-31_신영증권_LGES,2026-03-31,신영증권,LGES,북미EV,-5,얼티엄셀즈 가동 중단과 EV 라인 가동 공백으로 1분기 자동차 전지 매출이 전 분기 대비 24% 감소하고 북미 EV 배터리 판매 둔화가 실적 하방 요인으로 작용,1
2026-03-31_신영증권_LGES,2026-03-31,신영증권,LGES,북미CAPEX,4,"미시간, Nextstar(캐나다), UltiumCells(테네시·랜싱), 혼다 JV의 ESS 라인 전환으로 북미에 5곳의 ESS 거점을 확보할 계획",1
2026-03-31_신영증권_LGES,2026-03-31,신영증권,LGES,유럽EV,4,테슬라의 2월 EU 등록 대수가 전년 대비 29% 증가하며 회복세를 보이고 있음,1
2026-03-31_신영증권_LGES,2026-03-31,신영증권,LGES,소형전지,4,고전압 미드니켈·LFP 공급 확대와 EU 산업 가속화법 수혜로 폴란드 공장 가동률의 점진적 정상화 및 소형전지 매출 10% 이상 증가를 기대,1
2026-03-31_신영증권_LGES,2026-03-31,신영증권,LGES,배터리판매량,5,미국 배터리 판매량이 2026년 38.4GWh로 전년(32.2GWh) 대비 증가하고 2027년 93.3GWh까지 급증할 전망,3
2026-04-01_DB증권_삼성SDI,2026-04-01,DB증권,삼성SDI,ESS,6,미국 공장에서 본격 생산을 시작하며 AMPC 포함 이익률이 mid-single까지 개선되고 2026년 출하량은 19GWh로 +50%YoY 성장할 전망.,1
2026-04-01_DB증권_삼성SDI,2026-04-01,DB증권,삼성SDI,LFP,3,"LFP는 4분기 양산 시작을 목표로 하며, LFP 각형 배터리 생산 시 ESS 고객사향 경쟁력이 한층 올라갈 것으로 기대.",1
2026-04-01_DB증권_삼성SDI,2026-04-01,DB증권,삼성SDI,북미CAPEX,4,2026년까지는 아시아산 물량 관세 영향이 남지만 2027년부터 미국 30GWh 체제로 대응하며 이익률 추가 개선이 가능.,1
2026-04-01_DB증권_삼성SDI,2026-04-01,DB증권,삼성SDI,AMPC,6,미국 ESS 공장 가동으로 AMPC 포함 이익률이 mid-single까지 개선되며 실적 회복의 핵심 동력으로 작용.,1
2026-04-01_DB증권_삼성SDI,2026-04-01,DB증권,삼성SDI,유럽EV,3,"EU CO2 배출규제 준수를 위한 BMW, VW의 전기차 판매 확대 노력 영향으로 유럽 고객사향 EV 물량이 소폭 개선.",1
2026-04-01_DB증권_삼성SDI,2026-04-01,DB증권,삼성SDI,북미EV,0,미국 고객사와는 JV 공장 운영 및 보상금에 대한 논의가 지속 중이며 결과가 기대되나 아직 확정되지 않음.,1
2026-04-01_DB증권_삼성SDI,2026-04-01,DB증권,삼성SDI,전고체,2,2027년 말 전고체 전지 양산 시작 타임라인이 변하지 않았으며 올해 투자가 진행될 전망.,1
2026-04-01_DB증권_삼성SDI,2026-04-01,DB증권,삼성SDI,로봇,2,로봇 등의 어플리케이션에 전고체 전지가 먼저 적용될 가능성이 있어 모멘텀이 유효.,1
2026-04-01_DB증권_삼성SDI,2026-04-01,DB증권,삼성SDI,밸류에이션,8,"삼성디스플레이 지분 매각 결정에 따라 지분가치 적용 기준을 취득가액에서 순자산가치로 변경하며 목표주가를 480,000원에서 550,000원으로 상향.",3
2026-04-01_DB증권_삼성SDI,2026-04-01,DB증권,삼성SDI,소형전지,4,미국 Powertool향 BBU 및 전동공구 중심 판매가 개선되며 적자폭이 축소 중이고 2027년 흑자 회복이 기대됨.,1
2026-04-01_DB증권_삼성SDI,2026-04-01,DB증권,삼성SDI,OEM보상금,0,미국 고객사와 JV 공장 운영 및 보상금 논의가 지속 중으로 결과가 기대되나 아직 확정되지 않은 상황이라고 언급.,1
2026-04-01_상상인증권_삼성SDI,2026-04-01,상상인증권,삼성SDI,ESS,6,북미 Starplus Energy 공장의 ESS향 라인전환이 단계적으로 진행되고 ESS 매출의 빠른 성장이 나타나며 하반기 흑자전환을 견인할 것으로 기대.,1
2026-04-01_상상인증권_삼성SDI,2026-04-01,상상인증권,삼성SDI,AMPC,6,"4Q25 Starplus Energy 1개 라인 전환으로 AMPC 798억원을 수취했고, 4Q26 연환산 10GWh 초과 신규라인 추가 가동에 따라 AMPC 수취 확대로 하반기 흑자전환을 예상.",1
2026-04-01_상상인증권_삼성SDI,2026-04-01,상상인증권,삼성SDI,북미CAPEX,3,"보유 중인 SDC 지분 15.2%(약 10조원 추정)의 일부 매각을 통해 투자자금을 확보하고, 전년과 유사한 규모의 CAPEX 지출로 2027년 전고체전지 양산 준비 등에 대응할 것으로 예상.",1
2026-04-01_상상인증권_삼성SDI,2026-04-01,상상인증권,삼성SDI,전고체,3,2027년 다양한 Application향 전고체전지 양산준비를 위해 SDC 지분 매각 등을 통한 신규투자 자금 확보를 기대.,1
2026-04-01_상상인증권_삼성SDI,2026-04-01,상상인증권,삼성SDI,유럽EV,-3,"유럽 완성차시장 내 EV 침투율은 증가추세이나 주요 고객사향 수주물량에 기반한 xEV향 출하 증가는 기대하기 어려운 상황이며, 다만 상반기 중 현대차그룹향 EV 신차종 공급이 예정.",1
2026-04-01_상상인증권_삼성SDI,2026-04-01,상상인증권,삼성SDI,소형전지,0,"데이터센터 건설 증가와 연동한 BBU향 매출 증가, Powertool 부문은 작년 하반기 이후 물량 감소가 지속되다 점진적 개선세가 기대되나 상반기 중 소형전지 사업부 흑자전환은 이르다고 평가.",1
2026-04-02_IBK투자증권_삼성SDI,2026-04-02,IBK투자증권,삼성SDI,북미EV,-2,북미향 배터리 출하는 어려운 상황이 지속되고 있음,1
2026-04-02_IBK투자증권_삼성SDI,2026-04-02,IBK투자증권,삼성SDI,유럽EV,7,유럽 전기차 믹스 가속화로 BMW/VW향 출하가 기존 전망 대비 개선되고 2Q26부터 P6 하이니켈 제품이 현대/기아 볼륨 모델에 탑재되며 EV 중대형전지가 본격 회복될 전망,1
2026-04-02_IBK투자증권_삼성SDI,2026-04-02,IBK투자증권,삼성SDI,ESS,7,북미향 ESS는 2028년 물량까지 전량 수주가 완료된 것으로 기대되며 견조한 출하가 지속될 전망,1
2026-04-02_IBK투자증권_삼성SDI,2026-04-02,IBK투자증권,삼성SDI,AMPC,5,"2026년 AMPC는 7.6GWh(3,591억원)로 전망되며 ESS CAPA 확대에 따라 지속 증가할 전망",1
2026-04-02_IBK투자증권_삼성SDI,2026-04-02,IBK투자증권,삼성SDI,북미CAPEX,3,"2026년말 ESS CAPA 42GWh(울산10, 중국3, 북미29GWh) 확보 예정이며 이 중 AMPC 수취 가능 물량은 29GWh",1
2026-04-02_IBK투자증권_삼성SDI,2026-04-02,IBK투자증권,삼성SDI,소형전지,5,데이터센터 건설 증가에 따른 전문가용 전동공구向 출하 증가로 재고가 전년 15개월에서 6개월 수준으로 감소해 적정 수준에 도달할 전망,1
2026-04-02_IBK투자증권_삼성SDI,2026-04-02,IBK투자증권,삼성SDI,밸류에이션,7,"목표주가를 기존 410,000원에서 500,000원으로 상향하며 투자의견 매수를 유지",1
2026-04-02_신한투자증권_LGES,2026-04-02,신한투자증권,LGES,ESS,6,2026년말 북미 ESS 생산능력을 수요 호조와 점유율 확대를 반영해 기존 50GWh에서 57GWh로 상향 조정하고 ESS 매출은 전년 대비 225% 증가할 전망,1
2026-04-02_신한투자증권_LGES,2026-04-02,신한투자증권,LGES,AMPC,4,AMPC(생산세액공제)가 1.2조원으로 전체 영업이익 중 78%를 차지하며 이익 기여도가 확대되고 있음,1
2026-04-02_신한투자증권_LGES,2026-04-02,신한투자증권,LGES,북미EV,-6,미국 얼티엄셀즈(GM JV) 가동 중단에 따른 판매량 감소로 1분기 자동차 전지 매출이 24% 감소하고 영업이익 적자가 지속될 전망,1
2026-04-02_신한투자증권_LGES,2026-04-02,신한투자증권,LGES,유럽EV,3,유럽 가동률이 고전압 미드니켈 및 LFP 공급 확대에 힘입어 회복되며 하반기 실적 개선 방향성이 유효할 전망,1
2026-04-02_신한투자증권_LGES,2026-04-02,신한투자증권,LGES,소형전지,0,파우치 비수기로 적자전환이 예상되나 북미 EV 고객사의 견조한 차량 판매 효과로 원통형 출하량 증가는 지속될 전망,1
2026-04-02_신한투자증권_LGES,2026-04-02,신한투자증권,LGES,밸류에이션,5,"타이트한 리튬 수급에 따른 판가 방향성 개선과 ESS Capa 확대, 점진적인 EV 회복을 근거로 목표주가 51만원과 매수 의견을 유지하며 실적 저점을 1분기로 판단",1
2026-04-02_유안타증권_삼성SDI,2026-04-02,유안타증권,삼성SDI,ESS,5,"AI 데이터센터향 실시간 부하 대응 수요 확대로 BESS가 핵심 동적 버퍼로 재정의되고, BBU·UPS·SBB 전 계층 라인업과 2026년말 LFP 기반 SBB 2.0 양산을 통해 ESS 중심 수주 확대가 기대된다.",1
2026-04-02_유안타증권_삼성SDI,2026-04-02,유안타증권,삼성SDI,AMPC,4,1분기 ESS 비수기에도 미국 라인 가동이 본격화되며 AMPC 인식이 확대되어 실적 개선을 견인하고 있다.,1
2026-04-02_유안타증권_삼성SDI,2026-04-02,유안타증권,삼성SDI,LFP,3,2026년 말 LFP 기반 SBB 2.0 양산 본격화가 ESS 전 계층 수주 및 외형성장의 모멘텀으로 제시된다.,1
2026-04-02_유안타증권_삼성SDI,2026-04-02,유안타증권,삼성SDI,소형전지,3,파워툴 수요 개선과 BBU 수요 견조가 1분기 컨센서스 상회 실적의 배경으로 언급된다.,1
2026-04-02_유안타증권_삼성SDI,2026-04-02,유안타증권,삼성SDI,밸류에이션,4,"투자의견 Buy와 목표주가 52만원을 유지했으며, SDC 지분 매각 재원 활용 시 재무구조 개선 및 성장 모멘텀을 반영해 기존 목표주가 이상의 업사이드 여력이 충분하다고 판단한다.",1
2026-04-02_유안타증권_삼성SDI,2026-04-02,유안타증권,삼성SDI,북미CAPEX,3,SDC 지분 매각으로 확보될 약 10조원의 재원을 북미 ESS 시장 대응 및 차세대 배터리 양산 가속화에 집중 투입할 계획이다.,1
2026-04-06_하나증권_산업,2026-04-06,하나증권,LGES,ESS 매출 성장,6,LGES의 2026년 ESS 부문 매출은 전년대비 3배 수준 증가가 예상된다.,1
2026-04-06_하나증권_산업,2026-04-06,하나증권,LGES,북미 생산기지 확보,3,LGES는 캐나다 넥스트스타에너지 법인 지분 인수를 당초 계획보다 3개월 앞당겨 1Q26에 마무리했다.,3
2026-04-06_하나증권_산업,2026-04-06,하나증권,SK온,사업 효율화,-3,"SK온은 사업 효율화를 위해 조지아 1공장 가동을 잠정 중단했고, 미국 흑연 업체 Westwater Resources와 체결한 3.4만톤 규모 천연흑연 조달 계약을 서면으로 해지했다.",3
2026-04-06_하나증권_산업,2026-04-06,하나증권,삼성SDI,ESS 매출 성장,5,"삼성SDI는 ESS 사업 기대감에 주간 +8.1% 상승하며 코스피를 아웃퍼폼했고, 리포트는 EV 기대치가 낮아진 삼성SDI를 매수 대상으로 제시했다.",1
2026-04-07_상상인증권_삼성SDI,2026-04-07,상상인증권,삼성SDI,ESS,8,북미 ESS 장기 수요가 기존 전망치를 +30% YoY 상회할 것으로 전망되어 Starplus Energy(SPE) 1공장 생산능력 확대와 2028년 이후 이익 증분을 목표주가에 반영했다.,1
2026-04-07_상상인증권_삼성SDI,2026-04-07,상상인증권,삼성SDI,북미CAPEX,4,"SPE 1공장은 4Q25 연산 8GWh 1개라인 가동에 이어 26년 말 기준 연산 29-30GWh로 확대되며, 2027년 말 완공 목표로 GM과 합작법인 지분 구성 변경이 진행 중이고 SPE 2공장 투자는 보류 중이다.",1
2026-04-07_상상인증권_삼성SDI,2026-04-07,상상인증권,삼성SDI,AMPC,3,SPE 1공장 가동에 이어 2028년부터 추가적인 AMPC 수혜를 기대할 수 있다.,1
2026-04-07_상상인증권_삼성SDI,2026-04-07,상상인증권,삼성SDI,북미EV,-4,"2026-2027년 BMW향 추가 출하 감소 가능성이 우려 요인이나, 신규 고객사 물량 추가를 통한 상쇄가 예상된다.",1
2026-04-07_상상인증권_삼성SDI,2026-04-07,상상인증권,삼성SDI,중국경쟁,3,일부 업체들의 ESS 시장 진출 시도(중국과의 기술제휴)는 사실상의 필수요건이 아니라 PFE 요건 강화로 어려워질 것으로 예상되어 우려가 제한적이다.,1
2026-04-07_상상인증권_삼성SDI,2026-04-07,상상인증권,삼성SDI,밸류에이션,8,"투자의견 매수를 유지하고 목표주가를 450,000원에서 600,000원으로 상향 조정했다.",1
2026-04-08_DB증권_LGES,2026-04-08,DB증권,LGES,AMPC,5,AMPC 회계처리가 영업이익뿐 아니라 매출에도 반영되도록 변경되었고 ESS AMPC 고객사 공유 수준이 과반 이하로 추정되어 불확실성이 해소되었다고 평가.,1
2026-04-08_DB증권_LGES,2026-04-08,DB증권,LGES,ESS,4,"ESS는 램프업 및 라인전환 비용 부담으로 1Q26 AMPC 제외시 BEP 수준이나, 북미 생산 안정화로 하반기 이익률 개선을 전망.",1
2026-04-08_DB증권_LGES,2026-04-08,DB증권,LGES,북미CAPEX,4,신속한 라인 전환으로 2026년말 북미 ESS CAPA를 50GWh에서 60GWh로 확대할 계획이라고 언급.,1
2026-04-08_DB증권_LGES,2026-04-08,DB증권,LGES,LFP,3,유럽 르노향 LFP 배터리 출하가 시작되며 중대형 전지 가동률이 개선될 것으로 전망.,1
2026-04-08_DB증권_LGES,2026-04-08,DB증권,LGES,46파이,2,46파이 배터리도 하반기 출하 시작 가능성이 있다고 언급.,1
2026-04-08_DB증권_LGES,2026-04-08,DB증권,LGES,소형전지,4,Tesla 신규모델의 유럽 및 아시아 출시 확대로 소형전지 실적 개선세가 지속될 것으로 전망.,1
2026-04-08_DB증권_LGES,2026-04-08,DB증권,LGES,유럽EV,4,유럽 르노향 LFP 및 폭스바겐향 고전압 미드니켈 배터리 출하 시작으로 유럽 고객사向 가동률이 개선될 것으로 전망.,1
2026-04-08_IBK투자증권_LGES,2026-04-08,IBK투자증권,LGES,AMPC,-4,AMPC를 기타영업수익에서 매출로 편입하는 회계 표기 변경으로 외형은 커져 보이나 실질 수익성 개선 효과는 아니며 실적 해석에 혼선을 유발.,1
2026-04-08_IBK투자증권_LGES,2026-04-08,IBK투자증권,LGES,ESS,0,"ESS 고정비 부담이 1Q26 손익 악화 요인으로 작용했으나 AMPC 1,897억원 중 95%가 ESS向으로 추정되어 정책 지원 효과는 여전히 크게 기여.",1
2026-04-08_IBK투자증권_LGES,2026-04-08,IBK투자증권,LGES,북미EV,-3,북미향 EV 판매량이 예상 대비 부진하며 1Q26 손익 악화 요인으로 작용.,1
2026-04-08_IBK투자증권_LGES,2026-04-08,IBK투자증권,LGES,유럽EV,-3,유럽향 EV 판매량도 예상 대비 부진하며 손익에 부담으로 작용.,1
2026-04-08_IBK투자증권_LGES,2026-04-08,IBK투자증권,LGES,배터리판매량,-4,북미·유럽향 EV 판매 부진으로 매출액을 제외한 실질 영업이익이 컨센서스를 하회.,1
2026-04-08_IBK투자증권_LGES,2026-04-08,IBK투자증권,LGES,북미CAPEX,-2,"LGES 북미 배터리 생산 CAPA는 288GWh로 확장되었으나 Honda 라인은 전동화 계획 백지화로 가동 미정, 미시간(랜싱)은 정확한 CAPA 미정으로 실행 불확실성 상존.",2
2026-04-08_NH투자증권_LGES,2026-04-08,NH투자증권,LGES,ESS,6,"선제적 Capa 확보로 2026년 ESS 매출액 8.3조원(+210% y-y)이 기대되며, 1Q26에도 ESS 매출이 q-q +32% 증가하며 고성장을 이어감.",1
2026-04-08_NH투자증권_LGES,2026-04-08,NH투자증권,LGES,유럽EV,5,"테슬라의 26년 1~2월 유럽 판매가 12개월 만에 y-y 플러스 전환됐고 3월 판매는 더 가속화되고 있으며, 4/10 네덜란드 FSD 승인 시 하반기 유럽 전역 확대에 따른 추가 성장 여지도 있음.",1
2026-04-08_NH투자증권_LGES,2026-04-08,NH투자증권,LGES,밸류에이션,4,모회사 주총(3/31) 이후 주주환원 압박에 따른 오버행 리스크가 해소된 만큼 테슬라·ESS 모멘텀이 부각되며 경쟁사 대비 프리미엄을 다시 인정받을 전망.,1
2026-04-08_NH투자증권_LGES,2026-04-08,NH투자증권,LGES,AMPC,-4,"1Q26 AMPC는 1,897억원으로 y-y -59%, q-q -43% 감소했고, 이번 분기부터 AMPC를 매출액에도 반영하기 시작함.",1
2026-04-08_NH투자증권_LGES,2026-04-08,NH투자증권,LGES,배터리판매량,-3,"1Q26 자동차 부문 매출이 q-q -16% 감소하고 ESS 고정비 부담까지 겹쳐 영업이익이 컨센서스를 하회했으나, 매출 자체는 컨센서스를 상회하며 실적 저점을 확인한 것으로 판단.",1
2026-04-08_NH투자증권_LGES,2026-04-08,NH투자증권,LGES,로봇,2,목표주가 산출 시 적용 배수에 휴머노이드 시장 개화 기대를 반영해 다운사이클 평균 대비 10% 할증을 부여함.,7
2026-04-08_iM증권_LGES,2026-04-08,iM증권,LGES,ESS,5,미국 ESS 라인 가동 확대와 AIDC발 수요 증가에 힘입어 ESS가 핵심 성장동력으로 부상하며 1Q26 ESS 출하량이 전분기 대비 35% 증가한 7GWh를 기록했다.,1
2026-04-08_iM증권_LGES,2026-04-08,iM증권,LGES,북미EV,-6,미국 EV 보조금 종료 이후 판매가 5개월 연속 30%대 역성장하며 GM 합작법인 얼티엄셀즈가 상반기 셧다운에 들어가 상반기 미국향 물량이 사실상 없을 것으로 예상된다.,1
2026-04-08_iM증권_LGES,2026-04-08,iM증권,LGES,유럽EV,2,유럽향 EV 배터리 수요는 LFP와 미드니켈 중심으로 점진적인 회복세를 보이며 긍정적 요인으로 작용하고 있다.,1
2026-04-08_iM증권_LGES,2026-04-08,iM증권,LGES,중국경쟁,4,OBBBA 이후 PFE 규제 강화로 중국산 배터리를 활용한 프로젝트 추진이 어려워지며 비중국 공급망을 보유한 동사의 전략적 가치가 높아지고 있다.,1
2026-04-08_iM증권_LGES,2026-04-08,iM증권,LGES,AMPC,0,"1Q26부터 AMPC(약 1,900억원)의 회계 표시 방식이 기타영업수익에서 매출·영업이익 항목으로 변경되어 매출 서프라이즈에 일부 기여했다.",1
2026-04-08_iM증권_LGES,2026-04-08,iM증권,LGES,밸류에이션,2,국내 이차전지 셀·소재 업체들의 EPS 컨센서스 하향 조정 흐름이 마무리 국면에 진입하고 있다는 점에서 매수 의견과 목표주가 56만원을 유지한다.,1
2026-04-08_교보증권_LGES,2026-04-08,교보증권,LGES,AMPC,-6,"1Q26 잠정 영업이익 -2,078억원은 IRA AMPC 세액공제 포함 수치이며, AMPC 제외 시 영업이익은 -3,975억원(OPM -6.1%)으로 저조해 세액공제 효과 없이는 수익성이 크게 약화된다.",1
2026-04-08_교보증권_LGES,2026-04-08,교보증권,LGES,북미EV,-4,자동차전지는 북미 중심으로 수요 회복이 지연되고 고객사 가동률도 낮은 수준을 유지하며 업황 부진이 지속되고 있다.,1
2026-04-08_교보증권_LGES,2026-04-08,교보증권,LGES,소형전지,3,소형전지는 일부 지역의 견조한 수요와 제품 믹스 개선으로 안정적인 흐름을 유지하며 전사 실적을 방어하고 있다.,1
2026-04-08_교보증권_LGES,2026-04-08,교보증권,LGES,ESS,5,ESS는 구조적 성장이 시작되는 구간이나 초기 비용 부담이 존재해 수익성은 점진적으로 개선될 것으로 판단된다.,1
2026-04-08_교보증권_LGES,2026-04-08,교보증권,LGES,전고체,2,중장기적으로 전고체·건식전극·나트륨전지 등 차세대 기술의 현실화 여부가 투자 포인트로 작용할 전망이다.,1
2026-04-08_교보증권_LGES,2026-04-08,교보증권,LGES,로봇,2,로봇 등 신규 응용처가 현실화되는지 여부가 중장기 투자 포인트로 작용할 전망이다.,1
2026-04-08_교보증권_삼성SDI,2026-04-08,교보증권,삼성SDI,소형전지,4,전동공구 중심 수요가 회복되고 AI 데이터센터·휴머노이드향 고객사 확대로 2~4분기 출하 증가가 기대된다.,1
2026-04-08_교보증권_삼성SDI,2026-04-08,교보증권,삼성SDI,ESS,6,일부 EV 라인이 ESS로 전환되고 프로젝트 단위 수주가 확대되며 가동률 상승과 수익성 개선이 이어질 전망이다.,1
2026-04-08_교보증권_삼성SDI,2026-04-08,교보증권,삼성SDI,유럽EV,-6,유럽 OEM 중심으로 중대형(EV) 수요 부진이 지속되어 헝가리 공장 라인 축소 및 전환 등 구조조정이 진행 중이다.,1
2026-04-08_교보증권_삼성SDI,2026-04-08,교보증권,삼성SDI,LFP,2,ESS 가동률 상승과 함께 LFP 밸류체인 강화가 향후 핵심 투자포인트로 제시되었다.,1
2026-04-08_교보증권_삼성SDI,2026-04-08,교보증권,삼성SDI,전고체,2,전고체 관련 기대감이 최근 주가 상승 요인 중 하나로 일부 반영되고 있다.,1
2026-04-08_교보증권_삼성SDI,2026-04-08,교보증권,삼성SDI,로봇,3,고출력 특성이 요구되는 휴머노이드향 고객사 확대가 소형전지 성장 동력으로 언급되었다.,1
2026-04-08_교보증권_삼성SDI,2026-04-08,교보증권,삼성SDI,밸류에이션,3,투자의견 Buy와 목표주가 58만원을 유지하며 재무구조 개선과 ESS 전환 기대를 근거로 제시했다.,1
2026-04-08_다올투자증권_LGES,2026-04-08,다올투자증권,LGES,ESS,6,"1Q26 ESS 매출액이 약 1.6조원(YoY +177%, QoQ +30%)으로 급성장하며 GM향 EV 매출 감소분 대부분을 상쇄했다.",1
2026-04-08_다올투자증권_LGES,2026-04-08,다올투자증권,LGES,AMPC,-4,"1Q26 AMPC 수령액은 1,897억원으로 근래 들어 가장 부진한 수준을 기록했고, ESS向 배분 비중 축소로 실질 효과는 매출 규모 대비 제한적이었다.",1
2026-04-08_다올투자증권_LGES,2026-04-08,다올투자증권,LGES,북미EV,-4,GM향 EV 매출 감소가 1Q26 실적 부진의 주요 원인 중 하나로 작용했다.,1
2026-04-08_다올투자증권_LGES,2026-04-08,다올투자증권,LGES,유럽EV,5,폴란드 공장의 르노향 LFP·폭스바겐향 미드니켈 배터리 공급 개시와 CO2 규제 유예 2년차 진입에 따른 유럽 완성차업체의 EV 공급 확대로 투심 회복이 기대된다.,1
2026-04-08_다올투자증권_LGES,2026-04-08,다올투자증권,LGES,소형전지,4,글로벌 EV업체의 유럽 판매량이 3월 들어 급반등하며 원통형 배터리의 2Q26 추가 원가율 개선이 기대된다.,1
2026-04-08_다올투자증권_LGES,2026-04-08,다올투자증권,LGES,밸류에이션,2,1Q26 실적 부진에도 불구하고 ESS 성장 모멘텀과 유럽 EV 수요 반등을 근거로 투자의견 BUY와 적정주가 55만원을 유지했다.,1
2026-04-08_메리츠증권_LGES,2026-04-08,메리츠증권,LGES,ESS,5,"LFP/삼원계 기반 ESS 적시 공급능력을 바탕으로 시장 점유율 Catch-up이 진행 중이며, 26년 ESS 공헌 매출액은 7.1조원(매출비중 37%)으로 추정.",1
2026-04-08_메리츠증권_LGES,2026-04-08,메리츠증권,LGES,AMPC,0,"1Q26 실적의 특이사항은 회계 표시방식 변경으로 AMPC 1,897억원(-43% QoQ)이 매출액과 영업이익에 동시 반영된 점.",1
2026-04-08_메리츠증권_LGES,2026-04-08,메리츠증권,LGES,배터리판매량,-5,"인식된 AMPC(-43% QoQ)를 환산한 배터리 출하량은 4.0~4.1GWh(-33% QoQ)로 추정되며, 기존 EV 중대형 전지 저율가동 영향으로 시장 예상치를 하회한 영업실적을 기록.",1
2026-04-08_메리츠증권_LGES,2026-04-08,메리츠증권,LGES,북미EV,-3,미국 EV 시장은 2026년 11월 중간선거 이후에나 점진적 변화 가능성을 모색할 것으로 판단.,1
2026-04-08_메리츠증권_LGES,2026-04-08,메리츠증권,LGES,유럽EV,2,EV 시장별 침투율이 아시아 및 유럽에서 상대적으로 개선되며 차별화되는 양상.,1
2026-04-08_메리츠증권_LGES,2026-04-08,메리츠증권,LGES,밸류에이션,4,"영업실적 컨센서스 기준 극단적 바닥은 통과했고, 향후 주가 관건은 생산설비 실질 가동률 반등(4Q25 기준 50%)에 기반한 영업 레버리지 효과가 될 것.",1
2026-04-08_삼성증권_LGES,2026-04-08,삼성증권,LGES,ESS,6,"2026년 북미 ESS 생산능력을 58GWh까지 상향했고 2027년 북미 ESS 수요 135GWh 대비 시장점유율 43%까지 확대될 전망으로, 선제적 현지 생산설비를 바탕으로 경쟁사 대비 빠른 수주를 시현 중.",1
2026-04-08_삼성증권_LGES,2026-04-08,삼성증권,LGES,북미CAPEX,4,GM JV 공장이 6월부터 재가동될 것으로 예상되어 향후 분기 실적이 지속 개선될 전망.,1
2026-04-08_삼성증권_LGES,2026-04-08,삼성증권,LGES,LFP,3,고객사의 ESS 사업 확장 과정에서 LFP 배터리가 ESS 사업에 우선 할당되고 삼원계 배터리는 파생 트림·Standard 트림에 투입되는 전략이 이어지며 동사에 우호적인 물량 배분이 지속될 것으로 전망.,1
2026-04-08_삼성증권_LGES,2026-04-08,삼성증권,LGES,북미EV,5,"미국 선도 전기차업체향 동사의 배터리 점유율이 2024년 23%에서 2025년 29%, 2026년(1~2월 누적) 30%까지 반등하며 개선세가 이어지고 있음.",1
2026-04-08_삼성증권_LGES,2026-04-08,삼성증권,LGES,중국경쟁,5,"동일 고객사향 CATL의 점유율은 2024년 34%에서 2025년 26%, 2026년 23%까지 하락한 반면 동사는 반등하며 경쟁 구도가 동사에 유리하게 전개.",1
2026-04-08_삼성증권_LGES,2026-04-08,삼성증권,LGES,AMPC,0,"IRA AMPC는 1분기 1,897(1,900)억원으로 전분기 대비 43% 감소했으나 여전히 영업손실 완화에 기여했고, 이번 공시부터 회계처리 방식이 매출액 미반영에서 매출액 반영으로 변경(1Q25부터 소급)됨.",3
2026-04-08_삼성증권_LGES,2026-04-08,삼성증권,LGES,밸류에이션,3,"1Q26 잠정 영업이익이 컨센서스는 하회했으나 당사 추정치에는 부합했고, 향후 실적 개선 전망을 근거로 목표주가 510,000원과 BUY 투자의견을 유지.",1
2026-04-08_신영증권_LGES,2026-04-08,신영증권,LGES,AMPC,-4,"AMPC 수취액이 미국 EV 판매 둔화와 얼티엄셀즈 라인 가동 중단 영향으로 전 분기 대비 43% 감소했고, 회계처리 방식 변경으로 이제 매출로 인식됨",1
2026-04-08_신영증권_LGES,2026-04-08,신영증권,LGES,ESS,7,"ESS 매출이 전 분기 대비 30% 증가했고 AMPC 제외 영업이익률도 손익분기점까지 개선되었으며, 올해 ESS 매출은 전년 대비 200% 이상 증가할 전망",1
2026-04-08_신영증권_LGES,2026-04-08,신영증권,LGES,북미CAPEX,4,연말까지 북미 ESS 배터리 CAPA를 60GWh로 확장하는 증설을 가속화하고 있으며 램프업 비용 증가에도 신규 수주 모멘텀이 재조명될 전망,1
2026-04-08_신영증권_LGES,2026-04-08,신영증권,LGES,소형전지,3,"유럽/중국 Tesla 차량 판매 회복에 힘입어 원통형 배터리 위주로 판매가 증가했고, 유럽 공장 가동률도 하반기부터 점진적으로 회복될 전망",1
2026-04-08_신영증권_LGES,2026-04-08,신영증권,LGES,유럽EV,3,"유럽에서 Tesla 판매가 회복되고 고전압 미드니켈·LFP 공급, 산업 가속화 법안 수혜로 유럽 사업 전망이 개선되고 있음",1
2026-04-08_신영증권_LGES,2026-04-08,신영증권,LGES,북미EV,-5,미국 전기차 판매 둔화와 얼티엄셀즈 라인 가동 중단이 AMPC 감소 및 실적 부진의 주된 요인으로 작용,1
2026-04-08_신영증권_LGES,2026-04-08,신영증권,LGES,LFP,3,작년 말부터 유럽 주요 고객향 고전압 미드니켈·LFP 공급을 시작하며 소형전지 부문 성장 동력으로 작용,1
2026-04-08_신한투자증권_LGES,2026-04-08,신한투자증권,LGES,ESS,5,북미 중심 ESS 수요 호조 속 생산능력 확대(26년 기준 57GWh)에 따라 매분기 증익 추세와 실적 성장 본격화가 기대된다.,1
2026-04-08_신한투자증권_LGES,2026-04-08,신한투자증권,LGES,북미EV,-4,"GM JV 가동중단으로 자동차 전지 매출이 부진하고 AMPC 소멸 및 믹스 악화로 영업적자가 확대되었으나, EV 출하량은 연중 상저하고 흐름과 고유가에 따른 회복 기대감이 유효하다.",1
2026-04-08_신한투자증권_LGES,2026-04-08,신한투자증권,LGES,소형전지,4,테슬라향 원통형 배터리 판매가 예상보다 견조하며 양호한 실적을 기록한 것으로 추정된다.,1
2026-04-08_신한투자증권_LGES,2026-04-08,신한투자증권,LGES,AMPC,-5,"AMPC가 1,897억원(-43% QoQ)으로 감소했고 이를 제외할 경우 영업적자가 -3,975억원으로 확대되며, 대부분 EV향이 아닌 ESS향에서 발생한 것으로 추정된다.",1
2026-04-08_키움증권_LGES,2026-04-08,키움증권,LGES,AMPC,-5,"AMPC 효과가 전분기 대비 감소(3,328억원→1,897억원)했으며 북미 GM향 출하량 감소가 주요 요인.",1
2026-04-08_키움증권_LGES,2026-04-08,키움증권,LGES,북미CAPEX,-4,GM Ultium Cells 공장 가동 중단 등 북미 전기차 생산 속도조절·재고조정으로 실적 부담이 지속.,1
2026-04-08_키움증권_LGES,2026-04-08,키움증권,LGES,ESS,6,북미 5개 공장에서 EV 라인을 ESS용 LFP 라인으로 전환 중이며 연간 ESS 신규수주 목표 90GWh 제시로 향후 수주 모멘텀이 유효하다고 판단.,1
2026-04-08_키움증권_LGES,2026-04-08,키움증권,LGES,소형전지,4,Tesla向 중국·유럽 소형전지 판매 증가로 당초 우려보다 양호하게 전분기와 유사한 실적을 기록.,1
2026-04-08_키움증권_LGES,2026-04-08,키움증권,LGES,북미EV,-7,"미국 전기차 세액공제 종료 이후 GM 전기차 인도량이 급감(1Q26 BEV 25,851대, YoY -19%)하며 북미 EV 수요 둔화가 지속.",1
2026-04-08_키움증권_LGES,2026-04-08,키움증권,LGES,유럽EV,4,LFP 및 고전압 미드니켈 등 중저가 배터리 라인업 출시로 유럽 시장 점유율의 점진적 회복 가능성을 제시.,1
2026-04-08_키움증권_LGES,2026-04-08,키움증권,LGES,로봇,3,"휴머노이드 로봇 배터리, 드론 배터리 등 애플리케이션 다변화 효과가 향후 부각될 것으로 전망.",1
2026-04-08_키움증권_LGES,2026-04-08,키움증권,LGES,밸류에이션,3,연초 주가 변동성의 주된 요인인 불확실성이 대부분 선반영됐다고 판단하며 조정 시 매수 전략이 유효하다고 제시.,1
2026-04-08_하나증권_LGES,2026-04-08,하나증권,LGES,북미EV,-6,"GM 얼티엄셀즈 1, 2공장 가동 중단과 고객사 배터리 재고 부담으로 1Q26 EV 배터리 출하가 사실상 없었던 것으로 추정된다.",1
2026-04-08_하나증권_LGES,2026-04-08,하나증권,LGES,ESS,5,"북미 ESS 단독 공장 가동률 상승으로 1Q26 ESS 출하량이 QoQ +10% 증가했고, 2분기부터 ESS 성장이 본격화되며 매출·이익 개선이 가능하다고 판단한다.",1
2026-04-08_하나증권_LGES,2026-04-08,하나증권,LGES,AMPC,-4,"1Q26 AMPC 발생금액(1,897억원)이 예상보다 적어 하나증권 추정 대비 영업적자 폭이 약 200억원 확대됐다.",1
2026-04-08_하나증권_LGES,2026-04-08,하나증권,LGES,밸류에이션,4,"ESS 성장 및 재생에너지+ESS 조합에 대한 기대감을 근거로 목표주가 518,000원과 매수 의견을 유지하며 현 가격에서 매수 접근이 적절하다고 판단한다.",1
2026-04-08_한화투자증권_LGES,2026-04-08,한화투자증권,LGES,ESS,7,"얼티엄셀즈 가동 중단에도 LFP ESS 생산 본격화로 미국 내 출하량 감소 폭이 전분기 대비 소폭에 그쳤고, 캐나다·GM 테네시·Honda 오하이오·미시간 랜싱 등 LFP ESS 전환 라인이 순차 가동되며 출하량과 AMPC의 가파른 우상향이 예상된다",1
2026-04-08_한화투자증권_LGES,2026-04-08,한화투자증권,LGES,AMPC,0,"1Q26부터 회계처리 변경으로 AMPC를 매출액에 포함하기 시작했으며, 실제 AMPC(1,897억원)는 자체 추정치(1,658억원)를 상회했으나 AMPC 제외 영업적자(3,975억원)는 추정치(3,041억원) 대비 확대됐다",1
2026-04-08_한화투자증권_LGES,2026-04-08,한화투자증권,LGES,파우치,-6,GM의 재고 소진 과정에서 얼티엄셀즈 가동 중단 영향으로 2분기에도 파우치 전지 부문의 대규모 적자가 지속될 전망이다,1
2026-04-08_한화투자증권_LGES,2026-04-08,한화투자증권,LGES,북미EV,-3,미국 EV 시장의 부진은 지속되고 있으나 이미 주가에 선반영된 것으로 판단되며 ESS가 그 공백을 빠르게 메우는 중이다,1
2026-04-08_한화투자증권_LGES,2026-04-08,한화투자증권,LGES,유럽EV,3,"유럽 EV 시장의 회복세는 완만하나 지난 3월 발표된 유럽 IAA 영향으로 2028년부터 강력한 반등이 예상되며, 동사는 고전압 미드니켈 및 EV용 LFP 배터리의 본격 공급으로 대응할 계획이다",1
2026-04-08_한화투자증권_LGES,2026-04-08,한화투자증권,LGES,LFP,5,LFP ESS 전환 라인의 순차 가동과 EV용 LFP 배터리 공급 확대가 동사 실적 및 유럽 수요 대응의 핵심 동력으로 제시된다,1
2026-04-08_흥국증권_삼성SDI,2026-04-08,흥국증권,삼성SDI,ESS,7,북미 Stellantis JV와 국내 ESS 생산 가동률(70% 상회)이 안정화되며 ESS 부문 성장이 이익 성장 정상화 및 목표주가 상향의 핵심 근거로 제시됨.,1
2026-04-08_흥국증권_삼성SDI,2026-04-08,흥국증권,삼성SDI,북미CAPEX,-5,북미 Stellantis JV의 xEV 생산 공백이 장기화되며 1Q26 xEV전지 판매량 감소(QoQ -5.6%)의 주요 원인으로 지목됨.,1
2026-04-08_흥국증권_삼성SDI,2026-04-08,흥국증권,삼성SDI,유럽EV,-3,유럽 핵심 고객사향 xEV 물량 축소가 1Q26 xEV전지 매출 감소에 기여할 것으로 전망됨.,1
2026-04-08_흥국증권_삼성SDI,2026-04-08,흥국증권,삼성SDI,소형전지,-4,BBU·전동공구向 수요는 양호하나 60%대의 낮은 가동률로 인한 고정비 부담으로 소형전지 적자 기조가 지속될 전망.,1
2026-04-08_흥국증권_삼성SDI,2026-04-08,흥국증권,삼성SDI,AMPC,4,1Q26 IRA AMPC를 932억원(QoQ +16.8%)으로 추정하며 실적 저점 통과 및 이익 개선에 긍정적으로 기여할 것으로 판단.,1
2026-04-08_흥국증권_삼성SDI,2026-04-08,흥국증권,삼성SDI,밸류에이션,8,"ESS 부문 성장에 기반한 이익 정상화를 근거로 목표주가 산정 방식을 PBR에서 EV/EBITDA로 변경하고 목표주가를 410,000원에서 630,000원으로 상향.",1
2026-04-09_LS증권_LGES,2026-04-09,LS증권,LGES,중국경쟁,-4,관세 등 무역장벽으로 막힌 미국 시장을 제외한 해외시장(특히 유럽)에서 중국 OEM들의 판매량이 확대되며 경쟁이 심화되고 있다.,1
2026-04-09_LS증권_LGES,2026-04-09,LS증권,LGES,유럽EV,-3,국내 셀사의 EV향 주력 공략시장인 유럽에서 중국 셀사와의 경쟁 심화로 '26년 Top Line 성장이 제한되는 요소로 작용할 전망이다.,1
2026-04-09_LS증권_LGES,2026-04-09,LS증권,LGES,북미EV,-3,관세·무역장벽에 막힌 미국 EV 시장 자체의 역성장이 국내 셀사의 핵심 공략시장 부진으로 이어지고 있다.,1
2026-04-09_LS증권_LGES,2026-04-09,LS증권,LGES,ESS,3,"북미 EV 성장 기대감이 ESS로 이어지며 2026년 ESS 매출이 5,656십억원까지 급증할 전망이나, 하반기 ESS의 매출·수익성이 EV향 부진을 얼마나 상쇄하는지가 관건이다.",1
2026-04-09_LS증권_LGES,2026-04-09,LS증권,LGES,AMPC,0,"북미 생산보조금(AMPC)을 기타영업수익에서 매출액 내로 편입하는 회계기준 변경을 발표, 전체 이익에는 영향이 없으나 매출액 수치가 상향 표시되는 효과가 있다.",1
2026-04-09_LS증권_LGES,2026-04-09,LS증권,LGES,밸류에이션,-3,실적(영업이익)은 시장 기대치를 지속적으로 하회하고 있음에도 밸류에이션(PBR)은 오히려 확대되며 주가를 견인하는 실적-주가 괴리가 심화되고 있다고 평가한다.,1
2026-04-09_유안타증권_LGES,2026-04-09,유안타증권,LGES,파우치,-5,"북미향 EV 파우치 셀의 수요 둔화에 따른 가동률 하락과 고정비 부담 가중, EV-to-ESS 라인전환 과도기 비용까지 겹치며 1Q26 영업이익이 컨센서스를 하회했다.",1
2026-04-09_유안타증권_LGES,2026-04-09,유안타증권,LGES,ESS,6,랜싱 사이트 양산 본격화와 AMPC 반영 확대로 연간 ESS 생산능력을 60GWh 이상으로 확대할 예정이며 ESS 중심 외형성장이 2028년까지 지속될 것으로 전망했다.,1
2026-04-09_유안타증권_LGES,2026-04-09,유안타증권,LGES,46파이,3,하반기 46시리즈 오창공장 가동률 확대가 예상되며 실적 개선의 한 축으로 언급했다.,1
2026-04-09_유안타증권_LGES,2026-04-09,유안타증권,LGES,북미CAPEX,3,애리조나 공장의 연말 양산 개시가 하반기 실적 개선을 견인할 요인으로 제시했다.,1
2026-04-09_유안타증권_LGES,2026-04-09,유안타증권,LGES,유럽EV,3,유럽 라인의 Mid-Ni 전환 완료로 가동률 개선세가 연간 지속될 것으로 예상했다.,1
2026-04-09_유안타증권_LGES,2026-04-09,유안타증권,LGES,AMPC,0,"45X Tax Credit(AMPC)이 실적에 크게 기여하고 있는 가운데, 이를 제외한 수익성 정상화 여부를 향후 핵심 투자포인트로 제시했다.",1
2026-04-09_흥국증권_LGES,2026-04-09,흥국증권,LGES,ESS,2,"북미 ESS 생산 라인 Ramp up 효과가 가시화되며 판매량이 QoQ +83.1% 증가했으나, 라인 전환에 따른 초기 비용 부담으로 ESS 영업이익률은 기대치를 하회했다.",1
2026-04-09_흥국증권_LGES,2026-04-09,흥국증권,LGES,북미EV,-7,"미국 EV 수요 급감에 따른 Ultium Cells 생산 중단으로 실적이 큰 폭 감소했고, 최소 상반기까지 재가동 계획이 불분명해 부진이 지속될 전망이다.",1
2026-04-09_흥국증권_LGES,2026-04-09,흥국증권,LGES,유럽EV,3,유럽은 양호한 EV 수요 환경 속 중저가 배터리 공급 효과를 통해 판매량 회복이 점진적으로 나타나는 상황이다.,1
2026-04-09_흥국증권_LGES,2026-04-09,흥국증권,LGES,소형전지,4,Tesla의 아시아 및 유럽 지역 판매량 호조로 계절적 비수기에도 소형전지 판매량이 QoQ +6.0% 증가하며 견조한 수요가 지속됐다.,1
2026-04-09_흥국증권_LGES,2026-04-09,흥국증권,LGES,AMPC,0,2026년부터 IRA AMPC를 매출액으로 인식하고 고객사 공유분을 소거하는 회계방식 변경에 맞춰 AMPC 추정치를 하향 조정했다.,1
2026-04-09_흥국증권_LGES,2026-04-09,흥국증권,LGES,밸류에이션,4,"2027년 예상 EBITDA에 2025년 이후 평균 Target multiple 15배를 적용해 목표주가를 550,000원으로 상향하며 투자의견 Buy를 유지했다.",1
2026-05-04_DB증권_LGES,2026-05-04,DB증권,LGES,46파이,8,46시리즈 수주잔고가 25년 말 300GWh에서 440GWh로 급증했고 Rivian·Benz·체리에 이어 BMW까지 대규모 수주를 확보하며 신규 폼팩터 경쟁력을 재확인했다.,1
2026-05-04_DB증권_LGES,2026-05-04,DB증권,LGES,소형전지,5,"Tesla 신규모델 효과로 1Q26 소형전지 이익률이 mid-single 수준을 유지했고, 2Q26엔 유럽·아시아 출시 확대와 리비안향 출하 개시로 성장세가 이어질 전망이다.",1
2026-05-04_DB증권_LGES,2026-05-04,DB증권,LGES,ESS,5,"1Q26 ESS는 램프업 비용 부담으로 AMPC 제외 시 손익분기점 수준에 그쳤으나, 2Q26엔 북미 생산 안정화로 출하량이 QoQ +50% 늘며 AMPC 포함 mid-single 이익률이 기대된다.",1
2026-05-04_DB증권_LGES,2026-05-04,DB증권,LGES,북미CAPEX,3,애리조나 공장이 2027년 본격 가동될 예정이고 폴란드 일부 라인의 전환도 검토 중이어서 원통형 중심 증설 전략이 이어지고 있다.,1
2026-05-04_DB증권_LGES,2026-05-04,DB증권,LGES,유럽EV,4,2Q26부터 르노향 LFP 및 폭스바겐향 고전압 미드니켈 배터리 출하가 시작되며 유럽 EV향 가동률이 개선될 전망이다.,1
2026-05-04_DB증권_LGES,2026-05-04,DB증권,LGES,북미EV,0,"얼티엄셀즈 가동 중단으로 1Q26 EV 출하량이 줄고 스텔란티스 합작 종료 비용까지 발생했으나, 2Q26부터 일회성 비용이 사라지고 리비안향 출하가 시작되며 적자에서 벗어날 것으로 기대된다.",1
2026-05-04_DB증권_LGES,2026-05-04,DB증권,LGES,AMPC,4,"1Q26 AMPC는 1,897억원으로 전분기 대비 줄었지만 2Q26엔 2,925억원(+54%QoQ)으로 확대되며 실적 개선에 기여할 전망이다.",1
2026-05-04_DS투자증권_LGES,2026-05-04,DS투자증권,LGES,소형전지,5,고객사 신차 효과에 따른 2170 및 46시리즈 출하 본격화로 소형전지 실적 성장이 지속되고 있어 주가 동인으로서 더 주목할 필요가 있다.,1
2026-05-04_DS투자증권_LGES,2026-05-04,DS투자증권,LGES,46파이,7,테슬라 건식공정 개발 진전과 옵티머스향 채택 가능성으로 46시리즈 수주잔고가 25년말 300GWh에서 26년 4월 440GWh로 빠르게 확대되고 있다.,1
2026-05-04_DS투자증권_LGES,2026-05-04,DS투자증권,LGES,ESS,3,ESS는 매출 성장을 지속하고 있으나 북미 램프업 초기 비용 부담으로 1Q26 수익성은 오히려 악화되었고 2Q26부터 개선을 기대한다.,1
2026-05-04_DS투자증권_LGES,2026-05-04,DS투자증권,LGES,북미EV,-5,북미 EV 보조금 철폐에 따른 업황 둔화로 중대형 EV 매출이 큰 폭 감소했으나 스텔란티스 JV 청산 보상금 인식으로 적자폭은 축소되었다.,1
2026-05-04_DS투자증권_LGES,2026-05-04,DS투자증권,LGES,AMPC,-5,"AMPC는 북미 EV 업황 둔화 영향으로 1Q26 1,898억원까지 감소(-43% QoQ, -59% YoY)했다.",1
2026-05-04_DS투자증권_LGES,2026-05-04,DS투자증권,LGES,전고체,3,옵티머스는 에너지밀도 확보를 위한 전고체 채택 유인이 낮아 기존 원통형(2170/4680) 공급망의 연속성이 높다고 판단한다.,1
2026-05-04_DS투자증권_LGES,2026-05-04,DS투자증권,LGES,OEM보상금,5,북미 EV 업황 둔화로 중대형 EV 매출이 큰 폭 감소했으나 스텔란티스 JV 청산 보상금 인식으로 적자폭이 축소된 점을 긍정적으로 평가.,1
2026-05-04_IBK투자증권_LGES,2026-05-04,IBK투자증권,LGES,AMPC,-2,AMPC 회계 표기 방법 변경(매출 편입)과 북미 OEM 보상금 수령으로 1Q26 매출액이 컨센서스를 크게 상회했으나 영업이익은 오히려 하회하는 등 실적 해석에 유의가 필요.,1
2026-05-04_IBK투자증권_LGES,2026-05-04,IBK투자증권,LGES,ESS,7,북미 신규 생산 사이트인 랜싱과 UC2가 2분기부터 양산을 시작하며 ESS 매출이 QoQ +50% 증가할 것으로 전망되고 글로벌 ESS CAPA 60GWh를 확보.,1
2026-05-04_IBK투자증권_LGES,2026-05-04,IBK투자증권,LGES,북미CAPEX,1,"2026년 Capex는 YoY 약 -40% 축소를 추진하는 가운데서도 북미 ESS 신규 사이트(랜싱, UC2)는 예정대로 가동을 시작.",4
2026-05-04_IBK투자증권_LGES,2026-05-04,IBK투자증권,LGES,46파이,6,EV향 46시리즈 원통형 수주잔고가 2025년 말 300+GWh에서 2026년 4월 440+GWh로 지속 증가.,4
2026-05-04_IBK투자증권_LGES,2026-05-04,IBK투자증권,LGES,소형전지,4,북미 EV 수요 둔화 상황에서도 T사향 원통형 전지 출하 확대로 소형전지 매출이 안정적으로 성장하며 연내 지속적인 매출 증가에 기여.,1
2026-05-04_IBK투자증권_LGES,2026-05-04,IBK투자증권,LGES,북미EV,-3,북미 EV 수요는 2026년 상반기 내 부진할 것으로 전망되며 1Q26 손익 악화 요인으로 작용.,1
2026-05-04_IBK투자증권_LGES,2026-05-04,IBK투자증권,LGES,유럽EV,4,2Q26에는 유럽향 EV 수요를 중심으로 판매가 증가하며 실적 개선을 이끌 것으로 전망.,1
2026-05-04_IBK투자증권_LGES,2026-05-04,IBK투자증권,LGES,밸류에이션,3,"투자의견 매수와 목표주가 560,000원을 유지하며 2026년 매출 가이던스(YoY +15~20%) 달성 가능성에 무게를 둠.",1
2026-05-04_IBK투자증권_LGES,2026-05-04,IBK투자증권,LGES,OEM보상금,2,"북미 OEM 보상금 수령으로 1Q26 매출액이 컨센서스를 크게 상회했으나 영업이익은 오히려 하회해, 보상금 효과의 실적 해석에 유의가 필요하다고 판단.",1
2026-05-04_IBK투자증권_SK온,2026-05-04,IBK투자증권,SK이노베이션,밸류에이션,8,"정유·화학사업 실적 개선(공급 충격에 따른 마진 구조적 지지, 래깅효과)을 반영해 목표주가를 165,000원에서 200,000원으로 상향했다.",1
2026-05-04_NH투자증권_LGES,2026-05-04,NH투자증권,LGES,ESS,5,ESS 팩공장 병목(숙련 노동자 부족) 해소로 하반기부터 턴어라운드가 예상되며 2Q26 ESS 매출은 +45% q-q로 전망됨.,1
2026-05-04_NH투자증권_LGES,2026-05-04,NH투자증권,LGES,유럽EV,6,테슬라를 포함한 유럽 EV 수요 회복이 본격화되며 2Q26 유럽 EV 매출은 +40% q-q로 가파른 회복이 전망됨.,1
2026-05-04_NH투자증권_LGES,2026-05-04,NH투자증권,LGES,북미EV,3,"현재는 경쟁사 대비 큰 미국 EV 노출도가 주가 부담 요인이나, 하반기 미국 선거 시즌 정책 기대감이 커지며 오히려 반전 요인이 될 것으로 전망.",1
2026-05-04_NH투자증권_LGES,2026-05-04,NH투자증권,LGES,밸류에이션,4,경쟁사(삼성SDI) 대비 벌어진 밸류에이션 역전이 하반기 실적 개선과 함께 해소될 것으로 기대.,1
2026-05-04_NH투자증권_LGES,2026-05-04,NH투자증권,LGES,소형전지,3,테슬라의 유럽/아시아 견조한 판매와 고유가에 따른 E-BIKE 판매 호조의 낙수효과로 소형전지 판매 개선이 기대됨.,1
2026-05-04_교보증권_LGES,2026-05-04,교보증권,LGES,ESS,6,ESS 생산 거점 확대와 북미 고객 수요 대응으로 ESS 매출 비중이 빠르게 확대되며 향후 실적 성장의 핵심 축으로 부상하는 국면.,1
2026-05-04_교보증권_LGES,2026-05-04,교보증권,LGES,46파이,5,46시리즈 수주잔고 440GWh를 기반으로 원통형 매출 가속화가 중장기 성장 모멘텀으로 제시됨.,1
2026-05-04_교보증권_LGES,2026-05-04,교보증권,LGES,AMPC,-4,"북미 EV 물량 감소 영향으로 1Q26 AMPC가 1,898억원(QoQ -40%)에 그치며 수익성에 부담으로 작용.",1
2026-05-04_교보증권_LGES,2026-05-04,교보증권,LGES,북미CAPEX,3,ESS 생산 거점(캐파) 확대에 따른 초기 램프업 비용이 단기 실적엔 부담이나 중장기 ESS 성장 기반을 마련하는 투자로 평가.,1
2026-05-04_교보증권_LGES,2026-05-04,교보증권,LGES,파우치,-5,북미 EV 파우치 물량 감소에 따른 제품 믹스 악화가 1Q26 영업적자 지속의 주요 원인으로 지목됨.,1
2026-05-04_교보증권_LGES,2026-05-04,교보증권,LGES,북미EV,-6,북미 EV 수요 부진이 이어지며 중대형전지(EV) 부문 매출과 수익성이 큰 폭으로 저하되는 추세가 지속.,1
2026-05-04_교보증권_LGES,2026-05-04,교보증권,LGES,소형전지,3,안정적인 원통형 출하가 실적을 방어하며 EV 부진 속에서도 견조한 수익성을 유지.,1
2026-05-04_교보증권_LGES,2026-05-04,교보증권,LGES,밸류에이션,-3,"모회사(LG화학) 지분 매각 관련 오버행 우려와 ESS 초기 램프업 비용 부담으로 주가 상승이 제한적이나 투자의견 Buy와 목표주가 570,000원은 유지.",1
2026-05-04_다올투자증권_LGES,2026-05-04,다올투자증권,LGES,ESS,7,"미국의 중국산 ESS 수입 견제가 시작되며 한국 셀 업체의 사실상 수주 독점 구간이 지속될 전망이고, ESS는 동사 기업가치의 장기 Catalyst로 작용할 가능성이 확인됐다.",1
2026-05-04_다올투자증권_LGES,2026-05-04,다올투자증권,LGES,북미CAPEX,5,북미 ESS Capa를 50GWh까지 늘리며 라인전환에 따른 고정비 부담이 상존하지만 연간 AMPC 대상 ESS 물량은 2025년 5GWh에서 2026년 23GWh로 급증할 전망이다.,5
2026-05-04_다올투자증권_LGES,2026-05-04,다올투자증권,LGES,AMPC,-3,"1Q26 AMPC는 약 1,900억원으로 미국 ESS 공급구조상 고객사와 약 30%를 공유해 ESS 신규 매출 반등에 따른 마진 기여는 다소 부진했다.",1
2026-05-04_다올투자증권_LGES,2026-05-04,다올투자증권,LGES,유럽EV,4,"EV사업은 유럽 중심으로 배터리 출하 회복이 나타나기 시작했고, 동사는 EV사업 정상화 레버리지가 높아 2Q26을 중심으로 어닝 회복이 기대된다.",1
2026-05-04_다올투자증권_LGES,2026-05-04,다올투자증권,LGES,북미EV,-4,"GM향 EV 배터리 공급 부진과 EV용 배터리 소진 장기화로 북미 어닝 회복은 지연되고 있으며, 회복은 유럽 및 아시아/원통형 중심으로 전개될 전망이다.",1
2026-05-04_다올투자증권_LGES,2026-05-04,다올투자증권,LGES,중국경쟁,6,미국의 중국산 ESS 수입 견제로 미국 시장내 한국 셀 업체의 사실상 수주 독점 구간이 지속될 것으로 예상된다.,1
2026-05-04_다올투자증권_LGES,2026-05-04,다올투자증권,LGES,소형전지,5,전기차 수요의 턴어라운드가 2월을 기점으로 확인되며 원통형 전지 주력 고객사의 수요가 탄력적으로 상승하는 흐름이 나타나고 있다.,1
2026-05-04_메리츠증권_LGES,2026-05-04,메리츠증권,LGES,46파이,6,"기존 2170 외 46시리즈 등 원통형 제품 및 케미스트리 Mix 선점 효과, 고객사 시장 지배력 확대에 힘입어 EV 원통형 출하가 호조를 보이고 있다.",1
2026-05-04_메리츠증권_LGES,2026-05-04,메리츠증권,LGES,ESS,7,ESS는 꾸준한 성장 흐름을 지속 중이며 2026년 매출액 대비 공헌 비중이 24%까지 확대되며 생산설비 가동률 반등을 이끌 개연성이 있다.,1
2026-05-04_메리츠증권_LGES,2026-05-04,메리츠증권,LGES,LFP,3,북미 LFP 배터리 기반 ESS 시장 점유율 확보가 단기 실적의 핵심 변수 중 하나로 꼽힌다.,1
2026-05-04_메리츠증권_LGES,2026-05-04,메리츠증권,LGES,AMPC,2,"2Q26 영업이익 1,199억원에는 AMPC 2,284억원이 포함되어 있으며, 2026년 연간 영업이익 1.0조원 중 AMPC는 1.3조원으로 추정된다.",1
2026-05-04_메리츠증권_LGES,2026-05-04,메리츠증권,LGES,북미EV,0,"당분간 GM 전기차 전략은 부재하나 지난 3개월간의 판매량은 바닥을 잡아가는 흐름으로 판단되며, 에너지 대전환 시점에 북미 전기차 판매량 반등 개연성이 마련되고 있다.",1
2026-05-04_메리츠증권_LGES,2026-05-04,메리츠증권,LGES,유럽EV,3,에너지 대전환 시점을 맞아 EU 전기차 판매량 반등 개연성이 마련된 점을 기회 요인으로 제시했다.,1
2026-05-04_메리츠증권_LGES,2026-05-04,메리츠증권,LGES,관세,3,지정학 Risk라는 변수가 되려 LG에너지솔루션을 비롯한 국내 배터리 Value-chain에 EV/ESS 외 방산 등 수요 확장성을 열어주고 있다.,1
2026-05-04_미래에셋증권_LGES,2026-05-04,미래에셋증권,LGES,ESS,6,ESS 성장성은 여전히 유효하며 전사 매출 내 ESS 비중이 1Q26 26%에서 4Q26 47%까지 빠르게 확대될 것으로 전망.,1
2026-05-04_미래에셋증권_LGES,2026-05-04,미래에셋증권,LGES,소형전지,6,Tesla向 원통형 배터리 출하량이 예상 대비 긍정적이어서 26년/27년 소형 사업부 매출 추정치를 기존 대비 +11%/+14% 상향 조정.,1
2026-05-04_미래에셋증권_LGES,2026-05-04,미래에셋증권,LGES,유럽EV,3,EV 부진을 주도하던 유럽 향 출하량이 개선되며 점진적 회복 국면에 진입할 것으로 판단.,1
2026-05-04_미래에셋증권_LGES,2026-05-04,미래에셋증권,LGES,북미EV,3,북미 출하량이 바닥에 수렴하는 가운데 미국-이란 전쟁에 따른 유가 상승이 글로벌 EV 구매심리를 개선시킬 것으로 판단.,1
2026-05-04_미래에셋증권_LGES,2026-05-04,미래에셋증권,LGES,AMPC,4,2Q26 흑자전환의 핵심 요인 중 하나로 EV 보상금(AMPC) 수령 지속을 제시.,1
2026-05-04_미래에셋증권_LGES,2026-05-04,미래에셋증권,LGES,밸류에이션,7,목표주가를 기존 52만원에서 58만원으로 12% 상향 조정하며 상승여력 26%를 제시.,1
2026-05-04_신영증권_LGES,2026-05-04,신영증권,LGES,AMPC,5,AMPC 회계처리 방식이 매출 인식으로 변경됐고 ESS 기반 미국 배터리 출하 확대로 AMPC가 2026년에도 견조하게 증가하며 이익 개선을 뒷받침할 전망이다.,1
2026-05-04_신영증권_LGES,2026-05-04,신영증권,LGES,ESS,6,"북미 ESS 라인 전환과 배터리 팩 생산 병목 해소로 2026년 ESS 매출이 전년 대비 227% 급증할 전망이나, 고정비 부담 속 수익성 개선 추이는 지켜볼 필요가 있다.",1
2026-05-04_신영증권_LGES,2026-05-04,신영증권,LGES,46파이,5,4월말 기준 46파이 수주 잔고가 440GWh를 상회하고 연말 애리조나 원통형 공장 가동을 통해 내년부터 실적 기여가 예상된다.,2
2026-05-04_신영증권_LGES,2026-05-04,신영증권,LGES,북미CAPEX,4,얼티엄셀즈 2공장 및 랜싱 공장 라인 가동 등 북미 생산능력 확대가 2분기 이후 ESS·소형 매출 성장을 견인할 것으로 판단된다.,1
2026-05-04_신영증권_LGES,2026-05-04,신영증권,LGES,북미EV,-5,"GM 생산 중단과 북미 전기차 배터리 JV(얼티엄셀즈) 청산 관련 일회성 비용, 미국 전기차 수요 위축으로 자동차전지 부문 단기 턴어라운드 가시성은 낮다.",1
2026-05-04_신영증권_LGES,2026-05-04,신영증권,LGES,유럽EV,4,유럽 주요 고객향 미드니켈 및 신제품 납품이 늘며 2027년부터 폴란드 공장이 70% 이상 가동률을 회복할 것으로 전망된다.,2
2026-05-04_신영증권_LGES,2026-05-04,신영증권,LGES,소형전지,4,Tesla향 견조한 판매가 이어지며 1분기에 이어 2분기에도 소형전지 매출 증가세가 유지될 전망으로 기존 예상을 상회했다.,1
2026-05-04_신영증권_LGES,2026-05-04,신영증권,LGES,밸류에이션,6,2027년 예상 EBITDA에 글로벌 셀 메이커 대비 20% 할증한 EV/EBITDA 19배를 적용해 목표주가를 기존 대비 8% 상향한 64만원으로 제시했다.,3
2026-05-04_신한투자증권_LGES,2026-05-04,신한투자증권,LGES,밸류에이션,7,"실적 추정치 상향(+4%) 및 목표 멀티플 변경(17.2배)을 반영해 목표주가를 600,000원(+18%)으로 상향하며 방향성은 아래보다 위라고 평가.",1
2026-05-04_신한투자증권_LGES,2026-05-04,신한투자증권,LGES,ESS,6,미국 3월 누적 유틸리티용 ESS 설치량이 전년동기대비 84% 성장하는 등 ESS 수요 고성장세가 지속되고 있다고 평가.,1
2026-05-04_신한투자증권_LGES,2026-05-04,신한투자증권,LGES,북미CAPEX,7,북미 ESS 생산능력이 2026년말 50GWh 이상으로 확대되어 연간 큰 폭의 외형 성장(+267%)이 가능할 것으로 전망.,1
2026-05-04_신한투자증권_LGES,2026-05-04,신한투자증권,LGES,북미EV,-4,EV 배터리는 북미 시장 부진 영향으로 전년대비 실적 둔화가 불가피하다고 평가.,1
2026-05-04_신한투자증권_LGES,2026-05-04,신한투자증권,LGES,유럽EV,3,고전압 미드니켈 및 LFP 공급 확대로 유럽 판매량 회복이 예상되며 상저하고 흐름을 전망.,1
2026-05-04_신한투자증권_LGES,2026-05-04,신한투자증권,LGES,소형전지,4,북미 EV 고객사의 견조한 신차 판매로 원통형 출하량이 늘며 소형전지 영업이익이 +5%(QoQ) 증가.,1
2026-05-04_신한투자증권_LGES,2026-05-04,신한투자증권,LGES,파우치,-2,비수기 영향으로 파우치 전지 매출과 물량이 부진했다고 평가.,1
2026-05-04_신한투자증권_LGES,2026-05-04,신한투자증권,LGES,AMPC,-3,1Q26 자동차전지는 AMPC 소멸 및 저율 가동 영향으로 영업적자가 지속됐다고 평가.,1
2026-05-04_신한투자증권_LGES,2026-05-04,신한투자증권,LGES,46파이,4,46시리즈 수주 확대 및 차세대 기술 조기 확보까지 감안하면 주가 방향성은 아래보다 위라고 판단.,1
2026-05-04_키움증권_LGES,2026-05-04,키움증권,LGES,북미CAPEX,6,북미 유휴 CAPA를 EV에서 ESS로 빠르게 전환해 2026년 중 북미 지역 내 50GWh 이상의 ESS CAPA를 확충할 예정이며 연중 90GWh 신규 ESS 수주 확보 계획도 유효해 향후 수혜 기대감이 높아질 것으로 전망된다.,1
2026-05-04_키움증권_LGES,2026-05-04,키움증권,LGES,ESS,6,2Q26 ESS 부문은 북미 신규 생산시설 가동 확대와 배터리 팩 생산 병목의 점진적 완화로 전분기 대비 50%QoQ의 큰 폭 매출 성장이 기대된다.,1
2026-05-04_키움증권_LGES,2026-05-04,키움증권,LGES,AMPC,5,"2026년 1분기부터 AMPC를 사업부문별 매출액·영업이익에 포함하는 회계 표기 방법으로 변경되었고, 2분기 AMPC 수취 금액 확대(2,772억원 추정)가 흑자전환의 주요 동력으로 작용할 전망이다.",1
2026-05-04_키움증권_LGES,2026-05-04,키움증권,LGES,북미EV,-5,지속되는 Ultium Cells 가동 중단(EV 라인)으로 북미 EV용 배터리 판매가 감소해 제품 믹스가 악화되었고 이는 1Q26 수익성 부진의 주요 원인 중 하나였다.,1
2026-05-04_키움증권_LGES,2026-05-04,키움증권,LGES,46파이,5,Rivian/Chery 향 46시리즈 출하가 시작된 가운데 금번 실적 발표를 통해 유럽 OEM으로부터 대규모 수주를 확보하는 등 고객 및 제품 포트폴리오 다변화가 본격화되고 있다.,1
2026-05-04_키움증권_LGES,2026-05-04,키움증권,LGES,밸류에이션,3,"연초 Ultium Cells 가동 중단, 오버행 우려 등으로 추정치 하향과 주가 조정을 겪었으나 불확실성 대부분이 이미 주가에 선반영된 것으로 판단되어 조정 시 매수 전략이 유효하다.",1
2026-05-04_하나증권_LGES,2026-05-04,하나증권,LGES,ESS,-4,"미국 현지 ESS 셀 생산 증가 속도를 팩 공장 증설이 따라가지 못해 1Q26 ESS 매출 확대폭이 예상보다 축소됐고, AMPC 제외 기준으로는 적자가 지속됐다.",1
2026-05-04_하나증권_LGES,2026-05-04,하나증권,LGES,AMPC,4,"2분기 흑자 전환에 AMPC 증가 효과가 기여할 전망이며, ESS 시장 확대에 따라 AMPC를 감안해도 2028년 ESS 이익 추정치를 상향할 수 있다고 판단했다.",1
2026-05-04_하나증권_LGES,2026-05-04,하나증권,LGES,북미CAPEX,-4,"미국 전기차 보조금 폐지와 GM 배터리 JV 가동 중단으로 대형 자동차전지 부문 매출이 줄었고, GM향 북미 EV 비즈니스 부진은 2분기에도 지속 불가피하다.",1
2026-05-04_하나증권_LGES,2026-05-04,하나증권,LGES,밸류에이션,6,"매출 QoQ 흐름과 ESS 수익성·수주 흐름을 고려할 때 단기 상승에도 주가 하방 압력이 제한적이라 보고 목표주가를 530,000원(목표시총 124조원)으로 상향, 매수 의견을 유지했다.",1
2026-05-04_한화투자증권_LGES,2026-05-04,한화투자증권,LGES,ESS,8,"2분기 라인 전환을 마친 공장들의 본격 가동으로 ESS 출하량이 QoQ 40~50% 급증하고, 얼티엄셀즈 JV 2기·미시간 랜싱(2분기)과 혼다 JV·스텔란티스 추가 라인(3분기)이 순차 가동되며 분기별 고성장세가 지속될 전망이다",1
2026-05-04_한화투자증권_LGES,2026-05-04,한화투자증권,LGES,46파이,5,Tesla향 견조한 수요에 더해 46-Series 판매 및 신규 수주 증가세가 소형전지 부문의 견고한 실적을 지속시키는 핵심 동력으로 제시된다,1
2026-05-04_한화투자증권_LGES,2026-05-04,한화투자증권,LGES,AMPC,3,"1분기 자동차전지·ESS 부문의 대규모 적자에도 AMPC(1,897억원) 반영으로 완충됐으며, 2분기 이후 ESS 출하량 확대와 함께 AMPC 수혜 규모도 지속 확대될 전망이다",1
2026-05-04_한화투자증권_LGES,2026-05-04,한화투자증권,LGES,북미CAPEX,-3,"얼티엄셀즈 가동 중단으로 1분기 자동차전지 출하량이 QoQ 20% 이상 하락했고 STLA JV 청산에 따른 일회성 비용까지 발생했으나, 2분기 말부터 얼티엄셀즈 라인이 재가동될 예정이며 유럽·인도네시아 공장 가동률도 회복 중이다",1
2026-05-04_한화투자증권_LGES,2026-05-04,한화투자증권,LGES,유럽EV,5,"유럽 시장에서 고전압 미드니켈 및 LFP 제품을 필두로 가동률 회복세가 뚜렷하며, 유럽 IAA 수혜에 따른 중장기 회복 가시성도 확보됐다",1
2026-05-04_한화투자증권_LGES,2026-05-04,한화투자증권,LGES,밸류에이션,8,"ESS 고성장, 자동차전지 가동률 회복, 소형전지 46-Series 확대가 맞물려 확실한 턴어라운드 구간에 진입했다고 판단해 목표주가를 직전 50만원에서 60만원으로 상향 조정했다",1
2026-05-04_현대차증권_LGES,2026-05-04,현대차증권,LGES,ESS,-4,"북미 ESS 사업의 빠른 확장에 따른 램프업 비용이 예상보다 커 1Q26 ESS 수익성이 컨센서스를 하회했으나, 비용 부담은 점진적으로 완화되고 2Q26엔 물량 보상금 반영으로 흑자전환할 전망이다.",1
2026-05-04_현대차증권_LGES,2026-05-04,현대차증권,LGES,AMPC,5,ESS 출하량 증대에 따라 매 분기 AMPC 반영 규모가 지속 증가할 전망이며 애리조나 공장 가동에 힘입어 2027년에도 의미 있게 확대될 것으로 본다.,1
2026-05-04_현대차증권_LGES,2026-05-04,현대차증권,LGES,북미CAPEX,3,2026년 말 미국 애리조나 공장 가동 시점이 고유가 장기화 국면과 맞물려 긍정적이라고 평가한다.,1
2026-05-04_현대차증권_LGES,2026-05-04,현대차증권,LGES,북미EV,2,미국에서도 중고 전기차 판매 강세 등 수요 개선 여지가 있는 것으로 판단한다.,1
2026-05-04_현대차증권_LGES,2026-05-04,현대차증권,LGES,유럽EV,2,고유가 여파로 유럽 전기차 판매 호조가 기대된다고 언급했다.,1
2026-05-04_현대차증권_LGES,2026-05-04,현대차증권,LGES,소형전지,5,Tesla 판매량 호조가 지속되며 원통형 배터리 강세가 이어질 것으로 전망한다.,1
2026-05-04_현대차증권_LGES,2026-05-04,현대차증권,LGES,밸류에이션,7,"미국내 ESS 성장성이 부각되며 국내 전력기기 업체 대비 프리미엄(14.4%→34.8%)을 확대 적용해 목표주가를 540,000원에서 600,000원으로 상향했다.",1
2026-05-04_현대차증권_LGES,2026-05-04,현대차증권,LGES,OEM보상금,5,1Q26 ESS 수익성은 램프업 비용으로 부진했으나 2Q26 물량 보상금 반영으로 흑자전환할 전망이라며 보상금 효과를 긍정적으로 평가.,1
2026-05-06_대신증권_LGES,2026-05-06,대신증권,LGES,ESS,8,북미 ESS 가동률이 2026년 54%에서 2027년 92%로 상승하며 kWh당 매출·AMPC 레버리지가 커 전사 실적을 견인할 것으로 전망.,1
2026-05-06_대신증권_LGES,2026-05-06,대신증권,LGES,북미CAPEX,8,2026년 미국 ESS Capa를 20→50GWh로 확대하며 2025년말 북미 ESS 수주잔고 140GWh를 근거로 2029년까지 수주 창고가 꽉 차 있다고 평가.,1
2026-05-06_대신증권_LGES,2026-05-06,대신증권,LGES,AMPC,6,ESS는 kWh당 $45의 AMPC 보조금을 수취해 EV 대비 이익 레버리지 효과가 크다고 판단.,1
2026-05-06_대신증권_LGES,2026-05-06,대신증권,LGES,밸류에이션,5,2027년 EBITDA 9.4조원에 캐즘 본격화 이후(2023~26년) 평균 12MF EV/EBITDA 16.2배를 적용해 목표주가 65만원(상승여력 41.8%)을 산출.,2
2026-05-06_대신증권_삼성SDI,2026-05-06,대신증권,삼성SDI,밸류에이션,7,"SOTP 방식(영업가치 82조원+비영업가치 2조원-순차입금)으로 목표주가 92만원을 산출하고 북미 ESS Q효과, LFP 선제 확보, AMPC 레버리지를 반영해 대형전지 20%/소형전지 10% 밸류에이션 프리미엄을 부여, 업종 내 Top Picks로 제시.",1
2026-05-06_대신증권_삼성SDI,2026-05-06,대신증권,삼성SDI,ESS,8,2026년 북미 ESS Capa를 8→29GWh로 확대하고 가동률도 2026년 30%에서 2027년 80%로 높이며 전사 실적을 견인할 것으로 전망.,1
2026-05-06_대신증권_삼성SDI,2026-05-06,대신증권,삼성SDI,LFP,6,엘앤에프와 1.6조원 규모 장기 공급계약을 통해 비중국 LFP 양극재 물량을 선제 확보함으로써 미국 영업에서 우위를 가져갈 것으로 예상.,1
2026-05-06_대신증권_삼성SDI,2026-05-06,대신증권,삼성SDI,AMPC,7,"ESS 중심 AMPC 수령액이 25년 2,750억원에서 26년 6,730억원, 27년 1.7조원으로 급증하며 이익 레버리지 효과가 클 것으로 전망.",1
2026-05-06_대신증권_삼성SDI,2026-05-06,대신증권,삼성SDI,전고체,5,2027년 전고체전지 양산을 계획 중이며 이는 경쟁사 대비 2년가량 빠른 속도로 기술 우위가 부각될 것으로 평가.,1
2026-05-06_대신증권_삼성SDI,2026-05-06,대신증권,삼성SDI,유럽EV,3,유럽 내 중국 전기차 점유율 확대 우려에도 BMW/VW 등 프리미엄 OEM 중심 포트폴리오로 YoY 기저 부담이 크지 않다고 평가.,1
2026-05-06_대신증권_삼성SDI,2026-05-06,대신증권,삼성SDI,북미EV,3,기존 북미 EV Exposure가 크지 않았기 때문에 미국 IRA 보조금 폐지에 따른 EV 실적 부담은 제한적이라고 평가.,1
2026-05-06_대신증권_삼성SDI,2026-05-06,대신증권,삼성SDI,로봇,2,전고체 배터리 양산 초기인 2027년 하반기에는 로봇/휴머노이드向으로 우선 공급할 계획.,4
2026-05-06_유안타증권_LGES,2026-05-06,유안타증권,LGES,ESS,6,"랜싱, UC2(애리조나) 신규 생산거점의 2분기 양산 개시로 ESS 매출이 전분기 대비 50% 이상 급증하고 매출 비중이 1분기 26%에서 4분기 47%로 확대되며 2026년 약 10조원, 2027년 약 13조원까지 성장할 것으로 전망했다.",1
2026-05-06_유안타증권_LGES,2026-05-06,유안타증권,LGES,북미CAPEX,5,북미 신규 생산 거점인 랜싱과 UC2(애리조나)가 2분기부터 양산을 시작하면서 2Q26E 흑자전환을 견인할 핵심 요인으로 제시했다.,1
2026-05-06_유안타증권_LGES,2026-05-06,유안타증권,LGES,유럽EV,3,유럽 정책 모멘텀 고려 시 대부분 소형 EV·PHEV 중심의 EV 수요가 기대되어 유럽 플랜트 가동률 개선이 더 가팔라질 것으로 예상했다.,1
2026-05-06_유안타증권_LGES,2026-05-06,유안타증권,LGES,LFP,3,이미 LFP와 Mid-Ni로의 라인 전환을 완료해 유럽 고전압 Mid-Ni 하이브리드 수요 중심의 개선세가 기대된다고 밝혔다.,1
2026-05-06_유안타증권_LGES,2026-05-06,유안타증권,LGES,밸류에이션,6,"경쟁사 대비 저조한 실적, LG화학 지분매각 이슈 등 그동안의 불확실성이 완화된 현 시점에서 상대적 투자매력도가 높다는 판단하에 목표주가를 531,000원에서 574,000원으로 상향했다.",1
2026-05-06_유안타증권_삼성SDI,2026-05-06,유안타증권,삼성SDI,AMPC,5,하반기 AMPC 규모가 확대되며 1Q26 BESS 흑자전환과 2027년 연간 AMPC 1.3조원 수준 발표로 외형 및 이익 성장이 가속화될 것으로 전망한다.,1
2026-05-06_유안타증권_삼성SDI,2026-05-06,유안타증권,삼성SDI,유럽EV,7,"유럽 가동률이 4Q25 40%대에서 1Q26 50% 이상으로 개선되고, 2분기부터 현대차 볼륨존 모델(EV3, 아이오닉2)향 양산이 추가되며 벤츠와의 배터리 공급계약(업계 추정 최대 10조원)으로 독일 프리미엄 3사 풀라인업을 확보했다.",1
2026-05-06_유안타증권_삼성SDI,2026-05-06,유안타증권,삼성SDI,ESS,5,북미향 BESS도 외형 성장이 이미 시작되었으며 하반기 AMPC 확대와 함께 실적 본격화가 기대된다.,1
2026-05-06_유안타증권_삼성SDI,2026-05-06,유안타증권,삼성SDI,밸류에이션,8,"2027, 2028년 EV·ESS 부문 실적 상향 조정을 반영해 목표주가를 620,000원에서 913,000원으로 상향 조정했다.",1
2026-05-06_유진투자증권_LGES,2026-05-06,유진투자증권,LGES,밸류에이션,7,"목표주가를 550,000원('26F EV/EBITDA 27배)으로 직전(480,000원) 대비 상향하며 투자의견 BUY를 유지.",1
2026-05-06_유진투자증권_LGES,2026-05-06,유진투자증권,LGES,ESS,6,ESS 수주잔고가 2025년말 기준 140GWh이며 매출 비중이 연말까지 35% 이상으로 확대되는 등 실적을 견인할 핵심 성장동력으로 평가.,1
2026-05-06_유진투자증권_LGES,2026-05-06,유진투자증권,LGES,46파이,3,원통형 46시리즈 수주잔고가 올해 4월말 기준 440+GWh로 연초(300+GWh) 대비 40% 이상 급증했으나 초기 램프업 비용 부담이 단기 수익성을 낮췄다고 평가.,1
2026-05-06_유진투자증권_LGES,2026-05-06,유진투자증권,LGES,AMPC,-4,"GM 공장 셧다운으로 EV 파우치 물량이 감소해 1Q26 AMPC가 전분기 대비 43% 급감(1,900억원)했다고 평가.",1
2026-05-06_유진투자증권_LGES,2026-05-06,유진투자증권,LGES,북미CAPEX,4,"북미 ESS CAPA를 2026년말 50GWh+로 확보할 목표이며, 전사 CAPEX 가이던스는 -47% 감소해 FCF 개선이 가능할 전망.",1
2026-05-06_유진투자증권_LGES,2026-05-06,유진투자증권,LGES,북미EV,-2,북미 EV 수요는 보조금 폐지 및 재고조정 영향으로 약세가 지속되고 있다고 평가.,3
2026-05-06_유진투자증권_LGES,2026-05-06,유진투자증권,LGES,유럽EV,2,유럽은 Mid-Ni/LFP 중저가 제품 및 HEV 수요 확대로 상대적으로 견조한 흐름을 유지하고 있다고 평가.,3
2026-05-06_유진투자증권_LGES,2026-05-06,유진투자증권,LGES,소형전지,4,북미 2170 배터리에 46시리즈 비중이 20%까지 상승하며 소형전지 매출 성장이 본격화됐다고 평가.,1
2026-05-06_유진투자증권_LGES,2026-05-06,유진투자증권,LGES,파우치,-5,ESS 팩 병목 및 북미 EV 파우치 부진으로 단기 수익성이 악화되었다고 평가.,1
2026-05-08_상상인증권_삼성SDI,2026-05-08,상상인증권,삼성SDI,ESS,7,"미국 내 데이터센터향 ESS 수요가 전년대비 30% 이상 초과 증가할 것으로 기대되며, BBU를 포함한 데이터센터향 ESS 매출 성장을 실적전망에 반영했다.",1
2026-05-08_상상인증권_삼성SDI,2026-05-08,상상인증권,삼성SDI,유럽EV,4,"유럽 내 EV 볼륨 차종 판매 성장세와 헝가리법인의 생산능력 효율화, 정책 및 수요 개선에 힘입어 향후 2년 내 헝가리법인 가동률이 80%를 상회할 것으로 기대된다.",1
2026-05-08_상상인증권_삼성SDI,2026-05-08,상상인증권,삼성SDI,밸류에이션,7,"xEV 사업의 장기 이익전망치를 상향 조정하며 투자의견 매수를 유지하고 목표주가를 850,000원에서 1,000,000원으로 상향했다.",1
2026-05-11_iM증권_LGES,2026-05-11,iM증권,LGES,ESS,8,미국 ESS 시장의 세액공제 적격성·공급망 투명성·현지생산 요건 강화로 동사의 수주가 확대되며 ESS 영업이익이 2025년 약 823억원(흑자전환 YoY)에서 2028년 약 3.6조원(+64%YoY)까지 급증할 전망이다.,1
2026-05-11_iM증권_LGES,2026-05-11,iM증권,LGES,북미CAPEX,3,미국 내 ESS 생산능력 추가 증설이 예상되며 이에 따라 중장기적으로 실적 추정치가 재차 상향 조정될 가능성이 존재한다.,1
2026-05-11_iM증권_LGES,2026-05-11,iM증권,LGES,밸류에이션,6,현 주가는 2028년 예상 실적 기준 P/E 27.1배 수준으로 향후 미국 ESS 시장 확대에 따른 실적 회복 가능성을 감안하면 과거 대비 밸류에이션 부담이 낮아졌다고 판단해 목표주가를 62만원으로 상향한다.,1
2026-05-11_iM증권_LGES,2026-05-11,iM증권,LGES,북미EV,-2,단기적으로는 미국 EV 배터리 수요 둔화에 따른 부담이 존재하지만 중장기적으로는 미국 ESS 시장 확대와 AIDC 전력 인프라 투자 증가의 수혜가 이를 상쇄하며 실적 회복을 견인할 것으로 예상된다.,1
2026-05-11_iM증권_SK온,2026-05-11,iM증권,SK이노베이션,밸류에이션,9,"중동사태로 유가·정제마진·화학제품가격이 모두 상승 전환한 데다 On 구조조정 의지와 실행력 개선, ESS 신규 성장축 확보 등을 반영해 SOTP 목표주가를 117,000원에서 190,000원으로 62% 상향하고 투자의견을 Hold에서 Buy로 상향.",1
2026-05-11_iM증권_SK온,2026-05-11,iM증권,SK온,ESS,6,미국 태양광 설치량 증가와 AIDC 온사이트 발전 수요 확대를 배경으로 SK-On이 2026년 20GWh ESS 수주를 목표하고 있으며 SKBA 조지아·BOSK 테네시 라인을 ESS向으로 전환해 신규 성장축을 확보하고 있음.,1
2026-05-11_iM증권_SK온,2026-05-11,iM증권,SK온,북미EV,-4,"보조금 폐지 이후 EV 수요 둔화, OEM들의 EV 축소 전환, Ford JV 해체 등으로 SK-On의 단기 EV 부문 실적 개선은 어려운 상황.",1
2026-05-11_iM증권_SK온,2026-05-11,iM증권,SK온,AMPC,-3,"SK-On은 AMPC 반영 시에도 2026F 영업적자(-1,089십억원)가 지속되며, AMPC를 제외할 경우 적자 규모가 -1,709십억원으로 확대되어 정부 보조금 의존도가 여전히 높음.",3
2026-05-11_iM증권_삼성SDI,2026-05-11,iM증권,삼성SDI,ESS,7,"AI 데이터센터향 ESS 수요 급증에 힘입어 미국 ESS 시장 내 점유율 확대가 기대되며, ESS 실적은 2025년 매출 2.9조원(-79%YoY 영업이익 248억원)에서 2028년 매출 9.2조원, 영업이익 1.7조원까지 급증할 전망이다.",1
2026-05-11_iM증권_삼성SDI,2026-05-11,iM증권,삼성SDI,중국경쟁,4,2026년부터 본격화되는 미국 행정부의 중국산 ESS 규제가 국내 배터리 셀 업체에 구조적 성장 기회를 제공할 것으로 판단된다.,1
2026-05-11_iM증권_삼성SDI,2026-05-11,iM증권,삼성SDI,북미EV,-2,미국 전기차 세액공제 종료 등으로 EV 배터리 부문의 불확실성이 지속되고 있다.,1
2026-05-11_iM증권_삼성SDI,2026-05-11,iM증권,삼성SDI,유럽EV,-2,유럽 시장 내 중국산 배터리와의 경쟁 심화가 EV 배터리 부문의 부담 요인으로 작용하고 있다.,1
2026-05-11_iM증권_삼성SDI,2026-05-11,iM증권,삼성SDI,배터리판매량,-2,주요 고객사의 전기차 판매 전략 조정이 EV 배터리 부문의 부담 요인으로 지목됐다.,1
2026-05-11_iM증권_삼성SDI,2026-05-11,iM증권,삼성SDI,밸류에이션,-4,현 주가는 2028년 예상 실적 기준 P/E 32.3배로 전세계 이차전지 셀 업종 평균(22.6배) 대비 최고 수준의 프리미엄을 반영하고 있어 추가 상승 여력은 제한적이며 단기적으로는 트레이딩 관점 접근을 권고한다.,1
2026-05-12_LS증권_LGES,2026-05-12,LS증권,LGES,중국경쟁,-5,"미국 ESS 시장에서 중국 배터리 M/S가 2026년에도 50%를 상회할 전망이며, LFP각형 Utility-Grid향 ESS(전체 ESS 수요 70%+)에서는 중국 셀사 M/S가 당분간 70%대를 유지할 것으로 예상된다.",1
2026-05-12_LS증권_LGES,2026-05-12,LS증권,LGES,ESS,-4,"북미 중심 ESS 수주잔고(약 140GWh) 기반 매출은 2026년 전년대비 144% 급증하겠으나, 중국·Panasonic과의 경쟁 심화 및 EV라인의 ESS 전환·Ramp-up 초기비용으로 수익성 기여는 AMPC 위주로 제한적일 전망이다.",1
2026-05-12_LS증권_LGES,2026-05-12,LS증권,LGES,LFP,-4,"LFP각형으로 표준화된 Utility-Grid향 ESS가 전체 ESS 수요의 70% 이상을 차지하는데, 이 영역은 중국 셀사가 강세인 부문이라 동사에 불리하게 작용한다.",1
2026-05-12_LS증권_LGES,2026-05-12,LS증권,LGES,북미EV,-5,"자동차향 매출에서 가장 비중이 높은 EV부문의 북미 역성장으로 전년대비 매출 약 20% 역성장이 예상되며, 이는 AMPC 감소(약 1.6조원→1.1조원)로도 이어진다.",1
2026-05-12_LS증권_LGES,2026-05-12,LS증권,LGES,유럽EV,-3,유럽 M/S 하락이 북미 역성장과 함께 자동차향 매출의 전년대비 약 20% 역성장 요인으로 작용하고 있다.,1
2026-05-12_LS증권_LGES,2026-05-12,LS증권,LGES,소형전지,4,TESLA향 중국 판매량 선전에 힘입어 원통형(소형) 매출액이 2026년 전년대비 19% 증가한 8.8조원에 이를 것으로 추정된다.,1
2026-05-12_LS증권_LGES,2026-05-12,LS증권,LGES,AMPC,-5,"북미 EV향 역성장의 영향으로 전체 AMPC 금액이 2025년 약 1.6조원에서 2026년 약 1.1조원으로 감소할 것으로 추정하며, 2026년 영업이익 기여도 AMPC 위주로 제한적일 전망이다.",1
2026-05-12_LS증권_LGES,2026-05-12,LS증권,LGES,밸류에이션,-4,"KOSPI 전체 밸류에이션 상향을 감안해 과거 3년 평균 PBR에 10% 프리미엄을 적용, 목표주가를 416,000원으로 상향했음에도 현재주가(468,000원) 대비 -11.1% Downside가 존재해 Hold를 유지하며, LG화학의 지분 매각 가능성에 따른 Overhang 리스크도 부각된다.",1
2026-05-12_LS증권_삼성SDI,2026-05-12,LS증권,삼성SDI,밸류에이션,-4,EV/EBITDA 20배 수익가치와 삼성디스플레이 자산가치를 합산해도 현재 주가는 실적 대비 높은 밸류에이션에 거래되고 있어 Hold 의견을 유지한다.,1
2026-05-12_LS증권_삼성SDI,2026-05-12,LS증권,삼성SDI,AMPC,5,1분기 AMPC가 805억원으로 증가했고 Stellantis향 판매 지속과 미국 ESS 물량 증가로 2026년 AMPC 금액이 추가로 증익될 것으로 전망된다.,1
2026-05-12_LS증권_삼성SDI,2026-05-12,LS증권,삼성SDI,ESS,5,"ESS 제품군에서 데이터센터향 고출력 UPS, BBU 등 High-end 제품믹스로 수익성이 개선되고 있으며 하반기 가동률 상승과 함께 3Q26 흑자전환이 예상된다.",1
2026-05-12_LS증권_삼성SDI,2026-05-12,LS증권,삼성SDI,소형전지,3,BBU 수요 증가와 전동공구의 견조한 수요로 소형전지 매출이 전분기 대비 증가했다.,1
2026-05-12_LS증권_삼성SDI,2026-05-12,LS증권,삼성SDI,전고체,0,전고체 배터리의 EV향 판매는 다소 지연될 것으로 보이나 휴머노이드向 채택 기대감이 밸류에이션 프리미엄 요인으로 작용하고 있다.,1
2026-05-12_LS증권_삼성SDI,2026-05-12,LS증권,삼성SDI,로봇,3,휴머노이드 채택에 대한 기대감이 전고체 배터리에 타사 대비 Valuation Premium을 부여하는 근거로 언급되었다.,1
2026-05-13_KB증권_SK온,2026-05-13,KB증권,SK온,유럽EV,2,SK온은 유럽 판매량 호조에 힘입어 1Q26 실적이 개선되었다.,1
2026-05-13_KB증권_SK온,2026-05-13,KB증권,SK온,AMPC,0,"SK온의 2027E 영업이익 흑자전환(+41.7십억원)은 AMPC(1,628.3십억원) 반영 효과가 핵심으로, AMPC 제외 시 본업은 여전히 적자 기조다.",6
2026-05-14_IBK투자증권_SK온,2026-05-14,IBK투자증권,SK온,배터리판매량,4,"북미 판매량 증가와 유럽/아시아 판매 회복으로 1분기(1Q26) SK온의 영업손실(3,492억원) 규모가 전 분기 대비 축소됨.",1
2026-05-14_iM증권_SK온,2026-05-14,iM증권,SK온,ESS,6,"미국 태양광 설치량 증가와 AI데이터센터 온사이트 발전 수요 확대를 배경으로 플랫아이언 1GWh 외 6.2GWh 우선협상 물량이 실제 체결될 가능성이 높고, 26년 총 20GWh 수주를 목표하며 SK-On에 신규 성장축이 될 것으로 전망.",1
2026-05-14_iM증권_SK온,2026-05-14,iM증권,SK온,북미CAPEX,3,SKBA 조지아 공장이 ESS 라인 전환을 완료했고 BOSK 테네시 공장도 ESS 물량 대응을 위해 전환할 계획이라고 밝힘.,1
2026-05-14_iM증권_SK온,2026-05-14,iM증권,SK온,배터리판매량,4,"1Q26 SK-On은 북미/유럽/아시아 등 전 지역에서 판매량이 늘며 영업손익 -3,492억원으로 적자를 약 900억원 축소했다고 평가.",1
2026-05-14_iM증권_SK온,2026-05-14,iM증권,SK온,AMPC,-4,"AMPC 반영 기준으로는 분기 적자폭이 완화되나(1Q26 -349십억원) AMPC 제외 기준으로는 2026F에도 -1,505십억원의 대규모 적자가 지속되는 것으로 추정.",3
2026-05-14_iM증권_SK온,2026-05-14,iM증권,SK이노베이션,밸류에이션,5,"고유가·정제마진 강세 지속과 정유/E&P/E&S 등 다각화된 사업구조에 따른 이익 레버리지, 호주 CB 가스전·북미 ESS라는 두 가지 국내 정유사 대비 차별화 포인트를 근거로 목표주가 190,000원, 매수의견을 유지.",1
2026-05-14_메리츠증권_SK온,2026-05-14,메리츠증권,SK온,밸류에이션,-5,SK On이 시장 예상 혹은 경쟁사를 압도하는 성과를 도출하는 시점에 배터리부문 가치평가가 가능하다며 현재는 보수적 투자의견(Hold)을 유지했다.,1
2026-05-14_메리츠증권_SK온,2026-05-14,메리츠증권,SK온,LFP,-3,ESS 시장 및 LFP 배터리 분야에서 한국 배터리 기업들은 중국 선도기업 대비 여전히 Catch-up 단계에 있다고 평가했다.,1
2026-05-14_메리츠증권_SK온,2026-05-14,메리츠증권,SK온,중국경쟁,-4,SK On은 배터리 후발주자로 상대적 규모와 공헌 영업실적 비중 변화가 미미해 중국 경쟁사 대비 열위가 지속된다고 판단했다.,1
2026-05-14_메리츠증권_SK온,2026-05-14,메리츠증권,SK온,ESS,3,국내/미주 시장에서 ESS 수주 활동이 확대되며 센티먼트 변화가 고무적이라고 평가했다.,1
2026-05-14_메리츠증권_SK온,2026-05-14,메리츠증권,SK온,유럽EV,2,유럽 EV 판매량 반등 가능성이 부각되며 센티먼트 개선 요인으로 언급했다.,1
2026-05-14_메리츠증권_SK온,2026-05-14,메리츠증권,SK온,AMPC,-5,"1Q26 AMPC 977억원을 반영하고도 SK On은 -3,492억원의 영업적자를 지속했다.",3
2026-05-14_신한투자증권_SK온,2026-05-14,신한투자증권,SK온,ESS,3,북미 ESS 사업이 본격화되며 수주 기대감이 부각될 것으로 전망.,1
2026-05-14_신한투자증권_SK온,2026-05-14,신한투자증권,SK온,유럽EV,3,견조한 유럽 EV 판매를 기반으로 유럽 공장 중심 출하량 회복이 예상되며 연간 상저하고 흐름을 전망.,1
2026-05-14_신한투자증권_SK온,2026-05-14,신한투자증권,SK온,AMPC,-2,1Q26 AMPC가 전분기 대비 22% 감소했으나 일부 지역 판매 회복과 수익성 개선 노력으로 영업적자 폭은 축소.,1
2026-05-14_신한투자증권_SK온,2026-05-14,신한투자증권,SK온,배터리판매량,5,1Q26 배터리 매출액은 유럽 공장 중심 출하량 증가(+20%)로 전분기 대비 23% 늘어난 1.8조원을 기록.,1
2026-05-14_유진투자증권_SK온,2026-05-14,유진투자증권,SK이노베이션,밸류에이션,7,"실적 개선과 BPS 증가를 반영해 목표주가를 130,000원에서 160,000원으로 23% 상향하고 BUY를 유지하며 현 주가는 여전히 저평가 상태라고 판단.",1
2026-05-14_유진투자증권_SK온,2026-05-14,유진투자증권,SK온,AMPC,3,1Q26 AMPC 790억원이 반영되며 배터리 부문 고정비 부담 완화에 기여했다고 평가.,1
2026-05-14_유진투자증권_SK온,2026-05-14,유진투자증권,SK온,유럽EV,5,유럽 EV 판매량이 보조금 재도입과 CO2 규제 강화에 힘입어 1Q26 전년동기대비 28% 성장한 120만대를 기록하며 우호적 영업환경이 지속되고 있다고 평가.,1
2026-05-14_유진투자증권_SK온,2026-05-14,유진투자증권,SK온,배터리판매량,5,EV 판매량 증가로 가동률이 31%로 소폭 회복되어 고정비가 절감되며 영업적자가 전분기대비 916억원 축소됐다고 평가.,1
2026-05-14_유진투자증권_SK온,2026-05-14,유진투자증권,SK온,북미EV,-2,"미국은 금리 부담과 소비심리 위축, 정책 불확실성으로 EV 수요 회복 속도가 완만하다고 진단.",2
2026-05-14_유진투자증권_SK온,2026-05-14,유진투자증권,SK온,ESS,4,북미 ESS 시장을 중장기 고성장 시장으로 보고 플랫아이언 등 다수 고객 대상 수주 활동과 추가 라인전환을 검토 중이며 국내 장주기 ESS는 2027년부터 실적에 기여할 것으로 전망.,3
2026-05-14_유진투자증권_SK온,2026-05-14,유진투자증권,SK온,북미CAPEX,4,Ford BlueOval JV 종료에 따른 켄터키 공장 관련 차입금 및 감가상각비 감소가 내년까지 배터리 부문 손익 개선 추세에 기여할 전망.,1
2026-05-14_하나증권_SK온,2026-05-14,하나증권,SK온,ESS,7,"SK온은 미국 Flatiron Energy와 2026년 하반기부터 4년간 최대 7.2GWh의 LFP 파우치 ESS 공급계약을 체결했고, 추가 논의 물량을 합치면 파이프라인이 20GWh 이상으로 확대될 전망이다.",1
2026-05-14_하나증권_SK온,2026-05-14,하나증권,SK온,AMPC,4,"1Q26 SK온 AMPC는 970억원으로 추정되며, 북미·유럽 판매량 증가와 함께 적자폭 축소에 기여했다.",1
2026-05-14_하나증권_SK온,2026-05-14,하나증권,SK온,배터리판매량,4,"1Q26 SK온 매출액은 북미·유럽 판매량 증가로 QoQ +23% 늘었고, 2Q26에도 유럽 가동률 상승에 힘입어 적자폭이 추가 축소될 전망이다.",1
2026-05-14_한화투자증권_SK온,2026-05-14,한화투자증권,SK온,유럽EV,-3,"1분기 유럽 EV 수요 증가로 SK온 출하량이 QoQ 10% 늘며 AMPC 하락에도 수익성이 개선됐으나, 2분기에는 유럽 내 주요 고객사 VW향 출하량 감소로 수익성 둔화가 예상된다.",1
2026-05-14_한화투자증권_SK온,2026-05-14,한화투자증권,SK온,AMPC,-4,"AMPC는 분기별로 축소 추세(2025년 연간 7,190억원→2026E 4,140억원 전망)이며, 1분기에는 AMPC 하락에도 수익성이 개선됐지만 구조적으로 배터리 부문 수익성에 부담 요인으로 작용한다.",2
2026-05-17_유진투자증권_산업,2026-05-17,유진투자증권,LGES,BESS 생산능력 확대 및 신규 수주,6,"테슬라 5.9GWh, 한화솔루션 5GWh 등 ESS 신규 수주가 이어지고 LFP·LMR·전고체 등 차세대 라인업 투자도 병행하며 미래 성장 준비가 양호.",19
2026-05-17_유진투자증권_산업,2026-05-17,유진투자증권,삼성SDI,전고체 배터리 양산 준비,7,황화물계 전고체 전용 파일럿 라인(S-Line)을 가동해 글로벌 OEM에 샘플을 공급 중이며 2027년 양산을 목표로 국내 선두주자 지위를 확보.,33
2026-05-17_유진투자증권_산업,2026-05-17,유진투자증권,SK온,BESS 시장 진입 및 캐치업,4,"파우치형 LFP 배터리 기반 컨테이너형 ESS 공급을 확대 중이며 북미 20GWh 이상 수주 목표를 설정, 후발주자이나 빠르게 캐치업 중.",19
2026-05-21_버핏연구소_삼성SDI,2026-05-21,버핏연구소,삼성SDI,유럽EV,6,벤츠와 7년간 약 10조원 규모 배터리 공급계약을 체결해 독일 프리미엄 완성차 3사(벤츠·BMW·폭스바겐)를 모두 고객사로 확보하며 고객 다변화에 성공했다.,2
2026-05-21_버핏연구소_삼성SDI,2026-05-21,버핏연구소,삼성SDI,ESS,5,AI 데이터센터발 전력수요 확대와 미국 IRA 세액공제·보조금에 힘입어 ESS 매출 비중이 2025년 약 10%에서 2026년 약 25%까지 급성장할 전망이다.,5
2026-05-21_버핏연구소_삼성SDI,2026-05-21,버핏연구소,삼성SDI,소형전지,4,전동공구 시장 회복과 AI데이터센터향 BBU 규격 상향 수요로 소형전지 공장가동률이 2025년말 50%에서 2026년 1분기 65%로 반등했다.,4
2026-05-21_버핏연구소_삼성SDI,2026-05-21,버핏연구소,삼성SDI,북미CAPEX,5,"삼성디스플레이 지분(15.2%, 10~11조원 추정) 매각으로 투자재원을 확보해 스텔란티스 합작공장(인디애나)과 헝가리 공장 증설 CAPEX를 지속하면서 부채비율을 88.24%에서 50%대로 낮출 것으로 전망된다.",7
2026-05-21_버핏연구소_삼성SDI,2026-05-21,버핏연구소,삼성SDI,중국경쟁,3,"CATL·BYD 등 중국 업체의 저가 공세로 한국 업체들의 수익성이 위협받고 있으나, 각형 배터리 경쟁력과 프리미엄 포지셔닝을 바탕으로 삼성SDI는 구조조정기 이후 '승자의 기쁨'을 누릴 가능성이 높다고 평가된다.",2
2026-05-21_버핏연구소_삼성SDI,2026-05-21,버핏연구소,삼성SDI,밸류에이션,2,2026년 예상 실적 기준 PER이 131배로 고평가처럼 보이지만 '신성장주는 고PER에 매입해 저PER에 매도한다'는 논리로 목표주가 없이 현 주가 수준의 타당성을 설명했다.,7
2026-05-22_유안타증권_SK온,2026-05-22,유안타증권,SK이노베이션,밸류에이션,6,호르무즈 봉쇄에 따른 정유 초호황(EV/EBITDA 8.5배→9.5배)과 LNG발전소 가치 부각을 근거로 목표주가를 17만원에서 19만원으로 상향하며 '국민 에너지 기업으로 재평가되어야 한다'는 강한 매수 시각을 제시했다.,1
2026-05-22_유안타증권_SK온,2026-05-22,유안타증권,SK온,배터리판매량,-4,"배터리 사업은 2025년 캐파 192GW에서 2026년 135~145GW로 다운사이징이 진행 중이며, sum-of-parts 밸류에이션에서도 배터리 부문은 보수적 시나리오를 적용해 사업가치를 반영했다.",6
2026-05-22_유안타증권_SK온,2026-05-22,유안타증권,SK온,AMPC,-4,미국 IRA 보조금(AMPC)을 반영한 이후에도 배터리 사업 영업이익은 2023~2027년 전 기간 적자가 지속될 것으로 추정했다.,5
2026-05-26_미래에셋증권_LGES,2026-05-26,미래에셋증권,LGES,46파이,6,"오창 4680 원통형 라인 가동이 본격화되며 리비안向 공급이 차질없이 진행 중이고, 27년 애리조나 라인 가동 이후 벤츠·BMW·테슬라向 공급까지 확대되는 4680 원형 셀 선두주자로 평가.",1
2026-05-26_미래에셋증권_LGES,2026-05-26,미래에셋증권,LGES,AMPC,7,"2Q26 영업이익은 AMPC를 제외하고도 흑자 전환할 것으로 예상되며, 26년 연간 영업이익(1.67조원)이 AMPC 포함 시장 컨센서스(1.17조원)를 크게 상회할 것으로 전망.",1
2026-05-26_미래에셋증권_LGES,2026-05-26,미래에셋증권,LGES,유럽EV,5,"유럽 EV 수요 회복에 따라 폴란드 라인 가동률이 개선되고, 폭스바겐向 미드니켈 배터리 셀 공급 시작으로 파우치 내 시장 점유율 회복이 본격화될 것으로 전망.",1
2026-05-26_미래에셋증권_LGES,2026-05-26,미래에셋증권,LGES,ESS,5,"북미 ESS 매출 증가에 따라 AMPC를 포함한 ESS 사업부 수익성 개선이 본격화되고, Tesla向 북미 각형 배터리 셀 공급이 27년 하반기 시작될 것으로 예상.",1
2026-05-26_미래에셋증권_LGES,2026-05-26,미래에셋증권,LGES,북미EV,-3,"북미 EV 가동률 둔화에 따른 고정비 부담이 있으나 고객사로부터 수취하는 보상금으로 충당 가능한 수준이며, 추가적인 실적 하향 조정 가능성은 제한적이라고 판단.",1
2026-05-26_미래에셋증권_LGES,2026-05-26,미래에셋증권,LGES,소형전지,4,2Q26 소형(원통형) 사업부는 Tesla EV 신제품의 유럽/기타 시장 수요가 예상 대비 견조하여 실적이 시장 예상치를 상회할 것으로 전망.,1
2026-05-26_미래에셋증권_LGES,2026-05-26,미래에셋증권,LGES,밸류에이션,2,"각형 시장 내에서는 후발주자이나, 기 수주된 북미 T사 ESS·GM LMR 외 추가 각형 프로젝트 확보 여부가 중장기 점유율 회복과 실적 성장의 핵심 변수라고 판단하며 목표주가 58만원을 유지.",1
2026-05-26_미래에셋증권_LGES,2026-05-26,미래에셋증권,LGES,OEM보상금,4,"북미 EV 가동률 둔화에 따른 고정비 부담을 고객사 수취 보상금으로 충당 가능한 수준이라며, 추가 실적 하향 가능성은 제한적이라고 판단.",1
2026-05-26_미래에셋증권_삼성SDI,2026-05-26,미래에셋증권,삼성SDI,LFP,5,"폭스바겐 차기 LFP 각형 프로젝트, 션그로우 LFP 각형 프로젝트 등 중국 업체 전유 영역에서 삼성SDI의 퀄리티 높은 수주 확보를 전망한다.",1
2026-05-26_미래에셋증권_삼성SDI,2026-05-26,미래에셋증권,삼성SDI,ESS,6,AI 데이터센터向 BBU/UPS 직납 제품 수요 호조와 수익성 우위의 UPS 비중 확대(20~30%)로 ESS 사업부 수익성이 견조하며 2Q26 영업 흑자전환을 견인한다.,1
2026-05-26_미래에셋증권_삼성SDI,2026-05-26,미래에셋증권,삼성SDI,북미CAPEX,3,SDC 지분 매각으로 확보한 자금력을 바탕으로 하반기 중 북미 각형 ESS 배터리 수주 및 전환 투자가 가속화될 것으로 전망한다.,1
2026-05-26_미래에셋증권_삼성SDI,2026-05-26,미래에셋증권,삼성SDI,유럽EV,6,"유럽 국가 보조금 확대와 유가 상승에 따른 유럽 EV 수요 회복으로 현대/기아 EV2, 아이오닉3向 P6 공급이 5월 시작되며 헝가리 가동률 회복이 본격화될 것으로 전망한다.",1
2026-05-26_미래에셋증권_삼성SDI,2026-05-26,미래에셋증권,삼성SDI,중국경쟁,6,중국 외 업체 중 각형 배터리 셀 기술 및 밸류체인 우위를 바탕으로 중국 업체를 제외하면 각형 차기 프로젝트 수주 대응이 가능한 유일무이한 업체로 평가한다.,1
2026-05-28_NH투자증권_LGES,2026-05-28,NH투자증권,LGES,ESS,6,하반기 대규모 신규 수주(70GWh 이상 추정)와 2H26 ESS 부문 AMPC 제외 기준 흑자전환이 겹치며 리레이팅 촉매가 될 것으로 전망함.,1
2026-05-28_키움증권_삼성SDI,2026-05-28,키움증권,삼성SDI,ESS,6,"하반기 미국 내 ESS LFP 라인을 처음 가동하고 연말~연초 확보한 수주를 바탕으로 추가 ESS 수주도 유효하며, 기존 NCA 라인의 ESS LFP 전환도 검토 중이라 ESS 사업 확장에 경쟁우위를 확보할 것으로 평가.",1
2026-05-28_키움증권_삼성SDI,2026-05-28,키움증권,삼성SDI,북미CAPEX,5,미국 CAPA 라인을 ESS向으로 전환해 현지 생산을 확대하고 있어 향후 ESS 매출 증대를 통한 AMPC 수취 증가가 기대된다고 평가.,1
2026-05-28_키움증권_삼성SDI,2026-05-28,키움증권,삼성SDI,46파이,5,"Mercedes-Benz, BMW 46파이, VW LFP(추정) 등 다수의 EV 수주가 2028년 이후 매출로 시현될 것으로 예상돼 밸류에이션 디스카운트 요인이 점진적으로 해소될 것으로 전망.",1
2026-05-28_키움증권_삼성SDI,2026-05-28,키움증권,삼성SDI,유럽EV,-4,"미국 내 제한적인 CAPA 투자와 유럽 점유율 하락이 그동안 주가 디스카운트 요인으로 작용했고, 단기적으로 유럽 시장 내 점유율 회복은 어려울 것으로 판단.",1
2026-05-28_키움증권_삼성SDI,2026-05-28,키움증권,삼성SDI,밸류에이션,4,"이차전지 기업 대부분이 자금 조달 불확실성에 직면한 가운데 삼성디스플레이 지분 활용 계획이 프리미엄으로 작용할 전망이며, 목표주가 820,000원(BUY)을 유지.",1
2026-06-02_LS증권_LGES,2026-06-02,LS증권,LGES,배터리판매량,-6,"1~4월 누적 EV향 글로벌 M/S가 전년 10%에서 9%로 하락했고, 톤사(LGES·SK온·SDI)의 4월 전월비 탑재량 감소율이 -37%/-16%/-27%로 글로벌 평균(-5%)보다 훨씬 커 M/S 하락이 4월에도 지속되었다.",5
2026-06-02_LS증권_LGES,2026-06-02,LS증권,LGES,북미EV,-3,"TESLA향 물량은 주로 미국 외 지역(중국·아시아·유럽)에서 공급되어 변동성이 크고, 4월 전체 탑재량 급감도 TESLA향 물량 변동성에 주로 기인한다.",4
2026-06-02_LS증권_LGES,2026-06-02,LS증권,LGES,ESS,0,"미국은 '26년부터 FEOC 및 중국산 ESS 관세 인상으로 한국 배터리사에 기회가 될 수 있으나, 중국의 현지화·비중국 셀사(TESLA·Panasonic) 경쟁까지 감안하면 미국 ESS 시장이 한국 셀사에게 마냥 편안한 기회의 땅이 될 것으로 보기는 어렵다.",9
2026-06-02_LS증권_LGES,2026-06-02,LS증권,LGES,북미CAPEX,-4,"동사는 '26년 글로벌 ESS Capa 60GWh 이상(북미 50GWh)을 목표하지만, '26년 북미 ESS M/S 약 20%·18GWh를 가정하면 연산화 기준 북미 ESS 가동률은 약 40% 미만으로 추정되어 저조하다.",12
2026-06-02_LS증권_LGES,2026-06-02,LS증권,LGES,중국경쟁,-3,"CATL 등 중국 경쟁사의 나트륨이온전지(Sodium-ion) 상용화가 LFP 대비 원가·안전성 우위로 앞서가고 있어, ESS 시장에서 나트륨 배터리가 선점될 경우 한국 배터리 기업에 잠재적 리스크가 될 수 있다.",9
2026-06-02_LS증권_LGES,2026-06-02,LS증권,LGES,밸류에이션,-4,"PBR 5.3배(과거 3년 평균 대비 10% 프리미엄)를 적용해 목표주가를 397,000원으로 하향하며, 실적(수익성) 대비 과도하게 높은 밸류에이션과 성장성 둔화 리스크를 근거로 Hold 의견을 유지한다.",12
2026-06-02_LS증권_LGES,2026-06-02,LS증권,LGES,AMPC,0,"북미 비중이 낮은 동사 특성상 TESLA향 AMPC 규모는 의외로 낮은 수준이며, '26년부터는 매출액에 AMPC를 계상하는 회계정책 변경이 반영되어 매출액이 전년 대비 27% 증가하는 것으로 추정된다.",4
2026-06-04_KB증권_LGES,2026-06-04,KB증권,LGES,ESS,7,"대규모 ESS 수주(수주잔고 150GWh+)로 라인전환을 진행해 가동률을 최적화하고 있으며, 2Q부터 초기 Ramp-up 문제가 안정화되며 ESS 판매량이 QoQ +41% 증가할 전망이다.",1
2026-06-04_KB증권_LGES,2026-06-04,KB증권,LGES,46파이,7,"46시리즈 배터리 수주잔고가 2025년말 300GWh에서 2026년 4월 440GWh로 빠르게 증가(리비안, Ford, Benz, BMW 등)하며 2026년말 미국 가동 개시, 2028년부터 의미 있는 실적 기여가 기대된다.",1
2026-06-04_KB증권_LGES,2026-06-04,KB증권,LGES,북미CAPEX,8,"기존 EV 설비를 ESS로 전환하며 Capex가 2025년 10.8조원에서 2026년 5.9조원으로 대폭 축소되고, 2027년부터 FCF가 흑자전환(2026년 -1.2조원 -> 2027년 +3.3조원)되는 처음으로 의미 있는 현금 회수 사이클에 진입한다.",1
2026-06-04_KB증권_LGES,2026-06-04,KB증권,LGES,북미EV,4,아직 이르지만 미국 신차 EV 재고일수가 2025년말 130일에서 2026년 4월 79일로 안정화되고 있어 EV 정상화 가능성이 있다고 판단한다.,1
2026-06-04_KB증권_LGES,2026-06-04,KB증권,LGES,유럽EV,3,작년 하반기부터 부진했던 유럽 EV향 고전압 미드니켈 전지 판매도 재개될 것으로 기대된다.,1
2026-06-04_KB증권_LGES,2026-06-04,KB증권,LGES,AMPC,4,"2027년 영업이익 4.6조원 중 AMPC가 3.5조원을 차지할 것으로 추정되며, AMPC는 여전히 이익 구조의 핵심 축으로 기여할 전망이다.",1
2026-06-04_KB증권_LGES,2026-06-04,KB증권,LGES,밸류에이션,7,2026/27년 EPS 추정치 상향과 Capex 감소에 따른 현금흐름 안정화를 반영해 DCF 기준 목표주가를 53만원에서 58만원으로 상향(WACC 7.2%->6.6%)하며 투자의견 매수를 유지했다.,1
2026-06-05_LS증권_삼성SDI,2026-06-05,LS증권,삼성SDI,배터리판매량,-6,"4월 EV향 배터리 판매량이 전년동월대비 -33% 급감했고, 글로벌 EV향 배터리 성장(24년 27%, 25년 32%)과 달리 동사는 -15%, -6%로 '23년 이후 역성장이 지속되고 있다.",2
2026-06-05_LS증권_삼성SDI,2026-06-05,LS증권,삼성SDI,중국경쟁,-6,LFP 기반 각형을 앞세운 중국 배터리사와의 가격 경쟁 심화로 폼팩터별 각형 M/S가 지속 상승하는 가운데 동사의 글로벌 각형 M/S는 '20년 12%에서 '25년 3%까지 하락했다.,6
2026-06-05_LS증권_삼성SDI,2026-06-05,LS증권,삼성SDI,ESS,-3,미국 ESS 시장 M/S 확대와 완만한 판매량 증가가 예상되나 EV향 판매 정체 영향을 상쇄하기엔 역부족일 것으로 판단된다.,1
2026-06-05_LS증권_삼성SDI,2026-06-05,LS증권,삼성SDI,전고체,0,"동사는 국내 셀사 중 가장 빠른 '27년말 전고체 배터리 양산을 목표하지만, 글로벌 경쟁사 대비 EV향 시장 개화가 지연되는 추세여서 밸류에이션에 추가 가산하지 않았다.",8
2026-06-05_LS증권_삼성SDI,2026-06-05,LS증권,삼성SDI,로봇,0,프리미엄 EV보다 휴머노이드 등 로봇향에서 전고체 배터리 채택이 먼저 이뤄질 것으로 예상되나 아직 배터리 탑재량 규모가 작아 본격적 수요 창출까지는 시간이 필요하다.,8
2026-06-05_LS증권_삼성SDI,2026-06-05,LS증권,삼성SDI,밸류에이션,-4,"저조한 EV향 판매량과 삼성디스플레이 보유 자산가치 감안, EV/EBITDA 17x(삼성디스플레이 지분가치 제외)를 적용해 목표주가를 593,000원에서 531,000원으로 하향하고 Hold 의견을 유지했다.",1
2026-06-05_LS증권_삼성SDI,2026-06-05,LS증권,삼성SDI,북미CAPEX,-2,"EV향 Capa 조정 시 고정비 감소로 영업이익률 개선 여지가 있으나, 자산손상 또는 처분비용 발생 시 단기 손익에 부정적 영향을 미칠 수 있다.",10
2026-06-08_하나증권_산업,2026-06-08,하나증권,LGES,유럽EV회복,6,"테슬라 유럽 판매 회복에 따라 유럽 탑재량 증가율(3월+33%,4월+25%)이 시장 성장률을 상회, 원통형 전지 가동률·출하량 개선 기대",1
2026-06-08_하나증권_산업,2026-06-08,하나증권,LGES,On-siteESS,5,Oracle 관련 On-site ESS 수주 등 데이터센터향 ESS 프로젝트 확보 사례가 대표적으로 언급됨,1
2026-06-08_하나증권_산업,2026-06-08,하나증권,LGES,나트륨이온배터리,2,2027년 1세대 나트륨이온 배터리 양산을 목표로 중국 난징 공장에 파일럿 라인을 구축하고 양산성을 검증 중,3
2026-06-08_하나증권_산업,2026-06-08,하나증권,삼성SDI,유럽생산능력확충,3,"헝가리 괴드 1공장 2개 라인을 Volkswagen 통합형 셀 규격에 맞춰 개조 중이며, 내년 양산과 함께 두 자릿수 GWh 생산능력 확보 전망",3
2026-06-09_SK증권_삼성SDI,2026-06-09,SK증권,삼성SDI,ESS,6,미국 캐파 확대(NCA 7GWh 연간 가동 + LFP 12GWh 4분기 양산 시작)로 2026년 ESS 매출은 2분기부터 10% 이상 증가하며 연간으로도 큰 폭 성장이 예상된다.,1
2026-06-09_SK증권_삼성SDI,2026-06-09,SK증권,삼성SDI,AMPC,6,"2026년 전사 AMPC는 4,691억원(EV 1,930억원, ESS 2,761억원)으로 추정되며, 가동률이 현재 40~50%에서 하반기 60~70%로 회복되며 수익성 개선의 핵심 변수로 작용할 전망이다.",1
2026-06-09_SK증권_삼성SDI,2026-06-09,SK증권,삼성SDI,소형전지,5,"전동공구 수요 회복과 BBU 매출 확대(연간 6,000억원 초중반 추정) 기조가 이어지며 소형 배터리 부문의 반등이 지속되고 있다.",1
2026-06-09_SK증권_삼성SDI,2026-06-09,SK증권,삼성SDI,전고체,-2,전고체 배터리는 2027년 하반기 상용화를 목표하지만 유의미한 매출 기여는 2030년 이후로 전망돼 단기 실적 기여는 제한적이다.,1
2026-06-09_SK증권_삼성SDI,2026-06-09,SK증권,삼성SDI,밸류에이션,6,"현재 2026F PBR 2배 수준은 역사적 밴드 및 Peer(2027F 기준 에코프로비엠 9.8배, 엘앤에프 7.6배 등) 대비로도 낮아 업사이드 여력이 존재한다는 판단이다.",5
2026-06-09_SK증권_삼성SDI,2026-06-09,SK증권,삼성SDI,북미CAPEX,5,"미국 AMPC 수혜를 겨냥해 지난해 4분기부터 스텔란티스 JV에서 ESS 라인을 가동해왔으며, 이는 성장축이 EV에서 ESS로 이동하는 핵심 동력이다.",1
2026-06-11_삼성증권_삼성SDI,2026-06-11,삼성증권,삼성SDI,북미CAPEX,3,"북미 데이터센터향 BBU/UPS/ESS 판매 호조와 LFP ESS 가동 본격화, AMPC 개선 기대로 실적 모멘텀이 부각된다.",1
2026-06-11_삼성증권_삼성SDI,2026-06-11,삼성증권,삼성SDI,ESS,5,데이터센터용 국내 생산 UPS 출하 증가와 수익성이 좋은 LMO 기반 UPS의 미국 판매 확대로 ESS 부문 마진이 개선되고 있다.,1
2026-06-11_삼성증권_삼성SDI,2026-06-11,삼성증권,삼성SDI,유럽EV,4,2분기부터 국내 완성차의 유럽향 볼륨 EV 모델용 배터리 출하가 본격화되며 헝가리 공장 가동률 개선이 기대된다.,1
2026-06-11_삼성증권_삼성SDI,2026-06-11,삼성증권,삼성SDI,소형전지,4,데이터센터용 BBU와 전동공구 판매 호조로 소형전지(IT) 부문이 3분기부터 흑자 전환할 것으로 기대된다.,1
2026-06-11_삼성증권_삼성SDI,2026-06-11,삼성증권,삼성SDI,AMPC,3,북미 LFP ESS 가동 본격화와 함께 4분기 AMPC 규모의 의미있는 개선이 기대된다.,1
2026-06-11_삼성증권_삼성SDI,2026-06-11,삼성증권,삼성SDI,밸류에이션,-3,Peer 그룹 EV/EBITDA 배수 하락(전지 부문 13.4배→12.7배)으로 목표주가를 기존 대비 8% 하향했으나 투자의견 BUY는 유지한다.,1
2026-06-15_LS증권_SK온,2026-06-15,LS증권,SK온,배터리판매량,-5,SK On의 글로벌 EV향 배터리 M/S는 '25년 1~4월 누적 4%에서 '26년 1~4월 3%로 1%p 하락하며 글로벌 주요사 중 가장 부진한 흐름을 보였다.,2
2026-06-15_LS증권_SK온,2026-06-15,LS증권,SK온,파우치,-3,글로벌 폼팩터가 각형(Prismatic) 및 LFP 중심으로 확장을 지속하는 반면 SK On은 파우치형 전문 생산사여서 시장 성장의 수혜에서 소외되고 있다.,4
2026-06-15_LS증권_SK온,2026-06-15,LS증권,SK온,북미CAPEX,-5,"배터리부문 낮은 가동률이 지속되며 자산손상/폐기손실 Risk가 상존하고, 이에 따라 기존 240GWh였던 배터리 Capa 전망을 179GWh로 하향 조정했다.",10
2026-06-15_LS증권_SK온,2026-06-15,LS증권,SK온,ESS,-3,미국 Flatiron Energy 1GWh 및 한국 제2차 ESS 중앙계약시장 수주를 확보했으나 후발주자로서 유의미한 M/S 확보에는 장기간이 소요될 전망이며 중장기 수익성은 여전히 우려된다.,1
2026-06-15_LS증권_SK온,2026-06-15,LS증권,SK온,북미EV,-3,북미 EV 판매량이 '26년 1~4월 누적 -5%로 역성장하며 SK On의 핵심 판매 지역인 북미 수요 둔화가 이어지고 있다.,4
2026-06-15_LS증권_SK온,2026-06-15,LS증권,SK이노베이션,밸류에이션,-2,"배터리부문의 낮은 가동률에 따른 자산손상 Risk를 감안해 수익가치가 아닌 장부가치(PBR 0.9배, 5개년 평균) 기준으로 목표주가 102,000원을 제시하며 HOLD 의견을 유지했다.",15
2026-06-15_핀릿_삼성SDI,2026-06-15,핀릿,삼성SDI,로봇,7,휴머노이드 로봇용 전고체·고출력 원형 배터리 수요가 삼성SDI를 배터리주에서 로봇 심장주(차세대 로봇 밸류체인 출발점)로 재평가시킬 핵심 축이라고 평가.,1
2026-06-15_핀릿_삼성SDI,2026-06-15,핀릿,삼성SDI,ESS,5,AI 서버 전력난에 따른 ESS·BBU 수요 확대가 삼성SDI의 매출 믹스 개선과 EV 의존도 완화에 기여할 것으로 전망.,1
2026-06-15_핀릿_삼성SDI,2026-06-15,핀릿,삼성SDI,AMPC,5,미국 ESS·UPS·BBU向 매출 믹스 전환과 함께 AMPC 효과가 더해져 이익 정상화의 발판이 될 것으로 언급.,1
2026-06-15_핀릿_삼성SDI,2026-06-15,핀릿,삼성SDI,전고체,5,삼성SDI의 전고체·고출력 원형 기술이 로봇 배터리 시장 경쟁력의 핵심 축이라고 평가.,1
2026-06-15_핀릿_삼성SDI,2026-06-15,핀릿,삼성SDI,밸류에이션,2,2분기 적자 축소는 적자 규모 자체보다 회복 속도와 4분기 흑자 가시성이 중요하며 이에 따라 밸류에이션 논리가 바뀔 수 있다고 언급.,1
2026-06-16_iM증권_SK온,2026-06-16,iM증권,SK이노베이션,밸류에이션,3,"TerraPower 방문 후 SMR 상용화에 대한 미국 정부의 정책·재정 지원이 예상보다 강하고 향후 5~6년 뒤 대형원전 수준의 경제성 확보도 가능하다고 판단해 매수의견과 목표주가 190,000원(유지)을 제시.",1
2026-06-16_iM증권_SK온,2026-06-16,iM증권,SK온,AMPC,-2,SK-On은 AMPC 반영 시 분기 영업적자 폭이 완화되지만 AMPC 제외 기준으로는 2026년에도 두 자릿수대 영업적자율이 지속될 것으로 전망.,3
2026-06-17_삼성증권_LGES,2026-06-17,삼성증권,LGES,ESS,7,북미 ESS 대규모 수주 본격화로 3Q26부터 ESS가 전사 최대 매출 창출원으로 부상하고 이익률도 2H26 OPM +12.0%까지 큰 폭 개선될 전망,1
2026-06-17_삼성증권_LGES,2026-06-17,삼성증권,LGES,북미EV,2,원통형을 제외한 자동차 배터리는 VW 스펙 교체(하이니켈→미드니켈)와 GM향 고수익 프로젝트 3Q26 재개로 점진적 가동률·수익성 회복이 예상되나 여전히 적자,1
2026-06-17_삼성증권_LGES,2026-06-17,삼성증권,LGES,AMPC,0,"2Q26 완성차 업체별 보상금 인식 시점이 엇갈리며(북미 고객사 보상금은 하반기로 이연, 타 업체분은 2Q 선제 인식) 실적 변동성을 유발",1
2026-06-17_삼성증권_LGES,2026-06-17,삼성증권,LGES,밸류에이션,3,2026E EPS는 적자전환(-509원)했지만 2027E 이익 정상화를 근거로 목표주가 60만원 및 BUY 투자의견을 그대로 유지,1
2026-06-17_삼성증권_LGES,2026-06-17,삼성증권,LGES,OEM보상금,-2,"2Q26 완성차 업체별 보상금 인식 시점이 엇갈리며(북미 고객사분 하반기 이연, 타 업체분 2Q 선제 인식) 실적 변동성을 유발하는 리스크로 지목.",1
2026-06-18_KB증권_LGES,2026-06-18,KB증권,LGES,배터리판매량,6,"2026년 1~5월 국내 EV 판매량이 +122% YoY 급등하면서 LGES의 국내 배터리 출하량이 +39~74% YoY, 전사 판매량도 +3~5% 추가 성장할 것으로 기대되어 가동률과 수익성 개선에 긍정적이다.",5
2026-06-18_KB증권_LGES,2026-06-18,KB증권,LGES,북미EV,4,4월 기준 한국 EV 판매량이 미국 EV 판매량의 52%까지 상승해 미국 EV 수요 둔화에 따른 LGES의 배터리 판매 감소분을 국내 물량 증가가 일부 상쇄할 수 있을 것으로 전망한다.,4
2026-06-18_KB증권_SK온,2026-06-18,KB증권,SK온,배터리판매량,6,"국내 EV 침투율 상승(22.6% 유지 가정 시 SK온 출하량 +41% YoY, +122% YoY 성장 유지 가정 시 +76% YoY) 시나리오 하에서 2026년 SK온 전사 판매량에 +5~10%의 예상치 못한 추가 효과가 발생해 가동률 안정과 함께 매출액/영업이익률이 동시에 개선될 수 있다.",5
2026-06-18_다올투자증권_LGES,2026-06-18,다올투자증권,LGES,ESS,6,2Q26을 기점으로 ESS 사업이 AMPC 포함 기준 흑자전환하며 온타리오 등 신규 공장 가동 확대에 힘입어 매출액이 QoQ +25% 이상 증가할 전망이다.,1
2026-06-18_다올투자증권_LGES,2026-06-18,다올투자증권,LGES,AMPC,2,"2Q26 AMPC 규모는 약 2,560억원으로 추정되며, 이를 제외 시 영업적자가 -2,750억원으로 확대되는 등 실적의 핵심 변수로 작용하고 있다.",1
2026-06-18_다올투자증권_LGES,2026-06-18,다올투자증권,LGES,북미EV,-4,"대형전지는 GM향 출하 부진이 지속되고 있으며, GM은 3Q26부터 EV배터리 물량 출하를 기대하나 하반기 기준 5GWh 수준에 그칠 것으로 예상돼 회복 속도가 더디다.",1
2026-06-18_다올투자증권_LGES,2026-06-18,다올투자증권,LGES,유럽EV,5,유럽 대형전지는 2026년부터 미드니켈/LFP 양극재 기반 파우치셀 공급이 본격화되고 VW·르노 등의 가동 개선이 매출 증가를 견인하는 핵심 변수다.,1
2026-06-18_다올투자증권_LGES,2026-06-18,다올투자증권,LGES,파우치,4,미드니켈/LFP 양극재 기반 파우치 셀 공급 본격화가 유럽 대형전지 매출 개선을 주도하고 있다.,1
2026-06-18_다올투자증권_LGES,2026-06-18,다올투자증권,LGES,소형전지,5,"소형전지 매출은 QoQ +14% 증가할 전망이며, 난징공장의 룽바디 모델 유럽향 EV 공급 확대와 유럽공장 생산능력 증설로 구조적 수혜가 나타나기 시작했다.",1
2026-06-18_다올투자증권_LGES,2026-06-18,다올투자증권,LGES,밸류에이션,2,밸류에이션 자체는 2027년 EPS 기준 P/E 57배로 고평가 상태이나 수익성 개선이 점차 확인되며 투자 매력도가 상승 중이다.,1
2026-06-24_유안타증권_LGES,2026-06-24,유안타증권,LGES,ESS,6,"미국 전력 인프라 병목으로 BESS 수요가 급증하고 있으며, 2Q26부터 4Q26까지 ESS 매출과 영업이익이 분기별로 빠르게 확대되어 동사 실적 개선의 핵심 동력이 되고 있다.",1
2026-06-24_유안타증권_LGES,2026-06-24,유안타증권,LGES,북미EV,-3,"미국 전기차 보조금 폐지 이후 GM Ultium 가동률 조정과 미국 EV 수요 둔화로 2분기까지 EV향 실적이 저조하나, 하반기부터 GM non-Bolt Ultium 회복과 Rivian R2 조기 공급으로 점진적 개선이 기대된다.",1
2026-06-24_유안타증권_LGES,2026-06-24,유안타증권,LGES,유럽EV,3,"4분기부터 유럽 EV 중심의 가동률 개선폭이 확대될 것으로 기대되며, 유럽 Mid-Ni 중심 가동률 회복이 실적 개선 요인으로 언급됐다.",1
2026-06-24_유안타증권_LGES,2026-06-24,유안타증권,LGES,소형전지,-2,소형 원통형 전지는 여전히 EV 가동률 저조 속에서도 수요 확대로 일부 실적을 방어하고 있으나 큰 폭의 개선은 2027년 애리조나 신규 4695 원통형 공급 이후로 예상된다.,1
2026-06-24_유안타증권_LGES,2026-06-24,유안타증권,LGES,AMPC,-3,시장에서 기대하는 OEM으로부터의 보상금(AMPC) 인식이 일부 하반기로 지연될 가능성이 높다고 언급했다.,1
2026-06-24_유안타증권_LGES,2026-06-24,유안타증권,LGES,46파이,4,2027년부터 46시리즈 차세대 라인 가동이 본격화되며 실적 모멘텀으로 작용할 것으로 전망했다.,1
2026-06-24_유안타증권_LGES,2026-06-24,유안타증권,LGES,OEM보상금,-3,시장이 기대하는 OEM으로부터의 보상금 인식이 일부 하반기로 지연될 가능성이 높다며 인식 시점의 하방 리스크를 지적.,1
2026-06-24_유안타증권_삼성SDI,2026-06-24,유안타증권,삼성SDI,ESS,5,북미 ESS 외형성장이 지속되는 가운데 미국 LFP ESS 초기 양산까지 더해지며 4분기 이익률 개선을 견인할 것으로 전망.,1
2026-06-24_유안타증권_삼성SDI,2026-06-24,유안타증권,삼성SDI,유럽EV,4,"유럽향 EV 출하 회복으로 가동률이 개선되고 있으며, 유럽 EV·ESS 수요가 견조해 향후 대응력을 높일 것으로 예상.",1
2026-06-24_유안타증권_삼성SDI,2026-06-24,유안타증권,삼성SDI,소형전지,4,데이터센터향 BBU·UPS 등 소형 전지 수요 증가가 외형 성장과 손익 개선에 기여할 전망.,1
2026-06-24_유안타증권_삼성SDI,2026-06-24,유안타증권,삼성SDI,LFP,3,미국 LFP ESS 초기 양산이 4분기부터 반영되며 실적 개선에 긍정적으로 작용할 전망.,1
2026-06-24_유안타증권_삼성SDI,2026-06-24,유안타증권,삼성SDI,AMPC,3,4분기 AMPC 증가가 StarPlus Energy 라인 전환 효과와 함께 반영되며 이익률 개선 속도를 높일 것으로 예상.,1
2026-06-24_유안타증권_삼성SDI,2026-06-24,유안타증권,삼성SDI,북미CAPEX,3,"미국향 EV 볼륨모델 부재로 대부분 라인을 ESS로 전환 중이며, StarPlus Energy 라인 전환이 4분기부터 실적에 반영될 전망.",1
2026-06-25_NH투자증권_LGES,2026-06-25,NH투자증권,LGES,북미EV,3,미국 EV 역성장이 완화되며 하반기부터 일부 고객의 배터리 재고 축적이 재개되어 바닥 통과 공감대가 형성될 것으로 기대.,1
2026-06-25_NH투자증권_LGES,2026-06-25,NH투자증권,LGES,ESS,4,"ESS는 하반기 흑자전환과 90GWh 신규수주로 견조한 성장이 기대되나, AMPC 제외 수익성은 고정비 부담으로 여전히 -5% 수준.",1
2026-06-25_NH투자증권_LGES,2026-06-25,NH투자증권,LGES,유럽EV,5,테슬라의 유럽/아시아 지역 판매 강세와 FSD 승인국 확대가 소형전지 및 낙수효과를 통한 실적 개선을 견인할 전망.,1
2026-06-25_NH투자증권_LGES,2026-06-25,NH투자증권,LGES,AMPC,-4,"2Q26 AMPC는 2,852억원으로 전년대비 42% 감소하며, AMPC를 제외한 영업이익은 -670억원 적자로 AMPC 의존도가 여전히 높음.",1
2026-06-25_NH투자증권_LGES,2026-06-25,NH투자증권,LGES,관세,3,"ESS 부문에 관세환급 1,000억원이 반영되며 반영 후 OPM이 +15%까지 개선될 것으로 전망.",1
2026-06-25_NH투자증권_LGES,2026-06-25,NH투자증권,LGES,밸류에이션,-5,실적 추정 변동은 미미하나 목표배수 할인율을 소폭 상향해 목표주가를 직전 대비 5% 하향한 58만원으로 제시.,8
2026-06-25_NH투자증권_LGES,2026-06-25,NH투자증권,LGES,북미CAPEX,0,"북미 OEM으로부터 수취하는 설비 보상금 6,000억원은 매출에는 전액 반영되나 영업이익에는 제한적으로만 반영되고, 물량 보상금은 하반기 협의 마무리 후 반영될 예정.",1
2026-06-25_NH투자증권_LGES,2026-06-25,NH투자증권,LGES,OEM보상금,3,"북미 OEM 설비 보상금 6,000억원이 매출에는 전액 반영되나 영업이익에는 제한적으로만 반영되며, 물량 보상금은 하반기 협의 마무리 후 반영될 예정이라고 언급.",1
2026-06-25_NH투자증권_삼성SDI,2026-06-25,NH투자증권,삼성SDI,유럽EV,7,각형 EV 레퍼런스를 보유한 산업가속화법(IAA) 최대 수혜 업체로 벤츠 수주를 시작으로 폭스바겐·BMW 등으로 추가 수주가 확대되며 유럽 점유율 하락 우려가 자연스레 해소될 전망,1
2026-06-25_NH투자증권_삼성SDI,2026-06-25,NH투자증권,삼성SDI,ESS,7,하반기 지상용 ESS(3년 30GWh 추정)와 SpaceX향 우주 데이터센터용 ESS(3년 10GWh 추정) 수주가 하반기 중 확보될 것으로 기대,1
2026-06-25_NH투자증권_삼성SDI,2026-06-25,NH투자증권,삼성SDI,관세,4,미국 관세 환급(2Q26 500억원 가정)이 ESS 부문 수익성을 AMPC 포함 기준 +15%(관세 제외 시 +10%)로 끌어올리는 일회성 요인으로 작용,1
2026-06-25_NH투자증권_삼성SDI,2026-06-25,NH투자증권,삼성SDI,소형전지,3,전동공구와 BBU 확대판매로 2Q26 소형전지 매출이 가이던스(+5% q-q)를 소폭 상회할 전망,1
2026-06-25_NH투자증권_삼성SDI,2026-06-25,NH투자증권,삼성SDI,AMPC,5,"AMPC 유입금액이 2025년 265십억원에서 2026년 750십억원, 2027년 1,231십억원으로 확대되며 중대형전지 실적 개선의 핵심 동력으로 작용",6
2026-06-25_NH투자증권_삼성SDI,2026-06-25,NH투자증권,삼성SDI,밸류에이션,-6,무위험이자율을 3.0%에서 3.6%로 상향하고 멀티플 할인율도 확대 반영해 목표주가를 기존 대비 14% 하향한 80만원으로 제시,1
2026-06-26_미래에셋증권_삼성SDI,2026-06-26,미래에셋증권,삼성SDI,ESS,5,"데이터센터 ESS向 고수익성 제품(BBU, UPS) 비중 상승과 북미 ESS 수주 모멘텀이 지속되며 중대형전지 수익성 개선을 견인하고 있다.",1
2026-06-26_미래에셋증권_삼성SDI,2026-06-26,미래에셋증권,삼성SDI,유럽EV,3,유럽 EV 수요 개선에 따른 헝가리 라인 가동률 상승과 차기 프로젝트 수주 모멘텀이 실적 개선을 뒷받침한다.,1
2026-06-26_미래에셋증권_삼성SDI,2026-06-26,미래에셋증권,삼성SDI,관세,2,"당사 추정치는 과거 미국向 수출 ESS 제품의 관세 환급(일회성 수익)을 반영하지 않고 있어, 해당 인식이 이뤄질 경우 추가 실적 개선 여지가 있다.",1
2026-06-26_미래에셋증권_삼성SDI,2026-06-26,미래에셋증권,삼성SDI,밸류에이션,5,삼성디스플레이 지분(15.2%) 매각을 통한 잠재적 현금 유입과 글로벌 OLED peer 대비 부담스럽지 않은 밸류에이션을 근거로 목표주가 100만원과 섹터 내 탑픽 의견을 유지한다.,1
2026-06-29_LS증권_SK온,2026-06-29,LS증권,SK온,파우치,-6,글로벌 EV향 배터리 폼팩터에서 각형(Prismatic) M/S가 26년 1~4월 누적 81%까지 확대되는 반면 파우치는 11%로 지속 축소되어 파우치 Only인 동사 배터리사업에 구조적으로 부정적.,6
2026-06-29_LS증권_SK온,2026-06-29,LS증권,SK온,배터리판매량,-4,글로벌 EV향 배터리 Top 12사 M/S에서 SK On은 25년 1~4월 4%에서 26년 1~4월 3%로 1%p 하락.,4
2026-06-29_LS증권_SK온,2026-06-29,LS증권,SK온,북미CAPEX,-5,최근 10년간 배터리부문에 약 42.9조원 CAPEX를 집행했으나 파우치 시장 축소로 저조한 성장에 그치며 26년 Capa 전망을 기존 240GWh에서 179GWh로 하향 조정.,11
2026-06-29_LS증권_SK온,2026-06-29,LS증권,SK이노베이션,밸류에이션,-5,"배터리 투자의 ROIC가 WACC를 하회하는 낮은 자본수익성과 ROE 0% 내외 전망을 반영해 과거 3년 평균 PBR에 5% 할인을 적용, 목표주가를 91,000원으로 하향하고 Hold를 유지.",1
2026-06-30_iM증권_LGES,2026-06-30,iM증권,LGES,ESS,5,AI데이터센터 전력수요 급증과 신재생 에너지 확대로 ESS 매출·손익이 구조적으로 빠르게 성장할 전망이다.,1
2026-06-30_iM증권_LGES,2026-06-30,iM증권,LGES,AMPC,5,"미국 ESS 생산량 증가에 힘입어 2Q26 AMPC가 전분기 대비 약 28% 증가한 2,430억원으로 추정되며 손익 개선을 견인한다.",1
2026-06-30_iM증권_LGES,2026-06-30,iM증권,LGES,북미EV,-3,2Q26에도 GM 얼티엄셀즈 생산라인이 EV 수요 둔화와 생산 조정 영향으로 가동 중단 상태를 유지하고 있다.,1
2026-06-30_iM증권_LGES,2026-06-30,iM증권,LGES,유럽EV,2,유럽향 물량이 전분기 대비 점진적으로 회복되고 있어 자동차 전지 부문의 추가 실적 악화 가능성은 제한적이다.,1
2026-06-30_iM증권_LGES,2026-06-30,iM증권,LGES,소형전지,3,Tesla 판매 호조에 힘입어 원형전지 출하가 견조하게 이어지며 매출 회복과 수익성 방어에 기여한다.,1
2026-06-30_iM증권_LGES,2026-06-30,iM증권,LGES,관세,2,미국 연방대법원의 상호관세 위법 판결 이후 일부 환급 절차가 진행 중인 점이 추가적인 이익 개선 요인으로 작용할 수 있다.,1
2026-06-30_iM증권_LGES,2026-06-30,iM증권,LGES,밸류에이션,3,현 주가는 2028년 예상 실적 기준 P/E 23.5배 수준으로 2020~2023년 EV 랠리 당시 대비 밸류에이션 부담이 상당 부분 완화되었다.,1
2026-06-30_iM증권_삼성SDI,2026-06-30,iM증권,삼성SDI,ESS,6,AI 데이터센터(AIDC)향 ESS 배터리 수요가 2025년 12GWh에서 2030년 272GWh로 급성장할 전망이며 상당 부분이 미국에서 발생할 것으로 판단.,1
2026-06-30_iM증권_삼성SDI,2026-06-30,iM증권,삼성SDI,관세,4,2026년부터 본격화되는 미국 행정부의 중국산 ESS 규제가 국내 배터리 셀 업체에 구조적인 성장 기회를 제공할 것으로 판단.,1
2026-06-30_iM증권_삼성SDI,2026-06-30,iM증권,삼성SDI,AMPC,4,Stellantis 유럽향 수출 물량 대응을 위한 미국 SPE 공장 대체 생산으로 AMPC가 발생하면서 2Q26 자동차전지 적자폭이 전분기 대비 축소될 전망.,1
2026-06-30_iM증권_삼성SDI,2026-06-30,iM증권,삼성SDI,북미EV,-4,주력 고객사 BMW향 물량 감소가 지속되고 전분기 Stellantis 최소구매 미달 보상금 효과가 제거되며 자동차전지 매출 감소가 불가피할 전망.,1
2026-06-30_iM증권_삼성SDI,2026-06-30,iM증권,삼성SDI,소형전지,-3,AIDC향 BBU 수요 확대로 소형전지 매출은 예상보다 양호하나 과거 공급과잉기 수주한 파워툴·e-bike 물량 부담으로 적자 흐름이 당분간 지속될 전망.,1
2026-06-30_iM증권_삼성SDI,2026-06-30,iM증권,삼성SDI,밸류에이션,5,"전세계 이차전지 업종 주가 하락에 따른 밸류에이션 조정을 반영해 목표주가는 하향했으나, 현 주가는 2028년 예상 실적 기준 P/E 19.7배로 4월 고점 대비 밸류에이션 부담이 상당히 낮아져 비중 확대가 유효하다고 판단.",1
2026-06-30_iM증권_삼성SDI,2026-06-30,iM증권,삼성SDI,OEM보상금,-4,주력 고객사 BMW향 물량 감소가 지속되는 가운데 전분기 Stellantis 최소구매 미달 보상금 효과마저 제거되며 자동차전지 매출 감소가 불가피할 전망.,1
2026-07-02_메리츠증권_LGES,2026-07-02,메리츠증권,LGES,소형전지,5,고객사 Tesla의 아시아 및 유럽지역 판매량 강세에 힘입어 원통형(소형) 전지부문 영업실적이 추세적으로 반등 중.,1
2026-07-02_메리츠증권_LGES,2026-07-02,메리츠증권,LGES,유럽EV,3,유럽 VW향 단기 판매량 증가가 2Q26 긍정적 Trigger 중 하나로 작용.,1
2026-07-02_메리츠증권_LGES,2026-07-02,메리츠증권,LGES,ESS,-4,ESS 수익성은 라인 전환 비용 및 더딘 수율로 2Q26 시장 예상치를 하회할 배경 중 하나.,1
2026-07-02_메리츠증권_LGES,2026-07-02,메리츠증권,LGES,ESS,7,"미국 ESS 시장 연평균 수요 증가율 2030년까지 +28%, LGES ESS부문 영업실적 연 +33% 성장 전망으로 중장기 성장동력 확고.",1
2026-07-02_메리츠증권_LGES,2026-07-02,메리츠증권,LGES,수율,-4,ESS 라인 전환 비용 및 더딘 수율이 2Q26 실적 시장 예상치 하회의 핵심 원인 중 하나.,1
2026-07-02_메리츠증권_LGES,2026-07-02,메리츠증권,LGES,북미CAPEX,-5,미국 Ultium Cells 등 기존 EV 배터리 생산라인의 저조한 가동률이 고정비 부담으로 작용.,1
2026-07-02_메리츠증권_LGES,2026-07-02,메리츠증권,LGES,AMPC,0,"2Q26 매출액 및 영업이익에 AMPC 2,284억원 반영 추정, 2026년부터 매출액에도 AMPC가 포함되는 점에 유의 필요.",1
2026-07-02_메리츠증권_LGES,2026-07-02,메리츠증권,LGES,LFP,-3,LGES를 포함한 국내 이차전지 기업들의 배터리 Chemistry는 중국의 LFP 및 나트륨 전지 등에 아직 Catch-up 단계.,1
2026-07-02_메리츠증권_LGES,2026-07-02,메리츠증권,LGES,중국경쟁,-4,영업실적 측면에서 LGES는 중국 CATL 대비 열위에 있어 향후 뚜렷한 실적 개선으로 Multiple 프리미엄을 정당화할 필요.,1
2026-07-02_메리츠증권_LGES,2026-07-02,메리츠증권,LGES,밸류에이션,5,"수요 거점시장/non-China 정책 및 초기 성장시장 개연성으로 CATL 대비 Multiple 프리미엄(EV/EBITDA 19배, 중국 평균 대비 50% 프리미엄)을 정당화, 적정주가 47만원 유지.",1
2026-07-03_BNK투자증권_SK온,2026-07-03,BNK투자증권,SK온,ESS,5,2025년 9월 미국 Flatiron向 1GWh ESS용 LFP 배터리 수주 이후 부여된 우선협상권에 따른 추가 옵션 행사 및 다른 잠재 고객사와의 논의로 추가 수주 흐름이 기대된다.,27
2026-07-03_BNK투자증권_SK온,2026-07-03,BNK투자증권,SK온,LFP,4,Flatiron向 ESS 공급 물량이 LFP 배터리이며 연내 옵션 행사 등 향후 추가 수주도 LFP 중심으로 진행될 전망이다.,27
2026-07-03_BNK투자증권_SK온,2026-07-03,BNK투자증권,SK온,유럽EV,3,북미 출하량은 유지되는 가운데 유럽 판매가 개선되면서 배터리 부문 적자 폭이 다소 줄어들 전망이다.,26
2026-07-03_BNK투자증권_SK온,2026-07-03,BNK투자증권,SK온,북미CAPEX,2,ESS 수주가 추가되면서 북미 공장의 활용 옵션이 다양해질 것으로 기대된다.,26
2026-07-03_BNK투자증권_SK온,2026-07-03,BNK투자증권,SK이노베이션,밸류에이션,7,"정유·윤활유 등 종속회사의 SOTP 가치를 감안하면 현재 시가총액은 배터리 사업 우려(캐즘, Ford JV 해제, 대규모 차입금)가 과도하게 반영된 저평가 상태로 판단된다.",26
2026-07-30_KB증권_LGES,2026-07-30,KB증권,LGES,ESS,5,유휴 EV 라인을 ESS로 전환해 가동률을 높이고 BTM 수요가 향후 5~6년 강세를 이어갈 것으로 전망.,1
2026-07-30_KB증권_LGES,2026-07-30,KB증권,LGES,수율,-4,"신규 ESS 가동의 초기 수율과 원재료 관세·운송비, ESS-SI 확장비용이 단기 실적을 제약.",1
2026-07-30_KB증권_LGES,2026-07-30,KB증권,LGES,46파이,6,46시리즈 수주잔고 확대가 2027~2028년 성장을 견인할 것으로 판단.,1
2026-07-30_KB증권_LGES,2026-07-30,KB증권,LGES,북미EV,2,미국 EV 생산이 3Q26 재가동되며 판매량 일부 회복이 예상됨.,1
2026-07-30_KB증권_LGES,2026-07-30,KB증권,LGES,OEM보상금,-2,계약 불이행 보상금의 수령 규모와 시점이 예상보다 늦어 2Q26 이익이 컨센서스를 하회.,1
2026-07-30_KB증권_LGES,2026-07-30,KB증권,LGES,전고체,3,전고체를 포함한 차세대 배터리의 2026~2028년 상업가동 준비를 장기 경쟁력 강화 요인으로 평가.,1
2026-07-30_삼성증권_LGES,2026-07-30,삼성증권,LGES,ESS,2,팩 조립 병목으로 단기 실적은 기대에 못 미치지만 3Q부터 완화되고 4Q26에는 영향이 소멸할 전망.,2
2026-07-30_삼성증권_LGES,2026-07-30,삼성증권,LGES,AMPC,4,"3Q26 미국 생산·판매량 증가로 AMPC가 3,883억원까지 확대될 것으로 전망.",2
2026-07-30_삼성증권_LGES,2026-07-30,삼성증권,LGES,유럽EV,4,유럽향 판매 회복이 자동차전지 출하 증가와 적자 축소에 기여.,1
2026-07-30_삼성증권_LGES,2026-07-30,삼성증권,LGES,소형전지,5,아시아 저속 전기차 및 선도 전기차업체 수요로 2Q 출하량이 18% QoQ 증가.,1
2026-07-30_삼성증권_LGES,2026-07-30,삼성증권,LGES,OEM보상금,1,설비 재목적화 관련 고객사 보상금이 반영됐으나 전분기보다 감소하고 매출 대비 이익 인식 폭도 제한적.,1
2026-07-30_삼성증권_LGES,2026-07-30,삼성증권,LGES,밸류에이션,3,EPS와 Peer 멀티플 하향에도 1Q26을 저점으로 한 이익 개선세를 근거로 매수 의견 유지.,1
2026-07-31_DB증권_LGES,2026-07-31,DB증권,LGES,ESS,9,북미 ESS 출하 확대와 신규 수주가 하반기 실적 및 기업가치 회복을 이끌 것으로 본다.,1
2026-07-31_DB증권_LGES,2026-07-31,DB증권,LGES,북미EV,7,얼티엄 공장 재가동과 고객 물량 회복으로 3분기부터 EV 매출 개선을 전망한다.,1
2026-07-31_DB증권_LGES,2026-07-31,DB증권,LGES,소형전지,8,원통형 전지의 두 자릿수 성장이 실적 방어와 성장 모멘텀을 보강할 것으로 판단한다.,1
2026-07-31_DB증권_삼성SDI,2026-07-31,DB증권,삼성SDI,ESS,8,북미 ESS 판매 확대와 추가 증설 가능성을 하반기 핵심 모멘텀으로 본다.,1
2026-07-31_DB증권_삼성SDI,2026-07-31,DB증권,삼성SDI,소형전지,7,BBU·파워툴 믹스 개선으로 3분기 흑자전환을 기대한다.,1
2026-07-31_DB증권_삼성SDI,2026-07-31,DB증권,삼성SDI,AMPC,6,ESS 생산 확대가 AMPC 기여 증가로 이어질 전망이다.,1
2026-07-31_DS투자증권_LGES,2026-07-31,DS투자증권,LGES,ESS,9,3분기 ESS 출하가 약 50% 늘고 대규모 수주잔고가 중장기 성장을 뒷받침할 것으로 본다.,1
2026-07-31_DS투자증권_LGES,2026-07-31,DS투자증권,LGES,AMPC,8,ESS 물량 확대에 힘입어 4분기 AMPC 제외 기준 손익분기점 도달을 전망한다.,1
2026-07-31_DS투자증권_LGES,2026-07-31,DS투자증권,LGES,북미EV,7,얼티엄1 공장이 8월 중순 재가동되어 4분기부터 실적에 기여할 것으로 예상한다.,1
2026-07-31_IBK투자증권_LGES,2026-07-31,IBK투자증권,LGES,ESS,8,2분기 생산 병목 뒤 3분기 ESS 매출이 전분기 대비 42% 늘며 실적을 견인할 것으로 본다.,1
2026-07-31_IBK투자증권_LGES,2026-07-31,IBK투자증권,LGES,유럽EV,5,유럽 중심의 EV 판매 확대가 2분기 ESS 부진을 일부 상쇄했다.,1
2026-07-31_IBK투자증권_LGES,2026-07-31,IBK투자증권,LGES,AMPC,6,3분기부터 EV 부문의 AMPC 수취가 본격화될 것으로 예상한다.,1
2026-07-31_IBK투자증권_삼성SDI,2026-07-31,IBK투자증권,삼성SDI,ESS,9,북미 LFP 증설과 하반기 출하 증가를 가장 강한 성장 동력으로 본다.,1
2026-07-31_IBK투자증권_삼성SDI,2026-07-31,IBK투자증권,삼성SDI,유럽EV,3,유럽 프리미엄 EV 판매 확대는 긍정적이나 전반적인 EV 수요는 아직 약하다.,1
2026-07-31_IBK투자증권_삼성SDI,2026-07-31,IBK투자증권,삼성SDI,관세,4,"2분기 약 2,000억원의 관세 환급이 실적을 끌어올렸으나 이를 제외해도 흑자라고 평가한다.",1
2026-07-31_LS증권_삼성SDI,2026-07-31,LS증권,삼성SDI,ESS,5,ESS 셀 증설과 판매가 하반기 수익성과 AMPC의 핵심이라고 본다.,1
2026-07-31_LS증권_삼성SDI,2026-07-31,LS증권,삼성SDI,전고체,-2,시장 본격 개화까지 시간이 필요하고 초기 수요도 제한적일 수 있다고 본다.,1
2026-07-31_LS증권_삼성SDI,2026-07-31,LS증권,삼성SDI,밸류에이션,-5,삼성디스플레이 지분 매각 뒤 기업가치 하락 가능성을 경계한다.,1
2026-07-31_NH투자증권_LGES,2026-07-31,NH투자증권,LGES,ESS,9,미국 ESS 설치 증가와 3분기 매출 42% 성장을 뚜렷한 회복 동력으로 본다.,1
2026-07-31_NH투자증권_LGES,2026-07-31,NH투자증권,LGES,유럽EV,7,테슬라 유럽·아시아 판매와 유럽 공장 가동률 회복이 흑자전환을 이끌 것으로 본다.,1
2026-07-31_NH투자증권_LGES,2026-07-31,NH투자증권,LGES,OEM보상금,4,"1분기에 이어 2분기 약 3,000억원, 3분기 약 1,000억원대 보상금 반영을 추정한다.",1
2026-07-31_NH투자증권_삼성SDI,2026-07-31,NH투자증권,삼성SDI,유럽EV,7,산업가속화법 수혜와 유럽향 신규 EV 수주를 기대한다.,1
2026-07-31_NH투자증권_삼성SDI,2026-07-31,NH투자증권,삼성SDI,ESS,8,북미 LFP 양산과 이연 물량 반영으로 하반기 ESS 성장을 전망한다.,1
2026-07-31_NH투자증권_삼성SDI,2026-07-31,NH투자증권,삼성SDI,소형전지,6,전동공구·BBU 확판으로 소형전지 실적이 추가 개선될 것으로 본다.,1
2026-07-31_iM증권_LGES,2026-07-31,iM증권,LGES,ESS,7,"팩 생산 병목 완화와 이연 물량 출하로 3Q26 ESS 매출이 전분기 대비 약 40%, 연간 매출이 약 3.3배 증가할 전망.",1
2026-07-31_iM증권_LGES,2026-07-31,iM증권,LGES,AMPC,5,"미국 ESS 생산량 확대에 따라 3Q26 AMPC가 3,470억원으로 증가해 수익성 회복을 뒷받침할 전망.",1
2026-07-31_iM증권_LGES,2026-07-31,iM증권,LGES,유럽EV,4,유럽향 출하 회복이 자동차전지 매출 증가와 적자 축소에 기여할 것으로 예상.,1
2026-07-31_iM증권_LGES,2026-07-31,iM증권,LGES,소형전지,4,Tesla 판매 호조에 따른 원형전지 출하 증가가 매출 회복과 수익성 방어에 기여.,1
2026-07-31_iM증권_LGES,2026-07-31,iM증권,LGES,북미EV,2,GM 얼티엄셀즈 1공장 재가동으로 3Q26 자동차전지 고정비 부담이 완화될 전망.,1
2026-07-31_iM증권_LGES,2026-07-31,iM증권,LGES,밸류에이션,3,목표가는 하향했지만 2028년 예상 P/E 19배로 밸류에이션 부담이 완화됐다고 판단.,1
2026-07-31_iM증권_삼성SDI,2026-07-31,iM증권,삼성SDI,관세,4,"미국 상호관세 환급 약 1,900억원이 2Q26 일회성 이익으로 반영됐고 이를 제외해도 소폭 흑자를 기록.",1
2026-07-31_iM증권_삼성SDI,2026-07-31,iM증권,삼성SDI,ESS,7,3Q 국내 이연 물량과 4Q 미국 LFP 가동으로 ESS 중심의 사업 전환과 수익성 개선이 가속할 전망.,1
2026-07-31_iM증권_삼성SDI,2026-07-31,iM증권,삼성SDI,LFP,5,4Q26 미국 LFP 라인 본격 가동과 향후 GM 합작 라인의 ESS 활용 가능성을 성장 요인으로 평가.,1
2026-07-31_iM증권_삼성SDI,2026-07-31,iM증권,삼성SDI,AMPC,5,미국 ESS 생산 확대와 라인 가동률 상승으로 AMPC 수혜가 중장기 손익 개선에 기여할 전망.,1
2026-07-31_iM증권_삼성SDI,2026-07-31,iM증권,삼성SDI,북미EV,-4,BMW·VW향 출하 감소와 고객사 재고조정으로 3Q 자동차전지 회복 속도는 제한적일 전망.,1
2026-07-31_iM증권_삼성SDI,2026-07-31,iM증권,삼성SDI,소형전지,3,전동공구와 AIDC향 BBU 수요 증가로 3Q 원형전지 흑자전환을 예상.,1
2026-07-31_iM증권_삼성SDI,2026-07-31,iM증권,삼성SDI,밸류에이션,4,목표가는 낮췄지만 2028년 P/E 12.6배로 밸류에이션 부담이 완화됐다고 평가.,1
2026-07-31_다올투자증권_LGES,2026-07-31,다올투자증권,LGES,ESS,8,하반기 ESS 매출 증가와 신규 수주 가능성을 주가 반전의 핵심으로 본다.,1
2026-07-31_다올투자증권_LGES,2026-07-31,다올투자증권,LGES,46파이,7,오창 램프업과 애리조나 가동 준비로 원통형 성장성이 커질 것으로 본다.,1
2026-07-31_다올투자증권_LGES,2026-07-31,다올투자증권,LGES,북미EV,6,GM JV 재가동과 공급망 전환 완료로 2027년 북미 EV 공급 증가를 전망한다.,1
2026-07-31_대신증권_삼성SDI,2026-07-31,대신증권,삼성SDI,ESS,9,북미 ESS 매출 확대와 LFP 공급이 증익 사이클을 재개할 것으로 본다.,1
2026-07-31_대신증권_삼성SDI,2026-07-31,대신증권,삼성SDI,소형전지,7,UPS·BBU 등 고부가 제품 믹스 개선으로 흑자전환이 앞당겨졌다고 평가한다.,1
2026-07-31_대신증권_삼성SDI,2026-07-31,대신증권,삼성SDI,밸류에이션,4,시장 조정과 상장계열사 지분가치 하락을 반영해 목표가를 낮췄지만 상승 여력은 충분하다고 본다.,1
2026-07-31_메리츠증권_LGES,2026-07-31,메리츠증권,LGES,LFP,7,유럽 LFP와 고전압 미드니켈 제품 확대로 지역·제품 경쟁력을 보완할 것으로 본다.,1
2026-07-31_메리츠증권_LGES,2026-07-31,메리츠증권,LGES,46파이,7,북미 원통형 전지와 신규 고객 확보가 중장기 경쟁력 회복에 기여할 것으로 전망한다.,1
2026-07-31_메리츠증권_LGES,2026-07-31,메리츠증권,LGES,밸류에이션,5,단기 실적 추정치와 비용 부담을 반영해 목표주가를 낮췄지만 매수 의견은 유지했다.,1
2026-07-31_미래에셋증권_LGES,2026-07-31,미래에셋증권,LGES,북미EV,7,유럽 EV 판매 회복과 얼티엄 재가동으로 EV 사업도 회복 국면에 진입할 것으로 본다.,1
2026-07-31_미래에셋증권_LGES,2026-07-31,미래에셋증권,LGES,ESS,8,ESS 병목이 완화되며 출하와 수익성이 순차적으로 개선될 것으로 전망한다.,1
2026-07-31_미래에셋증권_LGES,2026-07-31,미래에셋증권,LGES,밸류에이션,5,단기 실적 추정과 순차입금 부담으로 목표주가를 낮췄으나 중장기 방향성은 유지했다.,1
2026-07-31_미래에셋증권_삼성SDI,2026-07-31,미래에셋증권,삼성SDI,AMPC,8,3분기부터 AMPC를 제외해도 영업 흑자 구간에 진입할 것으로 판단한다.,1
2026-07-31_미래에셋증권_삼성SDI,2026-07-31,미래에셋증권,삼성SDI,밸류에이션,9,주가 하락으로 과거 사이클과 글로벌 경쟁사 대비 의미 있는 비중확대 구간에 들어왔다고 본다.,1
2026-07-31_미래에셋증권_삼성SDI,2026-07-31,미래에셋증권,삼성SDI,소형전지,7,BBU와 전동공구 수요로 소형전지 이익 추정치를 상향했다.,1
2026-07-31_삼성증권_삼성SDI,2026-07-31,삼성증권,삼성SDI,관세,5,"미국향 셀 관세 환입 1,000억원 후반대가 2Q 어닝 서프라이즈의 주된 원인.",1
2026-07-31_삼성증권_삼성SDI,2026-07-31,삼성증권,삼성SDI,AMPC,5,"3Q 북미 ESS 출하 증가로 AMPC가 1,350억원까지 확대될 전망.",1
2026-07-31_삼성증권_삼성SDI,2026-07-31,삼성증권,삼성SDI,ESS,6,고수익 UPS 판매와 북미 현지 ESS 출하 증가가 3Q 중대형전지 흑자를 지지할 전망.,1
2026-07-31_삼성증권_삼성SDI,2026-07-31,삼성증권,삼성SDI,소형전지,5,BBU와 전동공구 판매 호조로 3Q 풀가동 수준과 흑자전환을 예상.,1
2026-07-31_삼성증권_삼성SDI,2026-07-31,삼성증권,삼성SDI,밸류에이션,3,Peer 배수와 시장 변동성 할인으로 목표가를 낮췄지만 북미 ESS 수주와 삼성디스플레이 지분가치를 근거로 매수 유지.,1
2026-07-31_신영증권_LGES,2026-07-31,신영증권,LGES,ESS,8,단기 팩 병목은 남아 있지만 수주와 출하 확대가 중장기 성장 방향을 지지한다고 본다.,1
2026-07-31_신영증권_LGES,2026-07-31,신영증권,LGES,OEM보상금,4,2분기 보상금 인식 지연이 실적 눈높이 하향의 한 요인으로 작용했다고 평가한다.,1
2026-07-31_신영증권_LGES,2026-07-31,신영증권,LGES,유럽EV,7,유럽 EV 판매 회복과 LFP 공급 확대가 중장기 실적 개선을 뒷받침할 것으로 전망한다.,1
2026-07-31_신영증권_삼성SDI,2026-07-31,신영증권,삼성SDI,ESS,9,미국 NCA ESS와 4분기 LFP 라인 가동이 하반기 이익 체력을 높일 것으로 본다.,1
2026-07-31_신영증권_삼성SDI,2026-07-31,신영증권,삼성SDI,소형전지,7,BBU·탭리스 파워툴 믹스 개선으로 적자폭이 줄었다고 평가한다.,1
2026-07-31_신영증권_삼성SDI,2026-07-31,신영증권,삼성SDI,유럽EV,4,유럽 현대·기아 판매 회복은 긍정적이나 BMW·VW 회복은 지연되는 것으로 본다.,1
2026-07-31_신한투자증권_LGES,2026-07-31,신한투자증권,LGES,ESS,6,"북미 생산능력과 팩·링크 설비 확대, 대형 신재생·AIDC 수주로 하반기 출하와 수익성이 개선될 전망.",1
2026-07-31_신한투자증권_LGES,2026-07-31,신한투자증권,LGES,유럽EV,4,유럽향 중저가 제품 확대가 EV 가동률 회복의 한 축으로 작용.,1
2026-07-31_신한투자증권_LGES,2026-07-31,신한투자증권,LGES,북미EV,2,북미 JV 재가동이 하반기 EV 물량 회복과 고정비 부담 완화에 기여할 전망.,1
2026-07-31_신한투자증권_LGES,2026-07-31,신한투자증권,LGES,46파이,5,46시리즈 고객 다변화와 2Q 물량 60% QoQ 증가를 중장기 경쟁력 강화 요인으로 평가.,1
2026-07-31_신한투자증권_LGES,2026-07-31,신한투자증권,LGES,소형전지,5,전략 고객 신규 EV 판매와 원통형 믹스 개선으로 2Q 전사 흑자전환에 기여.,1
2026-07-31_신한투자증권_LGES,2026-07-31,신한투자증권,LGES,밸류에이션,3,Peer 멀티플 하향으로 목표가는 낮췄지만 하반기 이익 개선 가시성 확대를 긍정적으로 평가.,1
2026-07-31_신한투자증권_삼성SDI,2026-07-31,신한투자증권,삼성SDI,ESS,7,미국 전력용·UPS 수요와 4Q LFP 양산으로 ESS 외형과 수익성이 함께 개선될 전망.,1
2026-07-31_신한투자증권_삼성SDI,2026-07-31,신한투자증권,삼성SDI,LFP,6,미국 LFP 양산 본격화가 추가 실적과 주가 재평가 요인이 될 것으로 판단.,1
2026-07-31_신한투자증권_삼성SDI,2026-07-31,신한투자증권,삼성SDI,AMPC,4,북미 생산 증가에 따른 AMPC 확대가 하반기 ESS 수익성 개선을 지원.,1
2026-07-31_신한투자증권_삼성SDI,2026-07-31,신한투자증권,삼성SDI,소형전지,5,BBU와 전동공구 중심 고출력 제품 확대로 소형전지 이익 기여가 확대될 전망.,1
2026-07-31_신한투자증권_삼성SDI,2026-07-31,신한투자증권,삼성SDI,유럽EV,3,기존 프로젝트 물량 감소에도 유럽 볼륨 모델 출하 증가로 EV 적자폭 축소를 예상.,1
2026-07-31_신한투자증권_삼성SDI,2026-07-31,신한투자증권,삼성SDI,밸류에이션,3,목표가는 낮췄지만 일회성을 제외한 흑자와 하반기 본업 증익 가시성을 긍정적으로 평가.,1
2026-07-31_유진투자증권_LGES,2026-07-31,유진투자증권,LGES,ESS,9,3분기 출하 급증과 4분기 AMPC 제외 흑자전환으로 ESS가 외형 성장을 이끌 것으로 본다.,1
2026-07-31_유진투자증권_LGES,2026-07-31,유진투자증권,LGES,46파이,7,오창·애리조나 증설과 신규 고객 확보로 원통형 성장세가 2027년까지 이어질 전망이다.,1
2026-07-31_유진투자증권_LGES,2026-07-31,유진투자증권,LGES,북미EV,6,GM JV 재가동과 현대차 JV 가동률 상승을 전망한다.,2
2026-07-31_키움증권_LGES,2026-07-31,키움증권,LGES,ESS,5,중장기 수주는 긍정적이지만 단기 램프업 속도와 수익성 개선은 기대보다 느리다고 본다.,1
2026-07-31_키움증권_LGES,2026-07-31,키움증권,LGES,OEM보상금,-2,보상금 인식 이연이 2분기 영업이익의 컨센서스 하회에 영향을 줬다.,1
2026-07-31_키움증권_LGES,2026-07-31,키움증권,LGES,밸류에이션,4,경쟁사 밸류에이션 하락을 반영해 목표가는 낮추지만 중장기 성장성을 감안해 매수를 유지한다.,1
2026-07-31_키움증권_삼성SDI,2026-07-31,키움증권,삼성SDI,관세,3,"약 2,000억원의 관세 환급이 2Q 흑자전환을 이끌었지만 일회성 효과로 구분해야 함.",1
2026-07-31_키움증권_삼성SDI,2026-07-31,키움증권,삼성SDI,ESS,4,3Q UPS 수요와 이연 물량으로 ESS 매출 +37% QoQ를 전망하나 하반기 수익성 검증이 필요.,1
2026-07-31_키움증권_삼성SDI,2026-07-31,키움증권,삼성SDI,LFP,3,미국 최초 ESS용 LFP 라인의 양산 안정화와 수익성 확인이 추세적 주가 상승의 조건.,1
2026-07-31_키움증권_삼성SDI,2026-07-31,키움증권,삼성SDI,AMPC,4,3Q AMPC와 가동률 상승이 관세 환급 소멸 이후에도 흑자 기조를 지지할 전망.,1
2026-07-31_키움증권_삼성SDI,2026-07-31,키움증권,삼성SDI,유럽EV,-2,BMW·VW 내 점유율 감소로 자동차전지 매출이 3Q 감소할 전망이며 추세적 회복 전 점검이 필요.,1
2026-07-31_키움증권_삼성SDI,2026-07-31,키움증권,삼성SDI,소형전지,4,"고출력 파워툴과 BBU 출하 증가, 제품 믹스 개선으로 손익이 개선.",1
2026-07-31_키움증권_삼성SDI,2026-07-31,키움증권,삼성SDI,밸류에이션,1,조정 후 단기 Trading 구간으로 보지만 유럽 점유율과 LFP 수익성 확인 전 추세적 상승 판단은 유보.,1
2026-07-31_하나증권_LGES,2026-07-31,하나증권,LGES,유럽EV,5,유럽 중저가 미드니켈 출하 증가로 7개 분기 연속의 중대형 EV 매출 감소가 멈췄고 3Q 가동률 60%를 전망.,1
2026-07-31_하나증권_LGES,2026-07-31,하나증권,LGES,소형전지,4,Tesla향 원형 EV 배터리 출하 증가와 높은 한 자릿수 영업이익률을 긍정적으로 평가.,1
2026-07-31_하나증권_LGES,2026-07-31,하나증권,LGES,ESS,4,팩·링크 공급 병목으로 2Q 적자가 지속됐지만 3Q 북미 출하 +50% 이상과 생산성 개선을 전망.,1
2026-07-31_하나증권_LGES,2026-07-31,하나증권,LGES,AMPC,5,3Q 북미 ESS 생산 증가로 AMPC 수취액이 대폭 늘어 전사 영업이익률 개선에 기여할 전망.,1
2026-07-31_하나증권_LGES,2026-07-31,하나증권,LGES,북미EV,3,GM JV 재가동이 3Q 중대형 EV 적자 축소에 기여할 것으로 예상.,1
2026-07-31_하나증권_LGES,2026-07-31,하나증권,LGES,밸류에이션,4,목표가는 낮췄지만 하반기 강한 증익 모멘텀과 현 주가의 상승여력을 근거로 매수를 권고.,1
2026-07-31_하나증권_삼성SDI,2026-07-31,하나증권,삼성SDI,관세,3,관세 환급 일회성 이익이 2Q 흑자전환을 크게 도왔지만 환급 제외 기준 수익성도 전분기보다 개선.,1
2026-07-31_하나증권_삼성SDI,2026-07-31,하나증권,삼성SDI,AMPC,5,중대형 EV와 북미 ESS의 AMPC 증가가 하반기 흑자 지속을 지원할 전망.,1
2026-07-31_하나증권_삼성SDI,2026-07-31,하나증권,삼성SDI,유럽EV,3,미국 Stellantis JV에서 생산한 유럽향 물량 증가가 2Q 중대형 EV 매출과 수익성을 개선.,1
2026-07-31_하나증권_삼성SDI,2026-07-31,하나증권,삼성SDI,ESS,6,3Q 북미 ESS 라인 본격 가동으로 ESS 매출이 30% 이상 QoQ 증가할 전망.,1
2026-07-31_하나증권_삼성SDI,2026-07-31,하나증권,삼성SDI,소형전지,5,가동률 상승으로 3Q 소형전지가 2년 만에 흑자전환할 전망.,1
2026-07-31_하나증권_삼성SDI,2026-07-31,하나증권,삼성SDI,밸류에이션,6,2028년 이익과 Target P/E 24배로 목표 시가총액 54조원을 산출해 현 주가 대비 큰 상승여력을 제시.,1
