source_group,source_file,source_ids,page,page_count,legacy_covered,priority,selection_reason,candidate_type,markets,companies,ownership_signals,applications,geographies,metrics,company_metrics,units,risk_flags,score,visual_review_status
actuals,25_4Q_LGES_business_performance_F_KR.pdf,LGES,11,17,N,P1,정량키워드,시장·회사,EV|ESS,,JV,Grid/Utility|UPS,글로벌|북미|유럽|중국,수요|CAPA,CAPA,%|GWH,수주·계약,15,대기
inbox,"DS투자증권_LG에너지솔루션_지연된 물량, 채워지는 수주_20260731.pdf",2026-07-31_DS투자증권_LGES,1,4,N,P1,정량키워드,시장·회사,EV|ESS,LG에너지솔루션|Tesla,JV,데이터센터,북미,출하량|생산량|YoY,출하량|생산량,%|GWH,수주·계약,15,보류
inbox,KB증권_LG에너지솔루션_상반기 바닥 확인_20260730.pdf,2026-07-30_KB증권_LGES,1,8,N,P1,정량키워드,시장·회사,EV|ESS,LG에너지솔루션,JV,Grid/Utility,북미|미국|유럽,판매량|출하량|수요|성장률|YoY|CAPA,판매량|출하량|CAPA,%|GWH,수주·계약,15,채택
inbox,LS증권_LG에너지솔루션_낮아지는 눈높이_20260512.pdf,2026-05-12_LS증권_LGES,1,4,N,P1,정량키워드,시장·회사,EV|ESS,LG에너지솔루션|Panasonic|Tesla,JV,Grid/Utility,북미|미국|유럽|중국,판매량|수요|CAPA,판매량|CAPA,%|GWH,수주·계약,15,대기
inbox,"LS증권_삼성SDI_4월 EV향 data, 역성장 지속 우려_20260605.pdf",2026-06-05_LS증권_삼성SDI,1,14,N,P1,정량키워드,시장·회사,EV|ESS,삼성SDI,JV,데이터센터|UPS,글로벌|미국|중국,판매량|수요|YoY|CAPA,판매량|CAPA,%|GWH,,15,채택
inbox,iM증권_LG에너지솔루션_1Q26 저점으로 ESS 중심 실적 회복세 전망_20260408.pdf,2026-04-08_iM증권_LGES,1,6,N,P1,정량키워드,시장·회사,EV|ESS,LG에너지솔루션,JV,데이터센터|Grid/Utility,미국|유럽|중국,판매량|출하량|생산능력|수요|용량|YoY,판매량|출하량|생산능력,%|GWH,수주·계약,15,대기
inbox,삼성증권_삼성SDI_연간 턴어라운드 기대 유효_20260311.pdf,2026-03-11_삼성증권_삼성SDI,1,4,N,P1,정량키워드,시장·회사,EV|ESS,삼성SDI,JV,데이터센터,북미,출하량|수요,출하량,%|GWH,수주·계약,15,대기
inbox,삼성증권_전자장비와기기_2차전지 산업 분석 11편 - AI 데이터센터와 배터리_20251023.pdf,2025-10-23_삼성증권_산업,18,39,N,P1,정량키워드,시장·회사,EV|ESS,LG에너지솔루션|삼성SDI|SK온|Tesla,JV,데이터센터|Grid/Utility|상업·산업용(C&I)|UPS,북미|미국|중국|한국,수요|용량|캐파,캐파,%|GWH|MWH,,15,대기
inbox,유진투자증권_LG에너지솔루션_ESS + 4680이 견인하는 실적_20260506.pdf,2026-05-06_유진투자증권_LGES,3,11,N,P1,정량키워드,시장·회사,EV|ESS,,JV,데이터센터|Grid/Utility,북미|유럽|중국,수요|CAPA,CAPA,%|GWH,수주·계약,15,대기
inbox,흥국증권_전자장비와기기_2025년 미리보기 전열 재정비(ft.4680 배터리 로드맵)_20250203.pdf,2025-02-03_흥국증권_산업,27,46,N,P1,정량키워드,시장·회사,EV|ESS,LG에너지솔루션,JV,데이터센터,글로벌|북미|미국|유럽|중국,수요|용량|YoY|CAPA,CAPA,%|GWH,,15,대기
actuals,25_4Q_Script.pdf,,2,18,N,P1,정량키워드,시장,EV|ESS,,JV,데이터센터,북미|미국|유럽|중국,출하량|수요|CAPA,출하량|CAPA,%,,14,대기
actuals,26_1Q_Script.pdf,2026_1Q_LGES,2,14,N,P1,정량키워드,시장,EV|ESS,,JV,Grid/Utility,북미|유럽,출하량|수요|CAPA,출하량|CAPA,%,,14,대기
actuals,26_1Q_Script.pdf,2026_1Q_LGES,5,14,N,P1,정량키워드,시장,EV|ESS,,JV,데이터센터,북미|미국|유럽,수요|CAPA,CAPA,%,수주·계약,14,대기
actuals,26_1Q_Script.pdf,2026_1Q_LGES,11,14,N,P1,정량키워드,시장·회사,EV|ESS,,JV,데이터센터|Grid/Utility,북미|미국|유럽|중국,수요|용량|CAPA,CAPA,%|GWH,,14,대기
actuals,26_2Q_Script.pdf,2026_2Q_LGES,3,11,N,P1,정량키워드,시장·회사,EV|ESS,LG에너지솔루션,JV,데이터센터|Grid/Utility|UPS,북미|미국|유럽,수요|용량|CAPA,CAPA,%|GWH,수주·계약,14,채택
inbox,DB증권_LG에너지솔루션_원통형 전지 활약에 주목_20260504.pdf,2026-05-04_DB증권_LGES,1,4,N,P1,정량키워드,시장·회사,EV|ESS,LG에너지솔루션|Tesla,JV,,북미|유럽,출하량|YoY,출하량,%|GWH,수주·계약,14,대기
inbox,DB증권_삼성SDI_1Q26 컨센서스 상회 전망_20260401.pdf,2026-04-01_DB증권_삼성SDI,1,4,N,P1,정량키워드,시장·회사,EV|ESS,삼성SDI,JV,,미국|유럽,출하량|YoY,출하량,%|GWH,,14,대기
inbox,DS투자증권_LG에너지솔루션_소형전지에 관심 필요_20260504.pdf,2026-05-04_DS투자증권_LGES,1,4,N,P1,정량키워드,시장·회사,EV|ESS,LG에너지솔루션|Tesla,JV,,글로벌|북미,생산량|YoY,생산량,%|GWH,수주·계약,14,채택
inbox,IBK투자증권_삼성SDI_이제 호재가 터질 시기_20260402.pdf,2026-04-02_IBK투자증권_삼성SDI,1,5,N,P1,정량키워드,시장·회사,EV|ESS,삼성SDI,,데이터센터,북미|미국|유럽|중국|한국,출하량|CAPA,출하량|CAPA,%|GWH,수주·계약,14,채택
inbox,IBK투자증권_전자장비와기기_배터리 World War_20230912.pdf,2023-09-12_IBK투자증권_산업,58,136,N,P1,정량키워드,시장·회사,EV,LG에너지솔루션|삼성SDI,JV,,북미,판매량|출하량|YoY,판매량|출하량,%|GWH|MWH,,14,대기
inbox,IBK투자증권_전자장비와기기_배터리 World War_20230912.pdf,2023-09-12_IBK투자증권_산업,90,136,N,P1,정량키워드,시장·회사,EV|ESS,삼성SDI,JV,,유럽,생산능력|수요|YoY|CAPA,생산능력|CAPA,%|GWH,,14,대기
inbox,IBK투자증권_전자장비와기기_역대급 북미 배터리 설계사_20240226.pdf,2024-02-26_IBK투자증권_산업,4,116,N,P1,정량키워드,시장·회사,EV,LG에너지솔루션,JV,,북미,판매량|생산량|생산능력|수요|침투율|CAPA,판매량|생산량|생산능력|CAPA,%|GWH,,14,대기
inbox,IBK투자증권_전자장비와기기_역대급 북미 배터리 설계사_20240226.pdf,2024-02-26_IBK투자증권_산업,82,116,N,P1,정량키워드,시장·회사,EV,LG에너지솔루션,JV,,북미|유럽,출하량|수요|YoY|CAPA,출하량|CAPA,%|GWH,,14,대기
inbox,IBK투자증권_전자장비와기기_역대급 북미 배터리 설계사_20240226.pdf,2024-02-26_IBK투자증권_산업,87,116,N,P1,정량키워드,시장·회사,EV|ESS,삼성SDI,JV,,북미|유럽,생산능력|수요|YoY|CAPA,생산능력|CAPA,%|GWH,,14,대기
inbox,KB증권_LG에너지솔루션_2026년 미국 사업 ESS가 EV 미국 출하량 뛰어넘을 것_20260226.pdf,2026-02-26_KB증권_LGES,1,9,N,P1,정량키워드,시장·회사,EV|ESS,LG에너지솔루션,,데이터센터|Grid/Utility|UPS,미국|중국,출하량|생산능력|설치량|수요|성장률|YoY,출하량|생산능력,%|GWH,,14,채택
inbox,KB증권_LG에너지솔루션_2026년 미국 사업 ESS가 EV 미국 출하량 뛰어넘을 것_20260226.pdf,2026-02-26_KB증권_LGES,3,9,N,P1,정량키워드,시장,ESS,LG에너지솔루션,,데이터센터|Grid/Utility,미국,설치량|수요|YoY,,%|GW|GWH|MW|MWH,,14,대기
inbox,"LS증권_LG에너지솔루션_4월 EV향 data, DTE 수주 및 미국 ESS_20260602.pdf",2026-06-02_LS증권_LGES,7,18,N,P1,정량키워드,시장,EV|ESS,LG에너지솔루션|CATL|BYD|CALB,,상업·산업용(C&I),글로벌|미국|중국|한국,점유율|성장률,,%|GWH,,14,채택
inbox,"LS증권_LG에너지솔루션_4월 EV향 data, DTE 수주 및 미국 ESS_20260602.pdf",2026-06-02_LS증권_LGES,9,18,N,P1,정량키워드,시장·회사,ESS,LG에너지솔루션|CATL|Panasonic|Tesla,,데이터센터,글로벌|미국|중국|한국,출하량|수요,출하량,%|GWH,수주·계약,14,채택
inbox,NH투자증권_삼성SDI_릴레이 수주_20260625.pdf,2026-06-25_NH투자증권_삼성SDI,1,8,N,P3,정량키워드,시장,EV|ESS,삼성SDI,,데이터센터,미국|유럽|한국,점유율|성장률,,%|GW|GWH,수주·계약,14,대기
inbox,"SK증권_삼성SDI_저점은 지났다, 회복의 축은 ESS소형_20260609.pdf",2026-06-09_SK증권_삼성SDI,1,7,N,P1,정량키워드,시장·회사,EV|ESS,삼성SDI,JV,,미국|중국|한국,수요|캐파,캐파,%|GWH,,14,대기
inbox,SK증권_전자장비와기기_배터리 패러다임의 변화 (feat. IT 탐방왕이 바라본 2차전지)_20230523.pdf,2023-05-23_SK증권_산업,61,142,N,P1,정량키워드,시장·회사,EV|ESS,LG에너지솔루션|삼성SDI|SK온,JV,,글로벌|미국|유럽|중국|한국,출하량|수요|용량|침투율|캐파,출하량|캐파,%|GWH,수주·계약,14,대기
inbox,SK증권_전자장비와기기_배터리 패러다임의 변화 (feat. IT 탐방왕이 바라본 2차전지)_20230523.pdf,2023-05-23_SK증권_산업,69,142,N,P1,정량키워드,시장·회사,EV|ESS,LG에너지솔루션,JV,,글로벌|미국|중국,생산능력|수요|YoY|CAPA,생산능력|CAPA,%|GWH,,14,대기
inbox,iM증권_LG에너지솔루션_ESS의 가파른 성장세 본격화_20260630.pdf,2026-06-30_iM증권_LGES,1,7,N,P1,정량키워드,시장·회사,EV|ESS,LG에너지솔루션|Tesla,,데이터센터|Grid/Utility,미국|유럽|중국,출하량|생산량|수요|용량|YoY,출하량|생산량,%|GWH,수주·계약,14,대기
inbox,iM증권_LG에너지솔루션_ESS의 가파른 성장세 본격화_20260630.pdf,2026-06-30_iM증권_LGES,3,7,N,P1,정량키워드,시장·회사,EV|ESS,LG에너지솔루션|삼성SDI|SK온,,데이터센터|UPS,미국|한국,출하량|수요|YoY|캐파,출하량|캐파,%|GWH,,14,대기
inbox,iM증권_LG에너지솔루션_하반기에도 ESS 중심 실적 개선세 지속_20260731.pdf,2026-07-31_iM증권_LGES,3,6,N,P1,정량키워드,시장·회사,EV|ESS,LG에너지솔루션|삼성SDI|SK온,,데이터센터|UPS,미국|한국,출하량|수요|YoY|캐파,출하량|캐파,%|GWH,,14,채택
inbox,iM증권_SK이노베이션_국내 정유사들 중에서 차별화되는 포인트 2가지_20260514.pdf,2026-05-14_iM증권_SK온,1,8,N,P1,정량키워드,시장·회사,EV|ESS,SK온,,데이터센터,북미|미국|유럽,판매량|설치량|수요,판매량,%|GWH,수주·계약,14,대기
inbox,iM증권_SK이노베이션_전 사업부에서 누리는 고유가 + ESS 확대 기회_20260511.pdf,2026-05-11_iM증권_SK온,1,9,N,P3,정량키워드,시장,EV|ESS,SK온,JV,,미국|중국,설치량|수요,,%|GWH,수주·계약,14,대기
inbox,iM증권_삼성SDI_AIDC향 ESS의 중장기적인 성장성 확보_20260511.pdf,2026-05-11_iM증권_삼성SDI,1,6,N,P1,정량키워드,시장·회사,EV|ESS,삼성SDI,,데이터센터|Grid/Utility,미국|유럽|중국,출하량|수요|용량|점유율|YoY,출하량,%|GWH,,14,채택
inbox,iM증권_삼성SDI_ESS로의 사업 전환 가속화 전망_20260731.pdf,2026-07-31_iM증권_삼성SDI,3,6,N,P1,정량키워드,시장·회사,ESS,LG에너지솔루션|삼성SDI|SK온,,데이터센터|UPS,미국|한국,출하량|수요|캐파,출하량|캐파,%|GWH,,14,대기
inbox,"iM증권_삼성SDI_밸류에이션 부담 완화, 비중 확대 시점_20260630.pdf",2026-06-30_iM증권_삼성SDI,1,6,N,P1,정량키워드,시장·회사,EV|ESS,삼성SDI,,데이터센터|Grid/Utility,미국|유럽|중국,출하량|수요|용량|점유율|YoY,출하량,%|GWH,수주·계약,14,대기
inbox,"iM증권_삼성SDI_밸류에이션 부담 완화, 비중 확대 시점_20260630.pdf",2026-06-30_iM증권_삼성SDI,3,6,N,P1,정량키워드,시장·회사,ESS,LG에너지솔루션|삼성SDI|SK온,,데이터센터|UPS,미국|한국,출하량|수요|캐파,출하량|캐파,%|GWH,,14,대기
inbox,다올투자증권_전자장비와기기_AI가 쏘아올린 ESS 시장의 개화와 한국의 배터리_20251119.pdf,2025-11-19_다올투자증권_산업,3,45,N,P1,정량키워드,시장,EV|ESS,LG에너지솔루션|삼성SDI,,데이터센터,미국|유럽|중국|한국,수요|용량,,%|GW|GWH,,14,대기
inbox,다올투자증권_전자장비와기기_AI가 쏘아올린 ESS 시장의 개화와 한국의 배터리_20251119.pdf,2025-11-19_다올투자증권_산업,4,45,N,P1,정량키워드,시장·회사,ESS,Tesla,,데이터센터,미국|유럽,생산량|수요|용량,생산량,%|GW|GWH|MWH|TWH,,14,대기
inbox,다올투자증권_전자장비와기기_AI가 쏘아올린 ESS 시장의 개화와 한국의 배터리_20251119.pdf,2025-11-19_다올투자증권_산업,11,45,N,P1,정량키워드,시장·회사,ESS,LG에너지솔루션|Tesla,,데이터센터|Grid/Utility,글로벌|미국|유럽,생산능력|설치량|수요,생산능력,%|GWH|MWH|TWH|대,수주·계약,14,대기
inbox,다올투자증권_전자장비와기기_AI가 쏘아올린 ESS 시장의 개화와 한국의 배터리_20251119.pdf,2025-11-19_다올투자증권_산업,25,45,N,P1,정량키워드,시장·회사,EV|ESS,LG에너지솔루션|CATL|Tesla,JV,,글로벌|미국|유럽|중국,판매량|생산능력|수요,판매량|생산능력,%|GWH|대,,14,대기
inbox,대신증권_LG에너지솔루션_꽉 차 있는 수주 창고_20260506.pdf,2026-05-06_대신증권_LGES,1,8,N,P1,정량키워드,시장·회사,EV|ESS,LG에너지솔루션,,데이터센터,북미|미국,출하량|수요|캐파|CAPA,출하량|캐파|CAPA,%|GWH,수주·계약,14,채택
inbox,대신증권_LG에너지솔루션_꽉 차 있는 수주 창고_20260506.pdf,2026-05-06_대신증권_LGES,4,8,N,P1,정량키워드,시장·회사,EV|ESS,LG에너지솔루션|삼성SDI|SK온,,BESS,북미|미국,출하량|수요,출하량,%|GW|GWH,수주·계약,14,채택
inbox,대신증권_삼성SDI_예상보다 빨라진 흑전_20260731.pdf,2026-07-31_대신증권_삼성SDI,1,5,N,P3,정량키워드,시장,EV|ESS,삼성SDI,JV,UPS,북미|미국|유럽,수요|YoY,,%,수주·계약,14,대기
inbox,메리츠증권_LG에너지솔루션_경쟁력 확보 준비 과정_20260731.pdf,2026-07-31_메리츠증권_LGES,1,6,N,P1,정량키워드,시장·회사,EV|ESS,LG에너지솔루션,JV,,북미|미국|유럽|중국,출하량|생산량,출하량|생산량,%|GWH,수주·계약,14,대기
inbox,삼성증권_LG에너지솔루션_1Q26 잠정 실적 - 예상치 부합_20260408.pdf,2026-04-08_삼성증권_LGES,1,7,N,P3,정량키워드,시장,EV|ESS,LG에너지솔루션|CATL,JV,,북미|미국,수요|점유율,,%|GWH,수주·계약,14,대기
inbox,삼성증권_LG에너지솔루션_2Q26 review - ESS 성장통에도 이익 개선세 유효_20260730.pdf,2026-07-30_삼성증권_LGES,2,9,N,P1,정량키워드,시장·회사,EV|ESS,LG에너지솔루션,JV,,북미|미국|한국,판매량|출하량,판매량|출하량,%|GWH,,14,대기
inbox,"삼성증권_자동차_Beyond Chasm 로봇의 심장, 배터리_20250321.pdf",2025-03-21_삼성증권_산업,2,79,N,P1,정량키워드,시장,EV,Tesla,,데이터센터,글로벌|미국|중국|한국,수요|용량,,%|GWH|만대,,14,대기
inbox,삼성증권_전자장비와기기_2차전지 산업 분석 11편 - AI 데이터센터와 배터리_20251023.pdf,2025-10-23_삼성증권_산업,1,39,N,P1,정량키워드,시장·회사,EV|ESS,LG에너지솔루션|삼성SDI,,데이터센터|UPS,글로벌|북미|미국|중국|한국,수요|점유율|캐파,캐파,%|GWH,,14,채택
inbox,삼성증권_전자장비와기기_2차전지 산업 분석 11편 - AI 데이터센터와 배터리_20251023.pdf,2025-10-23_삼성증권_산업,14,39,N,P1,정량키워드,시장,ESS,LG에너지솔루션|삼성SDI|CATL,,데이터센터|Grid/Utility|UPS,한국,수요|용량,,%|GW|MW|MWH,,14,대기
inbox,삼성증권_전자장비와기기_2차전지 산업 분석 11편 - AI 데이터센터와 배터리_20251023.pdf,2025-10-23_삼성증권_산업,34,39,N,P1,정량키워드,시장·회사,EV|ESS,삼성SDI,JV,,글로벌|북미|한국,수요|용량|캐파,캐파,%|GWH,,14,대기
inbox,"상상인증권_삼성SDI_1Q26 Preview - 북미거점 ESS 생산, 하반기 흑자전환 기대_20260401.pdf",2026-04-01_상상인증권_삼성SDI,1,5,N,P3,정량키워드,시장,EV|ESS,삼성SDI,,데이터센터,북미|유럽,침투율|YoY,,%|GWH,수주·계약,14,대기
inbox,"상상인증권_삼성SDI_북미ESS 성장 반영, 중장기 이익전망 상향_20260407.pdf",2026-04-07_상상인증권_삼성SDI,1,6,N,P1,정량키워드,시장·회사,EV|ESS,삼성SDI,JV,,북미|미국|중국,출하량|생산능력|수요|YoY,출하량|생산능력,%|GWH,,14,대기
inbox,상상인증권_자동차_2025년 연간 전망 완성차와 배터리에 기대할 수 있는 것_20241021.pdf,2024-10-21_상상인증권_산업,62,74,N,P1,정량키워드,시장,EV|ESS,삼성SDI,JV,,북미|유럽,판매대수|성장률|YoY,,%|GWH,,14,대기
inbox,신영증권_LG에너지솔루션_2분기부터 재차 증익 구간 진입_20260504.pdf,2026-05-04_신영증권_LGES,1,6,N,P1,정량키워드,시장·회사,EV|ESS,LG에너지솔루션|Tesla,JV,,북미|미국|유럽,판매량|CAPA,판매량|CAPA,%|GWH,,14,대기
inbox,신영증권_LG에너지솔루션_단기 눈높이는 낮춰도 방향성은 불변_20260731.pdf,2026-07-31_신영증권_LGES,1,5,N,P1,정량키워드,시장·회사,EV|ESS,LG에너지솔루션|Tesla,JV,,북미|유럽,판매량|CAPA,판매량|CAPA,%|GWH,,14,대기
inbox,신한투자증권_LG에너지솔루션_1분기가 저점_20260504.pdf,2026-05-04_신한투자증권_LGES,1,7,N,P1,정량키워드,시장·회사,EV|ESS,LG에너지솔루션,JV,,북미|미국|유럽,판매량|출하량|생산능력|설치량,판매량|출하량|생산능력,%|GWH,수주·계약,14,대기
inbox,신한투자증권_LG에너지솔루션_LG에너지솔루션 1Q26 잠정실적 발표_20260408.pdf,2026-04-08_신한투자증권_LGES,1,2,N,P1,정량키워드,시장·회사,EV|ESS,LG에너지솔루션|Tesla,JV,,북미,출하량|생산능력|수요|YoY,출하량|생산능력,%|GWH,,14,대기
inbox,신한투자증권_LG에너지솔루션_우려보다 기대를_20260402.pdf,2026-04-02_신한투자증권_LGES,1,7,N,P1,정량키워드,시장·회사,EV|ESS,LG에너지솔루션,JV,,북미|미국|유럽,판매량|출하량|생산능력|수요|점유율|CAPA,판매량|출하량|생산능력|CAPA,%|GWH,,14,대기
inbox,유진투자증권_LG에너지솔루션_ESS + 4680이 견인하는 실적_20260506.pdf,2026-05-06_유진투자증권_LGES,1,11,N,P1,정량키워드,시장·회사,EV|ESS,LG에너지솔루션,JV,,북미|유럽,출하량|수요|YoY|캐파,출하량|캐파,%|GWH,수주·계약,14,대기
inbox,유진투자증권_LG에너지솔루션_ESS가 이끄는 외형 성장_20260731.pdf,2026-07-31_유진투자증권_LGES,1,12,N,P1,정량키워드,시장,EV|ESS,LG에너지솔루션|Tesla,JV,데이터센터|Grid/Utility|UPS,북미|유럽|중국,출하량|생산능력|수요|YoY|CAPA,출하량|생산능력|CAPA,%,수주·계약,14,대기
inbox,유진투자증권_SK이노베이션_풀가동으로 전략 전환_20260514.pdf,2026-05-14_유진투자증권_SK온,1,8,N,P1,정량키워드,시장·회사,EV,,JV,,글로벌|북미|유럽,판매량|YoY,판매량,%|GW|만대,,14,대기
inbox,유진투자증권_전자장비와기기_배터리 2024 OUTLOOK TREND SETTER_20231121.pdf,2023-11-21_유진투자증권_산업,59,71,N,P1,정량키워드,시장·회사,EV|ESS,LG에너지솔루션|BYD,JV,상업·산업용(C&I),북미|미국|유럽|중국|한국,CAPA,CAPA,%|GWH|만대,,14,대기
inbox,"키움증권_LG에너지솔루션_1Q26 잠정 실적 리뷰 컨센서스 대비 매출은 상회, 영업이익은 하회_20260408.pdf",2026-04-08_키움증권_LGES,1,3,N,P1,정량키워드,시장·회사,EV|ESS,LG에너지솔루션|Tesla,JV,,북미|미국|유럽|중국,판매량|출하량|수요|점유율|YoY|CAPA,판매량|출하량|CAPA,%|GWH|대,수주·계약,14,대기
inbox,키움증권_LG에너지솔루션_북미 ESS CAPA 역량에 주목할 필요_20260504.pdf,2026-05-04_키움증권_LGES,1,7,N,P1,정량키워드,시장·회사,EV|ESS,LG에너지솔루션|Tesla,JV,,북미|유럽|중국,판매량|YoY|CAPA,판매량|CAPA,%|GWH,수주·계약,14,대기
inbox,키움증권_LG에너지솔루션_북미 ESS CAPA 역량에 주목할 필요_20260504.pdf,2026-05-04_키움증권_LGES,3,7,N,P1,정량키워드,시장·회사,ESS,LG에너지솔루션,JV,,미국,판매량|출하량|CAPA,판매량|출하량|CAPA,%|GWH,,14,대기
inbox,"키움증권_LG에너지솔루션_중장기 성장성 확인, 다만 단기 ESS 수익성 우려_20260731.pdf",2026-07-31_키움증권_LGES,1,8,N,P1,정량키워드,시장·회사,EV|ESS,LG에너지솔루션|CATL|Tesla,JV,,북미|유럽|중국,판매량|출하량|수요|YoY|캐파,판매량|출하량|캐파,%|GWH,수주·계약,14,대기
inbox,키움증권_LG에너지솔루션_휴머노이드 배터리 공급 확대_20260324.pdf,2026-03-24_키움증권_LGES,3,4,N,P1,정량키워드,시장·회사,ESS,LG에너지솔루션,JV,,미국,판매량|출하량|CAPA,판매량|출하량|CAPA,%|GWH,,14,대기
inbox,"하나증권_전자장비와기기_Weekly 이배속  ESS 성장 지속, 기대감 없는 EV의 반등_20260406.pdf",2026-04-06_하나증권_산업,6,29,N,P1,정량키워드,시장,EV|ESS,LG에너지솔루션|SK온|BYD|CALB|Tesla,JV,,글로벌|미국|유럽|중국,판매대수|설치량|수요|YoY,,%|GWH|만대,,14,대기
inbox,하나증권_전자장비와기기_배터리 투자자가 준비해야 하는 3가지_20260608.pdf,2026-06-08_하나증권_산업,6,30,N,P1,정량키워드,시장·회사,EV|ESS,LG에너지솔루션|삼성SDI|CATL|Tesla,,데이터센터,북미|미국|유럽|중국|한국,판매대수|생산능력|수요|YoY,생산능력,%|GWH|대|만대,수주·계약,14,보류
inbox,한화투자증권_LG에너지솔루션_1Q26 잠정실적 코멘트 - EV 부진을 ESS로 빠르게 메우는 중_20260408.pdf,2026-04-08_한화투자증권_LGES,1,4,N,P1,정량키워드,시장·회사,EV|ESS,LG에너지솔루션|Tesla,JV,,글로벌|미국|유럽|중국,출하량|수요,출하량,%|GWH,,14,대기
inbox,"한화투자증권_삼성SDI_EV 공백 메우는 ESS, IAA 수혜로 더해지는 기대감_20260324.pdf",2026-03-24_한화투자증권_삼성SDI,1,3,N,P1,정량키워드,시장·회사,EV|ESS,삼성SDI,JV,,미국|유럽|중국,출하량|수요|점유율|CAPA,출하량|CAPA,%|GWH,,14,대기
inbox,흥국증권_전자장비와기기_2025년 미리보기 전열 재정비(ft.4680 배터리 로드맵)_20250203.pdf,2025-02-03_흥국증권_산업,6,46,N,P1,정량키워드,시장·회사,EV|ESS,LG에너지솔루션,JV,,글로벌|북미|유럽|중국,YoY|CAPA,CAPA,%|GWH,,14,대기
inbox,흥국증권_전자장비와기기_2025년 미리보기 전열 재정비(ft.4680 배터리 로드맵)_20250203.pdf,2025-02-03_흥국증권_산업,9,46,N,P1,정량키워드,시장·회사,EV|ESS,삼성SDI,JV,,글로벌|북미|유럽|중국,수요|YoY|CAPA,CAPA,%|GWH,,14,대기
inbox,흥국증권_전자장비와기기_2025년 미리보기 전열 재정비(ft.4680 배터리 로드맵)_20250203.pdf,2025-02-03_흥국증권_산업,33,46,N,P1,정량키워드,시장,EV|ESS,삼성SDI,JV,데이터센터|UPS,북미|미국|유럽|중국,수요|YoY|캐파,캐파,%,수주·계약,14,대기
actuals,25_1Q_Script.pdf,,4,17,N,P1,정량키워드,시장·회사,EV|ESS,LG에너지솔루션,JV,Grid/Utility,글로벌|북미|미국|유럽,수요|캐파,캐파,GWH,수주·계약,13,보류
actuals,25_4Q_LGES_business_performance_F_KR.pdf,LGES,5,17,N,P1,정량키워드,시장·회사,EV|ESS,,JV,,북미|중국,CAPA,CAPA,%|GWH,수주·계약,13,대기
actuals,25_4Q_Script.pdf,,6,18,N,P1,정량키워드,시장·회사,EV|ESS,,JV,Grid/Utility|UPS,글로벌|북미|유럽|중국,수요|CAPA,CAPA,GWH,수주·계약,13,대기
actuals,25_4Q_Script.pdf,,14,18,N,P1,정량키워드,시장·회사,EV|ESS,,JV,,글로벌|북미,수요|캐파|CAPA,캐파|CAPA,%|GWH,,13,대기
actuals,26_1Q_LGES_business_performance_F_KR.pdf,2026_1Q_LGES|LGES,9,16,N,P1,정량키워드,시장·회사,EV|ESS,,JV,,북미|미국,수요|용량|CAPA,CAPA,%|GWH,수주·계약,13,대기
actuals,26_2Q_Script.pdf,2026_2Q_LGES,2,11,N,P1,정량키워드,시장,EV|ESS,,JV,,북미|유럽,출하량|수요|CAPA,출하량|CAPA,%,,13,대기
actuals,26_2Q_Script.pdf,2026_2Q_LGES,4,11,N,P1,정량키워드,시장,EV|ESS,,JV,데이터센터,북미|미국|유럽,수요|CAPA,CAPA,%,수주·계약,13,대기
inbox,BNK투자증권_SK이노베이션_윤활유 최대 실적으로 SK온 실적 및 현금흐름 개선_20260703.pdf,2026-07-03_BNK투자증권_SK온,1,7,N,P1,정량키워드,시장,EV|ESS,SK온,JV,,북미|유럽,출하량|점유율,출하량,%,수주·계약,13,대기
inbox,DB증권_LG에너지솔루션_1Q26 잠정실적 AMPC가 매출로_20260408.pdf,2026-04-08_DB증권_LGES,1,3,N,P1,정량키워드,시장·회사,EV|ESS,LG에너지솔루션|Tesla,,,북미|유럽,출하량|YoY|CAPA,출하량|CAPA,%|GWH,,13,대기
inbox,DB증권_LG에너지솔루션_하반기 수주 모멘텀 집중으로 섹터 대장 확인_20260731.pdf,2026-07-31_DB증권_LGES,1,3,N,P1,정량키워드,시장,EV|ESS,LG에너지솔루션|Tesla,JV,,미국|유럽,점유율|YoY|CAPA,CAPA,%,수주·계약,13,보류
inbox,"DB증권_삼성SDI_하반기 흑자 지속, ESS 증설 가능성_20260731.pdf",2026-07-31_DB증권_삼성SDI,1,4,N,P3,정량키워드,시장,EV|ESS,삼성SDI,JV,UPS,북미|미국|유럽,YoY,,%,수주·계약,13,대기
inbox,IBK투자증권_LG에너지솔루션_1Q26 잠정 실적 코멘트_20260408.pdf,2026-04-08_IBK투자증권_LGES,2,2,N,P1,정량키워드,시장·회사,ESS,LG에너지솔루션,,,북미,YoY|CAPA,CAPA,%|GWH,,13,대기
inbox,IBK투자증권_LG에너지솔루션_90 - 20 = 70_20260731.pdf,2026-07-31_IBK투자증권_LGES,1,6,N,P1,정량키워드,시장·회사,EV|ESS,LG에너지솔루션,,,글로벌|미국|유럽|중국|한국,생산량|YoY|CAPA,생산량|CAPA,%|GWH,수주·계약,13,채택
inbox,IBK투자증권_LG에너지솔루션_매 분기 성장 예정_20260504.pdf,2026-05-04_IBK투자증권_LGES,1,6,N,P1,정량키워드,시장·회사,EV|ESS,LG에너지솔루션,,,글로벌|북미|미국|유럽|중국|한국,판매량|수요|YoY|CAPA,판매량|CAPA,%|GWH,,13,대기
inbox,IBK투자증권_삼성SDI_ESS가 좋은 날_20260731.pdf,2026-07-31_IBK투자증권_삼성SDI,1,5,N,P1,정량키워드,시장·회사,EV|ESS,삼성SDI,,,북미|유럽|중국,출하량|CAPA,출하량|CAPA,%|GWH,,13,대기
inbox,IBK투자증권_전자장비와기기_배터리 World War_20230912.pdf,2023-09-12_IBK투자증권_산업,16,136,N,P1,정량키워드,시장,EV,LG에너지솔루션|CATL|Tesla,,,북미|중국,판매량|점유율|YoY,판매량,%|만대,,13,채택
inbox,IBK투자증권_전자장비와기기_배터리 World War_20230912.pdf,2023-09-12_IBK투자증권_산업,19,136,N,P1,정량키워드,시장·회사,EV,LG에너지솔루션|SK온|CATL|BYD|Panasonic|Tesla,,,글로벌|북미|미국|유럽|중국|한국,판매량|출하량|침투율|점유율|성장률|YoY,판매량|출하량,%|GWH,,13,대기
inbox,IBK투자증권_전자장비와기기_배터리 World War_20230912.pdf,2023-09-12_IBK투자증권_산업,48,136,N,P1,정량키워드,시장·회사,EV,LG에너지솔루션|SK온|CATL|BYD|Panasonic|Tesla,,,글로벌|북미|미국|유럽|중국,판매량|출하량|침투율|점유율|YoY,판매량|출하량,%|GWH|만대,,13,대기
inbox,IBK투자증권_전자장비와기기_배터리 World War_20230912.pdf,2023-09-12_IBK투자증권_산업,68,136,N,P1,정량키워드,시장·회사,EV,CATL|Tesla,,,글로벌|미국|유럽|중국|한국,판매량|출하량|침투율,판매량|출하량,%|GWH,,13,대기
inbox,IBK투자증권_전자장비와기기_배터리 World War_20230912.pdf,2023-09-12_IBK투자증권_산업,84,136,N,P1,정량키워드,시장,EV,LG에너지솔루션,JV,,글로벌|북미|미국|유럽|중국,출하량|수요|점유율|YoY|CAPA,출하량|CAPA,%,수주·계약,13,대기
inbox,IBK투자증권_전자장비와기기_배터리 World War_20230912.pdf,2023-09-12_IBK투자증권_산업,100,136,N,P1,정량키워드,시장,EV|ESS,,JV,,글로벌,출하량|수요|침투율|YoY|CAPA,출하량|CAPA,%,수주·계약,13,대기
inbox,IBK투자증권_전자장비와기기_역대급 북미 배터리 설계사_20240226.pdf,2024-02-26_IBK투자증권_산업,3,116,N,P1,정량키워드,시장·회사,EV,LG에너지솔루션|CATL|Tesla,,,글로벌|북미|미국|유럽|중국|한국,판매량|출하량|용량|점유율|CAPA,판매량|출하량|CAPA,%|GWH|만대,수주·계약,13,대기
inbox,IBK투자증권_전자장비와기기_역대급 북미 배터리 설계사_20240226.pdf,2024-02-26_IBK투자증권_산업,5,116,N,P1,정량키워드,시장·회사,EV,LG에너지솔루션|SK온|CATL|Panasonic,,,글로벌|미국|유럽|중국,판매량|출하량|YoY,판매량|출하량,%|GWH,,13,대기
inbox,IBK투자증권_전자장비와기기_역대급 북미 배터리 설계사_20240226.pdf,2024-02-26_IBK투자증권_산업,14,116,N,P1,정량키워드,시장·회사,EV,LG에너지솔루션|SK온|CATL|BYD|Panasonic,,,글로벌|북미|유럽|중국|한국,출하량|점유율|YoY,출하량,%|GWH|MWH,,13,대기
inbox,IBK투자증권_전자장비와기기_역대급 북미 배터리 설계사_20240226.pdf,2024-02-26_IBK투자증권_산업,15,116,N,P1,정량키워드,시장·회사,EV,LG에너지솔루션|SK온|CATL|BYD|Panasonic,,,글로벌|유럽|중국,판매량|출하량|점유율|YoY,판매량|출하량,%|GWH|MWH,,13,대기
inbox,IBK투자증권_전자장비와기기_역대급 북미 배터리 설계사_20240226.pdf,2024-02-26_IBK투자증권_산업,16,116,N,P1,정량키워드,시장·회사,EV,CATL|Tesla,,,유럽|중국,판매량|출하량|점유율,판매량|출하량,%|GWH,,13,대기
inbox,IBK투자증권_전자장비와기기_역대급 북미 배터리 설계사_20240226.pdf,2024-02-26_IBK투자증권_산업,38,116,N,P1,정량키워드,시장·회사,EV,Tesla,,,북미|미국|유럽,판매량|생산량|생산능력|CAPA,판매량|생산량|생산능력|CAPA,%|GWH|만대,,13,대기
inbox,IBK투자증권_전자장비와기기_역대급 북미 배터리 설계사_20240226.pdf,2024-02-26_IBK투자증권_산업,42,116,N,P1,정량키워드,시장·회사,EV,Tesla,,,글로벌|북미|미국,판매량|생산량|생산능력|수요|CAPA,판매량|생산량|생산능력|CAPA,%|GWH|만대,,13,대기
inbox,IBK투자증권_전자장비와기기_역대급 북미 배터리 설계사_20240226.pdf,2024-02-26_IBK투자증권_산업,65,116,N,P1,정량키워드,시장·회사,EV,Tesla,,,북미|미국,판매량|용량|CAPA,판매량|CAPA,%|GW|GWH|만대,,13,대기
inbox,IBK투자증권_전자장비와기기_역대급 북미 배터리 설계사_20240226.pdf,2024-02-26_IBK투자증권_산업,69,116,N,P1,정량키워드,시장·회사,EV,LG에너지솔루션|CATL|Panasonic|Tesla,JV,,북미|미국|유럽|중국|한국,판매량|생산량|생산능력|CAPA,판매량|생산량|생산능력|CAPA,GWH,,13,대기
inbox,IBK투자증권_전자장비와기기_역대급 북미 배터리 설계사_20240226.pdf,2024-02-26_IBK투자증권_산업,70,116,N,P3,정량키워드,시장,EV,LG에너지솔루션|CATL|Panasonic|Tesla,,,글로벌|북미|유럽,수요|침투율,,%|GWH,수주·계약,13,대기
inbox,IBK투자증권_전자장비와기기_역대급 북미 배터리 설계사_20240226.pdf,2024-02-26_IBK투자증권_산업,91,116,N,P1,정량키워드,시장·회사,EV,LG에너지솔루션,,,북미|유럽,출하량|생산량|수요|YoY,출하량|생산량,%|GWH|만대,,13,대기
inbox,IBK투자증권_전자장비와기기_역대급 북미 배터리 설계사_20240226.pdf,2024-02-26_IBK투자증권_산업,102,116,N,P1,정량키워드,시장,EV,Tesla,JV,,북미|미국,출하량|수요|YoY,출하량,%,수주·계약,13,대기
inbox,KB증권_LG에너지솔루션_1~5월 국내 EV 판매 +122% YoY 급등은 긍정적_20260618.pdf,2026-06-18_KB증권_LGES,1,9,N,P1,정량키워드,시장·회사,EV|ESS,LG에너지솔루션|BYD|Tesla,,,미국|한국,판매량|출하량|침투율|점유율|성장률|YoY,판매량|출하량,%|GWH|만대,수주·계약,13,대기
inbox,KB증권_LG에너지솔루션_1~5월 국내 EV 판매 +122% YoY 급등은 긍정적_20260618.pdf,2026-06-18_KB증권_LGES,3,9,N,P1,정량키워드,시장,EV,LG에너지솔루션|BYD|Tesla,,,한국,판매량|판매대수|침투율|YoY,판매량,%|대|만대,,13,채택
inbox,KB증권_LG에너지솔루션_1~5월 국내 EV 판매 +122% YoY 급등은 긍정적_20260618.pdf,2026-06-18_KB증권_LGES,4,9,N,P1,정량키워드,시장,EV,LG에너지솔루션,,,미국|유럽|중국|한국,판매량|판매대수,판매량,%|대,,13,대기
inbox,KB증권_LG에너지솔루션_1~5월 국내 EV 판매 +122% YoY 급등은 긍정적_20260618.pdf,2026-06-18_KB증권_LGES,6,9,N,P1,정량키워드,시장·회사,EV|ESS,LG에너지솔루션|SK온,,,중국,판매량|침투율|YoY,판매량,%|GWH,,13,대기
inbox,"KB증권_LG에너지솔루션_투자포인트 ③ EV 정상화, ④ 2027년 FCF 흑자전환 시작_20260604.pdf",2026-06-04_KB증권_LGES,1,10,N,P1,정량키워드,시장·회사,EV|ESS,LG에너지솔루션,,,미국|유럽,판매량|출하량|생산능력|침투율,판매량|출하량|생산능력,%|GWH,수주·계약,13,대기
inbox,"KB증권_SK이노베이션_국내 EV 판매 호조로, 배터리 판매량 +5~10% 추가 예상_20260618.pdf",2026-06-18_KB증권_SK온,1,12,N,P1,정량키워드,시장·회사,EV,SK온|BYD|Tesla,,,글로벌|미국,판매량|출하량|침투율|점유율|성장률|YoY,판매량|출하량,%|GWH|만대,,13,대기
inbox,"KB증권_SK이노베이션_국내 EV 판매 호조로, 배터리 판매량 +5~10% 추가 예상_20260618.pdf",2026-06-18_KB증권_SK온,3,12,N,P1,정량키워드,시장,EV,SK온|BYD|Tesla,,,한국,판매량|판매대수|침투율|YoY,판매량,%|대|만대,,13,보류
inbox,"KB증권_SK이노베이션_국내 EV 판매 호조로, 배터리 판매량 +5~10% 추가 예상_20260618.pdf",2026-06-18_KB증권_SK온,4,12,N,P1,정량키워드,시장,EV,SK온,,,미국|유럽|중국|한국,판매량|판매대수,판매량,%|대,,13,대기
inbox,"KB증권_SK이노베이션_국내 EV 판매 호조로, 배터리 판매량 +5~10% 추가 예상_20260618.pdf",2026-06-18_KB증권_SK온,6,12,N,P1,정량키워드,시장·회사,EV|ESS,LG에너지솔루션|SK온,,,중국,판매량|판매대수|침투율|YoY,판매량,%|GWH,,13,대기
inbox,KB증권_SK이노베이션_정유. 사. 3Q도 증익 가능성. 배터리 재평가도 필요하다_20260731.pdf,2026-07-30_KB증권_SK온,1,10,N,P1,정량키워드,시장·회사,EV|ESS,SK온,JV,,글로벌|미국|한국,생산량,생산량,%|GW,,13,대기
inbox,"LS증권_LG에너지솔루션_4월 EV향 data, DTE 수주 및 미국 ESS_20260602.pdf",2026-06-02_LS증권_LGES,11,18,N,P3,정량키워드,시장,ESS,LG에너지솔루션|Tesla,,데이터센터|Grid/Utility,미국,용량,,%|GW|GWH,수주·계약,13,대기
inbox,"LS증권_LG에너지솔루션_4월 EV향 data, DTE 수주 및 미국 ESS_20260602.pdf",2026-06-02_LS증권_LGES,12,18,N,P1,정량키워드,시장·회사,EV|ESS,LG에너지솔루션|Tesla,,,글로벌|북미|미국|유럽|중국|한국,판매량|성장률|CAPA,판매량|CAPA,%|GWH,수주·계약,13,채택
inbox,LS증권_SK이노베이션_2Q26 Review_20260731.pdf,2026-07-31_LS증권_SK온,4,7,N,P1,정량키워드,시장,EV,LG에너지솔루션|SK온,,,글로벌,성장률|YoY,,%|GWH,,13,대기
inbox,LS증권_SK이노베이션_업데이트 노트_20260615.pdf,2026-06-15_LS증권_SK온,1,17,N,P1,정량키워드,시장·회사,EV|ESS,LG에너지솔루션|SK온,,,글로벌|미국|한국,용량|CAPA,CAPA,%|GWH,수주·계약,13,대기
inbox,LS증권_SK이노베이션_업데이트 노트_20260615.pdf,2026-06-15_LS증권_SK온,9,17,N,P1,정량키워드,시장,EV,LG에너지솔루션|SK온,JV,,미국,수요|용량,,GWH,,13,대기
inbox,LS증권_SK이노베이션_업데이트 노트_20260615.pdf,2026-06-15_LS증권_SK온,10,17,N,P1,정량키워드,시장·회사,EV,SK온,,,글로벌|중국,판매량|수요|성장률|CAPA,판매량|CAPA,%|GWH,,13,대기
inbox,"LS증권_SK이노베이션_파우치 Only 부메랑, WACC보다 낮은 ROIC_20260629.pdf",2026-06-29_LS증권_SK온,10,16,N,P1,정량키워드,시장,EV,LG에너지솔루션|SK온,JV,,미국,수요|용량,,GWH,,13,대기
inbox,LS증권_삼성SDI_2Q26 Review_20260731.pdf,2026-07-31_LS증권_삼성SDI,1,9,N,P1,정량키워드,시장,EV|ESS,LG에너지솔루션,,UPS,글로벌,수요|용량,,%,,13,대기
inbox,"LS증권_삼성SDI_4월 EV향 data, 역성장 지속 우려_20260605.pdf",2026-06-05_LS증권_삼성SDI,2,14,N,P1,정량키워드,시장·회사,EV,삼성SDI,,,글로벌,판매량|성장률,판매량,%|GWH,,13,대기
inbox,"LS증권_삼성SDI_4월 EV향 data, 역성장 지속 우려_20260605.pdf",2026-06-05_LS증권_삼성SDI,3,14,N,P1,정량키워드,시장·회사,EV,삼성SDI,,,글로벌,판매량|성장률,판매량,%|GWH,,13,대기
inbox,"LS증권_삼성SDI_4월 EV향 data, 역성장 지속 우려_20260605.pdf",2026-06-05_LS증권_삼성SDI,9,14,N,P1,정량키워드,시장,EV,LG에너지솔루션|삼성SDI|CATL|BYD|Panasonic|CALB,,상업·산업용(C&I),중국,용량,,GWH|MWH,,13,대기
inbox,LS증권_삼성SDI_상대적으로 양호한 포지션 대비 높은 가격_20260512.pdf,2026-05-12_LS증권_삼성SDI,1,4,N,P1,정량키워드,시장,EV|ESS,삼성SDI,,데이터센터|Grid/Utility|UPS,미국|유럽,수요|YoY,,%,,13,대기
inbox,NH투자증권_LG에너지솔루션_ESS 수주가 쏟아질 예정_20260528.pdf,2026-05-28_NH투자증권_LGES,1,2,N,P3,정량키워드,시장,ESS,LG에너지솔루션,,데이터센터|BESS,북미,수요,,GW|GWH,수주·계약,13,대기
inbox,NH투자증권_삼성SDI_적자폭 축소 기대_20260323.pdf,2026-03-23_NH투자증권_삼성SDI,5,8,N,P1,정량키워드,시장·회사,EV|ESS,삼성SDI,,,미국,판매량|출하량|용량|CAPA,판매량|출하량|CAPA,%|GWH,,13,대기
inbox,SK증권_전자장비와기기_배터리 패러다임의 변화 (feat. IT 탐방왕이 바라본 2차전지)_20230523.pdf,2023-05-23_SK증권_산업,26,142,N,P1,정량키워드,시장,EV,LG에너지솔루션|삼성SDI|CATL|BYD,JV,,글로벌|미국|중국|한국,판매량|침투율|성장률,판매량,%,,13,대기
inbox,SK증권_전자장비와기기_배터리 패러다임의 변화 (feat. IT 탐방왕이 바라본 2차전지)_20230523.pdf,2023-05-23_SK증권_산업,34,142,N,P3,정량키워드,시장,EV|ESS,,JV,,글로벌|중국|한국,수요,,%|GWH,수주·계약,13,대기
inbox,SK증권_전자장비와기기_배터리 패러다임의 변화 (feat. IT 탐방왕이 바라본 2차전지)_20230523.pdf,2023-05-23_SK증권_산업,50,142,N,P1,정량키워드,시장·회사,EV,LG에너지솔루션|삼성SDI|SK온,JV,,글로벌|북미|유럽|중국|한국,출하량|수요|침투율|성장률|캐파,출하량|캐파,%|GWH,수주·계약,13,대기
inbox,SK증권_전자장비와기기_배터리 패러다임의 변화 (feat. IT 탐방왕이 바라본 2차전지)_20230523.pdf,2023-05-23_SK증권_산업,56,142,N,P1,정량키워드,시장·회사,EV|ESS,CATL,,,글로벌|북미|유럽|중국,출하량|수요|점유율|성장률|YoY,출하량,%|GWH,,13,대기
inbox,SK증권_전자장비와기기_배터리 패러다임의 변화 (feat. IT 탐방왕이 바라본 2차전지)_20230523.pdf,2023-05-23_SK증권_산업,81,142,N,P3,정량키워드,시장,EV|ESS,삼성SDI,JV,,중국,수요|성장률|YoY,,%,수주·계약,13,대기
inbox,SK증권_전자장비와기기_배터리 패러다임의 변화 (feat. IT 탐방왕이 바라본 2차전지)_20230523.pdf,2023-05-23_SK증권_산업,82,142,N,P3,정량키워드,시장,EV|ESS,LG에너지솔루션|삼성SDI|SK온,JV,,중국,점유율|성장률,,%,수주·계약,13,대기
inbox,SK증권_전자제품_[2026년 연간전망] ESS 배터리의 빛과 그림자_20251124.pdf,2025-11-24_SK증권_산업,8,25,N,P1,정량키워드,시장,EV|ESS,LG에너지솔루션|삼성SDI,,,글로벌|북미|미국|유럽|중국|한국,출하량|수요|점유율|성장률|YoY,출하량,%|대,,13,대기
inbox,SK증권_전자제품_[2026년 연간전망] ESS 배터리의 빛과 그림자_20251124.pdf,2025-11-24_SK증권_산업,16,25,N,P1,정량키워드,시장·회사,EV|ESS,LG에너지솔루션|SK온,,,북미|한국,수요|캐파,캐파,%|GWH,,13,대기
inbox,iM증권_LG에너지솔루션_ESS 수주가 다 찼다_20260511.pdf,2026-05-11_iM증권_LGES,1,6,N,P1,정량키워드,시장,EV|ESS,LG에너지솔루션,,데이터센터|Grid/Utility,미국,생산능력|수요|용량|YoY,생산능력,%,수주·계약,13,대기
inbox,iM증권_LG에너지솔루션_하반기에도 ESS 중심 실적 개선세 지속_20260731.pdf,2026-07-31_iM증권_LGES,1,6,N,P1,정량키워드,시장,EV|ESS,LG에너지솔루션|Tesla,,데이터센터,미국|유럽|중국,생산량|생산능력|수요|YoY,생산량|생산능력,%,,13,보류
inbox,iM증권_SK이노베이션_두 번의 전쟁으로 완전히 꼬여 버린 에너지 수급_20260731.pdf,2026-07-31_iM증권_SK온,1,8,N,P1,정량키워드,시장,EV,SK온,JV,,글로벌|미국|유럽|중국,생산량|수요,생산량,%,,13,대기
inbox,iM증권_삼성SDI_ESS로의 사업 전환 가속화 전망_20260731.pdf,2026-07-31_iM증권_삼성SDI,1,6,N,P1,정량키워드,시장,EV|ESS,삼성SDI,JV,,미국|유럽,출하량|수요|점유율|YoY,출하량,%,수주·계약,13,대기
inbox,iM증권_전자장비와기기_미국 ESS 산업 구조 변화의 시작(한국 배터리 산업의 제2의 서막)_20250725.pdf,2025-07-25_iM증권_산업,4,20,N,P1,정량키워드,시장,EV|ESS,Tesla,,데이터센터,북미|미국|유럽|중국|한국,수요|용량,,GWH,,13,대기
inbox,iM증권_전자장비와기기_미국 ESS 산업 구조 변화의 시작(한국 배터리 산업의 제2의 서막)_20250725.pdf,2025-07-25_iM증권_산업,5,20,N,P1,정량키워드,시장·회사,ESS,LG에너지솔루션|CATL|BYD|Panasonic|CALB,,,미국|중국|한국,출하량|용량|점유율,출하량,%|GWH,,13,대기
inbox,iM증권_전자장비와기기_미국 ESS 산업 구조 변화의 시작(한국 배터리 산업의 제2의 서막)_20250725.pdf,2025-07-25_iM증권_산업,15,20,N,P1,정량키워드,시장·회사,EV|ESS,LG에너지솔루션|삼성SDI,,상업·산업용(C&I),북미|미국|한국,판매량|수요|침투율,판매량,GWH,수주·계약,13,대기
inbox,교보증권_LG에너지솔루션_1Q26 Preview 컨센서스 소폭 하회_20260330.pdf,2026-03-30_교보증권_LGES,1,4,N,P1,정량키워드,시장,EV|ESS,LG에너지솔루션,,데이터센터,북미,수요|YoY,,%,,13,대기
inbox,교보증권_LG에너지솔루션_1Q26 Review ESS 체질 전환 가속화_20260504.pdf,2026-05-04_교보증권_LGES,1,4,N,P1,정량키워드,시장·회사,EV|ESS,LG에너지솔루션,,,북미,수요|YoY|캐파,캐파,%|GWH,수주·계약,13,보류
inbox,교보증권_삼성SDI_1Q26 Preview 컨센서스 소폭 상회_20260330.pdf,2026-03-30_교보증권_삼성SDI,1,4,N,P1,정량키워드,시장,EV|ESS,삼성SDI,,데이터센터,글로벌|유럽,수요|YoY,,%,,13,대기
inbox,교보증권_삼성SDI_1Q26 Preview_20260408.pdf,2026-04-08_교보증권_삼성SDI,1,3,N,P3,정량키워드,시장,EV|ESS,삼성SDI,,데이터센터,글로벌|유럽,수요|YoY,,%,수주·계약,13,대기
inbox,다올투자증권_전자장비와기기_AI가 쏘아올린 ESS 시장의 개화와 한국의 배터리_20251119.pdf,2025-11-19_다올투자증권_산업,17,45,N,P1,정량키워드,시장·회사,EV|ESS,LG에너지솔루션|삼성SDI|CATL,,,미국|중국|한국,생산능력|수요|용량,생산능력,%|GWH|만대,,13,대기
inbox,다올투자증권_전자장비와기기_AI가 쏘아올린 ESS 시장의 개화와 한국의 배터리_20251119.pdf,2025-11-19_다올투자증권_산업,30,45,N,P1,정량키워드,시장·회사,EV|ESS,LG에너지솔루션,,,미국,생산능력|YoY,생산능력,%|GWH,,13,대기
inbox,다올투자증권_전자장비와기기_AI가 쏘아올린 ESS 시장의 개화와 한국의 배터리_20251119.pdf,2025-11-19_다올투자증권_산업,35,45,N,P3,정량키워드,시장,EV|ESS,삼성SDI,,UPS,미국|유럽,YoY,,%|GWH,수주·계약,13,대기
inbox,대신증권_삼성SDI_안정성에 성장성까지!_20260506.pdf,2026-05-06_대신증권_삼성SDI,1,8,N,P1,정량키워드,시장·회사,EV|ESS,삼성SDI,,,북미|미국|유럽|중국,출하량|점유율|YoY|캐파|CAPA,출하량|캐파|CAPA,%|GWH,수주·계약,13,대기
inbox,대신증권_전자장비와기기_K배터리 목표시총 400조_20230706.pdf,2023-07-06_대신증권_산업,1,120,N,P3,정량키워드,시장,EV,LG에너지솔루션|삼성SDI|CATL,JV,,북미|중국,수요,,%|GWH,수주·계약,13,대기
inbox,대신증권_전자장비와기기_K배터리 목표시총 400조_20230706.pdf,2023-07-06_대신증권_산업,25,120,N,P1,정량키워드,시장·회사,EV,LG에너지솔루션|CATL|Tesla,JV,,북미,판매량|수요|침투율,판매량,%|GWH|만대,수주·계약,13,대기
inbox,대신증권_전자장비와기기_K배터리 목표시총 400조_20230706.pdf,2023-07-06_대신증권_산업,26,120,N,P1,정량키워드,시장·회사,EV,Tesla,,,글로벌|북미|미국,수요|sales,sales,%|GWH,수주·계약,13,대기
inbox,대신증권_전자장비와기기_K배터리 목표시총 400조_20230706.pdf,2023-07-06_대신증권_산업,29,120,N,P1,정량키워드,시장·회사,EV,Tesla,,,북미,판매량|수요|점유율,판매량,%|GWH,,13,대기
inbox,대신증권_전자장비와기기_K배터리 목표시총 400조_20230706.pdf,2023-07-06_대신증권_산업,43,120,N,P1,정량키워드,시장·회사,EV,CATL,JV,,북미|미국|유럽|중국|한국,점유율|캐파,캐파,%|GWH,,13,대기
inbox,대신증권_전자장비와기기_K배터리 목표시총 400조_20230706.pdf,2023-07-06_대신증권_산업,44,120,N,P1,정량키워드,시장·회사,EV,LG에너지솔루션,JV,,글로벌|북미|한국,수요|점유율|캐파,캐파,%|GWH,,13,대기
inbox,대신증권_전자장비와기기_K배터리 목표시총 400조_20230706.pdf,2023-07-06_대신증권_산업,58,120,N,P1,정량키워드,시장·회사,EV|ESS,LG에너지솔루션,,,글로벌|북미|미국|유럽|중국|한국,판매량|출하량|침투율|YoY|캐파,판매량|출하량|캐파,%|GWH,수주·계약,13,대기
inbox,대신증권_전자장비와기기_K배터리 목표시총 400조_20230706.pdf,2023-07-06_대신증권_산업,65,120,N,P1,정량키워드,시장·회사,EV,삼성SDI,,,글로벌|미국|유럽|중국|한국,판매량|출하량|침투율|YoY|캐파,판매량|출하량|캐파,%|GWH,수주·계약,13,대기
inbox,대신증권_전자장비와기기_K배터리 목표시총 400조_20230706.pdf,2023-07-06_대신증권_산업,83,120,N,P1,정량키워드,시장·회사,EV|ESS,Tesla,,,글로벌|미국|유럽|중국,판매량|출하량|침투율|YoY|캐파,판매량|출하량|캐파,%|GWH,수주·계약,13,대기
inbox,메리츠증권_LG에너지솔루션_1Q26P 잠정실적 발표_20260408.pdf,2026-04-08_메리츠증권_LGES,1,3,N,P1,정량키워드,시장·회사,EV|ESS,LG에너지솔루션,,,미국,판매량|출하량|침투율|점유율,판매량|출하량,%|GWH,,13,대기
inbox,메리츠증권_LG에너지솔루션_중대형 전지 부진은 고민거리_20260702.pdf,2026-07-02_메리츠증권_LGES,1,6,N,P1,정량키워드,시장·회사,EV|ESS,LG에너지솔루션|CATL|Tesla,,,미국|유럽|중국,판매량|수요|성장률,판매량,%|GWH,,13,대기
inbox,"미래에셋증권_삼성SDI_자금력, 점유율 회복, 실적 회복의 3박자_20260526.pdf",2026-05-26_미래에셋증권_삼성SDI,1,3,N,P3,정량키워드,시장,EV|ESS,삼성SDI,,UPS,글로벌|북미|유럽|중국,수요|점유율|성장률,,%,수주·계약,13,대기
inbox,버핏연구소_삼성SDI_이차전지 최악 업황 지나고 ESS 쑥쑥_20260521.pdf,2026-05-21_버핏연구소_삼성SDI,1,9,N,P3,정량키워드,시장,EV|ESS,LG에너지솔루션|삼성SDI|SK온,,데이터센터,글로벌|미국|중국,수요,,%|대,수주·계약,13,대기
inbox,버핏연구소_삼성SDI_이차전지 최악 업황 지나고 ESS 쑥쑥_20260521.pdf,2026-05-21_버핏연구소_삼성SDI,6,9,N,P3,정량키워드,시장,ESS,삼성SDI,JV,데이터센터,글로벌|미국,수요,,%,수주·계약,13,대기
inbox,삼성증권_LG에너지솔루션_2H26 Outlook - 대규모 ESS 수주 본격화_20260617.pdf,2026-06-17_삼성증권_LGES,1,7,N,P1,정량키워드,시장·회사,EV|ESS,LG에너지솔루션,,,북미|미국|유럽,판매량|수요,판매량,%|GWH,수주·계약,13,대기
inbox,삼성증권_삼성SDI_관세 환입 영향 2분기 조기 흑자 전환_20260731.pdf,2026-07-31_삼성증권_삼성SDI,3,6,N,P1,정량키워드,시장·회사,EV|ESS,삼성SDI,JV,,한국,캐파,캐파,%|GWH,,13,대기
inbox,삼성증권_삼성SDI_연간 턴어라운드 기대 유효_20260311.pdf,2026-03-11_삼성증권_삼성SDI,3,4,N,P1,정량키워드,시장,ESS,삼성SDI,JV,,한국,수요|캐파,캐파,%,,13,대기
inbox,삼성증권_삼성SDI_예상보다 빠른 3분기 흑자 전환 기대_20260611.pdf,2026-06-11_삼성증권_삼성SDI,3,6,N,P1,정량키워드,시장·회사,EV|ESS,삼성SDI,JV,,한국,캐파,캐파,%|GWH,,13,대기
inbox,"삼성증권_자동차_Beyond Chasm 로봇의 심장, 배터리_20250321.pdf",2025-03-21_삼성증권_산업,33,79,N,P1,정량키워드,시장·회사,EV,LG에너지솔루션|Tesla,,,글로벌|미국|중국,판매량|생산능력,판매량|생산능력,%|GWH,수주·계약,13,대기
inbox,"삼성증권_자동차_Beyond Chasm 로봇의 심장, 배터리_20250321.pdf",2025-03-21_삼성증권_산업,34,79,N,P1,정량키워드,시장·회사,EV|ESS,LG에너지솔루션,,,북미|미국|유럽|중국|한국,판매량|수요|성장률,판매량,%|GWH,수주·계약,13,대기
inbox,"삼성증권_자동차_Beyond Chasm 로봇의 심장, 배터리_20250321.pdf",2025-03-21_삼성증권_산업,44,79,N,P1,정량키워드,시장,ESS,삼성SDI,JV,,한국,수요|캐파,캐파,%,,13,대기
inbox,삼성증권_전자장비와기기_2차전지 산업 분석 11편 - AI 데이터센터와 배터리_20251023.pdf,2025-10-23_삼성증권_산업,16,39,N,P3,정량키워드,시장,EV|ESS,LG에너지솔루션,JV,데이터센터,북미|미국|중국|한국,점유율,,%,수주·계약,13,대기
inbox,삼성증권_전자장비와기기_2차전지 산업 분석 11편 - AI 데이터센터와 배터리_20251023.pdf,2025-10-23_삼성증권_산업,22,39,N,P1,정량키워드,시장·회사,EV|ESS,LG에너지솔루션,,,미국,판매량|수요,판매량,%|GWH,,13,대기
inbox,삼성증권_전자장비와기기_2차전지 산업 분석 11편 - AI 데이터센터와 배터리_20251023.pdf,2025-10-23_삼성증권_산업,30,39,N,P1,정량키워드,시장,ESS,삼성SDI,JV,,한국,수요|캐파,캐파,%,,13,대기
inbox,"상상인증권_SK이노베이션_배터리사업 부진, 그러나 개선 준비 중_20260129.pdf",2026-01-29_상상인증권_SK온,1,4,N,P1,정량키워드,시장·회사,EV|ESS,SK온,,,북미|미국|유럽,판매량|수요|YoY,판매량,%|GW,수주·계약,13,대기
inbox,상상인증권_삼성SDI_xEV 와 ESS 향 매출 동반성장을 기대_20260508.pdf,2026-05-08_상상인증권_삼성SDI,1,5,N,P1,정량키워드,시장,EV|ESS,삼성SDI,,데이터센터,미국|유럽,생산능력|수요|YoY,생산능력,%,수주·계약,13,대기
inbox,상상인증권_자동차_2025년 연간 전망 완성차와 배터리에 기대할 수 있는 것_20241021.pdf,2024-10-21_상상인증권_산업,24,74,N,P1,정량키워드,시장,EV,삼성SDI|CATL,JV,,글로벌|북미|유럽|중국,판매대수|성장률|YoY,,%,,13,대기
inbox,상상인증권_자동차_2025년 연간 전망 완성차와 배터리에 기대할 수 있는 것_20241021.pdf,2024-10-21_상상인증권_산업,64,74,N,P1,정량키워드,시장,EV,삼성SDI,,,중국,판매대수|YoY,,%|만대,,13,대기
inbox,상상인증권_자동차_2025년 연간 전망 완성차와 배터리에 기대할 수 있는 것_20241021.pdf,2024-10-21_상상인증권_산업,65,74,N,P1,정량키워드,시장,EV,삼성SDI|CATL,JV,,글로벌|북미|유럽|중국,판매대수|성장률|YoY,,%,,13,대기
inbox,상상인증권_자동차_2025년 연간 전망 완성차와 배터리에 기대할 수 있는 것_20241021.pdf,2024-10-21_상상인증권_산업,69,74,N,P1,정량키워드,시장,EV,LG에너지솔루션|삼성SDI,JV,,유럽|중국,판매량|YoY,판매량,%,,13,대기
inbox,신영증권_LG에너지솔루션_1분기 잠정 실적 코멘트_20260408.pdf,2026-04-08_신영증권_LGES,1,2,N,P1,정량키워드,시장·회사,EV|ESS,LG에너지솔루션|Tesla,JV,,북미|미국|유럽|중국,CAPA,CAPA,%|GWH,수주·계약,13,대기
inbox,"신영증권_LG에너지솔루션_하방은 제한적, ESS가 이끄는 2026년_20260331.pdf",2026-03-31_신영증권_LGES,1,5,N,P1,정량키워드,시장·회사,EV|ESS,LG에너지솔루션|Tesla,JV,,북미,CAPA,CAPA,%|GWH,수주·계약,13,대기
inbox,신한투자증권_LG에너지솔루션_늦어진 만큼 선명해진 회복_20260731.pdf,2026-07-31_신한투자증권_LGES,1,7,N,P1,정량키워드,시장,EV|ESS,LG에너지솔루션,JV,,글로벌|북미|유럽,생산능력|수요|CAPA,생산능력|CAPA,%,수주·계약,13,대기
inbox,"신한투자증권_삼성SDI_흑자전환, 다음은 본업_20260731.pdf",2026-07-31_신한투자증권_삼성SDI,1,7,N,P3,정량키워드,시장,EV|ESS,삼성SDI,JV,UPS,글로벌|북미|미국|유럽,수요,,%,수주·계약,13,대기
inbox,유안타증권_LG에너지솔루션_미국 ESS 현지화의 최대 수혜_20260624.pdf,2026-06-24_유안타증권_LGES,1,3,N,P3,정량키워드,시장,EV|ESS,LG에너지솔루션,,BESS,북미|미국|유럽,수요|YoY,,%,수주·계약,13,대기
inbox,유안타증권_LG에너지솔루션_불확실성 해소된 현 시점 투자매력도 높음_20260506.pdf,2026-05-06_유안타증권_LGES,1,3,N,P1,정량키워드,시장,EV|ESS,LG에너지솔루션,,BESS,북미|유럽,수요|성장률,,%,,13,대기
inbox,유안타증권_LG에너지솔루션_영업이익 기준 컨센서스 하회 실적 기록_20260409.pdf,2026-04-09_유안타증권_LGES,1,3,N,P1,정량키워드,시장·회사,EV|ESS,LG에너지솔루션,,,북미|유럽,생산능력|수요,생산능력,%|GWH,수주·계약,13,대기
inbox,유안타증권_삼성SDI_ESS 전 라인업 중심으로 외형성장 지속_20260624.pdf,2026-06-24_유안타증권_삼성SDI,1,3,N,P1,정량키워드,시장,EV|ESS,삼성SDI,,데이터센터|UPS,북미|미국|유럽,수요|YoY,,%,,13,대기
inbox,유안타증권_삼성SDI_하반기 흑전 + ESS 중심 수주 확대 기대_20260402.pdf,2026-04-02_유안타증권_삼성SDI,1,3,N,P3,정량키워드,시장,EV|ESS,삼성SDI,,데이터센터|Grid/Utility|UPS|BESS,북미|미국,수요|YoY,,%,수주·계약,13,대기
inbox,유안타증권_전자장비와기기_파고들다 II. 46시리즈와 전고체 배터리_20250402.pdf,2025-04-02_유안타증권_산업,41,60,N,P1,정량키워드,시장·회사,EV,LG에너지솔루션|SK온|CATL,JV,,글로벌,생산능력|용량,생산능력,GWH,,13,대기
inbox,유진투자증권_LG에너지솔루션_ESS가 이끄는 외형 성장_20260731.pdf,2026-07-31_유진투자증권_LGES,2,12,N,P1,정량키워드,시장,EV|ESS,,JV,,북미|미국|유럽|중국,출하량|생산량|수요|캐파,출하량|생산량|캐파,%,수주·계약,13,대기
inbox,유진투자증권_SK이노베이션_전쟁 수혜 + 배터리 보상금 반영_20260731.pdf,2026-07-31_유진투자증권_SK온,1,7,N,P1,정량키워드,시장,EV|ESS,SK온,JV,,글로벌,판매량|수요|YoY,판매량,%,,13,대기
inbox,유진투자증권_SK이노베이션_전쟁 수혜 + 배터리 보상금 반영_20260731.pdf,2026-07-31_유진투자증권_SK온,4,7,N,P1,정량키워드,시장·회사,EV|ESS,SK온,,데이터센터,글로벌|북미|미국|유럽,수요|캐파,캐파,GW,수주·계약,13,대기
inbox,유진투자증권_SK이노베이션_풀가동으로 전략 전환_20260514.pdf,2026-05-14_유진투자증권_SK온,4,8,N,P1,정량키워드,시장,EV|ESS,SK온,,,북미|유럽,판매량|YoY,판매량,%|만대,수주·계약,13,대기
inbox,유진투자증권_전자장비와기기_2026 연간전망 2026년 희망의 K배터리 밸류체인_20251124.pdf,2025-11-24_유진투자증권_산업,11,73,N,P1,정량키워드,시장,ESS,LG에너지솔루션|CATL|BYD|Panasonic|CALB,,BESS,글로벌|중국|한국,점유율,,%|GWH,,13,보류
inbox,유진투자증권_전자장비와기기_2H26 OUTLOOK 화려한 배터리 테마주 장세 시작_20260517.pdf,2026-05-17_유진투자증권_산업,4,101,N,P1,정량키워드,시장,EV|ESS,CATL,,BESS,글로벌|미국|유럽|중국,수요|성장률,,%,,13,보류
inbox,유진투자증권_전자장비와기기_2H26 OUTLOOK 화려한 배터리 테마주 장세 시작_20260517.pdf,2026-05-17_유진투자증권_산업,18,101,N,P1,정량키워드,시장·회사,ESS,LG에너지솔루션|삼성SDI|SK온,JV,BESS,미국|중국|한국,생산능력,생산능력,GWH,수주·계약,13,채택
inbox,유진투자증권_전자장비와기기_배터리 2024 OUTLOOK TREND SETTER_20231121.pdf,2023-11-21_유진투자증권_산업,62,71,N,P1,정량키워드,시장·회사,EV,SK온,,,중국|한국,생산량|YoY,생산량,%|GWH,수주·계약,13,대기
inbox,키움증권_LG에너지솔루션_휴머노이드 배터리 공급 확대_20260324.pdf,2026-03-24_키움증권_LGES,1,4,N,P1,정량키워드,시장·회사,EV|ESS,LG에너지솔루션|Tesla,,,글로벌|북미,수요|점유율|YoY|CAPA,CAPA,%|GWH,수주·계약,13,대기
inbox,"키움증권_삼성SDI_분기 흑자전환 달성, 실적 개선 속도는 점검 필요_20260731.pdf",2026-07-31_키움증권_삼성SDI,1,8,N,P1,정량키워드,시장,EV|ESS,삼성SDI|CATL,,UPS,미국|유럽,판매량|출하량|수요|점유율|YoY,판매량|출하량,%,수주·계약,13,대기
inbox,키움증권_삼성SDI_실적은 최악의 구간을 지나가는 시점_20260528.pdf,2026-05-28_키움증권_삼성SDI,1,4,N,P1,정량키워드,시장,EV|ESS,삼성SDI,,UPS,미국|유럽,판매량|출하량|점유율|YoY|CAPA,판매량|출하량|CAPA,%,수주·계약,13,대기
inbox,키움증권_삼성SDI_전고체 전지 모멘텀 기대_20260324.pdf,2026-03-24_키움증권_삼성SDI,1,4,N,P3,정량키워드,시장,EV|ESS,삼성SDI,,UPS,북미,수요|YoY,,%,수주·계약,13,대기
inbox,하나증권_LG에너지솔루션_EV 부진 지속_20260408.pdf,2026-04-08_하나증권_LGES,1,4,N,P1,정량키워드,시장·회사,EV|ESS,LG에너지솔루션,,,북미|미국,출하량|수요|용량|YoY|CAPA,출하량|CAPA,%|GWH|만대,,13,대기
inbox,하나증권_LG에너지솔루션_주가 하방 압력 제한적_20260504.pdf,2026-05-04_하나증권_LGES,1,4,N,P1,정량키워드,시장,EV|ESS,LG에너지솔루션|Tesla,JV,,북미|미국,생산량|YoY|CAPA,생산량|CAPA,%,수주·계약,13,대기
inbox,하나증권_LG에너지솔루션_하반기 강한 증익 모멘텀_20260731.pdf,2026-07-31_하나증권_LGES,1,4,N,P1,정량키워드,시장,EV|ESS,LG에너지솔루션|Tesla,JV,,북미|미국|유럽,출하량|생산량|YoY,출하량|생산량,%,,13,대기
inbox,하나증권_SK이노베이션_단기 실적 변동성 vs. 중장기 호황_20260514.pdf,2026-05-14_하나증권_SK온,1,5,N,P1,정량키워드,시장·회사,EV|ESS,SK온,,,북미|미국|유럽|한국,판매량|YoY,판매량,%|GWH,수주·계약,13,대기
inbox,하나증권_SK이노베이션_더 이상 정유 Up-Cycle에서 소외되지 않는다_20260223.pdf,2026-02-23_하나증권_SK온,1,5,N,P1,정량키워드,시장,EV,SK온,JV,,글로벌|북미|미국|유럽|한국,수요,,%|GW,,13,대기
inbox,"하나증권_전자장비와기기_Weekly 이배속  ESS 성장 지속, 기대감 없는 EV의 반등_20260406.pdf",2026-04-06_하나증권_산업,1,29,N,P1,정량키워드,시장,EV|ESS,LG에너지솔루션|삼성SDI|Tesla,,,글로벌|미국|유럽,설치량|수요|YoY,,%|만대,,13,대기
inbox,"하나증권_전자장비와기기_Weekly 이배속  ESS 성장 지속, 기대감 없는 EV의 반등_20260406.pdf",2026-04-06_하나증권_산업,2,29,N,P1,정량키워드,시장,EV|ESS,삼성SDI|SK온|BYD|Tesla,,,글로벌|미국|유럽|중국,판매대수|설치량|수요|YoY,,%|GWH|만대,,13,대기
inbox,하나증권_전자장비와기기_배터리 징비록_20250516.pdf,2025-05-16_하나증권_산업,15,57,N,P1,정량키워드,시장,EV,LG에너지솔루션|SK온,,,글로벌|미국|유럽,판매대수|생산능력|수요,생산능력,%|만대,,13,대기
inbox,하나증권_전자장비와기기_배터리 징비록_20250516.pdf,2025-05-16_하나증권_산업,25,57,N,P1,정량키워드,시장·회사,EV|ESS,LG에너지솔루션,,,북미|미국|유럽|중국|한국,수요|침투율|점유율|CAPA,CAPA,%|GWH,,13,채택
inbox,하나증권_전자장비와기기_배터리 징비록_20250516.pdf,2025-05-16_하나증권_산업,35,57,N,P1,정량키워드,시장,EV,LG에너지솔루션,,,글로벌|미국|유럽|중국|한국,수요|침투율|점유율,,%|GWH,,13,대기
inbox,하나증권_전자장비와기기_배터리 징비록_20250516.pdf,2025-05-16_하나증권_산업,39,57,N,P1,정량키워드,시장,EV,삼성SDI,,,글로벌|미국|유럽|중국|한국,수요|침투율|점유율,,%|GWH,,13,대기
inbox,하나증권_전자장비와기기_배터리 투자자가 준비해야 하는 3가지_20260608.pdf,2026-06-08_하나증권_산업,3,30,N,P1,정량키워드,시장·회사,ESS,LG에너지솔루션|삼성SDI|SK온|CATL|Tesla,,,북미|유럽|중국|한국,생산능력|YoY,생산능력,%|GWH|MWH,수주·계약,13,보류
inbox,하나증권_전자장비와기기_배터리 투자자가 준비해야 하는 3가지_20260608.pdf,2026-06-08_하나증권_산업,13,30,N,P1,정량키워드,시장,EV,Tesla,,,미국,판매량|판매대수|침투율|YoY,판매량,%|대|만대,,13,보류
inbox,"한화투자증권_LG에너지솔루션_ESS의 가파른 성장과 46-Series 가세, 확실한 턴어라운드 진입_20260504.pdf",2026-05-04_한화투자증권_LGES,1,5,N,P1,정량키워드,시장,EV|ESS,LG에너지솔루션|Tesla,JV,,유럽|중국,출하량|수요,출하량,%,수주·계약,13,대기
inbox,한화투자증권_LG에너지솔루션_미국 ESS와 유럽 IAA로 회복 가시성 증가_20260324.pdf,2026-03-24_한화투자증권_LGES,1,3,N,P1,정량키워드,시장·회사,EV|ESS,LG에너지솔루션|Tesla,,,미국|유럽|중국,출하량|수요|CAPA,출하량|CAPA,%|GWH,수주·계약,13,대기
inbox,흥국증권_삼성SDI_ESS 생산 체제 안정화_20260408.pdf,2026-04-08_흥국증권_삼성SDI,1,5,N,P1,정량키워드,시장,EV|ESS,삼성SDI,JV,,북미|미국|유럽|중국,판매량|수요|YoY,판매량,%,,13,대기
inbox,흥국증권_전자장비와기기_2025년 미리보기 전열 재정비(ft.4680 배터리 로드맵)_20250203.pdf,2025-02-03_흥국증권_산업,8,46,N,P1,정량키워드,시장·회사,ESS,LG에너지솔루션|Tesla,JV,,북미|미국,판매량|수요,판매량,GWH,,13,대기
inbox,흥국증권_전자장비와기기_2025년 미리보기 전열 재정비(ft.4680 배터리 로드맵)_20250203.pdf,2025-02-03_흥국증권_산업,11,46,N,P1,정량키워드,시장·회사,EV|ESS,삼성SDI,JV,,미국,판매량|수요|CAPA,판매량|CAPA,GWH,수주·계약,13,대기
inbox,흥국증권_전자장비와기기_2025년 미리보기 전열 재정비(ft.4680 배터리 로드맵)_20250203.pdf,2025-02-03_흥국증권_산업,30,46,N,P1,정량키워드,시장·회사,ESS,삼성SDI,JV,,,판매량|YoY|CAPA,판매량|CAPA,%|GWH,,13,대기
inbox,흥국증권_전자장비와기기_2025년 미리보기 전열 재정비(ft.4680 배터리 로드맵)_20250203.pdf,2025-02-03_흥국증권_산업,34,46,N,P1,정량키워드,시장,EV|ESS,삼성SDI,JV,,미국|유럽,수요|용량|CAPA,CAPA,%,수주·계약,13,대기
actuals,25_1Q_Script.pdf,,12,17,N,P3,정량키워드,시장,EV|ESS,,JV,Grid/Utility,북미|미국|중국,수요,,%,수주·계약,12,대기
actuals,25_2Q_Script.pdf,,16,23,N,P1,정량키워드,시장,EV|ESS,,JV,Grid/Utility,북미|미국|중국,수요,,%,,12,대기
actuals,25_3Q_Script.pdf,,5,22,N,P3,정량키워드,시장,EV|ESS,,JV,Grid/Utility,글로벌|북미|미국|유럽,수요,,GWH,수주·계약,12,대기
actuals,25_4Q_LGES_business_performance_F_KR.pdf,LGES,10,17,N,P1,정량키워드,시장,EV|ESS,,,데이터센터|Grid/Utility|상업·산업용(C&I)|UPS,글로벌|북미,설치량|수요|용량,,%|GWH,,12,채택
actuals,26_2Q_LGES_business_performance_F_KR.pdf,2026_2Q_LGES,9,16,N,P2,정량키워드,시장,EV|ESS,,JV,,북미|유럽,출하량|수요|YoY,출하량,%,수주·계약,12,대기
actuals,26_2Q_Script.pdf,2026_2Q_LGES,6,11,N,P2,정량키워드,시장,EV|ESS,,JV,,북미|미국|유럽|중국,출하량|수요|점유율|CAPA,출하량|CAPA,%,,12,대기
inbox,IBK투자증권_LG에너지솔루션_1Q26 잠정 실적 코멘트_20260408.pdf,2026-04-08_IBK투자증권_LGES,1,2,N,P2,정량키워드,시장·회사,EV|ESS,LG에너지솔루션,,,북미|유럽,판매량,판매량,%|GWH,,12,대기
inbox,"IBK투자증권_SK이노베이션_올해 1분기 영업이익, 2조원 상회_20260514.pdf",2026-05-14_IBK투자증권_SK온,1,4,N,P2,정량키워드,시장,EV,SK온,,,북미|유럽,판매량|수요,판매량,%,,12,대기
inbox,IBK투자증권_SK이노베이션_윤활기유가 이끈 어닝 서프라이즈_20260731.pdf,2026-07-31_IBK투자증권_SK온,2,4,N,P1,정량키워드,시장,EV,SK온,,상업·산업용(C&I),,생산량|생산능력|수요,생산량|생산능력,%,,12,대기
inbox,IBK투자증권_전자장비와기기_배터리 World War_20230912.pdf,2023-09-12_IBK투자증권_산업,3,136,N,P2,정량키워드,시장,EV,LG에너지솔루션|CATL|Panasonic|Tesla,,,글로벌|북미|미국|유럽|중국|한국,판매량|출하량|수요|침투율|점유율|YoY,판매량|출하량,%,,12,대기
inbox,IBK투자증권_전자장비와기기_배터리 World War_20230912.pdf,2023-09-12_IBK투자증권_산업,4,136,N,P2,정량키워드,시장·회사,EV,LG에너지솔루션|SK온|CATL|BYD|Panasonic,,,글로벌|미국|유럽|중국,판매량|출하량|YoY,판매량|출하량,%|GWH,,12,대기
inbox,IBK투자증권_전자장비와기기_배터리 World War_20230912.pdf,2023-09-12_IBK투자증권_산업,12,136,N,P2,정량키워드,시장,EV,BYD|Tesla,,,글로벌|북미|미국|유럽|중국,판매량|침투율|성장률|YoY,판매량,%|만대,,12,대기
inbox,IBK투자증권_전자장비와기기_배터리 World War_20230912.pdf,2023-09-12_IBK투자증권_산업,13,136,N,P2,정량키워드,시장,EV,BYD|Tesla,,,중국,점유율|성장률|YoY,,%,,12,대기
inbox,IBK투자증권_전자장비와기기_배터리 World War_20230912.pdf,2023-09-12_IBK투자증권_산업,14,136,N,P2,정량키워드,시장,EV,Tesla,,,미국|유럽|중국,판매량|점유율|성장률|YoY,판매량,%|만대,,12,대기
inbox,IBK투자증권_전자장비와기기_배터리 World War_20230912.pdf,2023-09-12_IBK투자증권_산업,18,136,N,P2,정량키워드,시장·회사,EV,LG에너지솔루션|SK온|CATL|BYD|Panasonic|Tesla,,,글로벌|중국|한국,판매량|출하량|점유율|YoY,판매량|출하량,%|GWH,,12,대기
inbox,IBK투자증권_전자장비와기기_배터리 World War_20230912.pdf,2023-09-12_IBK투자증권_산업,23,136,N,P2,정량키워드,시장·회사,EV,CATL|Tesla,,,글로벌|중국,판매량|출하량|YoY,판매량|출하량,%|GWH|MWH,,12,대기
inbox,IBK투자증권_전자장비와기기_배터리 World War_20230912.pdf,2023-09-12_IBK투자증권_산업,25,136,N,P2,정량키워드,시장·회사,EV,Panasonic|Tesla,,,글로벌|중국,판매량|출하량|YoY,판매량|출하량,%|GWH|MWH,,12,대기
inbox,IBK투자증권_전자장비와기기_배터리 World War_20230912.pdf,2023-09-12_IBK투자증권_산업,27,136,N,P2,정량키워드,시장·회사,EV,SK온|CATL,,,글로벌|중국,판매량|출하량|YoY,판매량|출하량,%|GWH|MWH|대,,12,대기
inbox,IBK투자증권_전자장비와기기_배터리 World War_20230912.pdf,2023-09-12_IBK투자증권_산업,29,136,N,P2,정량키워드,시장·회사,EV,삼성SDI,,,글로벌|중국,판매량|출하량|YoY,판매량|출하량,%|GWH|MWH,,12,대기
inbox,IBK투자증권_전자장비와기기_배터리 World War_20230912.pdf,2023-09-12_IBK투자증권_산업,34,136,N,P2,정량키워드,시장·회사,EV,LG에너지솔루션|SK온|CATL|BYD|Panasonic|Tesla,,,글로벌|미국|유럽|중국,판매량|출하량|침투율|점유율|성장률|YoY,판매량|출하량,%|GWH|만대,,12,대기
inbox,IBK투자증권_전자장비와기기_배터리 World War_20230912.pdf,2023-09-12_IBK투자증권_산업,40,136,N,P2,정량키워드,시장·회사,EV,Panasonic|Tesla,,,유럽,판매량|출하량|YoY,판매량|출하량,%|GWH|MWH,,12,대기
inbox,IBK투자증권_전자장비와기기_배터리 World War_20230912.pdf,2023-09-12_IBK투자증권_산업,42,136,N,P2,정량키워드,시장·회사,EV,LG에너지솔루션|SK온|CATL,,,유럽,판매량|출하량|YoY,판매량|출하량,%|GWH|MWH|대,,12,대기
inbox,IBK투자증권_전자장비와기기_배터리 World War_20230912.pdf,2023-09-12_IBK투자증권_산업,44,136,N,P2,정량키워드,시장·회사,EV,삼성SDI,,,유럽,판매량|출하량|YoY,판매량|출하량,%|GWH|MWH,,12,대기
inbox,IBK투자증권_전자장비와기기_배터리 World War_20230912.pdf,2023-09-12_IBK투자증권_산업,50,136,N,P2,정량키워드,시장·회사,EV,LG에너지솔루션|Tesla,,,북미,판매량|출하량|YoY,판매량|출하량,%|GWH|MWH,,12,대기
inbox,IBK투자증권_전자장비와기기_배터리 World War_20230912.pdf,2023-09-12_IBK투자증권_산업,52,136,N,P2,정량키워드,시장·회사,EV,CATL|Tesla,,,북미|미국|중국,판매량|출하량|YoY,판매량|출하량,%|GWH|MWH,,12,대기
inbox,IBK투자증권_전자장비와기기_배터리 World War_20230912.pdf,2023-09-12_IBK투자증권_산업,54,136,N,P2,정량키워드,시장·회사,EV,Panasonic|Tesla,,,북미,판매량|출하량|YoY,판매량|출하량,%|GWH|MWH,,12,대기
inbox,IBK투자증권_전자장비와기기_배터리 World War_20230912.pdf,2023-09-12_IBK투자증권_산업,56,136,N,P2,정량키워드,시장·회사,EV,SK온|CATL,,,북미,판매량|출하량|YoY,판매량|출하량,%|GWH|MWH,,12,대기
inbox,IBK투자증권_전자장비와기기_배터리 World War_20230912.pdf,2023-09-12_IBK투자증권_산업,63,136,N,P2,정량키워드,시장·회사,EV,LG에너지솔루션|SK온|CATL|BYD|Panasonic,,,글로벌|북미|유럽|중국,출하량|점유율|YoY,출하량,%|GWH|MWH,,12,대기
inbox,IBK투자증권_전자장비와기기_배터리 World War_20230912.pdf,2023-09-12_IBK투자증권_산업,64,136,N,P2,정량키워드,시장·회사,EV,LG에너지솔루션|SK온|CATL|BYD|Panasonic|Tesla,,,글로벌|유럽|중국,판매량|출하량|점유율|성장률|YoY,판매량|출하량,%|GWH|MWH|만대,,12,대기
inbox,IBK투자증권_전자장비와기기_배터리 World War_20230912.pdf,2023-09-12_IBK투자증권_산업,66,136,N,P2,정량키워드,시장·회사,EV,CATL|Tesla,,,유럽|중국,판매량|출하량|점유율|YoY,판매량|출하량,%|MWH,,12,대기
inbox,IBK투자증권_전자장비와기기_배터리 World War_20230912.pdf,2023-09-12_IBK투자증권_산업,87,136,N,P2,정량키워드,회사,,,JV,,북미,출하량|CAPA,출하량|CAPA,%|GWH,,12,채택
inbox,IBK투자증권_전자장비와기기_배터리 World War_20230912.pdf,2023-09-12_IBK투자증권_산업,104,136,N,P2,정량키워드,시장,EV,Tesla,JV,,,출하량|생산량|수요|YoY,출하량|생산량,%,수주·계약,12,대기
inbox,IBK투자증권_전자장비와기기_배터리 World War_20230912.pdf,2023-09-12_IBK투자증권_산업,112,136,N,P2,정량키워드,시장,EV,삼성SDI,,,북미|유럽,수요|침투율|YoY|CAPA,CAPA,%,수주·계약,12,대기
inbox,IBK투자증권_전자장비와기기_배터리 World War_20230912.pdf,2023-09-12_IBK투자증권_산업,122,136,N,P2,정량키워드,시장,EV,SK온,,,북미|중국|한국,수요|YoY|CAPA,CAPA,%,수주·계약,12,대기
inbox,IBK투자증권_전자장비와기기_배터리 World War_20230912.pdf,2023-09-12_IBK투자증권_산업,127,136,N,P2,정량키워드,시장,EV,삼성SDI,,,북미,YoY|CAPA,CAPA,%,수주·계약,12,대기
inbox,IBK투자증권_전자장비와기기_역대급 북미 배터리 설계사_20240226.pdf,2024-02-26_IBK투자증권_산업,2,116,N,P2,정량키워드,시장·회사,EV,LG에너지솔루션|삼성SDI|CATL,,,글로벌|북미|미국|유럽|중국,판매량|출하량|생산능력|점유율|CAPA,판매량|출하량|생산능력|CAPA,GWH,,12,대기
inbox,IBK투자증권_전자장비와기기_역대급 북미 배터리 설계사_20240226.pdf,2024-02-26_IBK투자증권_산업,8,116,N,P2,정량키워드,회사,,LG에너지솔루션|CATL|Panasonic|Tesla,JV,,북미|유럽,판매량|생산량|생산능력|CAPA,판매량|생산량|생산능력|CAPA,%|GWH|만대,,12,대기
inbox,IBK투자증권_전자장비와기기_역대급 북미 배터리 설계사_20240226.pdf,2024-02-26_IBK투자증권_산업,105,116,N,P3,정량키워드,시장,EV,SK온,,,북미|유럽|중국|한국,수요|YoY,,%,수주·계약,12,대기
inbox,IBK투자증권_전자장비와기기_역대급 북미 배터리 설계사_20240226.pdf,2024-02-26_IBK투자증권_산업,109,116,N,P2,정량키워드,시장,EV,삼성SDI,,,북미|한국,출하량|수요|YoY|CAPA,출하량|CAPA,%,수주·계약,12,대기
inbox,KB증권_LG에너지솔루션_1~5월 국내 EV 판매 +122% YoY 급등은 긍정적_20260618.pdf,2026-06-18_KB증권_LGES,5,9,N,P2,정량키워드,시장·회사,EV,LG에너지솔루션|SK온|CATL|BYD|Panasonic|Tesla,,,,판매량|판매대수|출하량|수요|침투율|점유율|성장률|YoY,판매량|출하량,%|GWH,,12,대기
inbox,KB증권_LG에너지솔루션_상반기 바닥 확인_20260730.pdf,2026-07-30_KB증권_LGES,3,8,N,P2,정량키워드,시장·회사,EV|ESS,LG에너지솔루션,,,미국,판매량,판매량,%|GWH,,12,대기
inbox,"KB증권_SK이노베이션_국내 EV 판매 호조로, 배터리 판매량 +5~10% 추가 예상_20260618.pdf",2026-06-18_KB증권_SK온,5,12,N,P2,정량키워드,시장·회사,EV,LG에너지솔루션|SK온|CATL|BYD|Panasonic|Tesla,,,,판매량|판매대수|출하량|수요|침투율|점유율|성장률|YoY,판매량|출하량,%|GWH,,12,대기
inbox,"LS증권_LG에너지솔루션_1분기 잠정 실적 기대치 하회, 회계기준 변경_20260409.pdf",2026-04-09_LS증권_LGES,1,8,N,P2,정량키워드,시장,EV|ESS,LG에너지솔루션|CATL,,,글로벌|북미|미국|유럽|중국,판매량|수요|성장률|YoY,판매량,%,,12,대기
inbox,"LS증권_LG에너지솔루션_4월 EV향 data, DTE 수주 및 미국 ESS_20260602.pdf",2026-06-02_LS증권_LGES,2,18,N,P2,정량키워드,시장,EV,LG에너지솔루션|SK온|CATL|BYD|CALB,,,글로벌|미국|중국|한국,판매량|수요|성장률,판매량,%,,12,대기
inbox,"LS증권_LG에너지솔루션_4월 EV향 data, DTE 수주 및 미국 ESS_20260602.pdf",2026-06-02_LS증권_LGES,4,18,N,P2,정량키워드,시장·회사,EV,LG에너지솔루션|SK온|Panasonic|Tesla,,,글로벌|북미|유럽|중국,판매량,판매량,%|MWH,,12,대기
inbox,"LS증권_LG에너지솔루션_4월 EV향 data, DTE 수주 및 미국 ESS_20260602.pdf",2026-06-02_LS증권_LGES,8,18,N,P1,정량키워드,시장,ESS,LG에너지솔루션|CATL|BYD|CALB,,데이터센터|상업·산업용(C&I),글로벌|미국|중국,수요,,%,,12,채택
inbox,LS증권_SK이노베이션_2Q26 Review_20260731.pdf,2026-07-31_LS증권_SK온,5,7,N,P2,정량키워드,시장·회사,EV,LG에너지솔루션|SK온,JV,,글로벌|북미|미국|유럽|중국|한국,CAPA,CAPA,GWH,,12,대기
inbox,LS증권_SK이노베이션_업데이트 노트_20260615.pdf,2026-06-15_LS증권_SK온,3,17,N,P2,정량키워드,시장,EV,LG에너지솔루션|SK온|CATL|BYD|Panasonic|CALB,,,글로벌|미국|중국,판매량|수요|성장률,판매량,%,,12,대기
inbox,LS증권_SK이노베이션_업데이트 노트_20260615.pdf,2026-06-15_LS증권_SK온,6,17,N,P2,정량키워드,시장,EV,SK온,,,글로벌,용량,,%|GWH,,12,대기
inbox,"LS증권_SK이노베이션_파우치 Only 부메랑, WACC보다 낮은 ROIC_20260629.pdf",2026-06-29_LS증권_SK온,1,16,N,P2,정량키워드,시장,EV,SK온,,,글로벌,YoY|CAPA,CAPA,%,,12,대기
inbox,"LS증권_SK이노베이션_파우치 Only 부메랑, WACC보다 낮은 ROIC_20260629.pdf",2026-06-29_LS증권_SK온,4,16,N,P2,정량키워드,시장,EV,LG에너지솔루션|SK온|CATL|BYD|Panasonic|CALB,,,글로벌|미국|중국,판매량|수요|성장률,판매량,%,,12,대기
inbox,"LS증권_삼성SDI_4월 EV향 data, 역성장 지속 우려_20260605.pdf",2026-06-05_LS증권_삼성SDI,5,14,N,P2,정량키워드,시장,EV,삼성SDI|CATL|Tesla,,,글로벌|북미|유럽|중국,판매량|수요,판매량,%,수주·계약,12,대기
inbox,"LS증권_삼성SDI_4월 EV향 data, 역성장 지속 우려_20260605.pdf",2026-06-05_LS증권_삼성SDI,7,14,N,P2,정량키워드,시장,EV,삼성SDI|CATL,,,중국,용량,,%|MWH,,12,대기
inbox,"LS증권_삼성SDI_4월 EV향 data, 역성장 지속 우려_20260605.pdf",2026-06-05_LS증권_삼성SDI,10,14,N,P2,정량키워드,시장,EV|ESS,삼성SDI,,,미국|유럽|중국,판매량|CAPA,판매량|CAPA,%,,12,대기
inbox,NH투자증권_LG에너지솔루션_1Q26 실적 저점 확인_20260408.pdf,2026-04-08_NH투자증권_LGES,1,9,N,P2,정량키워드,시장,EV|ESS,LG에너지솔루션|Tesla,JV,,북미|유럽|중국|한국,CAPA,CAPA,%,,12,대기
inbox,NH투자증권_LG에너지솔루션_1Q26 실적 저점 확인_20260408.pdf,2026-04-08_NH투자증권_LGES,2,9,N,P2,정량키워드,시장,EV|ESS,LG에너지솔루션|CATL|BYD|Panasonic,,,글로벌,수요|점유율,,%,,12,대기
inbox,NH투자증권_LG에너지솔루션_1Q26 실적 저점 확인_20260408.pdf,2026-04-08_NH투자증권_LGES,6,9,N,P2,정량키워드,시장·회사,EV|ESS,LG에너지솔루션,JV,,미국|중국|한국,생산능력,생산능력,GWH,,12,대기
inbox,NH투자증권_LG에너지솔루션_명확한 회복세_20260731.pdf,2026-07-31_NH투자증권_LGES,1,10,N,P2,정량키워드,시장,EV|ESS,LG에너지솔루션|CATL|Tesla,,,미국|유럽|한국,수요,,%|대,,12,대기
inbox,NH투자증권_LG에너지솔루션_명확한 회복세_20260731.pdf,2026-07-31_NH투자증권_LGES,2,10,N,P2,정량키워드,시장,EV|ESS,LG에너지솔루션|CATL|BYD|Panasonic,,,글로벌,수요|점유율,,%,,12,대기
inbox,NH투자증권_LG에너지솔루션_명확한 회복세_20260731.pdf,2026-07-31_NH투자증권_LGES,4,10,N,P2,정량키워드,시장·회사,EV|ESS,LG에너지솔루션|Tesla,,,미국|유럽|중국,판매량|용량,판매량,GW,,12,대기
inbox,NH투자증권_LG에너지솔루션_명확한 회복세_20260731.pdf,2026-07-31_NH투자증권_LGES,7,10,N,P2,정량키워드,시장·회사,EV|ESS,LG에너지솔루션|Tesla,JV,,미국|중국|한국,생산능력,생산능력,GWH,,12,대기
inbox,NH투자증권_LG에너지솔루션_점진적인 개선세_20260625.pdf,2026-06-25_NH투자증권_LGES,2,9,N,P2,정량키워드,시장,EV|ESS,LG에너지솔루션|CATL|BYD|Panasonic,,,글로벌,수요|점유율,,%,,12,대기
inbox,NH투자증권_LG에너지솔루션_점진적인 개선세_20260625.pdf,2026-06-25_NH투자증권_LGES,4,9,N,P2,정량키워드,시장·회사,EV|ESS,LG에너지솔루션|Tesla,,,미국|유럽|중국,판매량|용량,판매량,%|GW,,12,대기
inbox,NH투자증권_LG에너지솔루션_점진적인 개선세_20260625.pdf,2026-06-25_NH투자증권_LGES,7,9,N,P2,정량키워드,시장·회사,EV|ESS,LG에너지솔루션|Tesla,JV,,미국|중국|한국,생산능력,생산능력,GWH,,12,대기
inbox,NH투자증권_LG에너지솔루션_테슬라 유럽 판매 회복에 대비할 필요_20260323.pdf,2026-03-23_NH투자증권_LGES,2,9,N,P2,정량키워드,시장,EV|ESS,LG에너지솔루션|CATL|BYD|Panasonic,,,글로벌,수요|점유율,,%,,12,대기
inbox,NH투자증권_LG에너지솔루션_테슬라 유럽 판매 회복에 대비할 필요_20260323.pdf,2026-03-23_NH투자증권_LGES,6,9,N,P2,정량키워드,시장·회사,EV|ESS,LG에너지솔루션,JV,,미국|중국|한국,생산능력,생산능력,GWH,,12,대기
inbox,NH투자증권_LG에너지솔루션_하반기부터 질적 개선_20260504.pdf,2026-05-04_NH투자증권_LGES,2,9,N,P2,정량키워드,시장,EV|ESS,LG에너지솔루션|CATL|BYD|Panasonic,,,글로벌,수요|점유율,,%,,12,대기
inbox,NH투자증권_LG에너지솔루션_하반기부터 질적 개선_20260504.pdf,2026-05-04_NH투자증권_LGES,6,9,N,P2,정량키워드,시장·회사,EV|ESS,LG에너지솔루션|Tesla,JV,,미국|중국|한국,생산능력,생산능력,GWH,,12,대기
inbox,NH투자증권_삼성SDI_7분기만에 흑자전환 성공_20260731.pdf,2026-07-31_NH투자증권_삼성SDI,6,9,N,P2,정량키워드,시장·회사,ESS,삼성SDI,,,미국,판매량|출하량|CAPA,판매량|출하량|CAPA,GWH,,12,대기
inbox,NH투자증권_삼성SDI_릴레이 수주_20260625.pdf,2026-06-25_NH투자증권_삼성SDI,6,8,N,P2,정량키워드,시장·회사,ESS,삼성SDI,,,미국,판매량|출하량|CAPA,판매량|출하량|CAPA,GWH,,12,대기
inbox,"SK증권_전자장비와기기_K-배터리, 네 가지 위기와 미래 승부수_20250610.pdf",2025-06-10_SK증권_산업,31,64,N,P2,정량키워드,시장,EV,LG에너지솔루션|삼성SDI|SK온,,,미국,판매량|출하량|성장률|YoY,판매량|출하량,%,,12,대기
inbox,SK증권_전자장비와기기_배터리 패러다임의 변화 (feat. IT 탐방왕이 바라본 2차전지)_20230523.pdf,2023-05-23_SK증권_산업,10,142,N,P2,정량키워드,시장·회사,EV|ESS,LG에너지솔루션|삼성SDI|SK온,,,미국|중국|한국,출하량|수요|용량,출하량,%|GWH,,12,대기
inbox,SK증권_전자장비와기기_배터리 패러다임의 변화 (feat. IT 탐방왕이 바라본 2차전지)_20230523.pdf,2023-05-23_SK증권_산업,13,142,N,P3,정량키워드,시장,EV,LG에너지솔루션|삼성SDI,JV,,한국,성장률,,%,수주·계약,12,대기
inbox,SK증권_전자장비와기기_배터리 패러다임의 변화 (feat. IT 탐방왕이 바라본 2차전지)_20230523.pdf,2023-05-23_SK증권_산업,21,142,N,P2,정량키워드,시장,EV,LG에너지솔루션|삼성SDI|SK온,,,글로벌,출하량|성장률,출하량,%,,12,대기
inbox,SK증권_전자장비와기기_배터리 패러다임의 변화 (feat. IT 탐방왕이 바라본 2차전지)_20230523.pdf,2023-05-23_SK증권_산업,35,142,N,P2,정량키워드,회사,,LG에너지솔루션|삼성SDI|SK온,JV,,북미,캐파|CAPA,캐파|CAPA,%|GWH,수주·계약,12,대기
inbox,SK증권_전자장비와기기_배터리 패러다임의 변화 (feat. IT 탐방왕이 바라본 2차전지)_20230523.pdf,2023-05-23_SK증권_산업,64,142,N,P2,정량키워드,시장,EV|ESS,LG에너지솔루션|삼성SDI|SK온,,,중국|한국,판매량|생산능력|설치량|수요|점유율|CAPA,판매량|생산능력|CAPA,%,,12,대기
inbox,SK증권_전자장비와기기_배터리 패러다임의 변화 (feat. IT 탐방왕이 바라본 2차전지)_20230523.pdf,2023-05-23_SK증권_산업,88,142,N,P2,정량키워드,시장,EV|ESS,LG에너지솔루션|SK온,,,북미,침투율|CAPA,CAPA,%|대,수주·계약,12,대기
inbox,SK증권_전자장비와기기_배터리 패러다임의 변화 (feat. IT 탐방왕이 바라본 2차전지)_20230523.pdf,2023-05-23_SK증권_산업,110,142,N,P2,정량키워드,시장,EV,SK온,,,글로벌|한국,수요|성장률|YoY|CAPA,CAPA,%,수주·계약,12,대기
inbox,SK증권_전자제품_[2026년 연간전망] ESS 배터리의 빛과 그림자_20251124.pdf,2025-11-24_SK증권_산업,2,25,N,P1,정량키워드,시장,EV|ESS,,,데이터센터,글로벌|북미|미국|유럽|중국|한국,출하량|수요|점유율,출하량,%|GWH,,12,대기
inbox,SK증권_전자제품_[2026년 연간전망] ESS 배터리의 빛과 그림자_20251124.pdf,2025-11-24_SK증권_산업,4,25,N,P2,정량키워드,시장·회사,EV|ESS,LG에너지솔루션,,,글로벌|미국,출하량|성장률|캐파,출하량|캐파,GWH,,12,대기
inbox,SK증권_전자제품_[2026년 연간전망] ESS 배터리의 빛과 그림자_20251124.pdf,2025-11-24_SK증권_산업,5,25,N,P2,정량키워드,시장·회사,EV|ESS,LG에너지솔루션|SK온,,,글로벌|미국|한국,캐파,캐파,%|GWH,,12,대기
inbox,iM증권_전자장비와기기_미국 ESS 산업 구조 변화의 시작(한국 배터리 산업의 제2의 서막)_20250725.pdf,2025-07-25_iM증권_산업,13,20,N,P2,정량키워드,시장·회사,ESS,LG에너지솔루션|삼성SDI,,,미국|중국|한국,수요|점유율|캐파|CAPA,캐파|CAPA,GWH,수주·계약,12,대기
inbox,iM증권_전자장비와기기_미국 ESS 산업 구조 변화의 시작(한국 배터리 산업의 제2의 서막)_20250725.pdf,2025-07-25_iM증권_산업,17,20,N,P2,정량키워드,시장,EV|ESS,LG에너지솔루션|삼성SDI,,,북미|미국|중국|한국,수요|점유율,,%,,12,대기
inbox,교보증권_LG에너지솔루션_1Q26 잠정실적_20260408.pdf,2026-04-08_교보증권_LGES,1,2,N,P2,정량키워드,시장,EV|ESS,LG에너지솔루션,,,북미,수요|YoY,,%,,12,대기
inbox,다올투자증권_전자장비와기기_AI가 쏘아올린 ESS 시장의 개화와 한국의 배터리_20251119.pdf,2025-11-19_다올투자증권_산업,7,45,N,P1,정량키워드,시장,ESS,,,데이터센터,미국|한국,수요|용량,,%|GW|TWH,,12,대기
inbox,다올투자증권_전자장비와기기_AI가 쏘아올린 ESS 시장의 개화와 한국의 배터리_20251119.pdf,2025-11-19_다올투자증권_산업,13,45,N,P2,정량키워드,시장·회사,ESS,Tesla,,,미국|중국,출하량|생산능력,출하량|생산능력,GWH,,12,대기
inbox,다올투자증권_전자장비와기기_AI가 쏘아올린 ESS 시장의 개화와 한국의 배터리_20251119.pdf,2025-11-19_다올투자증권_산업,22,45,N,P2,정량키워드,시장,EV,Tesla,,,미국|유럽,수요|YoY,,%,,12,대기
inbox,다올투자증권_전자장비와기기_AI가 쏘아올린 ESS 시장의 개화와 한국의 배터리_20251119.pdf,2025-11-19_다올투자증권_산업,36,45,N,P2,정량키워드,시장,EV|ESS,삼성SDI,JV,,글로벌,캐파,캐파,%,,12,대기
inbox,대신증권_LG에너지솔루션_꽉 차 있는 수주 창고_20260506.pdf,2026-05-06_대신증권_LGES,5,8,N,P2,정량키워드,시장·회사,EV|ESS,LG에너지솔루션|Tesla,,,북미|미국|유럽|중국,캐파,캐파,%|GWH,,12,대기
inbox,대신증권_삼성SDI_안정성에 성장성까지!_20260506.pdf,2026-05-06_대신증권_삼성SDI,4,8,N,P2,정량키워드,시장,EV|ESS,LG에너지솔루션|삼성SDI|CATL,,,미국|유럽|중국,점유율,,%|GWH,,12,대기
inbox,대신증권_전자장비와기기_K배터리 목표시총 400조_20230706.pdf,2023-07-06_대신증권_산업,14,120,N,P2,정량키워드,시장·회사,EV,CATL|BYD|Tesla,,,글로벌|유럽|중국,판매량|캐파,판매량|캐파,%|GWH,,12,대기
inbox,대신증권_전자장비와기기_K배터리 목표시총 400조_20230706.pdf,2023-07-06_대신증권_산업,15,120,N,P2,정량키워드,시장·회사,EV,CATL|BYD|Tesla,,,중국,판매량,판매량,%|MWH,,12,대기
inbox,대신증권_전자장비와기기_K배터리 목표시총 400조_20230706.pdf,2023-07-06_대신증권_산업,27,120,N,P2,정량키워드,시장·회사,EV,Tesla,,,북미,판매량|수요|용량|침투율,판매량,%|GWH|만대,,12,대기
inbox,대신증권_전자장비와기기_K배터리 목표시총 400조_20230706.pdf,2023-07-06_대신증권_산업,28,120,N,P3,정량키워드,시장,EV,LG에너지솔루션|Panasonic|Tesla,JV,,북미|미국|유럽|중국|한국,점유율,,%|GWH,수주·계약,12,대기
inbox,대신증권_전자장비와기기_K배터리 목표시총 400조_20230706.pdf,2023-07-06_대신증권_산업,52,120,N,P2,정량키워드,시장,EV,LG에너지솔루션|CATL,,,북미|미국|유럽|중국,판매량|출하량|수요|YoY,판매량|출하량,%,,12,대기
inbox,대신증권_전자장비와기기_K배터리 목표시총 400조_20230706.pdf,2023-07-06_대신증권_산업,56,120,N,P2,정량키워드,시장,EV,LG에너지솔루션,,,북미|유럽,판매량|캐파,판매량|캐파,%,,12,대기
inbox,대신증권_전자장비와기기_K배터리 목표시총 400조_20230706.pdf,2023-07-06_대신증권_산업,85,120,N,P2,정량키워드,시장,EV,SK온,,,북미|중국|한국,판매량|수요|YoY,판매량,%,수주·계약,12,대기
inbox,메리츠증권_LG에너지솔루션_기회 요인_20260504.pdf,2026-05-04_메리츠증권_LGES,1,6,N,P2,정량키워드,시장,EV|ESS,LG에너지솔루션,,,북미,판매량|수요|점유율,판매량,%,,12,대기
inbox,미래에셋증권_LG에너지솔루션_EV도 회복 국면 진입_20260731.pdf,2026-07-31_미래에셋증권_LGES,1,5,N,P2,정량키워드,시장,EV|ESS,LG에너지솔루션,,,글로벌|북미|유럽,출하량|수요|점유율|성장률,출하량,%,,12,대기
inbox,미래에셋증권_LG에너지솔루션_각형 전환 본격화. 46 원통형 선두 주자_20260526.pdf,2026-05-26_미래에셋증권_LGES,1,3,N,P3,정량키워드,시장,EV|ESS,LG에너지솔루션|Tesla,,,글로벌|북미|미국|유럽,수요|점유율|성장률|YoY,,%,수주·계약,12,대기
inbox,버핏연구소_삼성SDI_이차전지 최악 업황 지나고 ESS 쑥쑥_20260521.pdf,2026-05-21_버핏연구소_삼성SDI,4,9,N,P2,정량키워드,시장,EV,삼성SDI,,,한국,수요|YoY,,%,,12,대기
inbox,버핏연구소_삼성SDI_이차전지 최악 업황 지나고 ESS 쑥쑥_20260521.pdf,2026-05-21_버핏연구소_삼성SDI,5,9,N,P1,정량키워드,시장,EV|ESS,삼성SDI,,데이터센터|Grid/Utility,글로벌|미국|중국,수요,,%,,12,대기
inbox,삼성증권_LG에너지솔루션_1등은 로봇도 잘한다_20260311.pdf,2026-03-11_삼성증권_LGES,1,6,N,P2,정량키워드,시장·회사,EV|ESS,LG에너지솔루션|Tesla,,,글로벌|미국|유럽|중국|한국,생산능력,생산능력,%|GWH,수주·계약,12,대기
inbox,삼성증권_LG에너지솔루션_2Q26 review - ESS 성장통에도 이익 개선세 유효_20260730.pdf,2026-07-30_삼성증권_LGES,1,9,N,P2,정량키워드,시장,EV|ESS,LG에너지솔루션,,,미국|유럽,판매량|수요,판매량,%,,12,대기
inbox,"삼성증권_자동차_Beyond Chasm 로봇의 심장, 배터리_20250321.pdf",2025-03-21_삼성증권_산업,25,79,N,P2,정량키워드,시장,EV,LG에너지솔루션|삼성SDI|Panasonic|Tesla,,,글로벌|미국|중국|한국,용량,,%|대,,12,대기
inbox,"삼성증권_자동차_Beyond Chasm 로봇의 심장, 배터리_20250321.pdf",2025-03-21_삼성증권_산업,27,79,N,P2,정량키워드,시장,EV,Tesla,,,글로벌|미국|중국|한국,용량|점유율,,%,,12,대기
inbox,삼성증권_전자장비와기기_2차전지 산업 분석 11편 - AI 데이터센터와 배터리_20251023.pdf,2025-10-23_삼성증권_산업,4,39,N,P1,정량키워드,시장,EV|ESS,,,데이터센터|Grid/Utility|UPS,북미|미국|한국,출하량|수요|용량|성장률|캐파,출하량|캐파,%|GWH,,12,대기
inbox,삼성증권_전자장비와기기_2차전지 산업 분석 11편 - AI 데이터센터와 배터리_20251023.pdf,2025-10-23_삼성증권_산업,28,39,N,P2,정량키워드,시장,EV|ESS,삼성SDI,JV,,북미|미국|유럽,수요,,%,,12,대기
inbox,상상인증권_자동차_2025년 연간 전망 완성차와 배터리에 기대할 수 있는 것_20241021.pdf,2024-10-21_상상인증권_산업,3,74,N,P2,정량키워드,시장,EV|ESS,LG에너지솔루션|삼성SDI|CATL,,,북미|유럽|중국,수요|침투율|성장률,,%,,12,대기
inbox,상상인증권_자동차_2025년 연간 전망 완성차와 배터리에 기대할 수 있는 것_20241021.pdf,2024-10-21_상상인증권_산업,22,74,N,P2,정량키워드,시장,EV|ESS,LG에너지솔루션|삼성SDI|CATL,JV,,글로벌|북미|미국|유럽|중국,판매대수|점유율,,%,,12,대기
inbox,상상인증권_자동차_2025년 연간 전망 완성차와 배터리에 기대할 수 있는 것_20241021.pdf,2024-10-21_상상인증권_산업,27,74,N,P2,정량키워드,시장,EV|ESS,CATL|BYD,,,글로벌|북미|미국|유럽|중국,점유율,,%|GWH,,12,대기
inbox,신영증권_LG에너지솔루션_2분기부터 재차 증익 구간 진입_20260504.pdf,2026-05-04_신영증권_LGES,2,6,N,P3,정량키워드,시장,EV|ESS,LG에너지솔루션|CATL,,,글로벌|북미|미국|유럽,YoY,,%|GWH,수주·계약,12,대기
inbox,신영증권_LG에너지솔루션_2분기부터 재차 증익 구간 진입_20260504.pdf,2026-05-04_신영증권_LGES,4,6,N,P2,정량키워드,시장·회사,EV|ESS,LG에너지솔루션,,,미국,판매량,판매량,%|GWH,,12,대기
inbox,신영증권_LG에너지솔루션_단기 눈높이는 낮춰도 방향성은 불변_20260731.pdf,2026-07-31_신영증권_LGES,3,5,N,P2,정량키워드,시장·회사,EV|ESS,LG에너지솔루션,,,미국,판매량,판매량,%|GWH,,12,대기
inbox,"신영증권_LG에너지솔루션_하방은 제한적, ESS가 이끄는 2026년_20260331.pdf",2026-03-31_신영증권_LGES,3,5,N,P2,정량키워드,시장·회사,EV|ESS,LG에너지솔루션,,,미국,판매량,판매량,%|GWH,,12,대기
inbox,신영증권_삼성SDI_황화물계 전고체 전지 시장 선점 효과 기대_20260325.pdf,2026-03-25_신영증권_삼성SDI,2,3,N,P2,정량키워드,시장,EV|ESS,삼성SDI,,,미국|유럽,YoY,,%|GWH,,12,대기
inbox,신한투자증권_LG에너지솔루션_1분기가 저점_20260504.pdf,2026-05-04_신한투자증권_LGES,3,7,N,P2,정량키워드,시장,EV|ESS,LG에너지솔루션|Tesla,,,글로벌|북미,설치량,,%|MW,,12,대기
inbox,신한투자증권_LG에너지솔루션_늦어진 만큼 선명해진 회복_20260731.pdf,2026-07-31_신한투자증권_LGES,3,7,N,P2,정량키워드,시장,EV|ESS,LG에너지솔루션|Tesla,,,글로벌|북미,설치량,,%|MW,,12,대기
inbox,신한투자증권_LG에너지솔루션_우려보다 기대를_20260402.pdf,2026-04-02_신한투자증권_LGES,3,7,N,P2,정량키워드,시장,EV|ESS,LG에너지솔루션|Tesla,,,글로벌|북미,설치량,,%|MW,,12,대기
inbox,신한투자증권_SK이노베이션_예견된 정유 호실적_20260514.pdf,2026-05-14_신한투자증권_SK온,1,7,N,P2,정량키워드,시장,EV|ESS,SK온,,,글로벌|미국|유럽,출하량|수요|점유율,출하량,%,수주·계약,12,대기
inbox,"신한투자증권_삼성SDI_흑자전환, 다음은 본업_20260731.pdf",2026-07-31_신한투자증권_삼성SDI,2,7,N,P2,정량키워드,시장,EV,삼성SDI,,,미국|유럽,점유율|YoY,,%,,12,대기
inbox,"신한투자증권_삼성SDI_흑자전환, 다음은 본업_20260731.pdf",2026-07-31_신한투자증권_삼성SDI,3,7,N,P2,정량키워드,시장,EV|ESS,삼성SDI,,,글로벌|북미,설치량,,%|MW,,12,대기
inbox,유안타증권_SK이노베이션_국민 에너지 기업으로 재평가 되어야…_20260522.pdf,2026-05-22_유안타증권_SK온,1,8,N,P2,정량키워드,시장,EV|ESS,SK온,,,글로벌|한국,수요,,%|GW,,12,대기
inbox,유안타증권_SK이노베이션_국민 에너지 기업으로 재평가 되어야…_20260522.pdf,2026-05-22_유안타증권_SK온,5,8,N,P2,정량키워드,회사,,SK온,JV,,미국|중국,생산량|CAPA,생산량|CAPA,%|GW,,12,대기
inbox,유안타증권_전자장비와기기_파고들다 II. 46시리즈와 전고체 배터리_20250402.pdf,2025-04-02_유안타증권_산업,45,60,N,P2,정량키워드,시장,EV,LG에너지솔루션|Tesla,,,글로벌|유럽|중국,판매량|수요|YoY,판매량,%,수주·계약,12,대기
inbox,유안타증권_전자장비와기기_파고들다 II. 46시리즈와 전고체 배터리_20250402.pdf,2025-04-02_유안타증권_산업,50,60,N,P3,정량키워드,시장,EV,Tesla,,,북미|미국,수요,,%|대,수주·계약,12,대기
inbox,유진투자증권_SK이노베이션_전쟁 수혜 + 배터리 보상금 반영_20260731.pdf,2026-07-31_유진투자증권_SK온,3,7,N,P2,정량키워드,시장·회사,EV|ESS,SK온,,,글로벌|미국,수요|캐파,캐파,GWH,수주·계약,12,대기
inbox,"유진투자증권_복합유틸리티_산업재 D(ata)PT - 「나트륨이온배터리, 게임체인저가 될 것인가」_20240520.pdf",2024-05-20_유진투자증권_산업,38,102,N,P2,정량키워드,시장,EV|ESS,삼성SDI|CATL|BYD|Northvolt,,,유럽|중국,수요|YoY,,%,,12,대기
inbox,유진투자증권_전자장비와기기_2026 연간전망 2026년 희망의 K배터리 밸류체인_20251124.pdf,2025-11-24_유진투자증권_산업,3,73,N,P1,정량키워드,시장,EV|ESS,,,BESS,미국|유럽|중국,설치량|수요|침투율,,%|GWH,,12,대기
inbox,유진투자증권_전자장비와기기_2026 연간전망 2026년 희망의 K배터리 밸류체인_20251124.pdf,2025-11-24_유진투자증권_산업,4,73,N,P1,정량키워드,시장,EV|ESS,,,BESS,미국|유럽,판매대수|YoY,,%|GWH,,12,채택
inbox,유진투자증권_전자장비와기기_2026 연간전망 2026년 희망의 K배터리 밸류체인_20251124.pdf,2025-11-24_유진투자증권_산업,7,73,N,P1,정량키워드,시장,ESS,,,Grid/Utility|BESS,글로벌|유럽|중국|한국,설치량|설치용량|수요|용량,,%|GWH|MW|MWH,,12,보류
inbox,유진투자증권_전자장비와기기_2026 연간전망 2026년 희망의 K배터리 밸류체인_20251124.pdf,2025-11-24_유진투자증권_산업,12,73,N,P1,정량키워드,시장,ESS,,,BESS,미국|중국,설치량|설치용량|수요|용량,,%|GWH,,12,채택
inbox,유진투자증권_전자장비와기기_2026 연간전망 2026년 희망의 K배터리 밸류체인_20251124.pdf,2025-11-24_유진투자증권_산업,13,73,N,P1,정량키워드,시장,ESS,,,데이터센터|BESS,글로벌|미국|중국,수요|용량|capacity,capacity,%|GW|MW,,12,대기
inbox,유진투자증권_전자장비와기기_2026 연간전망 2026년 희망의 K배터리 밸류체인_20251124.pdf,2025-11-24_유진투자증권_산업,14,73,N,P1,정량키워드,시장,ESS,,,상업·산업용(C&I)|BESS,유럽,설치용량|용량,,%|GWH,,12,채택
inbox,유진투자증권_전자장비와기기_2026 연간전망 2026년 희망의 K배터리 밸류체인_20251124.pdf,2025-11-24_유진투자증권_산업,30,73,N,P2,정량키워드,시장,EV,CATL|BYD,,,유럽|중국|한국,생산량|점유율|YoY,생산량,%,,12,대기
inbox,유진투자증권_전자장비와기기_2026 연간전망 2026년 희망의 K배터리 밸류체인_20251124.pdf,2025-11-24_유진투자증권_산업,34,73,N,P2,정량키워드,시장,EV,Tesla,,,북미|미국,판매대수|수요|성장률|YoY|sales,sales,%,,12,대기
inbox,유진투자증권_전자장비와기기_2H26 OUTLOOK 화려한 배터리 테마주 장세 시작_20260517.pdf,2026-05-17_유진투자증권_산업,9,101,N,P1,정량키워드,시장,ESS,,,Grid/Utility|BESS,글로벌|미국|유럽|중국|한국,설치량|설치용량|수요|용량,,%|GWH|MWH,,12,채택
inbox,유진투자증권_전자장비와기기_2H26 OUTLOOK 화려한 배터리 테마주 장세 시작_20260517.pdf,2026-05-17_유진투자증권_산업,14,101,N,P1,정량키워드,시장,ESS,,,상업·산업용(C&I)|BESS,유럽,설치용량|용량,,%|GWH,,12,채택
inbox,유진투자증권_전자장비와기기_2H26 OUTLOOK 화려한 배터리 테마주 장세 시작_20260517.pdf,2026-05-17_유진투자증권_산업,15,101,N,P1,정량키워드,시장,ESS,,,데이터센터|BESS,미국|중국,설치용량|수요|용량,,%|GWH,,12,채택
inbox,유진투자증권_전자장비와기기_2H26 OUTLOOK 화려한 배터리 테마주 장세 시작_20260517.pdf,2026-05-17_유진투자증권_산업,28,101,N,P2,정량키워드,시장,EV,삼성SDI|Panasonic,JV,,,용량,,%|GWH|만대,,12,대기
inbox,유진투자증권_전자장비와기기_2H26 OUTLOOK 화려한 배터리 테마주 장세 시작_20260517.pdf,2026-05-17_유진투자증권_산업,31,101,N,P2,정량키워드,시장·회사,EV,Panasonic,,,,생산능력|캐파|CAPA,생산능력|캐파|CAPA,GWH|MWH,,12,대기
inbox,유진투자증권_전자장비와기기_2H26 OUTLOOK 화려한 배터리 테마주 장세 시작_20260517.pdf,2026-05-17_유진투자증권_산업,37,101,N,P1,정량키워드,시장·회사,EV|ESS,삼성SDI|CATL|BYD,,데이터센터|Grid/Utility|상업·산업용(C&I)|UPS,글로벌|미국|유럽|중국,캐파,캐파,GWH,수주·계약,12,보류
inbox,유진투자증권_전자장비와기기_2H26 OUTLOOK 화려한 배터리 테마주 장세 시작_20260517.pdf,2026-05-17_유진투자증권_산업,40,101,N,P2,정량키워드,시장,EV,Tesla,,,북미|미국,판매대수|YoY|sales,sales,%,,12,대기
inbox,유진투자증권_전자장비와기기_2H26 OUTLOOK 화려한 배터리 테마주 장세 시작_20260517.pdf,2026-05-17_유진투자증권_산업,50,101,N,P2,정량키워드,시장,EV,CATL|BYD,,,유럽|중국|한국,생산량|점유율|YoY,생산량,%,,12,대기
inbox,"키움증권_LG에너지솔루션_중장기 성장성 확인, 다만 단기 ESS 수익성 우려_20260731.pdf",2026-07-31_키움증권_LGES,4,8,N,P2,정량키워드,회사,,LG에너지솔루션,JV,,미국,판매량|CAPA,판매량|CAPA,%|GWH,,12,대기
inbox,"키움증권_삼성SDI_분기 흑자전환 달성, 실적 개선 속도는 점검 필요_20260731.pdf",2026-07-31_키움증권_삼성SDI,3,8,N,P2,정량키워드,시장,EV,삼성SDI,,,글로벌|북미|유럽|중국,판매량|YoY,판매량,%,,12,대기
inbox,하나증권_SK이노베이션_컨센 124% 상회. 연간 추정치 상향_20260731.pdf,2026-07-31_하나증권_SK온,1,5,N,P2,정량키워드,시장,EV,SK온,,,글로벌|한국,YoY|CAPA,CAPA,%,,12,대기
inbox,"하나증권_삼성SDI_Strong Buy, 하반기에도 흑자 지속 전망_20260731.pdf",2026-07-31_하나증권_삼성SDI,1,4,N,P2,정량키워드,시장,EV|ESS,삼성SDI,JV,,북미|미국|유럽,YoY,,%,,12,대기
inbox,하나증권_전자장비와기기_배터리 징비록_20250516.pdf,2025-05-16_하나증권_산업,4,57,N,P2,정량키워드,시장,EV,LG에너지솔루션|삼성SDI,,,글로벌|미국|유럽|중국|한국,점유율|YoY,,%,,12,대기
inbox,하나증권_전자장비와기기_배터리 징비록_20250516.pdf,2025-05-16_하나증권_산업,51,57,N,P2,정량키워드,시장,EV,Tesla,,,글로벌|북미|미국|유럽|중국|한국,수요|침투율|점유율,,%,,12,대기
inbox,하나증권_전자장비와기기_배터리 투자자가 준비해야 하는 3가지_20260608.pdf,2026-06-08_하나증권_산업,7,30,N,P1,정량키워드,시장,ESS,,,Grid/Utility,글로벌|미국|유럽|중국,설치량|YoY,,%|GWH,,12,보류
inbox,"현대차증권_LG에너지솔루션_아쉬운 1분기. 하지만, 방향성은 유효_20260504.pdf",2026-05-04_현대차증권_LGES,1,7,N,P2,정량키워드,시장,EV|ESS,LG에너지솔루션|Tesla,,,북미|미국|유럽|중국|한국,판매량|출하량|수요,판매량|출하량,%,,12,대기
inbox,흥국증권_LG에너지솔루션_ESS 성장 과도기_20260409.pdf,2026-04-09_흥국증권_LGES,1,5,N,P2,정량키워드,시장,EV|ESS,LG에너지솔루션|Tesla,,,북미|미국|유럽,판매량|수요|YoY,판매량,%,,12,대기
inbox,흥국증권_전자장비와기기_2025년 미리보기 전열 재정비(ft.4680 배터리 로드맵)_20250203.pdf,2025-02-03_흥국증권_산업,5,46,N,P2,정량키워드,시장·회사,EV|ESS,LG에너지솔루션|SK온,JV,,북미|미국|유럽,CAPA,CAPA,GWH,,12,대기
actuals,25_1Q_Script.pdf,,2,17,N,P2,정량키워드,시장,EV|ESS,,,Grid/Utility,북미|유럽,출하량|수요|캐파,출하량|캐파,%,,11,대기
actuals,25_3Q_Script.pdf,,7,22,N,P2,정량키워드,시장,EV|ESS,,,데이터센터|Grid/Utility,미국|유럽|중국,수요|침투율|성장률,,%,,11,대기
actuals,25_3Q_Script.pdf,,13,22,N,P2,정량키워드,시장,EV|ESS,,,Grid/Utility,글로벌|북미|유럽|중국,수요|CAPA,CAPA,%|GWH,수주·계약,11,대기
actuals,25_4Q_Script.pdf,,4,18,N,P2,정량키워드,시장,EV|ESS,,,데이터센터|Grid/Utility,글로벌|북미,설치량|수요,,%,,11,대기
actuals,26_1Q_Script.pdf,2026_1Q_LGES,3,14,N,P2,정량키워드,시장,EV|ESS,,,Grid/Utility,글로벌|북미,수요|CAPA,CAPA,%|GWH,수주·계약,11,대기
actuals,26_2Q_Script.pdf,2026_2Q_LGES,1,11,N,P2,정량키워드,시장,EV|ESS,,,Grid/Utility,북미|유럽,출하량|수요|CAPA,출하량|CAPA,%,수주·계약,11,대기
actuals,26_2Q_Script.pdf,2026_2Q_LGES,7,11,N,P2,정량키워드,시장,EV|ESS,,,데이터센터,북미|미국|중국,생산량|수요|CAPA,생산량|CAPA,%|MWH,,11,대기
actuals,SK이노베이션_실적발표_1Q25 국문_F.pdf,SK온|SK이노베이션,4,19,N,P1,정량키워드,시장·회사,EV,SK온,,,미국,판매량,판매량,GWH|만대,수주·계약,11,대기
actuals,SK이노베이션_실적발표_1Q25 국문_F.pdf,SK온|SK이노베이션,18,19,N,P1,정량키워드,회사,,,JV,,북미|미국|유럽|중국|한국,생산능력|capacity,생산능력|capacity,GWH,,11,채택
actuals,SK이노베이션_실적발표_3Q25 국문.pdf,SK온|SK이노베이션,13,19,N,P2,정량키워드,시장,EV|ESS,SK온,,,유럽,판매량|수요,판매량,%,,11,대기
inbox,DB증권_SK이노베이션_실적 추가 상향 대비_20260731.pdf,2026-07-31_DB증권_SK온,1,3,N,P2,정량키워드,시장,EV,SK온,,,중국|한국,YoY,,%,,11,대기
inbox,IBK투자증권_LG에너지솔루션_매 분기 성장 예정_20260504.pdf,2026-05-04_IBK투자증권_LGES,4,6,N,P2,정량키워드,시장·회사,ESS,LG에너지솔루션,,,북미,CAPA,CAPA,GWH,,11,대기
inbox,IBK투자증권_전자장비와기기_배터리 World War_20230912.pdf,2023-09-12_IBK투자증권_산업,15,136,N,P2,정량키워드,시장,EV,Tesla,,,글로벌|미국|유럽|중국,판매량|성장률,판매량,%,,11,대기
inbox,IBK투자증권_전자장비와기기_배터리 World War_20230912.pdf,2023-09-12_IBK투자증권_산업,38,136,N,P2,정량키워드,회사,,CATL|Tesla,,,유럽|중국,판매량|출하량|YoY,판매량|출하량,%|GWH|MWH,,11,대기
inbox,IBK투자증권_전자장비와기기_배터리 World War_20230912.pdf,2023-09-12_IBK투자증권_산업,65,136,N,P2,정량키워드,시장,EV,CATL|Tesla,,,유럽,YoY,,%|MWH,,11,대기
inbox,IBK투자증권_전자장비와기기_배터리 World War_20230912.pdf,2023-09-12_IBK투자증권_산업,107,136,N,P2,정량키워드,시장,EV|ESS,LG에너지솔루션|삼성SDI,,,,출하량|수요|침투율|YoY|CAPA,출하량|CAPA,%,수주·계약,11,대기
inbox,IBK투자증권_전자장비와기기_역대급 북미 배터리 설계사_20240226.pdf,2024-02-26_IBK투자증권_산업,7,116,N,P2,정량키워드,회사,,Tesla,,,북미|미국,판매량|생산량|CAPA,판매량|생산량|CAPA,%|GWH,,11,대기
inbox,IBK투자증권_전자장비와기기_역대급 북미 배터리 설계사_20240226.pdf,2024-02-26_IBK투자증권_산업,9,116,N,P2,정량키워드,시장,EV,LG에너지솔루션|CATL|Panasonic|Tesla,,,글로벌|북미,침투율,,%,,11,대기
inbox,IBK투자증권_전자장비와기기_역대급 북미 배터리 설계사_20240226.pdf,2024-02-26_IBK투자증권_산업,13,116,N,P2,정량키워드,회사,,LG에너지솔루션|SK온|CATL|BYD|Panasonic|CALB|Tesla,,,글로벌|북미|유럽|중국|한국,출하량|점유율|YoY,출하량,%|GWH,,11,대기
inbox,IBK투자증권_전자장비와기기_역대급 북미 배터리 설계사_20240226.pdf,2024-02-26_IBK투자증권_산업,19,116,N,P2,정량키워드,회사,,LG에너지솔루션|삼성SDI|CATL,,,북미|유럽|중국|한국,용량|CAPA,CAPA,%|GWH,,11,대기
inbox,IBK투자증권_전자장비와기기_역대급 북미 배터리 설계사_20240226.pdf,2024-02-26_IBK투자증권_산업,30,116,N,P2,정량키워드,시장,EV,,,,북미|미국,판매량|생산량|생산능력|CAPA,판매량|생산량|생산능력|CAPA,%|GWH|만대,,11,대기
inbox,IBK투자증권_전자장비와기기_역대급 북미 배터리 설계사_20240226.pdf,2024-02-26_IBK투자증권_산업,35,116,N,P2,정량키워드,시장,EV,,,,글로벌|북미|미국,판매량|생산량|생산능력|CAPA,판매량|생산량|생산능력|CAPA,%|GWH|만대,,11,대기
inbox,IBK투자증권_전자장비와기기_역대급 북미 배터리 설계사_20240226.pdf,2024-02-26_IBK투자증권_산업,41,116,N,P2,정량키워드,회사,,Tesla,,,북미|미국,판매량|용량|CAPA,판매량|CAPA,%|GWH|만대,,11,대기
inbox,IBK투자증권_전자장비와기기_역대급 북미 배터리 설계사_20240226.pdf,2024-02-26_IBK투자증권_산업,45,116,N,P2,정량키워드,시장,EV,,,,북미|미국|한국,생산량|생산능력|CAPA,생산량|생산능력|CAPA,%|GWH|만대,,11,대기
inbox,IBK투자증권_전자장비와기기_역대급 북미 배터리 설계사_20240226.pdf,2024-02-26_IBK투자증권_산업,49,116,N,P2,정량키워드,시장,EV,,,,글로벌|북미|미국|유럽|중국,생산량|생산능력|CAPA,생산량|생산능력|CAPA,%|GWH|만대,수주·계약,11,대기
inbox,IBK투자증권_전자장비와기기_역대급 북미 배터리 설계사_20240226.pdf,2024-02-26_IBK투자증권_산업,52,116,N,P2,정량키워드,시장,EV,,,,글로벌|북미|미국,생산량|생산능력|CAPA,생산량|생산능력|CAPA,%|GWH|만대,,11,대기
inbox,IBK투자증권_전자장비와기기_역대급 북미 배터리 설계사_20240226.pdf,2024-02-26_IBK투자증권_산업,55,116,N,P2,정량키워드,시장,EV,,,,북미|미국|유럽|중국,생산량|생산능력|점유율|CAPA,생산량|생산능력|CAPA,%|GWH|만대,,11,대기
inbox,IBK투자증권_전자장비와기기_역대급 북미 배터리 설계사_20240226.pdf,2024-02-26_IBK투자증권_산업,57,116,N,P2,정량키워드,시장,EV,,,,북미|미국|유럽,생산량|생산능력|CAPA,생산량|생산능력|CAPA,%|GWH|만대,,11,대기
inbox,IBK투자증권_전자장비와기기_역대급 북미 배터리 설계사_20240226.pdf,2024-02-26_IBK투자증권_산업,60,116,N,P2,정량키워드,시장,EV,,,,북미|미국,판매량|생산량|생산능력|CAPA,판매량|생산량|생산능력|CAPA,%|GWH|만대,,11,대기
inbox,IBK투자증권_전자장비와기기_역대급 북미 배터리 설계사_20240226.pdf,2024-02-26_IBK투자증권_산업,63,116,N,P2,정량키워드,시장,EV,,,,북미|미국|유럽,판매량|생산량|생산능력|점유율|CAPA,판매량|생산량|생산능력|CAPA,%|GWH|만대,,11,대기
inbox,KB증권_LG에너지솔루션_1~5월 국내 EV 판매 +122% YoY 급등은 긍정적_20260618.pdf,2026-06-18_KB증권_LGES,2,9,N,P2,정량키워드,시장,EV|ESS,LG에너지솔루션|삼성SDI|SK온|CATL,,,,판매량|침투율|성장률,판매량,%,,11,대기
inbox,KB증권_LG에너지솔루션_2026년 미국 사업 ESS가 EV 미국 출하량 뛰어넘을 것_20260226.pdf,2026-02-26_KB증권_LGES,2,9,N,P2,정량키워드,시장,EV|ESS,LG에너지솔루션|삼성SDI|SK온|CATL,,,,판매량|침투율|성장률,판매량,%,,11,대기
inbox,KB증권_LG에너지솔루션_2026년 미국 사업 ESS가 EV 미국 출하량 뛰어넘을 것_20260226.pdf,2026-02-26_KB증권_LGES,6,9,N,P2,정량키워드,시장,EV|ESS,LG에너지솔루션,JV,,,성장률,,%,,11,대기
inbox,KB증권_LG에너지솔루션_상반기 바닥 확인_20260730.pdf,2026-07-30_KB증권_LGES,2,8,N,P2,정량키워드,시장,EV|ESS,LG에너지솔루션|삼성SDI|SK온|CATL,,,,판매량|침투율|성장률,판매량,%,,11,대기
inbox,KB증권_LG에너지솔루션_상반기 바닥 확인_20260730.pdf,2026-07-30_KB증권_LGES,5,8,N,P2,정량키워드,시장,EV|ESS,LG에너지솔루션,JV,,,성장률,,%,,11,대기
inbox,"KB증권_LG에너지솔루션_투자포인트 ③ EV 정상화, ④ 2027년 FCF 흑자전환 시작_20260604.pdf",2026-06-04_KB증권_LGES,2,10,N,P2,정량키워드,시장,EV|ESS,LG에너지솔루션|삼성SDI|SK온|CATL,,,,판매량|침투율|성장률,판매량,%,,11,대기
inbox,"KB증권_LG에너지솔루션_투자포인트 ③ EV 정상화, ④ 2027년 FCF 흑자전환 시작_20260604.pdf",2026-06-04_KB증권_LGES,3,10,N,P2,정량키워드,시장·회사,EV,LG에너지솔루션,,,미국,판매량,판매량,GWH,,11,대기
inbox,"KB증권_LG에너지솔루션_투자포인트 ③ EV 정상화, ④ 2027년 FCF 흑자전환 시작_20260604.pdf",2026-06-04_KB증권_LGES,7,10,N,P2,정량키워드,시장,EV|ESS,LG에너지솔루션,JV,,,성장률,,%,,11,대기
inbox,"KB증권_SK이노베이션_국내 EV 판매 호조로, 배터리 판매량 +5~10% 추가 예상_20260618.pdf",2026-06-18_KB증권_SK온,2,12,N,P2,정량키워드,시장,EV,삼성SDI|SK온,,,,침투율|성장률,,%,,11,대기
inbox,KB증권_SK이노베이션_정유. 사. 3Q도 증익 가능성. 배터리 재평가도 필요하다_20260731.pdf,2026-07-30_KB증권_SK온,2,10,N,P2,정량키워드,시장,EV,삼성SDI|SK온,,,,침투율|성장률,,%,,11,대기
inbox,"KB증권_SK이노베이션_호르무즈 영향으로, 9개 사업부 모두 대폭 증익!_20260513.pdf",2026-05-13_KB증권_SK온,1,9,N,P2,정량키워드,시장,EV,SK온,,,글로벌|미국|유럽|한국,판매량,판매량,%,,11,대기
inbox,"KB증권_SK이노베이션_호르무즈 영향으로, 9개 사업부 모두 대폭 증익!_20260513.pdf",2026-05-13_KB증권_SK온,2,9,N,P2,정량키워드,시장,EV,삼성SDI|SK온,,,,침투율|성장률,,%,,11,대기
inbox,"LS증권_LG에너지솔루션_4월 EV향 data, DTE 수주 및 미국 ESS_20260602.pdf",2026-06-02_LS증권_LGES,3,18,N,P2,정량키워드,시장,EV,LG에너지솔루션|SK온|Panasonic|Tesla,,,글로벌|북미|미국|유럽|중국|한국,판매량,판매량,%,,11,대기
inbox,LS증권_SK이노베이션_업데이트 노트_20260615.pdf,2026-06-15_LS증권_SK온,4,17,N,P2,정량키워드,시장,EV,LG에너지솔루션|SK온,,,글로벌|북미|미국|유럽|중국|한국,판매량,판매량,%,,11,대기
inbox,LS증권_SK이노베이션_업데이트 노트_20260615.pdf,2026-06-15_LS증권_SK온,5,17,N,P2,정량키워드,시장,EV,LG에너지솔루션|SK온,,,글로벌,수요,,%,,11,대기
inbox,"LS증권_SK이노베이션_파우치 Only 부메랑, WACC보다 낮은 ROIC_20260629.pdf",2026-06-29_LS증권_SK온,3,16,N,P2,정량키워드,시장,EV,LG에너지솔루션|SK온|CATL|BYD|CALB,,,글로벌|중국,수요,,%,,11,대기
inbox,"LS증권_SK이노베이션_파우치 Only 부메랑, WACC보다 낮은 ROIC_20260629.pdf",2026-06-29_LS증권_SK온,5,16,N,P2,정량키워드,시장,EV,LG에너지솔루션|SK온,,,글로벌|북미|미국|유럽|중국|한국,판매량,판매량,%,,11,대기
inbox,"LS증권_SK이노베이션_파우치 Only 부메랑, WACC보다 낮은 ROIC_20260629.pdf",2026-06-29_LS증권_SK온,6,16,N,P2,정량키워드,시장,EV,SK온,,,글로벌,수요,,%,,11,대기
inbox,"LS증권_SK이노베이션_파우치 Only 부메랑, WACC보다 낮은 ROIC_20260629.pdf",2026-06-29_LS증권_SK온,7,16,N,P2,정량키워드,시장,EV,LG에너지솔루션|SK온,,,,용량,,%|GWH,,11,대기
inbox,"LS증권_SK이노베이션_파우치 Only 부메랑, WACC보다 낮은 ROIC_20260629.pdf",2026-06-29_LS증권_SK온,11,16,N,P2,정량키워드,시장,EV,,,,글로벌|중국,판매량|수요|성장률|CAPA,판매량|CAPA,%|GWH,,11,대기
inbox,"LS증권_SK이노베이션_파우치 Only 부메랑, WACC보다 낮은 ROIC_20260629.pdf",2026-06-29_LS증권_SK온,12,16,N,P2,정량키워드,회사,,,JV,,글로벌|북미|미국|유럽|중국|한국,CAPA,CAPA,%|GWH,,11,채택
inbox,"LS증권_삼성SDI_4월 EV향 data, 역성장 지속 우려_20260605.pdf",2026-06-05_LS증권_삼성SDI,4,14,N,P2,정량키워드,시장,EV,삼성SDI,,,글로벌|북미|미국|유럽|중국,판매량,판매량,%,,11,대기
inbox,"LS증권_삼성SDI_4월 EV향 data, 역성장 지속 우려_20260605.pdf",2026-06-05_LS증권_삼성SDI,6,14,N,P2,정량키워드,시장,EV,삼성SDI,,,글로벌|유럽,판매량,판매량,%,,11,대기
inbox,"LS증권_삼성SDI_4월 EV향 data, 역성장 지속 우려_20260605.pdf",2026-06-05_LS증권_삼성SDI,8,14,N,P2,정량키워드,시장,EV,삼성SDI|CATL|Panasonic,,,글로벌|한국,용량,,MWH,,11,대기
inbox,NH투자증권_LG에너지솔루션_1Q26 실적 저점 확인_20260408.pdf,2026-04-08_NH투자증권_LGES,5,9,N,P2,정량키워드,시장·회사,EV|ESS,LG에너지솔루션,,,,출하량,출하량,%|GWH,,11,대기
inbox,NH투자증권_LG에너지솔루션_명확한 회복세_20260731.pdf,2026-07-31_NH투자증권_LGES,6,10,N,P2,정량키워드,시장·회사,ESS,LG에너지솔루션,,,,출하량,출하량,%|GWH,,11,대기
inbox,NH투자증권_LG에너지솔루션_점진적인 개선세_20260625.pdf,2026-06-25_NH투자증권_LGES,6,9,N,P2,정량키워드,시장·회사,ESS,LG에너지솔루션,,,,출하량,출하량,%|GWH,,11,대기
inbox,NH투자증권_LG에너지솔루션_테슬라 유럽 판매 회복에 대비할 필요_20260323.pdf,2026-03-23_NH투자증권_LGES,1,9,N,P2,정량키워드,시장,EV|ESS,LG에너지솔루션|Tesla,,,유럽|중국|한국,판매량,판매량,%,,11,대기
inbox,NH투자증권_LG에너지솔루션_테슬라 유럽 판매 회복에 대비할 필요_20260323.pdf,2026-03-23_NH투자증권_LGES,5,9,N,P2,정량키워드,시장·회사,EV|ESS,LG에너지솔루션,,,,출하량,출하량,%|GWH,,11,대기
inbox,NH투자증권_LG에너지솔루션_하반기부터 질적 개선_20260504.pdf,2026-05-04_NH투자증권_LGES,1,9,N,P3,정량키워드,시장,EV|ESS,LG에너지솔루션|Tesla,,,미국|유럽|한국,수요,,%,수주·계약,11,대기
inbox,NH투자증권_LG에너지솔루션_하반기부터 질적 개선_20260504.pdf,2026-05-04_NH투자증권_LGES,4,9,N,P2,정량키워드,시장·회사,EV|ESS,LG에너지솔루션|삼성SDI|Tesla,,,미국|중국|한국,판매량|설치용량|용량,판매량,GWH,,11,대기
inbox,NH투자증권_LG에너지솔루션_하반기부터 질적 개선_20260504.pdf,2026-05-04_NH투자증권_LGES,5,9,N,P2,정량키워드,시장·회사,EV|ESS,LG에너지솔루션,,,,출하량,출하량,%|GWH,,11,대기
inbox,NH투자증권_삼성SDI_7분기만에 흑자전환 성공_20260731.pdf,2026-07-31_NH투자증권_삼성SDI,5,9,N,P2,정량키워드,시장,EV,삼성SDI,,,유럽,점유율,,%,,11,대기
inbox,"SK증권_삼성SDI_저점은 지났다, 회복의 축은 ESS소형_20260609.pdf",2026-06-09_SK증권_삼성SDI,2,7,N,P2,정량키워드,시장,EV|ESS,삼성SDI,,,,성장률|YoY,,%,,11,대기
inbox,"SK증권_전자장비와기기_K-배터리, 네 가지 위기와 미래 승부수_20250610.pdf",2025-06-10_SK증권_산업,11,64,N,P2,정량키워드,회사,,삼성SDI,,,유럽,출하량|점유율|성장률|캐파,출하량|캐파,%|GWH,,11,대기
inbox,SK증권_전자장비와기기_배터리 패러다임의 변화 (feat. IT 탐방왕이 바라본 2차전지)_20230523.pdf,2023-05-23_SK증권_산업,2,142,N,P3,정량키워드,시장,EV|ESS,,JV,,글로벌|미국,수요,,%,수주·계약,11,대기
inbox,SK증권_전자장비와기기_배터리 패러다임의 변화 (feat. IT 탐방왕이 바라본 2차전지)_20230523.pdf,2023-05-23_SK증권_산업,6,142,N,P2,정량키워드,시장,EV,삼성SDI,,,,출하량|성장률,출하량,%,,11,대기
inbox,SK증권_전자장비와기기_배터리 패러다임의 변화 (feat. IT 탐방왕이 바라본 2차전지)_20230523.pdf,2023-05-23_SK증권_산업,23,142,N,P2,정량키워드,시장,EV,삼성SDI,,,,판매량|출하량|침투율|성장률,판매량|출하량,%,,11,대기
inbox,SK증권_전자장비와기기_배터리 패러다임의 변화 (feat. IT 탐방왕이 바라본 2차전지)_20230523.pdf,2023-05-23_SK증권_산업,24,142,N,P2,정량키워드,시장,EV,CATL|BYD,,,미국|중국|한국,성장률,,%,,11,대기
inbox,SK증권_전자장비와기기_배터리 패러다임의 변화 (feat. IT 탐방왕이 바라본 2차전지)_20230523.pdf,2023-05-23_SK증권_산업,70,142,N,P2,정량키워드,시장,EV|ESS,,,,중국,출하량|생산능력|점유율|캐파|CAPA,출하량|생산능력|캐파|CAPA,%|GWH,수주·계약,11,대기
inbox,SK증권_전자장비와기기_배터리 패러다임의 변화 (feat. IT 탐방왕이 바라본 2차전지)_20230523.pdf,2023-05-23_SK증권_산업,83,142,N,P3,정량키워드,시장,EV|ESS,,JV,,,성장률,,%,수주·계약,11,대기
inbox,SK증권_전자장비와기기_배터리 패러다임의 변화 (feat. IT 탐방왕이 바라본 2차전지)_20230523.pdf,2023-05-23_SK증권_산업,133,142,N,P2,정량키워드,시장,EV,SK온,,,,성장률|YoY,,%,,11,대기
inbox,SK증권_전자장비와기기_배터리 패러다임의 변화 (feat. IT 탐방왕이 바라본 2차전지)_20230523.pdf,2023-05-23_SK증권_산업,137,142,N,P2,정량키워드,회사,,SK온,,,미국|유럽|중국|한국,YoY|캐파,캐파,%|GWH,,11,대기
inbox,SK증권_전자장비와기기_배터리 패러다임의 변화 (feat. IT 탐방왕이 바라본 2차전지)_20230523.pdf,2023-05-23_SK증권_산업,139,142,N,P2,정량키워드,시장,EV|ESS,SK온,,,미국|유럽|중국|한국,캐파,캐파,%,,11,대기
inbox,SK증권_전자제품_[2026년 연간전망] ESS 배터리의 빛과 그림자_20251124.pdf,2025-11-24_SK증권_산업,10,25,N,P2,정량키워드,시장,EV|ESS,,,,글로벌,판매량|출하량|수요|성장률,판매량|출하량,%|GWH|만대,,11,대기
inbox,SK증권_전자제품_[2026년 연간전망] ESS 배터리의 빛과 그림자_20251124.pdf,2025-11-24_SK증권_산업,11,25,N,P2,정량키워드,시장,EV,,,,북미|미국|한국,출하량|수요|성장률|YoY,출하량,%|대,,11,대기
inbox,SK증권_전자제품_[2026년 연간전망] ESS 배터리의 빛과 그림자_20251124.pdf,2025-11-24_SK증권_산업,15,25,N,P2,정량키워드,시장,EV|ESS,,,,글로벌|미국,수요|점유율|성장률|YoY,,%|GWH,,11,대기
inbox,SK증권_전자제품_[2026년 연간전망] ESS 배터리의 빛과 그림자_20251124.pdf,2025-11-24_SK증권_산업,17,25,N,P2,정량키워드,시장,EV|ESS,,,,북미|미국|중국|한국,수요|점유율|캐파,캐파,%|GWH,,11,대기
inbox,SK증권_전자제품_[2026년 연간전망] ESS 배터리의 빛과 그림자_20251124.pdf,2025-11-24_SK증권_산업,18,25,N,P2,정량키워드,시장,EV,CATL|BYD,,,글로벌|중국|한국,용량|점유율,,%,,11,대기
inbox,SK증권_전자제품_[2026년 연간전망] ESS 배터리의 빛과 그림자_20251124.pdf,2025-11-24_SK증권_산업,23,25,N,P2,정량키워드,시장,EV|ESS,Panasonic,,,글로벌|중국|한국,수요|캐파,캐파,%,,11,대기
inbox,iM증권_LG에너지솔루션_1Q26 저점으로 ESS 중심 실적 회복세 전망_20260408.pdf,2026-04-08_iM증권_LGES,2,6,N,P2,정량키워드,시장,EV|ESS,LG에너지솔루션,JV,,,YoY,,%,,11,대기
inbox,iM증권_LG에너지솔루션_1Q26 저점으로 ESS 중심 실적 회복세 전망_20260408.pdf,2026-04-08_iM증권_LGES,3,6,N,P2,정량키워드,시장·회사,EV|ESS,LG에너지솔루션,,,,출하량|YoY,출하량,GWH,,11,대기
inbox,iM증권_LG에너지솔루션_ESS 수주가 다 찼다_20260511.pdf,2026-05-11_iM증권_LGES,2,6,N,P2,정량키워드,시장,EV|ESS,LG에너지솔루션,JV,,,YoY,,%,,11,대기
inbox,iM증권_LG에너지솔루션_ESS 수주가 다 찼다_20260511.pdf,2026-05-11_iM증권_LGES,3,6,N,P2,정량키워드,시장·회사,EV|ESS,LG에너지솔루션,,,,출하량|YoY,출하량,GWH,,11,대기
inbox,iM증권_LG에너지솔루션_ESS의 가파른 성장세 본격화_20260630.pdf,2026-06-30_iM증권_LGES,2,7,N,P2,정량키워드,시장,EV|ESS,LG에너지솔루션,JV,,,YoY,,%,,11,대기
inbox,iM증권_LG에너지솔루션_하반기에도 ESS 중심 실적 개선세 지속_20260731.pdf,2026-07-31_iM증권_LGES,2,6,N,P2,정량키워드,시장,EV|ESS,LG에너지솔루션,JV,,,YoY,,%,,11,대기
inbox,iM증권_SK이노베이션_전 사업부에서 누리는 고유가 + ESS 확대 기회_20260511.pdf,2026-05-11_iM증권_SK온,3,9,N,P2,정량키워드,시장·회사,ESS,SK온,,,,판매량,판매량,%|GW,,11,대기
inbox,iM증권_전자장비와기기_미국 ESS 산업 구조 변화의 시작(한국 배터리 산업의 제2의 서막)_20250725.pdf,2025-07-25_iM증권_산업,11,20,N,P2,정량키워드,시장,EV|ESS,,,데이터센터,미국|중국|한국,수요|점유율,,%,,11,대기
inbox,iM증권_전자장비와기기_미국 ESS 산업 구조 변화의 시작(한국 배터리 산업의 제2의 서막)_20250725.pdf,2025-07-25_iM증권_산업,18,20,N,P2,정량키워드,시장,EV|ESS,LG에너지솔루션|삼성SDI,,,북미|미국|유럽|한국,수요,,대,,11,대기
inbox,다올투자증권_전자장비와기기_AI가 쏘아올린 ESS 시장의 개화와 한국의 배터리_20251119.pdf,2025-11-19_다올투자증권_산업,5,45,N,P2,정량키워드,시장,EV|ESS,,,,미국,판매량|생산능력|수요|용량|YoY,판매량|생산능력,%|GWH|TWH|만대,,11,대기
inbox,다올투자증권_전자장비와기기_AI가 쏘아올린 ESS 시장의 개화와 한국의 배터리_20251119.pdf,2025-11-19_다올투자증권_산업,40,45,N,P2,정량키워드,시장,EV|ESS,,,데이터센터|Grid/Utility,미국|중국,판매량|출하량|수요|YoY,판매량|출하량,%,수주·계약,11,대기
inbox,대신증권_전자장비와기기_K배터리 목표시총 400조_20230706.pdf,2023-07-06_대신증권_산업,4,120,N,P2,정량키워드,시장,EV,CATL|Tesla,,,중국,용량,,%|대,,11,대기
inbox,대신증권_전자장비와기기_K배터리 목표시총 400조_20230706.pdf,2023-07-06_대신증권_산업,16,120,N,P2,정량키워드,시장,EV,LG에너지솔루션|CATL|BYD|Tesla,,,중국,용량,,%|대,,11,대기
inbox,대신증권_전자장비와기기_K배터리 목표시총 400조_20230706.pdf,2023-07-06_대신증권_산업,55,120,N,P2,정량키워드,시장,EV|ESS,LG에너지솔루션|Tesla,,,유럽|중국,판매량,판매량,%,,11,대기
inbox,대신증권_전자장비와기기_K배터리 목표시총 400조_20230706.pdf,2023-07-06_대신증권_산업,57,120,N,P2,정량키워드,회사,,,JV,,미국,판매량|캐파,판매량|캐파,%|GWH,,11,채택
inbox,대신증권_전자장비와기기_K배터리 목표시총 400조_20230706.pdf,2023-07-06_대신증권_산업,71,120,N,P2,정량키워드,시장,EV,,,,글로벌|북미|미국|유럽|중국,판매량|출하량|침투율|YoY|캐파,판매량|출하량|캐파,%|GWH,수주·계약,11,대기
inbox,대신증권_전자장비와기기_K배터리 목표시총 400조_20230706.pdf,2023-07-06_대신증권_산업,77,120,N,P2,정량키워드,시장,EV|ESS,,,,글로벌|북미|미국|유럽|중국,판매량|출하량|침투율|YoY|캐파,판매량|출하량|캐파,%|GWH,수주·계약,11,대기
inbox,대신증권_전자장비와기기_K배터리 목표시총 400조_20230706.pdf,2023-07-06_대신증권_산업,89,120,N,P2,정량키워드,시장,EV,,,,글로벌|북미|미국|유럽|중국,판매량|출하량|침투율|YoY|캐파,판매량|출하량|캐파,%|GWH,수주·계약,11,대기
inbox,대신증권_전자장비와기기_K배터리 목표시총 400조_20230706.pdf,2023-07-06_대신증권_산업,96,120,N,P2,정량키워드,시장,EV,,,,글로벌|북미|미국|유럽|중국,판매량|출하량|침투율|YoY|캐파,판매량|출하량|캐파,%|GWH,수주·계약,11,대기
inbox,대신증권_전자장비와기기_K배터리 목표시총 400조_20230706.pdf,2023-07-06_대신증권_산업,102,120,N,P2,정량키워드,시장,EV,,,,글로벌|북미|미국|유럽|중국,판매량|출하량|침투율|YoY|캐파,판매량|출하량|캐파,%|GWH,수주·계약,11,대기
inbox,대신증권_전자장비와기기_K배터리 목표시총 400조_20230706.pdf,2023-07-06_대신증권_산업,108,120,N,P2,정량키워드,시장,EV,,,,글로벌|미국|유럽|중국,판매량|출하량|침투율|YoY|캐파,판매량|출하량|캐파,%|GWH,수주·계약,11,대기
inbox,대신증권_전자장비와기기_K배터리 목표시총 400조_20230706.pdf,2023-07-06_대신증권_산업,115,120,N,P2,정량키워드,시장,EV,,,,글로벌|미국|유럽|중국,판매량|출하량|침투율|YoY|캐파,판매량|출하량|캐파,%|GWH,수주·계약,11,대기
inbox,메리츠증권_SK이노베이션_1Q26 Review 예상치 상회_20260514.pdf,2026-05-14_메리츠증권_SK온,1,6,N,P2,정량키워드,시장,EV|ESS,SK온,,,유럽|중국|한국,판매량,판매량,%,수주·계약,11,대기
inbox,버핏연구소_삼성SDI_이차전지 최악 업황 지나고 ESS 쑥쑥_20260521.pdf,2026-05-21_버핏연구소_삼성SDI,2,9,N,P2,정량키워드,시장,EV|ESS,삼성SDI|CATL|BYD,,,유럽|중국|한국,CAPA,CAPA,%,수주·계약,11,대기
inbox,"삼성증권_자동차_Beyond Chasm 로봇의 심장, 배터리_20250321.pdf",2025-03-21_삼성증권_산업,7,79,N,P2,정량키워드,시장,EV,,,,한국,생산량|생산능력,생산량|생산능력,%|백만대,,11,대기
inbox,"삼성증권_자동차_Beyond Chasm 로봇의 심장, 배터리_20250321.pdf",2025-03-21_삼성증권_산업,19,79,N,P2,정량키워드,시장,EV,Tesla,,,한국,용량,,대,,11,대기
inbox,"삼성증권_자동차_Beyond Chasm 로봇의 심장, 배터리_20250321.pdf",2025-03-21_삼성증권_산업,23,79,N,P2,정량키워드,시장,EV,Tesla,,,한국,용량,,%,,11,대기
inbox,"삼성증권_자동차_Beyond Chasm 로봇의 심장, 배터리_20250321.pdf",2025-03-21_삼성증권_산업,36,79,N,P2,정량키워드,시장,EV,LG에너지솔루션|Tesla,,,미국|한국,용량,,%,,11,대기
inbox,"삼성증권_자동차_Beyond Chasm 로봇의 심장, 배터리_20250321.pdf",2025-03-21_삼성증권_산업,39,79,N,P2,정량키워드,회사,,LG에너지솔루션,JV,,미국|한국,생산능력,생산능력,%|GW,,11,대기
inbox,"삼성증권_자동차_Beyond Chasm 로봇의 심장, 배터리_20250321.pdf",2025-03-21_삼성증권_산업,42,79,N,P2,정량키워드,시장,EV,삼성SDI|Northvolt,,,글로벌|북미|미국|유럽|한국,수요,,%,,11,대기
inbox,"삼성증권_자동차_Beyond Chasm 로봇의 심장, 배터리_20250321.pdf",2025-03-21_삼성증권_산업,65,79,N,P3,정량키워드,시장,EV,,,통신 등 기타,북미|미국|유럽|한국,수요|YoY,,%,수주·계약,11,대기
inbox,삼성증권_전자장비와기기_2차전지 산업 분석 11편 - AI 데이터센터와 배터리_20251023.pdf,2025-10-23_삼성증권_산업,3,39,N,P2,정량키워드,시장,EV,,,데이터센터|상업·산업용(C&I),미국|한국,수요,,%|TWH,,11,대기
inbox,삼성증권_전자장비와기기_2차전지 산업 분석 11편 - AI 데이터센터와 배터리_20251023.pdf,2025-10-23_삼성증권_산업,10,39,N,P2,정량키워드,시장,ESS,,,데이터센터|Grid/Utility|상업·산업용(C&I)|BESS,미국|한국,수요,,%|GW|MW,,11,대기
inbox,"상상인증권_삼성SDI_북미ESS 성장 반영, 중장기 이익전망 상향_20260407.pdf",2026-04-07_상상인증권_삼성SDI,2,6,N,P2,정량키워드,시장,EV,LG에너지솔루션|삼성SDI|SK온|CATL,,,미국|유럽|중국,판매대수|YoY,,GWH,,11,대기
inbox,상상인증권_자동차_2025년 연간 전망 완성차와 배터리에 기대할 수 있는 것_20241021.pdf,2024-10-21_상상인증권_산업,12,74,N,P2,정량키워드,시장,EV,,,,글로벌|북미|중국,판매대수|YoY,,%|만대,,11,대기
inbox,상상인증권_자동차_2025년 연간 전망 완성차와 배터리에 기대할 수 있는 것_20241021.pdf,2024-10-21_상상인증권_산업,14,74,N,P2,정량키워드,시장,EV,LG에너지솔루션|BYD|Tesla,,,글로벌|중국,점유율,,%,,11,대기
inbox,상상인증권_자동차_2025년 연간 전망 완성차와 배터리에 기대할 수 있는 것_20241021.pdf,2024-10-21_상상인증권_산업,21,74,N,P2,정량키워드,시장,EV,,,,미국|중국,판매대수|수요|YoY,,GWH|만대,,11,대기
inbox,상상인증권_자동차_2025년 연간 전망 완성차와 배터리에 기대할 수 있는 것_20241021.pdf,2024-10-21_상상인증권_산업,23,74,N,P2,정량키워드,시장,EV,,,,중국,판매대수|성장률|YoY,,%|만대,,11,대기
inbox,상상인증권_자동차_2025년 연간 전망 완성차와 배터리에 기대할 수 있는 것_20241021.pdf,2024-10-21_상상인증권_산업,25,74,N,P2,정량키워드,시장,EV,CATL,,,글로벌|북미|유럽|중국,수요|점유율,,%,,11,대기
inbox,상상인증권_자동차_2025년 연간 전망 완성차와 배터리에 기대할 수 있는 것_20241021.pdf,2024-10-21_상상인증권_산업,40,74,N,P2,정량키워드,시장,EV,,,,북미|유럽,판매대수|생산능력|YoY,생산능력,%|만대,,11,대기
inbox,상상인증권_자동차_2025년 연간 전망 완성차와 배터리에 기대할 수 있는 것_20241021.pdf,2024-10-21_상상인증권_산업,53,74,N,P2,정량키워드,시장,EV,,,,글로벌|북미|한국,판매량|YoY,판매량,%|대,,11,대기
inbox,신영증권_LG에너지솔루션_단기 눈높이는 낮춰도 방향성은 불변_20260731.pdf,2026-07-31_신영증권_LGES,2,5,N,P2,정량키워드,시장,EV|ESS,LG에너지솔루션|CATL,,,글로벌,YoY,,%,,11,대기
inbox,신영증권_SK이노베이션_모두 다 좋아지고 있다_20260731.pdf,2026-07-31_신영증권_SK온,1,5,N,P2,정량키워드,시장,EV,SK온,,,,수요|YoY,,%,,11,대기
inbox,유안타증권_LG에너지솔루션_불확실성 해소된 현 시점 투자매력도 높음_20260506.pdf,2026-05-06_유안타증권_LGES,2,3,N,P2,정량키워드,시장,EV|ESS,,,BESS,북미,성장률|YoY,,%,,11,대기
inbox,유안타증권_SK이노베이션_국민 에너지 기업으로 재평가 되어야…_20260522.pdf,2026-05-22_유안타증권_SK온,2,8,N,P2,정량키워드,회사,,SK온,,,미국|중국|한국,용량|캐파,캐파,%|GW,,11,대기
inbox,유안타증권_SK이노베이션_국민 에너지 기업으로 재평가 되어야…_20260522.pdf,2026-05-22_유안타증권_SK온,4,8,N,P2,정량키워드,회사,,SK온,,,미국|중국|한국,생산량|용량|캐파,생산량|캐파,%|GW,,11,대기
inbox,유진투자증권_LG에너지솔루션_ESS + 4680이 견인하는 실적_20260506.pdf,2026-05-06_유진투자증권_LGES,2,11,N,P2,정량키워드,시장,EV|ESS,,,,글로벌|북미|유럽,수요|CAPA,CAPA,%|GWH,수주·계약,11,대기
inbox,"유진투자증권_복합유틸리티_산업재 D(ata)PT - 「나트륨이온배터리, 게임체인저가 될 것인가」_20240520.pdf",2024-05-20_유진투자증권_산업,39,102,N,P2,정량키워드,시장,EV,LG에너지솔루션,,,,수요|YoY,,%,,11,대기
inbox,유진투자증권_전자장비와기기_2026 연간전망 2026년 희망의 K배터리 밸류체인_20251124.pdf,2025-11-24_유진투자증권_산업,16,73,N,P2,정량키워드,시장,ESS,,,BESS,중국,용량,,%|MW,,11,대기
inbox,유진투자증권_전자장비와기기_2H26 OUTLOOK 화려한 배터리 테마주 장세 시작_20260517.pdf,2026-05-17_유진투자증권_산업,67,101,N,P2,정량키워드,시장,EV|ESS,,,데이터센터|통신 등 기타|BESS,글로벌,판매량|수요|캐파,판매량|캐파,%,,11,대기
inbox,유진투자증권_전자장비와기기_2H26 OUTLOOK 화려한 배터리 테마주 장세 시작_20260517.pdf,2026-05-17_유진투자증권_산업,75,101,N,P2,정량키워드,시장,EV|ESS,,,BESS,글로벌|미국|유럽|중국,수요|캐파,캐파,%,,11,대기
inbox,유진투자증권_전자장비와기기_배터리 2024 OUTLOOK TREND SETTER_20231121.pdf,2023-11-21_유진투자증권_산업,5,71,N,P2,정량키워드,시장,EV,SK온|CATL|Tesla,,,중국,용량,,%,,11,대기
inbox,"키움증권_LG에너지솔루션_1Q26 잠정 실적 리뷰 컨센서스 대비 매출은 상회, 영업이익은 하회_20260408.pdf",2026-04-08_키움증권_LGES,2,3,N,P3,정량키워드,시장,EV,LG에너지솔루션,,,미국,YoY,,%,수주·계약,11,대기
inbox,키움증권_LG에너지솔루션_북미 ESS CAPA 역량에 주목할 필요_20260504.pdf,2026-05-04_키움증권_LGES,2,7,N,P3,정량키워드,시장,EV|ESS,LG에너지솔루션|CATL,,,유럽,YoY,,%,수주·계약,11,대기
inbox,"키움증권_삼성SDI_분기 흑자전환 달성, 실적 개선 속도는 점검 필요_20260731.pdf",2026-07-31_키움증권_삼성SDI,4,8,N,P2,정량키워드,시장,EV,삼성SDI|CATL|BYD|CALB,,,유럽|중국|한국,점유율,,%,,11,대기
inbox,"하나증권_전자장비와기기_Weekly 이배속  ESS 성장 지속, 기대감 없는 EV의 반등_20260406.pdf",2026-04-06_하나증권_산업,8,29,N,P2,정량키워드,시장,ESS,,,Grid/Utility,글로벌|미국|유럽|중국,설치량|YoY,,GWH,,11,대기
inbox,하나증권_전자장비와기기_배터리 징비록_20250516.pdf,2025-05-16_하나증권_산업,16,57,N,P2,정량키워드,시장,EV,,,,미국,수요|침투율,,%|GWH,,11,대기
inbox,하나증권_전자장비와기기_배터리 징비록_20250516.pdf,2025-05-16_하나증권_산업,17,57,N,P2,정량키워드,시장,EV,,,,유럽,수요|침투율,,%|GWH,,11,대기
inbox,하나증권_전자장비와기기_배터리 징비록_20250516.pdf,2025-05-16_하나증권_산업,18,57,N,P2,정량키워드,회사,,LG에너지솔루션,,,글로벌,수요|CAPA,CAPA,%|GWH,,11,대기
inbox,하나증권_전자장비와기기_배터리 징비록_20250516.pdf,2025-05-16_하나증권_산업,36,57,N,P2,정량키워드,시장·회사,EV,LG에너지솔루션,,,북미|유럽|한국,수요|침투율|CAPA,CAPA,GWH,,11,대기
inbox,하나증권_전자장비와기기_배터리 징비록_20250516.pdf,2025-05-16_하나증권_산업,40,57,N,P2,정량키워드,시장·회사,EV,LG에너지솔루션,,,북미|유럽|한국,수요|침투율|CAPA,CAPA,GWH,,11,대기
inbox,하나증권_전자장비와기기_배터리 징비록_20250516.pdf,2025-05-16_하나증권_산업,53,57,N,P2,정량키워드,시장,EV,,,,글로벌|미국|유럽|중국|한국,수요|침투율|점유율,,%|GWH,,11,대기
inbox,하나증권_전자장비와기기_인터배터리가 투자자에게 주는 함의_20260316.pdf,2026-03-16_하나증권_산업,12,53,N,P2,정량키워드,시장,ESS,삼성SDI,,데이터센터,,수요,,GWH,,11,대기
inbox,"한화투자증권_SK이노베이션_에너지 안보 시대, 전통에너지 가치 재평가_20260514.pdf",2026-05-14_한화투자증권_SK온,1,6,N,P2,정량키워드,시장,EV,SK온,,,글로벌|북미|유럽|중국,출하량,출하량,%,,11,대기
inbox,"현대차증권_LG에너지솔루션_아쉬운 1분기. 하지만, 방향성은 유효_20260504.pdf",2026-05-04_현대차증권_LGES,2,7,N,P2,정량키워드,시장,EV,LG에너지솔루션,,,,YoY,,%|대,,11,대기
inbox,흥국증권_전자장비와기기_2025년 미리보기 전열 재정비(ft.4680 배터리 로드맵)_20250203.pdf,2025-02-03_흥국증권_산업,14,46,N,P2,정량키워드,회사,,LG에너지솔루션|Tesla,,,미국|유럽|중국,판매량|생산량|수요|용량,판매량|생산량,%|GWH,,11,대기
inbox,흥국증권_전자장비와기기_2025년 미리보기 전열 재정비(ft.4680 배터리 로드맵)_20250203.pdf,2025-02-03_흥국증권_산업,18,46,N,P2,정량키워드,회사,,Tesla,,,미국,생산량|생산능력|수요|CAPA,생산량|생산능력|CAPA,%|GWH|만대,,11,대기
actuals,2025.4Q_IR_Final_Kr.pdf,삼성SDI,5,9,N,P2,정량키워드,시장,EV|ESS,,,,글로벌|중국,CAPA,CAPA,%|GWH,수주·계약,10,대기
actuals,25_1Q_Script.pdf,,13,17,N,P2,정량키워드,시장,ESS,,,데이터센터|Grid/Utility,미국|중국,수요|용량|캐파,캐파,%,수주·계약,10,대기
actuals,25_2Q_Script.pdf,,9,23,N,P2,정량키워드,시장,EV|ESS,,,Grid/Utility,북미|중국,수요|CAPA,CAPA,GWH,,10,대기
actuals,25_2Q_Script.pdf,,14,23,N,P3,정량키워드,시장,ESS,,,Grid/Utility,북미,수요,,%|GWH,수주·계약,10,대기
actuals,25_2Q_Script.pdf,,19,23,N,P2,정량키워드,시장,EV|ESS,,,Grid/Utility,북미|미국,수요|용량|점유율|CAPA,CAPA,GWH,,10,대기
actuals,25_3Q_Script.pdf,,2,22,N,P2,정량키워드,시장,EV|ESS,,,Grid/Utility,북미|미국|유럽,판매량|출하량|수요|CAPA,판매량|출하량|CAPA,%,,10,대기
actuals,25_3Q_Script.pdf,,6,22,N,P2,정량키워드,시장,EV,,,,북미|미국|유럽,수요|침투율,,%,,10,대기
actuals,25_4Q_LGES_business_performance_F_KR.pdf,LGES,12,17,N,P3,정량키워드,시장,EV|ESS,,,,북미,수요|YoY,,%,수주·계약,10,대기
actuals,25_4Q_Script.pdf,,3,18,N,P2,정량키워드,시장,EV|ESS,,,,북미|미국|유럽|중국,판매량|출하량,판매량|출하량,%|GWH,수주·계약,10,대기
actuals,25_4Q_Script.pdf,,5,18,N,P3,정량키워드,시장,EV|ESS,,,데이터센터|Grid/Utility|UPS,북미|미국,수요,,%|GWH,수주·계약,10,대기
actuals,25_4Q_Script.pdf,,10,18,N,P2,정량키워드,시장,EV|ESS,,,데이터센터|Grid/Utility,북미,수요|CAPA,CAPA,%,,10,대기
actuals,26_1Q_Script.pdf,2026_1Q_LGES,8,14,N,P2,정량키워드,시장,EV|ESS,,,,글로벌|북미|유럽,수요|CAPA,CAPA,%|GWH,수주·계약,10,대기
actuals,26_2Q_LGES_business_performance_F_KR.pdf,2026_2Q_LGES,11,16,N,P2,정량키워드,시장,EV|ESS,,,데이터센터,북미|유럽,수요|CAPA,CAPA,%,수주·계약,10,대기
actuals,SK이노베이션_실적발표_1Q25 국문_F.pdf,SK온|SK이노베이션,13,19,N,P2,정량키워드,시장,EV,SK온,,,글로벌|북미|미국,판매량,판매량,%,,10,대기
actuals,SK이노베이션_실적발표_2Q25 국문_F.pdf,SK온|SK이노베이션,14,19,N,P2,정량키워드,시장,EV|ESS,SK온,,,북미,판매량,판매량,%,,10,대기
actuals,SK이노베이션_실적발표_2Q25 국문_F.pdf,SK온|SK이노베이션,18,19,N,P1,정량키워드,회사,,,JV,,북미|미국|유럽|중국|한국,생산능력,생산능력,GWH,,10,채택
actuals,SK이노베이션_실적발표_3Q25 국문.pdf,SK온|SK이노베이션,18,19,N,P1,정량키워드,회사,,,JV,,북미|미국|유럽|중국|한국,생산능력,생산능력,GWH,,10,채택
actuals,SK이노베이션_실적발표_4Q25 국문 (1).pdf,SK온|SK이노베이션,7,22,N,P2,정량키워드,시장,ESS,SK온,,,글로벌|미국,수요,,GW,,10,대기
actuals,SK이노베이션_실적발표_4Q25 국문 (1).pdf,SK온|SK이노베이션,16,22,N,P2,정량키워드,시장,EV|ESS,SK온,,,북미|유럽,판매량,판매량,%,,10,대기
actuals,SK이노베이션_실적발표_4Q25 국문 (1).pdf,SK온|SK이노베이션,21,22,N,P1,정량키워드,회사,,,JV,,북미|미국|유럽|중국|한국,생산능력,생산능력,GWH,,10,채택
inbox,DB증권_LG에너지솔루션_1Q26 잠정실적 AMPC가 매출로_20260408.pdf,2026-04-08_DB증권_LGES,2,3,N,P2,정량키워드,시장,EV|ESS,LG에너지솔루션,,,,YoY,,%,,10,대기
inbox,DB증권_LG에너지솔루션_1Q26 잠정실적 AMPC가 매출로_20260408.pdf,2026-04-08_DB증권_LGES,3,3,N,P2,정량키워드,시장,EV,LG에너지솔루션,,,,YoY,,%,,10,대기
inbox,DB증권_LG에너지솔루션_원통형 전지 활약에 주목_20260504.pdf,2026-05-04_DB증권_LGES,2,4,N,P2,정량키워드,시장,EV|ESS,LG에너지솔루션,,,,YoY,,%,,10,대기
inbox,DB증권_LG에너지솔루션_원통형 전지 활약에 주목_20260504.pdf,2026-05-04_DB증권_LGES,4,4,N,P2,정량키워드,시장,EV,LG에너지솔루션,,,,YoY,,%,,10,대기
inbox,DB증권_LG에너지솔루션_하반기 수주 모멘텀 집중으로 섹터 대장 확인_20260731.pdf,2026-07-31_DB증권_LGES,2,3,N,P2,정량키워드,시장,EV|ESS,LG에너지솔루션,,,,YoY,,%,,10,대기
inbox,DB증권_LG에너지솔루션_하반기 수주 모멘텀 집중으로 섹터 대장 확인_20260731.pdf,2026-07-31_DB증권_LGES,3,3,N,P2,정량키워드,시장,EV,LG에너지솔루션,,,,YoY,,%,,10,대기
inbox,DB증권_SK이노베이션_실적 추가 상향 대비_20260731.pdf,2026-07-31_DB증권_SK온,3,3,N,P2,정량키워드,시장,EV,SK온,,,,YoY,,%,,10,대기
inbox,DB증권_삼성SDI_1Q26 컨센서스 상회 전망_20260401.pdf,2026-04-01_DB증권_삼성SDI,2,4,N,P2,정량키워드,시장,EV|ESS,삼성SDI,,,,YoY,,%,,10,대기
inbox,DB증권_삼성SDI_1Q26 컨센서스 상회 전망_20260401.pdf,2026-04-01_DB증권_삼성SDI,4,4,N,P2,정량키워드,시장,EV,삼성SDI,,,,YoY,,%,,10,대기
inbox,"DB증권_삼성SDI_하반기 흑자 지속, ESS 증설 가능성_20260731.pdf",2026-07-31_DB증권_삼성SDI,2,4,N,P2,정량키워드,시장,EV|ESS,삼성SDI,,,,YoY,,%,,10,대기
inbox,"DB증권_삼성SDI_하반기 흑자 지속, ESS 증설 가능성_20260731.pdf",2026-07-31_DB증권_삼성SDI,4,4,N,P2,정량키워드,시장,EV,삼성SDI,,,,YoY,,%,,10,대기
inbox,IBK투자증권_LG에너지솔루션_90 - 20 = 70_20260731.pdf,2026-07-31_IBK투자증권_LGES,2,6,N,P2,정량키워드,시장,EV|ESS,LG에너지솔루션,,,,YoY,,%,,10,대기
inbox,IBK투자증권_LG에너지솔루션_매 분기 성장 예정_20260504.pdf,2026-05-04_IBK투자증권_LGES,2,6,N,P2,정량키워드,시장,EV|ESS,LG에너지솔루션,,,,YoY,,%,,10,대기
inbox,IBK투자증권_SK이노베이션_공급 충격의 누적이 시작됐다_20260504.pdf,2026-05-04_IBK투자증권_SK온,2,4,N,P2,정량키워드,회사,,SK온,,,미국|유럽|중국|한국,생산능력,생산능력,%|GWH,,10,대기
inbox,IBK투자증권_SK이노베이션_윤활기유가 이끈 어닝 서프라이즈_20260731.pdf,2026-07-31_IBK투자증권_SK온,1,4,N,P2,정량키워드,시장,EV,SK온,,,,수요,,%,,10,대기
inbox,IBK투자증권_삼성SDI_ESS가 좋은 날_20260731.pdf,2026-07-31_IBK투자증권_삼성SDI,2,5,N,P2,정량키워드,시장,EV|ESS,삼성SDI,,,,YoY,,%,,10,대기
inbox,IBK투자증권_삼성SDI_이제 호재가 터질 시기_20260402.pdf,2026-04-02_IBK투자증권_삼성SDI,2,5,N,P2,정량키워드,시장,EV|ESS,삼성SDI,,,,YoY,,%,,10,대기
inbox,IBK투자증권_전자장비와기기_배터리 World War_20230912.pdf,2023-09-12_IBK투자증권_산업,5,136,N,P2,정량키워드,회사,,LG에너지솔루션|SK온|CATL|Panasonic|Tesla,,,글로벌|중국,출하량|YoY,출하량,%|GWH|MWH,,10,대기
inbox,IBK투자증권_전자장비와기기_배터리 World War_20230912.pdf,2023-09-12_IBK투자증권_산업,10,136,N,P2,정량키워드,시장,EV,,,,글로벌|미국|유럽|중국,판매량|성장률|YoY,판매량,%|만대,,10,대기
inbox,IBK투자증권_전자장비와기기_배터리 World War_20230912.pdf,2023-09-12_IBK투자증권_산업,17,136,N,P2,정량키워드,시장,EV,,,,글로벌|미국|유럽|중국,판매량|출하량|성장률|YoY,판매량|출하량,%|GWH|대,,10,대기
inbox,IBK투자증권_전자장비와기기_배터리 World War_20230912.pdf,2023-09-12_IBK투자증권_산업,20,136,N,P2,정량키워드,회사,,LG에너지솔루션|SK온|CATL|Panasonic,,,글로벌|중국,출하량|점유율,출하량,%|GWH,,10,대기
inbox,IBK투자증권_전자장비와기기_배터리 World War_20230912.pdf,2023-09-12_IBK투자증권_산업,21,136,N,P2,정량키워드,회사,,LG에너지솔루션|Tesla,,,글로벌|중국,출하량|YoY,출하량,%|GWH|MWH,,10,대기
inbox,IBK투자증권_전자장비와기기_배터리 World War_20230912.pdf,2023-09-12_IBK투자증권_산업,31,136,N,P2,정량키워드,시장,EV,LG에너지솔루션|SK온|CATL|Panasonic|Tesla,,,글로벌|중국,YoY,,%,,10,대기
inbox,IBK투자증권_전자장비와기기_배터리 World War_20230912.pdf,2023-09-12_IBK투자증권_산업,32,136,N,P2,정량키워드,시장,EV,LG에너지솔루션|SK온|CATL,,,글로벌|중국,YoY,,%,,10,대기
inbox,IBK투자증권_전자장비와기기_배터리 World War_20230912.pdf,2023-09-12_IBK투자증권_산업,33,136,N,P2,정량키워드,시장,EV,LG에너지솔루션|SK온|CATL|Panasonic,,,글로벌|중국,YoY,,%,,10,대기
inbox,IBK투자증권_전자장비와기기_배터리 World War_20230912.pdf,2023-09-12_IBK투자증권_산업,35,136,N,P2,정량키워드,회사,,LG에너지솔루션|SK온|CATL|Panasonic,,,유럽,출하량|점유율,출하량,%|GWH,,10,대기
inbox,IBK투자증권_전자장비와기기_배터리 World War_20230912.pdf,2023-09-12_IBK투자증권_산업,36,136,N,P2,정량키워드,회사,,LG에너지솔루션|Tesla,,,유럽,판매량|출하량|YoY,판매량|출하량,%|GWH|MWH,,10,대기
inbox,IBK투자증권_전자장비와기기_배터리 World War_20230912.pdf,2023-09-12_IBK투자증권_산업,45,136,N,P2,정량키워드,시장,EV,,,,유럽,판매량|출하량,판매량|출하량,%|MWH,,10,대기
inbox,IBK투자증권_전자장비와기기_배터리 World War_20230912.pdf,2023-09-12_IBK투자증권_산업,46,136,N,P2,정량키워드,시장,EV,LG에너지솔루션|SK온|CATL|Panasonic|Tesla,,,유럽,YoY,,%,,10,대기
inbox,IBK투자증권_전자장비와기기_배터리 World War_20230912.pdf,2023-09-12_IBK투자증권_산업,47,136,N,P2,정량키워드,시장,EV,LG에너지솔루션|SK온|CATL,,,유럽,YoY,,%,,10,대기
inbox,IBK투자증권_전자장비와기기_배터리 World War_20230912.pdf,2023-09-12_IBK투자증권_산업,49,136,N,P2,정량키워드,회사,,LG에너지솔루션|SK온|CATL|Panasonic|Tesla,,,북미,출하량|점유율,출하량,%|MWH,,10,대기
inbox,IBK투자증권_전자장비와기기_배터리 World War_20230912.pdf,2023-09-12_IBK투자증권_산업,57,136,N,P2,정량키워드,시장,EV,,,,북미,판매량|출하량|점유율,판매량|출하량,%|MWH,,10,대기
inbox,IBK투자증권_전자장비와기기_배터리 World War_20230912.pdf,2023-09-12_IBK투자증권_산업,60,136,N,P2,정량키워드,시장,EV,LG에너지솔루션|SK온|CATL|Panasonic|Tesla,,,북미,YoY,,%,,10,대기
inbox,IBK투자증권_전자장비와기기_배터리 World War_20230912.pdf,2023-09-12_IBK투자증권_산업,61,136,N,P2,정량키워드,시장,EV,LG에너지솔루션|SK온|CATL|Panasonic,,,북미,YoY,,%,,10,대기
inbox,IBK투자증권_전자장비와기기_배터리 World War_20230912.pdf,2023-09-12_IBK투자증권_산업,62,136,N,P2,정량키워드,시장,EV,LG에너지솔루션|SK온|CATL,,,북미,YoY,,%,,10,대기
inbox,IBK투자증권_전자장비와기기_배터리 World War_20230912.pdf,2023-09-12_IBK투자증권_산업,117,136,N,P2,정량키워드,시장,EV,,,,북미,출하량|수요|YoY|CAPA,출하량|CAPA,%,수주·계약,10,대기
inbox,IBK투자증권_전자장비와기기_배터리 World War_20230912.pdf,2023-09-12_IBK투자증권_산업,124,136,N,P2,정량키워드,시장,EV,,,,중국|한국,YoY|CAPA,CAPA,%,,10,대기
inbox,IBK투자증권_전자장비와기기_역대급 북미 배터리 설계사_20240226.pdf,2024-02-26_IBK투자증권_산업,24,116,N,P2,정량키워드,시장,EV,,,,북미,판매량|용량|CAPA,판매량|CAPA,%,,10,대기
inbox,IBK투자증권_전자장비와기기_역대급 북미 배터리 설계사_20240226.pdf,2024-02-26_IBK투자증권_산업,83,116,N,P2,정량키워드,시장,EV|ESS,LG에너지솔루션,,,,YoY,,%,,10,대기
inbox,IBK투자증권_전자장비와기기_역대급 북미 배터리 설계사_20240226.pdf,2024-02-26_IBK투자증권_산업,88,116,N,P2,정량키워드,시장,EV|ESS,삼성SDI,,,,YoY,,%,,10,대기
inbox,IBK투자증권_전자장비와기기_역대급 북미 배터리 설계사_20240226.pdf,2024-02-26_IBK투자증권_산업,97,116,N,P2,정량키워드,시장,EV|ESS,,,,북미|유럽,출하량|수요|YoY,출하량,%,,10,대기
inbox,LS증권_SK이노베이션_업데이트 노트_20260615.pdf,2026-06-15_LS증권_SK온,11,17,N,P2,정량키워드,회사,,SK온,JV,,글로벌|북미|미국|유럽|중국|한국,CAPA,CAPA,GWH,,10,대기
inbox,NH투자증권_LG에너지솔루션_1Q26 실적 저점 확인_20260408.pdf,2026-04-08_NH투자증권_LGES,3,9,N,P2,정량키워드,시장,EV,LG에너지솔루션,,,,용량,,%,,10,대기
inbox,NH투자증권_LG에너지솔루션_명확한 회복세_20260731.pdf,2026-07-31_NH투자증권_LGES,3,10,N,P2,정량키워드,시장,EV,LG에너지솔루션,,,,용량,,%,,10,대기
inbox,NH투자증권_LG에너지솔루션_명확한 회복세_20260731.pdf,2026-07-31_NH투자증권_LGES,8,10,N,P2,정량키워드,시장,EV,LG에너지솔루션,,,,성장률,,%,,10,대기
inbox,NH투자증권_LG에너지솔루션_점진적인 개선세_20260625.pdf,2026-06-25_NH투자증권_LGES,3,9,N,P2,정량키워드,시장,EV,LG에너지솔루션,,,,용량,,%,,10,대기
inbox,NH투자증권_LG에너지솔루션_점진적인 개선세_20260625.pdf,2026-06-25_NH투자증권_LGES,8,9,N,P2,정량키워드,시장,EV,LG에너지솔루션,,,,성장률,,%,,10,대기
inbox,NH투자증권_LG에너지솔루션_테슬라 유럽 판매 회복에 대비할 필요_20260323.pdf,2026-03-23_NH투자증권_LGES,3,9,N,P2,정량키워드,시장,EV,LG에너지솔루션,,,,용량,,%,,10,대기
inbox,NH투자증권_LG에너지솔루션_하반기부터 질적 개선_20260504.pdf,2026-05-04_NH투자증권_LGES,3,9,N,P2,정량키워드,시장,EV,LG에너지솔루션,,,,용량,,%,,10,대기
inbox,NH투자증권_삼성SDI_7분기만에 흑자전환 성공_20260731.pdf,2026-07-31_NH투자증권_삼성SDI,3,9,N,P2,정량키워드,시장,EV|ESS,삼성SDI,,,,용량,,%,,10,대기
inbox,NH투자증권_삼성SDI_7분기만에 흑자전환 성공_20260731.pdf,2026-07-31_NH투자증권_삼성SDI,7,9,N,P2,정량키워드,시장,EV,삼성SDI,,,,성장률,,%,,10,대기
inbox,NH투자증권_삼성SDI_릴레이 수주_20260625.pdf,2026-06-25_NH투자증권_삼성SDI,3,8,N,P2,정량키워드,시장,EV|ESS,삼성SDI,,,,용량,,%,,10,대기
inbox,NH투자증권_삼성SDI_릴레이 수주_20260625.pdf,2026-06-25_NH투자증권_삼성SDI,5,8,N,P2,정량키워드,시장,EV,삼성SDI,,,유럽,점유율,,%,,10,대기
inbox,NH투자증권_삼성SDI_적자폭 축소 기대_20260323.pdf,2026-03-23_NH투자증권_삼성SDI,3,8,N,P2,정량키워드,시장,EV|ESS,삼성SDI,,,,용량,,%,,10,대기
inbox,"SK증권_전자장비와기기_K-배터리, 네 가지 위기와 미래 승부수_20250610.pdf",2025-06-10_SK증권_산업,2,64,N,P2,정량키워드,회사,,LG에너지솔루션,,,한국,출하량|수요|캐파,출하량|캐파,GWH,,10,대기
inbox,"SK증권_전자장비와기기_K-배터리, 네 가지 위기와 미래 승부수_20250610.pdf",2025-06-10_SK증권_산업,17,64,N,P2,정량키워드,시장,EV,LG에너지솔루션|CATL|BYD,,,중국|한국,점유율,,%,,10,대기
inbox,"SK증권_전자장비와기기_K-배터리, 네 가지 위기와 미래 승부수_20250610.pdf",2025-06-10_SK증권_산업,33,64,N,P2,정량키워드,시장,EV,,,,중국|한국,판매량|출하량|점유율|성장률|YoY,판매량|출하량,%,,10,대기
inbox,"SK증권_전자장비와기기_K-배터리, 네 가지 위기와 미래 승부수_20250610.pdf",2025-06-10_SK증권_산업,34,64,N,P2,정량키워드,시장,EV|ESS,,,,,출하량|수요,출하량,%|GWH,,10,대기
inbox,SK증권_전자장비와기기_배터리 패러다임의 변화 (feat. IT 탐방왕이 바라본 2차전지)_20230523.pdf,2023-05-23_SK증권_산업,8,142,N,P2,정량키워드,시장,EV|ESS,LG에너지솔루션|삼성SDI|SK온,,,,CAPA,CAPA,%,,10,대기
inbox,SK증권_전자장비와기기_배터리 패러다임의 변화 (feat. IT 탐방왕이 바라본 2차전지)_20230523.pdf,2023-05-23_SK증권_산업,22,142,N,P2,정량키워드,시장,EV,,,,한국,출하량|침투율|성장률,출하량,%,,10,대기
inbox,SK증권_전자장비와기기_배터리 패러다임의 변화 (feat. IT 탐방왕이 바라본 2차전지)_20230523.pdf,2023-05-23_SK증권_산업,36,142,N,P2,정량키워드,회사,,LG에너지솔루션|삼성SDI|SK온,,,미국|중국,캐파,캐파,%|GWH,수주·계약,10,대기
inbox,SK증권_전자장비와기기_배터리 패러다임의 변화 (feat. IT 탐방왕이 바라본 2차전지)_20230523.pdf,2023-05-23_SK증권_산업,59,142,N,P2,정량키워드,시장,ESS,,,Grid/Utility,미국|유럽|중국|한국,용량,,%,,10,대기
inbox,SK증권_전자장비와기기_배터리 패러다임의 변화 (feat. IT 탐방왕이 바라본 2차전지)_20230523.pdf,2023-05-23_SK증권_산업,74,142,N,P2,정량키워드,시장,EV|ESS,,,,글로벌|미국|유럽|중국,출하량|점유율|성장률|YoY|캐파,출하량|캐파,%,,10,대기
inbox,SK증권_전자장비와기기_배터리 패러다임의 변화 (feat. IT 탐방왕이 바라본 2차전지)_20230523.pdf,2023-05-23_SK증권_산업,102,142,N,P2,정량키워드,시장,EV,,,,글로벌,수요|성장률|YoY|캐파|CAPA,캐파|CAPA,%,,10,대기
inbox,SK증권_전자장비와기기_배터리 패러다임의 변화 (feat. IT 탐방왕이 바라본 2차전지)_20230523.pdf,2023-05-23_SK증권_산업,117,142,N,P2,정량키워드,시장,EV,,,,북미|유럽,성장률|YoY|CAPA,CAPA,%,,10,대기
inbox,iM증권_삼성SDI_AIDC향 ESS의 중장기적인 성장성 확보_20260511.pdf,2026-05-11_iM증권_삼성SDI,2,6,N,P2,정량키워드,시장,ESS,삼성SDI,,,,YoY,,%,,10,대기
inbox,iM증권_삼성SDI_ESS로의 사업 전환 가속화 전망_20260731.pdf,2026-07-31_iM증권_삼성SDI,2,6,N,P2,정량키워드,시장,ESS,삼성SDI,,,,YoY,,%,,10,대기
inbox,"iM증권_삼성SDI_밸류에이션 부담 완화, 비중 확대 시점_20260630.pdf",2026-06-30_iM증권_삼성SDI,2,6,N,P2,정량키워드,시장,ESS,삼성SDI,,,,YoY,,%,,10,대기
inbox,교보증권_LG에너지솔루션_1Q26 Preview 컨센서스 소폭 하회_20260330.pdf,2026-03-30_교보증권_LGES,2,4,N,P2,정량키워드,시장,ESS,LG에너지솔루션,,,,YoY,,%,,10,대기
inbox,교보증권_LG에너지솔루션_1Q26 Review ESS 체질 전환 가속화_20260504.pdf,2026-05-04_교보증권_LGES,2,4,N,P2,정량키워드,시장,ESS,LG에너지솔루션,,,,YoY,,%,,10,대기
inbox,교보증권_삼성SDI_1Q26 Preview 컨센서스 소폭 상회_20260330.pdf,2026-03-30_교보증권_삼성SDI,2,4,N,P2,정량키워드,시장,EV|ESS,삼성SDI,,,,YoY,,%,,10,대기
inbox,교보증권_삼성SDI_1Q26 Preview_20260408.pdf,2026-04-08_교보증권_삼성SDI,2,3,N,P2,정량키워드,시장,EV|ESS,삼성SDI,,,,YoY,,%,,10,대기
inbox,다올투자증권_전자장비와기기_AI가 쏘아올린 ESS 시장의 개화와 한국의 배터리_20251119.pdf,2025-11-19_다올투자증권_산업,12,45,N,P2,정량키워드,시장,ESS,,,,유럽,용량,,%|GW|MWH,,10,대기
inbox,대신증권_LG에너지솔루션_꽉 차 있는 수주 창고_20260506.pdf,2026-05-06_대신증권_LGES,3,8,N,P2,정량키워드,시장,ESS,LG에너지솔루션,,,,YoY,,%,,10,대기
inbox,대신증권_삼성SDI_안정성에 성장성까지!_20260506.pdf,2026-05-06_대신증권_삼성SDI,3,8,N,P2,정량키워드,시장,EV|ESS,삼성SDI,,,,YoY,,%,,10,대기
inbox,대신증권_삼성SDI_예상보다 빨라진 흑전_20260731.pdf,2026-07-31_대신증권_삼성SDI,3,5,N,P2,정량키워드,시장,EV|ESS,삼성SDI,,,,YoY,,%,,10,대기
inbox,대신증권_전자장비와기기_K배터리 목표시총 400조_20230706.pdf,2023-07-06_대신증권_산업,22,120,N,P2,정량키워드,시장,EV,,,,북미|미국,수요|침투율|YoY|캐파,캐파,%|GWH|만대,,10,대기
inbox,대신증권_전자장비와기기_K배터리 목표시총 400조_20230706.pdf,2023-07-06_대신증권_산업,32,120,N,P2,정량키워드,회사,,LG에너지솔루션,,,북미|미국|중국|한국,생산능력|수요|캐파,생산능력|캐파,%|GWH,수주·계약,10,대기
inbox,대신증권_전자장비와기기_K배터리 목표시총 400조_20230706.pdf,2023-07-06_대신증권_산업,38,120,N,P2,정량키워드,회사,,LG에너지솔루션,,,북미|미국,수요|캐파,캐파,%|GWH,수주·계약,10,대기
inbox,대신증권_전자장비와기기_K배터리 목표시총 400조_20230706.pdf,2023-07-06_대신증권_산업,54,120,N,P2,정량키워드,시장,EV|ESS,LG에너지솔루션,,,,YoY,,%,,10,대기
inbox,대신증권_전자장비와기기_K배터리 목표시총 400조_20230706.pdf,2023-07-06_대신증권_산업,63,120,N,P2,정량키워드,회사,,삼성SDI,,,미국|중국|한국,캐파,캐파,%|GWH,,10,대기
inbox,대신증권_전자장비와기기_K배터리 목표시총 400조_20230706.pdf,2023-07-06_대신증권_산업,64,120,N,P2,정량키워드,시장,EV,,,,미국|유럽,판매량|캐파,판매량|캐파,%,,10,대기
inbox,대신증권_전자장비와기기_K배터리 목표시총 400조_20230706.pdf,2023-07-06_대신증권_산업,88,120,N,P2,정량키워드,시장,EV,,,,북미,출하량,출하량,%|MWH,,10,대기
inbox,대신증권_전자장비와기기_K배터리 목표시총 400조_20230706.pdf,2023-07-06_대신증권_산업,98,120,N,P2,정량키워드,시장,EV,,,,글로벌|중국,판매량|수요|YoY|캐파,판매량|캐파,%,,10,대기
inbox,메리츠증권_LG에너지솔루션_1Q26P 잠정실적 발표_20260408.pdf,2026-04-08_메리츠증권_LGES,3,3,N,P2,정량키워드,시장,EV,삼성SDI|CATL|Panasonic|Tesla,,,,판매량,판매량,%,,10,대기
inbox,메리츠증권_LG에너지솔루션_경쟁력 확보 준비 과정_20260731.pdf,2026-07-31_메리츠증권_LGES,3,6,N,P2,정량키워드,시장,EV|ESS,LG에너지솔루션,,,,YoY,,%,,10,대기
inbox,메리츠증권_LG에너지솔루션_기회 요인_20260504.pdf,2026-05-04_메리츠증권_LGES,3,6,N,P2,정량키워드,시장,EV|ESS,LG에너지솔루션,,,,YoY,,%,,10,대기
inbox,메리츠증권_LG에너지솔루션_중대형 전지 부진은 고민거리_20260702.pdf,2026-07-02_메리츠증권_LGES,3,6,N,P2,정량키워드,시장,EV|ESS,LG에너지솔루션,,,,YoY,,%,,10,대기
inbox,삼성증권_LG에너지솔루션_1등은 로봇도 잘한다_20260311.pdf,2026-03-11_삼성증권_LGES,2,6,N,P2,정량키워드,회사,,LG에너지솔루션|Tesla,,,글로벌|미국|유럽|중국|한국,생산능력|용량,생산능력,GWH,,10,대기
inbox,"삼성증권_자동차_Beyond Chasm 로봇의 심장, 배터리_20250321.pdf",2025-03-21_삼성증권_산업,16,79,N,P2,정량키워드,시장,EV,,,,한국,생산능력|수요|용량,생산능력,%,,10,대기
inbox,상상인증권_자동차_2025년 연간 전망 완성차와 배터리에 기대할 수 있는 것_20241021.pdf,2024-10-21_상상인증권_산업,35,74,N,P2,정량키워드,시장,EV,,,,북미|미국|유럽,판매대수|수요|YoY,,%,,10,대기
inbox,상상인증권_자동차_2025년 연간 전망 완성차와 배터리에 기대할 수 있는 것_20241021.pdf,2024-10-21_상상인증권_산업,45,74,N,P3,정량키워드,시장,EV,,,,북미,판매대수|YoY,,%,수주·계약,10,대기
inbox,상상인증권_자동차_2025년 연간 전망 완성차와 배터리에 기대할 수 있는 것_20241021.pdf,2024-10-21_상상인증권_산업,49,74,N,P3,정량키워드,시장,EV,,,,북미|중국,YoY,,%|만대,수주·계약,10,대기
inbox,"신영증권_LG에너지솔루션_하방은 제한적, ESS가 이끄는 2026년_20260331.pdf",2026-03-31_신영증권_LGES,2,5,N,P2,정량키워드,시장,EV|ESS,LG에너지솔루션,,,,YoY,,%,,10,대기
inbox,신영증권_삼성SDI_더 큰 서프라이즈_20260731.pdf,2026-07-31_신영증권_삼성SDI,2,6,N,P2,정량키워드,시장,EV,LG에너지솔루션|삼성SDI,,,,YoY,,%,,10,대기
inbox,유안타증권_LG에너지솔루션_영업이익 기준 컨센서스 하회 실적 기록_20260409.pdf,2026-04-09_유안타증권_LGES,2,3,N,P2,정량키워드,시장,EV|ESS,LG에너지솔루션,,,,YoY,,%,,10,대기
inbox,유안타증권_SK이노베이션_국민 에너지 기업으로 재평가 되어야…_20260522.pdf,2026-05-22_유안타증권_SK온,6,8,N,P2,정량키워드,시장,EV,,,,중국,캐파,캐파,%|GW,,10,대기
inbox,유안타증권_삼성SDI_ESS 전 라인업 중심으로 외형성장 지속_20260624.pdf,2026-06-24_유안타증권_삼성SDI,2,3,N,P2,정량키워드,시장,EV|ESS,삼성SDI,,,,YoY,,%,,10,대기
inbox,"유안타증권_삼성SDI_남아있는 모멘텀, 올해 셀 Top Pick 유지_20260506.pdf",2026-05-06_유안타증권_삼성SDI,2,4,N,P2,정량키워드,시장,EV|ESS,삼성SDI,,,,YoY,,%,,10,대기
inbox,유안타증권_삼성SDI_하반기 흑전 + ESS 중심 수주 확대 기대_20260402.pdf,2026-04-02_유안타증권_삼성SDI,2,3,N,P2,정량키워드,시장,EV|ESS,삼성SDI,,,,YoY,,%,,10,대기
inbox,유안타증권_전자장비와기기_파고들다 II. 46시리즈와 전고체 배터리_20250402.pdf,2025-04-02_유안타증권_산업,26,60,N,P3,정량키워드,시장,EV,,,,북미,용량,,대|만대,수주·계약,10,대기
inbox,유안타증권_전자장비와기기_파고들다 II. 46시리즈와 전고체 배터리_20250402.pdf,2025-04-02_유안타증권_산업,46,60,N,P2,정량키워드,시장,EV|ESS,LG에너지솔루션,,,,YoY,,%,,10,대기
inbox,유진투자증권_전자장비와기기_2026 연간전망 2026년 희망의 K배터리 밸류체인_20251124.pdf,2025-11-24_유진투자증권_산업,6,73,N,P2,정량키워드,시장,ESS,,,BESS,글로벌|미국|유럽,설치용량|용량,,GW,,10,대기
inbox,유진투자증권_전자장비와기기_2026 연간전망 2026년 희망의 K배터리 밸류체인_20251124.pdf,2025-11-24_유진투자증권_산업,22,73,N,P2,정량키워드,시장,EV,,,,유럽,판매대수|성장률|YoY|sales,sales,%,,10,대기
inbox,유진투자증권_전자장비와기기_2026 연간전망 2026년 희망의 K배터리 밸류체인_20251124.pdf,2025-11-24_유진투자증권_산업,47,73,N,P2,정량키워드,시장,EV|ESS,,,,글로벌|북미|미국|유럽|중국,수요|YoY,,%,,10,대기
inbox,유진투자증권_전자장비와기기_2026 연간전망 2026년 희망의 K배터리 밸류체인_20251124.pdf,2025-11-24_유진투자증권_산업,51,73,N,P2,정량키워드,시장,EV|ESS,,,,북미|유럽|중국,수요|캐파,캐파,%,,10,대기
inbox,유진투자증권_전자장비와기기_2026 연간전망 2026년 희망의 K배터리 밸류체인_20251124.pdf,2025-11-24_유진투자증권_산업,64,73,N,P2,정량키워드,시장,EV|ESS,,,통신 등 기타,글로벌|미국|유럽,수요,,%,,10,대기
inbox,유진투자증권_전자장비와기기_2026 연간전망 2026년 희망의 K배터리 밸류체인_20251124.pdf,2025-11-24_유진투자증권_산업,68,73,N,P2,정량키워드,시장,EV|ESS,,,데이터센터,글로벌|미국,수요,,%,,10,대기
inbox,유진투자증권_전자장비와기기_2H26 OUTLOOK 화려한 배터리 테마주 장세 시작_20260517.pdf,2026-05-17_유진투자증권_산업,42,101,N,P2,정량키워드,시장,EV,,,,유럽,판매대수|성장률|YoY|sales,sales,%,,10,대기
inbox,유진투자증권_전자장비와기기_2H26 OUTLOOK 화려한 배터리 테마주 장세 시작_20260517.pdf,2026-05-17_유진투자증권_산업,83,101,N,P2,정량키워드,시장,EV|ESS,,,BESS,글로벌|미국|중국,수요,,%,,10,대기
inbox,유진투자증권_전자장비와기기_2H26 OUTLOOK 화려한 배터리 테마주 장세 시작_20260517.pdf,2026-05-17_유진투자증권_산업,87,101,N,P2,정량키워드,시장,EV|ESS,,,데이터센터|BESS,미국|유럽,수요,,%,,10,대기
inbox,유진투자증권_전자장비와기기_2H26 OUTLOOK 화려한 배터리 테마주 장세 시작_20260517.pdf,2026-05-17_유진투자증권_산업,92,101,N,P2,정량키워드,시장,EV|ESS,,,BESS,미국,수요,,%,,10,대기
inbox,유진투자증권_전자장비와기기_2H26 OUTLOOK 화려한 배터리 테마주 장세 시작_20260517.pdf,2026-05-17_유진투자증권_산업,97,101,N,P2,정량키워드,시장,EV,,,,중국,판매량|수요,판매량,%,수주·계약,10,대기
inbox,유진투자증권_전자장비와기기_배터리 2024 OUTLOOK TREND SETTER_20231121.pdf,2023-11-21_유진투자증권_산업,14,71,N,P2,정량키워드,시장,EV,,,,중국|한국,점유율|capacity,capacity,%,,10,대기
inbox,유진투자증권_전자장비와기기_배터리 2024 OUTLOOK TREND SETTER_20231121.pdf,2023-11-21_유진투자증권_산업,25,71,N,P2,정량키워드,시장,EV,Tesla,,,,용량,,%,,10,대기
inbox,유진투자증권_전자장비와기기_배터리 2024 OUTLOOK TREND SETTER_20231121.pdf,2023-11-21_유진투자증권_산업,41,71,N,P2,정량키워드,시장,EV|ESS,LG에너지솔루션|CATL|Tesla,,,,용량,,%,,10,대기
inbox,유진투자증권_전자장비와기기_배터리 2024 OUTLOOK TREND SETTER_20231121.pdf,2023-11-21_유진투자증권_산업,66,71,N,P2,정량키워드,시장,EV,,,,미국|한국,판매량|성장률,판매량,%,,10,대기
inbox,"키움증권_LG에너지솔루션_중장기 성장성 확인, 다만 단기 ESS 수익성 우려_20260731.pdf",2026-07-31_키움증권_LGES,2,8,N,P2,정량키워드,시장,EV|ESS,LG에너지솔루션|CATL,,,,YoY,,%,,10,대기
inbox,키움증권_LG에너지솔루션_휴머노이드 배터리 공급 확대_20260324.pdf,2026-03-24_키움증권_LGES,2,4,N,P3,정량키워드,시장,ESS,LG에너지솔루션,,,,YoY,,%,수주·계약,10,대기
inbox,핀릿_삼성SDI_배터리주가 아니라 로봇 심장주로 봐야 하는 이유_20260615.pdf,2026-06-15_핀릿_삼성SDI,1,3,N,P3,정량키워드,시장,EV|ESS,,,데이터센터|UPS,미국,수요,,%,수주·계약,10,대기
inbox,"하나증권_전자장비와기기_Weekly 이배속  ESS 성장 지속, 기대감 없는 EV의 반등_20260406.pdf",2026-04-06_하나증권_산업,4,29,N,P2,정량키워드,시장,EV,LG에너지솔루션|삼성SDI|SK온|CATL|BYD|Panasonic,,,,성장률,,대,,10,대기
inbox,"하나증권_전자장비와기기_Weekly 이배속  ESS 성장 지속, 기대감 없는 EV의 반등_20260406.pdf",2026-04-06_하나증권_산업,5,29,N,P2,정량키워드,시장,EV|ESS,LG에너지솔루션|삼성SDI|Tesla,,,,성장률,,대,,10,대기
inbox,"하나증권_전자장비와기기_Weekly 이배속  ESS 성장 지속, 기대감 없는 EV의 반등_20260406.pdf",2026-04-06_하나증권_산업,28,29,N,P2,정량키워드,시장,EV|ESS,삼성SDI,,,,YoY,,%,,10,대기
inbox,하나증권_전자장비와기기_배터리 징비록_20250516.pdf,2025-05-16_하나증권_산업,11,57,N,P2,정량키워드,시장,EV,,,,미국,판매량|판매대수|침투율|점유율|성장률|YoY,판매량,%,,10,대기
inbox,하나증권_전자장비와기기_배터리 징비록_20250516.pdf,2025-05-16_하나증권_산업,21,57,N,P2,정량키워드,회사,,CATL|CALB,,,미국|유럽|중국|한국,점유율|CAPA,CAPA,GWH,,10,대기
inbox,하나증권_전자장비와기기_배터리 징비록_20250516.pdf,2025-05-16_하나증권_산업,24,57,N,P2,정량키워드,시장,EV,,,,글로벌|북미|미국|유럽|중국|한국,점유율,,%|GWH,,10,대기
inbox,하나증권_전자장비와기기_배터리 징비록_20250516.pdf,2025-05-16_하나증권_산업,26,57,N,P2,정량키워드,시장,EV,,,,북미|미국|유럽|중국|한국,수요|침투율|점유율|CAPA,CAPA,%,,10,대기
inbox,하나증권_전자장비와기기_배터리 징비록_20250516.pdf,2025-05-16_하나증권_산업,33,57,N,P2,정량키워드,시장,EV|ESS,,,,글로벌|북미,용량,,%|대,,10,대기
inbox,하나증권_전자장비와기기_배터리 징비록_20250516.pdf,2025-05-16_하나증권_산업,37,57,N,P2,정량키워드,시장,EV|ESS,LG에너지솔루션,,,,YoY,,%,,10,대기
inbox,하나증권_전자장비와기기_배터리 징비록_20250516.pdf,2025-05-16_하나증권_산업,41,57,N,P2,정량키워드,시장,EV|ESS,삼성SDI,,,,YoY,,%,,10,대기
inbox,하나증권_전자장비와기기_배터리 징비록_20250516.pdf,2025-05-16_하나증권_산업,43,57,N,P2,정량키워드,시장,EV,,,,글로벌|북미|미국|유럽|중국|한국,수요|침투율|점유율,,%,,10,대기
inbox,하나증권_전자장비와기기_배터리 징비록_20250516.pdf,2025-05-16_하나증권_산업,47,57,N,P2,정량키워드,시장,EV,,,,글로벌|북미|미국|유럽|중국|한국,수요|침투율|점유율|CAPA,CAPA,%,,10,대기
inbox,하나증권_전자장비와기기_배터리 투자자가 준비해야 하는 3가지_20260608.pdf,2026-06-08_하나증권_산업,4,30,N,P2,정량키워드,시장,EV,LG에너지솔루션|삼성SDI|SK온|CATL|BYD|Panasonic,,,,성장률,,대,,10,대기
inbox,하나증권_전자장비와기기_배터리 투자자가 준비해야 하는 3가지_20260608.pdf,2026-06-08_하나증권_산업,5,30,N,P2,정량키워드,시장,EV|ESS,LG에너지솔루션|삼성SDI|Tesla,,,,성장률,,대,,10,대기
inbox,하나증권_전자장비와기기_인터배터리가 투자자에게 주는 함의_20260316.pdf,2026-03-16_하나증권_산업,8,53,N,P2,정량키워드,시장,ESS,LG에너지솔루션|삼성SDI,,데이터센터|UPS,,점유율,,%,,10,대기
inbox,하나증권_전자장비와기기_인터배터리가 투자자에게 주는 함의_20260316.pdf,2026-03-16_하나증권_산업,18,53,N,P2,정량키워드,시장,EV,LG에너지솔루션|삼성SDI|SK온,,,,용량,,%,,10,대기
inbox,"현대차증권_LG에너지솔루션_아쉬운 1분기. 하지만, 방향성은 유효_20260504.pdf",2026-05-04_현대차증권_LGES,5,7,N,P2,정량키워드,시장,EV|ESS,LG에너지솔루션,,,,YoY,,%,,10,대기
inbox,흥국증권_LG에너지솔루션_ESS 성장 과도기_20260409.pdf,2026-04-09_흥국증권_LGES,2,5,N,P2,정량키워드,시장,EV|ESS,LG에너지솔루션,,,,YoY,,%,,10,대기
inbox,흥국증권_삼성SDI_ESS 생산 체제 안정화_20260408.pdf,2026-04-08_흥국증권_삼성SDI,2,5,N,P2,정량키워드,시장,EV|ESS,삼성SDI,,,,YoY,,%,,10,대기
inbox,흥국증권_전자장비와기기_2025년 미리보기 전열 재정비(ft.4680 배터리 로드맵)_20250203.pdf,2025-02-03_흥국증권_산업,17,46,N,P2,정량키워드,시장,EV,삼성SDI|CATL,,,,판매량,판매량,%,,10,대기
actuals,25_1Q_Script.pdf,,6,17,N,P3,정량키워드,시장,EV|ESS,,,,미국|유럽|중국,수요,,%,,9,대기
actuals,25_1Q_Script.pdf,,10,17,N,P3,정량키워드,시장,EV|ESS,,,,북미|유럽,수요|캐파,캐파,%,,9,대기
actuals,25_2Q_Script.pdf,,2,23,N,P3,정량키워드,시장,EV|ESS,,,,북미|미국|유럽|중국,출하량|수요|CAPA,출하량|CAPA,%,,9,대기
actuals,25_2Q_Script.pdf,,6,23,N,P3,정량키워드,시장,EV,,,,북미|미국|중국,수요,,%,,9,대기
actuals,25_2Q_Script.pdf,,7,23,N,P3,정량키워드,시장,EV|ESS,,,,북미|미국|유럽|중국,수요,,%,,9,대기
actuals,25_4Q_Script.pdf,,7,18,N,P3,정량키워드,시장,EV,,,상업·산업용(C&I),북미|미국,수요,,%,수주·계약,9,대기
actuals,25_4Q_Script.pdf,,8,18,N,P3,정량키워드,시장,EV|ESS,,,,북미,수요|CAPA,CAPA,%,,9,대기
actuals,25_4Q_Script.pdf,,17,18,N,P3,정량키워드,시장,EV|ESS,,,,글로벌,수요|용량,,%,,9,대기
actuals,26_1Q_LGES_business_performance_F_KR.pdf,2026_1Q_LGES|LGES,5,16,N,P3,정량키워드,시장,EV|ESS,,,,북미,수요|CAPA,CAPA,%,,9,대기
actuals,26_1Q_Script.pdf,2026_1Q_LGES,7,14,N,P3,정량키워드,시장,ESS,,,,북미|미국|유럽,출하량|수요|CAPA,출하량|CAPA,%,,9,대기
actuals,26_1Q_Script.pdf,2026_1Q_LGES,10,14,N,P3,정량키워드,시장,EV|ESS,,,,글로벌|북미|유럽|중국,판매량|수요|CAPA,판매량|CAPA,GWH,수주·계약,9,대기
actuals,26_2Q_LGES_business_performance_F_KR.pdf,2026_2Q_LGES,5,16,N,P3,정량키워드,시장,EV|ESS,,,,북미|유럽,수요|CAPA,CAPA,%,,9,대기
inbox,IBK투자증권_LG에너지솔루션_90 - 20 = 70_20260731.pdf,2026-07-31_IBK투자증권_LGES,4,6,N,P3,정량키워드,회사,,LG에너지솔루션,,,북미,CAPA,CAPA,GWH,,9,대기
inbox,IBK투자증권_전자장비와기기_배터리 World War_20230912.pdf,2023-09-12_IBK투자증권_산업,22,136,N,P3,정량키워드,회사,,LG에너지솔루션|Tesla,,,글로벌|중국,출하량,출하량,%|MWH,,9,대기
inbox,IBK투자증권_전자장비와기기_배터리 World War_20230912.pdf,2023-09-12_IBK투자증권_산업,24,136,N,P3,정량키워드,회사,,CATL|Tesla,,,글로벌|중국,출하량,출하량,%|MWH,,9,대기
inbox,IBK투자증권_전자장비와기기_배터리 World War_20230912.pdf,2023-09-12_IBK투자증권_산업,26,136,N,P3,정량키워드,회사,,Panasonic|Tesla,,,글로벌|중국,출하량,출하량,%|MWH,,9,대기
inbox,IBK투자증권_전자장비와기기_배터리 World War_20230912.pdf,2023-09-12_IBK투자증권_산업,39,136,N,P3,정량키워드,회사,,CATL|Tesla,,,유럽,출하량,출하량,%|MWH,,9,대기
inbox,IBK투자증권_전자장비와기기_배터리 World War_20230912.pdf,2023-09-12_IBK투자증권_산업,41,136,N,P3,정량키워드,회사,,Panasonic|Tesla,,,북미|유럽,출하량,출하량,%|MWH,,9,대기
inbox,IBK투자증권_전자장비와기기_배터리 World War_20230912.pdf,2023-09-12_IBK투자증권_산업,53,136,N,P3,정량키워드,회사,,CATL|Tesla,,,북미,출하량,출하량,%|MWH,,9,대기
inbox,IBK투자증권_전자장비와기기_배터리 World War_20230912.pdf,2023-09-12_IBK투자증권_산업,55,136,N,P3,정량키워드,회사,,Panasonic|Tesla,,,북미,출하량,출하량,%|MWH,,9,대기
inbox,IBK투자증권_전자장비와기기_배터리 World War_20230912.pdf,2023-09-12_IBK투자증권_산업,70,136,N,P3,정량키워드,회사,,LG에너지솔루션|CATL,,,유럽|중국|한국,CAPA,CAPA,GWH,,9,대기
inbox,IBK투자증권_전자장비와기기_배터리 World War_20230912.pdf,2023-09-12_IBK투자증권_산업,94,136,N,P3,정량키워드,시장,EV,,,,,침투율|YoY|CAPA,CAPA,%,,9,대기
inbox,IBK투자증권_전자장비와기기_배터리 World War_20230912.pdf,2023-09-12_IBK투자증권_산업,102,136,N,P3,정량키워드,시장,EV|ESS,,,,미국|유럽|한국,CAPA,CAPA,%,,9,대기
inbox,IBK투자증권_전자장비와기기_역대급 북미 배터리 설계사_20240226.pdf,2024-02-26_IBK투자증권_산업,67,116,N,P3,정량키워드,회사,,Tesla,,,북미|유럽,생산능력|CAPA,생산능력|CAPA,GWH,,9,대기
inbox,IBK투자증권_전자장비와기기_역대급 북미 배터리 설계사_20240226.pdf,2024-02-26_IBK투자증권_산업,111,116,N,P3,정량키워드,시장,EV,,,,글로벌|한국,CAPA,CAPA,%,,9,대기
inbox,LS증권_삼성SDI_2Q26 Review_20260731.pdf,2026-07-31_LS증권_삼성SDI,6,9,N,P3,정량키워드,시장,EV,,,,글로벌|중국,점유율,,GWH,,9,대기
inbox,"SK증권_전자장비와기기_K-배터리, 네 가지 위기와 미래 승부수_20250610.pdf",2025-06-10_SK증권_산업,7,64,N,P3,정량키워드,회사,,LG에너지솔루션,,,,출하량|수요|캐파,출하량|캐파,GWH,,9,대기
inbox,"SK증권_전자장비와기기_K-배터리, 네 가지 위기와 미래 승부수_20250610.pdf",2025-06-10_SK증권_산업,8,64,N,P3,정량키워드,회사,,LG에너지솔루션,,,,출하량|생산능력|수요|캐파,출하량|생산능력|캐파,GWH,,9,대기
inbox,"SK증권_전자장비와기기_K-배터리, 네 가지 위기와 미래 승부수_20250610.pdf",2025-06-10_SK증권_산업,14,64,N,P3,정량키워드,회사,,SK온,,,,출하량|수요|캐파,출하량|캐파,GWH,수주·계약,9,대기
inbox,SK증권_전자장비와기기_배터리 패러다임의 변화 (feat. IT 탐방왕이 바라본 2차전지)_20230523.pdf,2023-05-23_SK증권_산업,14,142,N,P3,정량키워드,시장,EV,삼성SDI|SK온,,,,성장률,,%,,9,대기
inbox,SK증권_전자장비와기기_배터리 패러다임의 변화 (feat. IT 탐방왕이 바라본 2차전지)_20230523.pdf,2023-05-23_SK증권_산업,20,142,N,P3,정량키워드,시장,EV,,,,,출하량|수요|침투율|성장률,출하량,만대,,9,대기
inbox,SK증권_전자장비와기기_배터리 패러다임의 변화 (feat. IT 탐방왕이 바라본 2차전지)_20230523.pdf,2023-05-23_SK증권_산업,43,142,N,P3,정량키워드,시장,EV|ESS,,,,중국,출하량|수요|성장률,출하량,%,,9,대기
inbox,SK증권_전자장비와기기_배터리 패러다임의 변화 (feat. IT 탐방왕이 바라본 2차전지)_20230523.pdf,2023-05-23_SK증권_산업,76,142,N,P3,정량키워드,시장,EV|ESS,,,,미국|유럽|중국|한국,캐파,캐파,%,,9,대기
inbox,SK증권_전자장비와기기_배터리 패러다임의 변화 (feat. IT 탐방왕이 바라본 2차전지)_20230523.pdf,2023-05-23_SK증권_산업,86,142,N,P3,정량키워드,시장,EV|ESS,,,,,수요|성장률|YoY,,%,,9,대기
inbox,SK증권_전자장비와기기_배터리 패러다임의 변화 (feat. IT 탐방왕이 바라본 2차전지)_20230523.pdf,2023-05-23_SK증권_산업,87,142,N,P3,정량키워드,시장,EV|ESS,,,,,성장률|YoY,,%,,9,대기
inbox,SK증권_전자장비와기기_배터리 패러다임의 변화 (feat. IT 탐방왕이 바라본 2차전지)_20230523.pdf,2023-05-23_SK증권_산업,89,142,N,P3,정량키워드,시장,EV|ESS,,,,중국|한국,캐파,캐파,%,,9,대기
inbox,SK증권_전자장비와기기_배터리 패러다임의 변화 (feat. IT 탐방왕이 바라본 2차전지)_20230523.pdf,2023-05-23_SK증권_산업,94,142,N,P3,정량키워드,시장,EV,,,,,수요|YoY|CAPA,CAPA,%,수주·계약,9,대기
inbox,SK증권_전자장비와기기_배터리 패러다임의 변화 (feat. IT 탐방왕이 바라본 2차전지)_20230523.pdf,2023-05-23_SK증권_산업,125,142,N,P3,정량키워드,시장,EV,,,,,출하량|성장률|YoY,출하량,%,,9,대기
inbox,iM증권_SK이노베이션_국내 정유사들 중에서 차별화되는 포인트 2가지_20260514.pdf,2026-05-14_iM증권_SK온,3,8,N,P3,정량키워드,회사,,SK온,,,,판매량,판매량,%|GW,,9,대기
inbox,iM증권_SK이노베이션_미국 TerraPower 방문 후기  중장기 SMR 경쟁력에 대한 소고_20260616.pdf,2026-06-16_iM증권_SK온,3,8,N,P3,정량키워드,회사,,SK온,,,,판매량,판매량,%|GW,,9,대기
inbox,iM증권_전자장비와기기_미국 ESS 산업 구조 변화의 시작(한국 배터리 산업의 제2의 서막)_20250725.pdf,2025-07-25_iM증권_산업,8,20,N,P3,정량키워드,시장,ESS,,,데이터센터|Grid/Utility|통신 등 기타,미국|중국|한국,수요,,%,,9,대기
inbox,iM증권_전자장비와기기_미국 ESS 산업 구조 변화의 시작(한국 배터리 산업의 제2의 서막)_20250725.pdf,2025-07-25_iM증권_산업,12,20,N,P3,정량키워드,시장,ESS,,,,미국|중국|한국,점유율,,%,,9,대기
inbox,다올투자증권_전자장비와기기_AI가 쏘아올린 ESS 시장의 개화와 한국의 배터리_20251119.pdf,2025-11-19_다올투자증권_산업,2,45,N,P3,정량키워드,시장,EV|ESS,,,,유럽|중국|한국,수요,,%|TWH,,9,대기
inbox,다올투자증권_전자장비와기기_AI가 쏘아올린 ESS 시장의 개화와 한국의 배터리_20251119.pdf,2025-11-19_다올투자증권_산업,20,45,N,P3,정량키워드,시장,ESS,,,데이터센터,,수요,,GW|GWH,,9,대기
inbox,대신증권_전자장비와기기_K배터리 목표시총 400조_20230706.pdf,2023-07-06_대신증권_산업,6,120,N,P3,정량키워드,시장,EV,CATL|BYD|Tesla,,,,용량,,%,,9,대기
inbox,대신증권_전자장비와기기_K배터리 목표시총 400조_20230706.pdf,2023-07-06_대신증권_산업,19,120,N,P3,정량키워드,시장,EV,Tesla,,,,용량,,%,,9,대기
inbox,대신증권_전자장비와기기_K배터리 목표시총 400조_20230706.pdf,2023-07-06_대신증권_산업,24,120,N,P3,정량키워드,회사,,LG에너지솔루션,,,북미|미국,캐파,캐파,%|GWH,,9,대기
inbox,대신증권_전자장비와기기_K배터리 목표시총 400조_20230706.pdf,2023-07-06_대신증권_산업,73,120,N,P3,정량키워드,시장,EV,,,,,판매량|출하량|수요|YoY|캐파,판매량|출하량|캐파,%,수주·계약,9,대기
inbox,대신증권_전자장비와기기_K배터리 목표시총 400조_20230706.pdf,2023-07-06_대신증권_산업,75,120,N,P3,정량키워드,시장,EV|ESS,,,,,YoY|캐파,캐파,%,,9,대기
inbox,대신증권_전자장비와기기_K배터리 목표시총 400조_20230706.pdf,2023-07-06_대신증권_산업,99,120,N,P3,정량키워드,시장,EV,,,,,YoY|sales,sales,%,,9,대기
inbox,"삼성증권_자동차_Beyond Chasm 로봇의 심장, 배터리_20250321.pdf",2025-03-21_삼성증권_산업,14,79,N,P3,정량키워드,시장,EV,,,,미국|유럽|중국|한국,수요,,백만대,,9,대기
inbox,상상인증권_자동차_2025년 연간 전망 완성차와 배터리에 기대할 수 있는 것_20241021.pdf,2024-10-21_상상인증권_산업,6,74,N,P3,정량키워드,시장,EV,,,,,수요|YoY,,GWH,,9,대기
inbox,상상인증권_자동차_2025년 연간 전망 완성차와 배터리에 기대할 수 있는 것_20241021.pdf,2024-10-21_상상인증권_산업,8,74,N,P3,정량키워드,시장,EV,,,,,판매대수|YoY,,만대,,9,대기
inbox,상상인증권_자동차_2025년 연간 전망 완성차와 배터리에 기대할 수 있는 것_20241021.pdf,2024-10-21_상상인증권_산업,17,74,N,P3,정량키워드,시장,EV,,,,북미,판매대수,,%,,9,대기
inbox,상상인증권_자동차_2025년 연간 전망 완성차와 배터리에 기대할 수 있는 것_20241021.pdf,2024-10-21_상상인증권_산업,58,74,N,P3,정량키워드,시장,EV,,,,,판매대수|YoY,,%,,9,대기
inbox,유안타증권_전자장비와기기_파고들다 II. 46시리즈와 전고체 배터리_20250402.pdf,2025-04-02_유안타증권_산업,51,60,N,P3,정량키워드,시장,EV,,,,글로벌,YoY,,%,,9,대기
inbox,유진투자증권_전자장비와기기_2026 연간전망 2026년 희망의 K배터리 밸류체인_20251124.pdf,2025-11-24_유진투자증권_산업,35,73,N,P3,정량키워드,시장,EV,,,,미국,판매량,판매량,%,,9,대기
inbox,유진투자증권_전자장비와기기_2026 연간전망 2026년 희망의 K배터리 밸류체인_20251124.pdf,2025-11-24_유진투자증권_산업,55,73,N,P3,정량키워드,시장,EV|ESS,,,,북미|미국|유럽,수요,,%,,9,대기
inbox,유진투자증권_전자장비와기기_2H26 OUTLOOK 화려한 배터리 테마주 장세 시작_20260517.pdf,2026-05-17_유진투자증권_산업,5,101,N,P3,정량키워드,시장,ESS,,,BESS,유럽,수요,,GWH,,9,대기
inbox,유진투자증권_전자장비와기기_2H26 OUTLOOK 화려한 배터리 테마주 장세 시작_20260517.pdf,2026-05-17_유진투자증권_산업,10,101,N,P3,정량키워드,시장,ESS,,,Grid/Utility|BESS,미국|유럽|중국,수요,,MWH,,9,대기
inbox,유진투자증권_전자장비와기기_2H26 OUTLOOK 화려한 배터리 테마주 장세 시작_20260517.pdf,2026-05-17_유진투자증권_산업,63,101,N,P3,정량키워드,시장,EV,,,,글로벌|북미|미국|유럽,성장률,,%,,9,대기
inbox,유진투자증권_전자장비와기기_2H26 OUTLOOK 화려한 배터리 테마주 장세 시작_20260517.pdf,2026-05-17_유진투자증권_산업,71,101,N,P3,정량키워드,시장,EV,,,,미국|중국,수요,,%,,9,대기
inbox,유진투자증권_전자장비와기기_배터리 2024 OUTLOOK TREND SETTER_20231121.pdf,2023-11-21_유진투자증권_산업,32,71,N,P3,정량키워드,시장,EV,,,,,수요|용량|침투율|점유율,,%,,9,대기
inbox,하나증권_전자장비와기기_배터리 징비록_20250516.pdf,2025-05-16_하나증권_산업,12,57,N,P3,정량키워드,시장,EV,,,,유럽|중국,성장률,,%,,9,대기
inbox,하나증권_전자장비와기기_배터리 징비록_20250516.pdf,2025-05-16_하나증권_산업,28,57,N,P3,정량키워드,시장,EV|ESS,,,,글로벌|북미|유럽|중국,YoY,,%,,9,대기
actuals,2025.4Q_IR_Final_Kr.pdf,삼성SDI,6,9,N,P3,정량키워드,시장,EV|ESS,,,,,YoY,,%,,8,대기
actuals,2025.4Q_IR_Final_Kr.pdf,삼성SDI,7,9,N,P3,정량키워드,시장,EV|ESS,,,,,CAPA,CAPA,GWH,수주·계약,8,대기
actuals,25_3Q_Script.pdf,,8,22,N,P3,정량키워드,시장,EV|ESS,,,,,용량,,%,,8,대기
actuals,25_4Q_LGES_business_performance_F_KR.pdf,LGES,6,17,N,P3,정량키워드,시장,EV|ESS,,,,북미|미국,수요,,%,,8,대기
actuals,26_1Q_LGES_business_performance_F_KR.pdf,2026_1Q_LGES|LGES,10,16,N,P3,정량키워드,시장,EV|ESS,,,Grid/Utility,,수요,,%,,8,대기
inbox,IBK투자증권_전자장비와기기_배터리 World War_20230912.pdf,2023-09-12_IBK투자증권_산업,85,136,N,P3,정량키워드,시장,EV|ESS,,,,,YoY,,%,,8,대기
inbox,IBK투자증권_전자장비와기기_배터리 World War_20230912.pdf,2023-09-12_IBK투자증권_산업,91,136,N,P3,정량키워드,시장,EV|ESS,,,,,YoY,,%,,8,대기
inbox,IBK투자증권_전자장비와기기_배터리 World War_20230912.pdf,2023-09-12_IBK투자증권_산업,98,136,N,P3,정량키워드,시장,EV,,,,,CAPA,CAPA,%,,8,대기
inbox,IBK투자증권_전자장비와기기_배터리 World War_20230912.pdf,2023-09-12_IBK투자증권_산업,101,136,N,P3,정량키워드,시장,EV|ESS,,,,,YoY,,%,,8,대기
inbox,IBK투자증권_전자장비와기기_역대급 북미 배터리 설계사_20240226.pdf,2024-02-26_IBK투자증권_산업,95,116,N,P3,정량키워드,시장,EV,,,,,CAPA,CAPA,%,,8,대기
inbox,IBK투자증권_전자장비와기기_역대급 북미 배터리 설계사_20240226.pdf,2024-02-26_IBK투자증권_산업,98,116,N,P3,정량키워드,시장,EV|ESS,,,,,YoY,,%,,8,대기
inbox,SK증권_전자장비와기기_배터리 패러다임의 변화 (feat. IT 탐방왕이 바라본 2차전지)_20230523.pdf,2023-05-23_SK증권_산업,105,142,N,P3,정량키워드,시장,EV|ESS,,,,,CAPA,CAPA,%,,8,대기
inbox,다올투자증권_전자장비와기기_AI가 쏘아올린 ESS 시장의 개화와 한국의 배터리_20251119.pdf,2025-11-19_다올투자증권_산업,15,45,N,P3,정량키워드,시장,ESS,,,,,수요,,GW,,8,대기
inbox,다올투자증권_전자장비와기기_AI가 쏘아올린 ESS 시장의 개화와 한국의 배터리_20251119.pdf,2025-11-19_다올투자증권_산업,24,45,N,P3,정량키워드,시장,EV,,,,미국,침투율,,%,,8,대기
inbox,대신증권_전자장비와기기_K배터리 목표시총 400조_20230706.pdf,2023-07-06_대신증권_산업,74,120,N,P3,정량키워드,시장,EV|ESS,,,,,YoY,,%,,8,대기
inbox,대신증권_전자장비와기기_K배터리 목표시총 400조_20230706.pdf,2023-07-06_대신증권_산업,86,120,N,P3,정량키워드,시장,EV,,,,,YoY,,%,,8,대기
inbox,대신증권_전자장비와기기_K배터리 목표시총 400조_20230706.pdf,2023-07-06_대신증권_산업,87,120,N,P3,정량키워드,시장,EV,,,,,YoY,,%,,8,대기
inbox,"삼성증권_자동차_Beyond Chasm 로봇의 심장, 배터리_20250321.pdf",2025-03-21_삼성증권_산업,51,79,N,P3,정량키워드,시장,EV,,,,,수요,,%,,8,대기
inbox,상상인증권_자동차_2025년 연간 전망 완성차와 배터리에 기대할 수 있는 것_20241021.pdf,2024-10-21_상상인증권_산업,28,74,N,P3,정량키워드,시장,EV,,,,북미|미국|유럽|중국,생산량,생산량,%,,8,대기
inbox,상상인증권_자동차_2025년 연간 전망 완성차와 배터리에 기대할 수 있는 것_20241021.pdf,2024-10-21_상상인증권_산업,66,74,N,P3,정량키워드,시장,EV,,,,북미|유럽|중국,수요,,%,,8,대기
inbox,유안타증권_LG에너지솔루션_미국 ESS 현지화의 최대 수혜_20260624.pdf,2026-06-24_유안타증권_LGES,2,3,N,P3,정량키워드,시장,EV|ESS,,,,,YoY,,%,,8,대기
inbox,유진투자증권_전자장비와기기_배터리 2024 OUTLOOK TREND SETTER_20231121.pdf,2023-11-21_유진투자증권_산업,12,71,N,P3,정량키워드,시장,EV,,,,,수요,,%,,8,대기
inbox,유진투자증권_전자장비와기기_배터리 2024 OUTLOOK TREND SETTER_20231121.pdf,2023-11-21_유진투자증권_산업,63,71,N,P3,정량키워드,회사,,SK온,,,,CAPA,CAPA,GWH,,8,대기
inbox,"하나증권_전자장비와기기_Weekly 이배속  ESS 성장 지속, 기대감 없는 EV의 반등_20260406.pdf",2026-04-06_하나증권_산업,17,29,N,P3,정량키워드,시장,EV|ESS,,,,,YoY,,%,,8,대기
inbox,하나증권_전자장비와기기_배터리 징비록_20250516.pdf,2025-05-16_하나증권_산업,31,57,N,P3,정량키워드,회사,,LG에너지솔루션|삼성SDI|CATL,,,,CAPA,CAPA,GWH,수주·계약,8,대기
inbox,하나증권_전자장비와기기_배터리 투자자가 준비해야 하는 3가지_20260608.pdf,2026-06-08_하나증권_산업,17,30,N,P3,정량키워드,시장,EV|ESS,,,,,YoY,,%,,8,대기
inbox,"유진투자증권_복합유틸리티_산업재 D(ata)PT - 「나트륨이온배터리, 게임체인저가 될 것인가」_20240520.pdf",2024-05-20_유진투자증권_산업,26,102,N,P3,정량키워드,시장,EV,,,,,용량,,%,,7,대기
inbox,하나증권_전자장비와기기_인터배터리가 투자자에게 주는 함의_20260316.pdf,2026-03-16_하나증권_산업,34,53,N,P3,정량키워드,시장,EV,,,,,용량,,%,,7,대기
inbox,iM증권_전자장비와기기_미국 ESS 산업 구조 변화의 시작(한국 배터리 산업의 제2의 서막)_20250725.pdf,2025-07-25_iM증권_산업,3,20,Y,AUDIT,정량키워드+기존시장데이터,시장,EV|ESS,Tesla,,데이터센터|Grid/Utility|UPS,북미|미국|중국|한국,수요|용량,,%|GWH,,14,대기
inbox,삼성증권_전자장비와기기_2차전지 산업 분석 11편 - AI 데이터센터와 배터리_20251023.pdf,2025-10-23_삼성증권_산업,17,39,Y,AUDIT,정량키워드+기존시장데이터,시장,EV|ESS,LG에너지솔루션,,UPS,글로벌|북미|미국|한국,수요|성장률,,%|GWH,수주·계약,14,대기
inbox,유진투자증권_전자장비와기기_배터리 2024 OUTLOOK TREND SETTER_20231121.pdf,2023-11-21_유진투자증권_산업,7,71,Y,AUDIT,정량키워드+기존시장데이터,시장,EV,Tesla,JV,,미국|유럽|중국|한국,판매량|점유율,판매량,대|만대,,14,대기
inbox,하나증권_전자장비와기기_배터리 투자자가 준비해야 하는 3가지_20260608.pdf,2026-06-08_하나증권_산업,2,30,Y,AUDIT,정량키워드+기존시장데이터,시장,EV|ESS,LG에너지솔루션|삼성SDI|SK온|Tesla,,데이터센터|BESS,미국|유럽|중국,판매대수|수요|용량|YoY,,%|대|만대,,14,대기
inbox,IBK투자증권_전자장비와기기_역대급 북미 배터리 설계사_20240226.pdf,2024-02-26_IBK투자증권_산업,18,116,Y,AUDIT,정량키워드+기존시장데이터,시장·회사,EV,Tesla,,,글로벌|북미|미국|유럽|중국|한국,출하량|침투율|YoY,출하량,%|GWH,,13,대기
inbox,IBK투자증권_전자장비와기기_역대급 북미 배터리 설계사_20240226.pdf,2024-02-26_IBK투자증권_산업,23,116,Y,AUDIT,정량키워드+기존시장데이터,시장,EV,Tesla,,,북미|미국,판매량|침투율|점유율|YoY,판매량,%|만대,,13,대기
inbox,IBK투자증권_전자장비와기기_역대급 북미 배터리 설계사_20240226.pdf,2024-02-26_IBK투자증권_산업,68,116,Y,AUDIT,정량키워드+기존시장데이터,시장·회사,EV,Tesla,,,북미|미국|유럽,판매량|생산량|생산능력|CAPA,판매량|생산량|생산능력|CAPA,%|GWH,,13,대기
inbox,SK증권_전자제품_[2026년 연간전망] ESS 배터리의 빛과 그림자_20251124.pdf,2025-11-24_SK증권_산업,14,25,Y,AUDIT,정량키워드+기존시장데이터,시장·회사,EV|ESS,LG에너지솔루션|삼성SDI|SK온,,데이터센터,북미|미국|중국|한국,생산능력|수요|캐파|capacity,생산능력|캐파|capacity,GWH,,13,대기
inbox,iM증권_전자장비와기기_미국 ESS 산업 구조 변화의 시작(한국 배터리 산업의 제2의 서막)_20250725.pdf,2025-07-25_iM증권_산업,14,20,Y,AUDIT,정량키워드+기존시장데이터,시장,EV|ESS,LG에너지솔루션|삼성SDI|SK온,,데이터센터,북미|미국|중국|한국,판매량|수요|용량|침투율|점유율,판매량,%,,13,대기
inbox,iM증권_전자장비와기기_미국 ESS 산업 구조 변화의 시작(한국 배터리 산업의 제2의 서막)_20250725.pdf,2025-07-25_iM증권_산업,16,20,Y,AUDIT,정량키워드+기존시장데이터,시장·회사,ESS,LG에너지솔루션|삼성SDI,,,북미|미국|중국|한국,출하량|점유율|성장률|YoY,출하량,%|GWH,,13,대기
inbox,"하나증권_전자장비와기기_Weekly 이배속  ESS 성장 지속, 기대감 없는 EV의 반등_20260406.pdf",2026-04-06_하나증권_산업,13,29,Y,AUDIT,정량키워드+기존시장데이터,시장,EV,Tesla,,,미국,판매량|판매대수|침투율|YoY,판매량,%|대|만대,,13,대기
inbox,"하나증권_전자장비와기기_Weekly 이배속  ESS 성장 지속, 기대감 없는 EV의 반등_20260406.pdf",2026-04-06_하나증권_산업,15,29,Y,AUDIT,정량키워드+기존시장데이터,시장·회사,EV,LG에너지솔루션|삼성SDI|SK온|CATL|BYD|Panasonic|CALB,,,글로벌|미국|유럽|중국|한국,판매량|출하량|YoY,판매량|출하량,%|GWH,,13,대기
inbox,하나증권_전자장비와기기_배터리 투자자가 준비해야 하는 3가지_20260608.pdf,2026-06-08_하나증권_산업,1,30,Y,AUDIT,정량키워드+기존시장데이터,시장,EV|ESS,LG에너지솔루션|삼성SDI|Tesla,,데이터센터,미국|유럽|한국,출하량|수요|점유율|성장률|YoY,출하량,%,수주·계약,13,대기
inbox,하나증권_전자장비와기기_배터리 투자자가 준비해야 하는 3가지_20260608.pdf,2026-06-08_하나증권_산업,15,30,Y,AUDIT,정량키워드+기존시장데이터,시장·회사,EV,LG에너지솔루션|삼성SDI|SK온|CATL|BYD|Panasonic|CALB,,,글로벌|미국|유럽|중국|한국,판매량|출하량|YoY,판매량|출하량,%|GWH,,13,대기
inbox,흥국증권_전자장비와기기_2025년 미리보기 전열 재정비(ft.4680 배터리 로드맵)_20250203.pdf,2025-02-03_흥국증권_산업,7,46,Y,AUDIT,정량키워드+기존시장데이터,시장·회사,EV|ESS,LG에너지솔루션|Tesla,,,북미,판매량|수요|YoY|CAPA,판매량|CAPA,%|GWH,수주·계약,13,대기
inbox,흥국증권_전자장비와기기_2025년 미리보기 전열 재정비(ft.4680 배터리 로드맵)_20250203.pdf,2025-02-03_흥국증권_산업,10,46,Y,AUDIT,정량키워드+기존시장데이터,시장·회사,EV|ESS,삼성SDI,JV,,,판매량|수요|성장률|YoY|CAPA,판매량|CAPA,%|GWH,,13,대기
inbox,IBK투자증권_전자장비와기기_역대급 북미 배터리 설계사_20240226.pdf,2024-02-26_IBK투자증권_산업,25,116,Y,AUDIT,정량키워드+기존시장데이터,시장,EV,Tesla,,,북미,판매량|용량|CAPA,판매량|CAPA,만대,,12,대기
inbox,SK증권_전자제품_[2026년 연간전망] ESS 배터리의 빛과 그림자_20251124.pdf,2025-11-24_SK증권_산업,9,25,Y,AUDIT,정량키워드+기존시장데이터,시장·회사,EV|ESS,LG에너지솔루션|삼성SDI|SK온,,,글로벌|한국,판매량|출하량|생산능력|수요|성장률|캐파,판매량|출하량|생산능력|캐파,GWH,,12,대기
inbox,다올투자증권_전자장비와기기_AI가 쏘아올린 ESS 시장의 개화와 한국의 배터리_20251119.pdf,2025-11-19_다올투자증권_산업,8,45,Y,AUDIT,정량키워드+기존시장데이터,시장,ESS,,,데이터센터,미국|유럽|한국,수요|용량,,GW|GWH|TWH,,12,대기
inbox,다올투자증권_전자장비와기기_AI가 쏘아올린 ESS 시장의 개화와 한국의 배터리_20251119.pdf,2025-11-19_다올투자증권_산업,18,45,Y,AUDIT,정량키워드+기존시장데이터,시장·회사,EV|ESS,LG에너지솔루션,JV,,,출하량|생산량,출하량|생산량,GWH,,12,대기
inbox,삼성증권_전자장비와기기_2차전지 산업 분석 11편 - AI 데이터센터와 배터리_20251023.pdf,2025-10-23_삼성증권_산업,5,39,Y,AUDIT,정량키워드+기존시장데이터,시장,EV|ESS,,,데이터센터|UPS,북미|미국|한국,설치량|수요|용량,,%|GW|GWH|TWH,,12,대기
inbox,유진투자증권_전자장비와기기_2026 연간전망 2026년 희망의 K배터리 밸류체인_20251124.pdf,2025-11-24_유진투자증권_산업,8,73,Y,AUDIT,정량키워드+기존시장데이터,시장,ESS,,,데이터센터|Grid/Utility|BESS,글로벌|미국|유럽,설치용량|수요|용량,,%|GWH,,12,대기
inbox,유진투자증권_전자장비와기기_2026 연간전망 2026년 희망의 K배터리 밸류체인_20251124.pdf,2025-11-24_유진투자증권_산업,9,73,Y,AUDIT,정량키워드+기존시장데이터,시장,EV|ESS,,,BESS,글로벌|미국|유럽,수요|용량,,%|GWH,,12,대기
inbox,유진투자증권_전자장비와기기_2H26 OUTLOOK 화려한 배터리 테마주 장세 시작_20260517.pdf,2026-05-17_유진투자증권_산업,6,101,Y,AUDIT,정량키워드+기존시장데이터,시장,EV|ESS,,,BESS,미국|유럽,판매대수|YoY,,%|GWH,,12,대기
inbox,유진투자증권_전자장비와기기_2H26 OUTLOOK 화려한 배터리 테마주 장세 시작_20260517.pdf,2026-05-17_유진투자증권_산업,11,101,Y,AUDIT,정량키워드+기존시장데이터,시장,ESS,,,데이터센터|Grid/Utility|BESS,글로벌|미국|유럽,설치용량|수요|용량,,%|GWH,,12,대기
inbox,유진투자증권_전자장비와기기_2H26 OUTLOOK 화려한 배터리 테마주 장세 시작_20260517.pdf,2026-05-17_유진투자증권_산업,12,101,Y,AUDIT,정량키워드+기존시장데이터,시장,EV|ESS,,,BESS,글로벌|미국|유럽,수요|용량|성장률,,%|GWH,,12,대기
inbox,유진투자증권_전자장비와기기_2H26 OUTLOOK 화려한 배터리 테마주 장세 시작_20260517.pdf,2026-05-17_유진투자증권_산업,17,101,Y,AUDIT,정량키워드+기존시장데이터,시장,EV|ESS,,,BESS,중국,생산능력|설치량|수요,생산능력,GW|GWH,,12,대기
inbox,"하나증권_전자장비와기기_Weekly 이배속  ESS 성장 지속, 기대감 없는 EV의 반등_20260406.pdf",2026-04-06_하나증권_산업,7,29,Y,AUDIT,정량키워드+기존시장데이터,시장,ESS,,,Grid/Utility,글로벌|미국|유럽|중국,설치량|YoY,,%|GWH,,12,대기
inbox,IBK투자증권_전자장비와기기_배터리 World War_20230912.pdf,2023-09-12_IBK투자증권_산업,9,136,Y,AUDIT,정량키워드+기존시장데이터,시장,EV,,,,글로벌|미국|유럽|중국,판매량|YoY,판매량,%|만대,,11,대기
inbox,IBK투자증권_전자장비와기기_역대급 북미 배터리 설계사_20240226.pdf,2024-02-26_IBK투자증권_산업,10,116,Y,AUDIT,정량키워드+기존시장데이터,시장,EV,,,,글로벌|미국|유럽|중국,판매량|성장률|YoY,판매량,%|만대,,11,대기
inbox,IBK투자증권_전자장비와기기_역대급 북미 배터리 설계사_20240226.pdf,2024-02-26_IBK투자증권_산업,11,116,Y,AUDIT,정량키워드+기존시장데이터,시장,EV,,,,글로벌|미국|유럽|중국,판매량|수요|침투율|성장률|YoY,판매량,%|만대,,11,대기
inbox,IBK투자증권_전자장비와기기_역대급 북미 배터리 설계사_20240226.pdf,2024-02-26_IBK투자증권_산업,12,116,Y,AUDIT,정량키워드+기존시장데이터,시장,EV,,,,글로벌|미국|유럽|중국,판매량|출하량|성장률|YoY,판매량|출하량,%|GWH,,11,대기
inbox,"SK증권_전자장비와기기_K-배터리, 네 가지 위기와 미래 승부수_20250610.pdf",2025-06-10_SK증권_산업,28,64,Y,AUDIT,정량키워드+기존시장데이터,시장,EV,,,,글로벌,출하량|성장률|YoY,출하량,%|만대,,11,대기
inbox,SK증권_전자장비와기기_배터리 패러다임의 변화 (feat. IT 탐방왕이 바라본 2차전지)_20230523.pdf,2023-05-23_SK증권_산업,49,142,Y,AUDIT,정량키워드+기존시장데이터,시장,EV,,,,글로벌|중국|한국,수요|침투율|캐파,캐파,%|GWH|만대,,11,대기
inbox,SK증권_전자장비와기기_배터리 패러다임의 변화 (feat. IT 탐방왕이 바라본 2차전지)_20230523.pdf,2023-05-23_SK증권_산업,60,142,Y,AUDIT,정량키워드+기존시장데이터,시장,EV|ESS,,,상업·산업용(C&I),한국,수요|용량|침투율|성장률,,%|GWH|만대,,11,대기
inbox,다올투자증권_전자장비와기기_AI가 쏘아올린 ESS 시장의 개화와 한국의 배터리_20251119.pdf,2025-11-19_다올투자증권_산업,10,45,Y,AUDIT,정량키워드+기존시장데이터,시장,ESS,,,데이터센터,미국|중국,설치량,,%|GWH|대,,11,대기
inbox,다올투자증권_전자장비와기기_AI가 쏘아올린 ESS 시장의 개화와 한국의 배터리_20251119.pdf,2025-11-19_다올투자증권_산업,19,45,Y,AUDIT,정량키워드+기존시장데이터,시장,EV|ESS,,,,글로벌|미국|유럽|중국|한국,설치량|용량,,%|GW|GWH|TWH,,11,대기
inbox,"삼성증권_자동차_Beyond Chasm 로봇의 심장, 배터리_20250321.pdf",2025-03-21_삼성증권_산업,22,79,Y,AUDIT,정량키워드+기존시장데이터,시장,EV,,,,글로벌|한국,수요|용량|성장률,,%|GWH|TWH|대|만대|백만대,,11,대기
inbox,상상인증권_자동차_2025년 연간 전망 완성차와 배터리에 기대할 수 있는 것_20241021.pdf,2024-10-21_상상인증권_산업,11,74,Y,AUDIT,정량키워드+기존시장데이터,시장,EV,BYD|Tesla,,,중국,점유율,,%|대,,11,대기
inbox,유진투자증권_전자장비와기기_2026 연간전망 2026년 희망의 K배터리 밸류체인_20251124.pdf,2025-11-24_유진투자증권_산업,15,73,Y,AUDIT,정량키워드+기존시장데이터,시장,ESS,,,BESS,,설치량|용량|캐파,캐파,%|GW|GWH,,11,대기
inbox,유진투자증권_전자장비와기기_2026 연간전망 2026년 희망의 K배터리 밸류체인_20251124.pdf,2025-11-24_유진투자증권_산업,29,73,Y,AUDIT,정량키워드+기존시장데이터,시장,EV,,,상업·산업용(C&I),,판매대수|YoY|sales,sales,%|대,,11,대기
inbox,유진투자증권_전자장비와기기_2H26 OUTLOOK 화려한 배터리 테마주 장세 시작_20260517.pdf,2026-05-17_유진투자증권_산업,36,101,Y,AUDIT,정량키워드+기존시장데이터,시장,EV|ESS,,,,글로벌,생산능력|수요|캐파,생산능력|캐파,%|GWH,,11,대기
inbox,유진투자증권_전자장비와기기_배터리 2024 OUTLOOK TREND SETTER_20231121.pdf,2023-11-21_유진투자증권_산업,6,71,Y,AUDIT,정량키워드+기존시장데이터,시장,EV,,,,미국|유럽|중국,판매량|출하량|수요|침투율|성장률,판매량|출하량,%|GWH|만대,,11,대기
inbox,"하나증권_전자장비와기기_Weekly 이배속  ESS 성장 지속, 기대감 없는 EV의 반등_20260406.pdf",2026-04-06_하나증권_산업,9,29,Y,AUDIT,정량키워드+기존시장데이터,시장,EV,,,,글로벌|미국|유럽|중국,판매량|YoY,판매량,%|만대,,11,대기
inbox,"하나증권_전자장비와기기_Weekly 이배속  ESS 성장 지속, 기대감 없는 EV의 반등_20260406.pdf",2026-04-06_하나증권_산업,10,29,Y,AUDIT,정량키워드+기존시장데이터,시장,EV,,,,미국|중국,판매량|점유율|YoY,판매량,%|대,,11,대기
inbox,하나증권_전자장비와기기_배터리 투자자가 준비해야 하는 3가지_20260608.pdf,2026-06-08_하나증권_산업,8,30,Y,AUDIT,정량키워드+기존시장데이터,시장,ESS,,,Grid/Utility,글로벌|미국|유럽|중국,설치량|YoY,,GWH,,11,대기
inbox,하나증권_전자장비와기기_배터리 투자자가 준비해야 하는 3가지_20260608.pdf,2026-06-08_하나증권_산업,9,30,Y,AUDIT,정량키워드+기존시장데이터,시장,EV,,,,글로벌|미국|유럽|중국,판매량|YoY,판매량,%|만대,,11,대기
inbox,하나증권_전자장비와기기_배터리 투자자가 준비해야 하는 3가지_20260608.pdf,2026-06-08_하나증권_산업,10,30,Y,AUDIT,정량키워드+기존시장데이터,시장,EV,,,,미국|중국,판매량|점유율|YoY,판매량,%|대,,11,대기
inbox,흥국증권_전자장비와기기_2025년 미리보기 전열 재정비(ft.4680 배터리 로드맵)_20250203.pdf,2025-02-03_흥국증권_산업,21,46,Y,AUDIT,정량키워드+기존시장데이터,회사,,LG에너지솔루션|Tesla,,,중국,판매량|수요|YoY,판매량,%|GWH,,11,대기
inbox,흥국증권_전자장비와기기_2025년 미리보기 전열 재정비(ft.4680 배터리 로드맵)_20250203.pdf,2025-02-03_흥국증권_산업,24,46,Y,AUDIT,정량키워드+기존시장데이터,회사,,LG에너지솔루션|Tesla,JV,,,판매량|수요|YoY|CAPA,판매량|CAPA,%|GWH,,11,대기
inbox,IBK투자증권_전자장비와기기_배터리 World War_20230912.pdf,2023-09-12_IBK투자증권_산업,11,136,Y,AUDIT,정량키워드+기존시장데이터,시장,EV,,,,글로벌|미국|유럽|중국,수요|침투율|YoY,,%,,10,대기
inbox,IBK투자증권_전자장비와기기_역대급 북미 배터리 설계사_20240226.pdf,2024-02-26_IBK투자증권_산업,66,116,Y,AUDIT,정량키워드+기존시장데이터,회사,,Tesla,,,북미|미국|유럽,판매량|생산능력|CAPA,판매량|생산능력|CAPA,%|GWH|만대,,10,대기
inbox,"SK증권_전자장비와기기_K-배터리, 네 가지 위기와 미래 승부수_20250610.pdf",2025-06-10_SK증권_산업,30,64,Y,AUDIT,정량키워드+기존시장데이터,시장,EV,,,,미국|유럽,출하량|성장률,출하량,%,,10,대기
inbox,다올투자증권_전자장비와기기_AI가 쏘아올린 ESS 시장의 개화와 한국의 배터리_20251119.pdf,2025-11-19_다올투자증권_산업,28,45,Y,AUDIT,정량키워드+기존시장데이터,시장,EV,,,,글로벌|미국|유럽|중국|한국,YoY|sales,sales,백만대,,10,대기
inbox,대신증권_전자장비와기기_K배터리 목표시총 400조_20230706.pdf,2023-07-06_대신증권_산업,21,120,Y,AUDIT,정량키워드+기존시장데이터,시장,EV|ESS,LG에너지솔루션,,,북미|미국|유럽|중국,수요,,%,,10,대기
inbox,대신증권_전자장비와기기_K배터리 목표시총 400조_20230706.pdf,2023-07-06_대신증권_산업,23,120,Y,AUDIT,정량키워드+기존시장데이터,시장,EV,,,,북미|미국,수요|용량|침투율|YoY,,%|GWH,,10,대기
inbox,대신증권_전자장비와기기_K배터리 목표시총 400조_20230706.pdf,2023-07-06_대신증권_산업,48,120,Y,AUDIT,정량키워드+기존시장데이터,시장,EV,,,,미국|유럽|중국,용량|YoY,,%|GWH,,10,대기
inbox,상상인증권_자동차_2025년 연간 전망 완성차와 배터리에 기대할 수 있는 것_20241021.pdf,2024-10-21_상상인증권_산업,5,74,Y,AUDIT,정량키워드+기존시장데이터,시장,EV,BYD|Tesla,,,중국,점유율,,%,,10,대기
inbox,유진투자증권_전자장비와기기_2026 연간전망 2026년 희망의 K배터리 밸류체인_20251124.pdf,2025-11-24_유진투자증권_산업,26,73,Y,AUDIT,정량키워드+기존시장데이터,시장,EV,,,,중국,판매대수|YoY|sales,sales,%,,10,대기
inbox,유진투자증권_전자장비와기기_2026 연간전망 2026년 희망의 K배터리 밸류체인_20251124.pdf,2025-11-24_유진투자증권_산업,27,73,Y,AUDIT,정량키워드+기존시장데이터,시장,EV,,,,유럽,판매대수|YoY|sales,sales,%,,10,대기
inbox,유진투자증권_전자장비와기기_2026 연간전망 2026년 희망의 K배터리 밸류체인_20251124.pdf,2025-11-24_유진투자증권_산업,28,73,Y,AUDIT,정량키워드+기존시장데이터,시장,EV,,,,,판매대수|수요|YoY|sales,sales,%|대,,10,대기
inbox,유진투자증권_전자장비와기기_2H26 OUTLOOK 화려한 배터리 테마주 장세 시작_20260517.pdf,2026-05-17_유진투자증권_산업,26,101,Y,AUDIT,정량키워드+기존시장데이터,시장,EV,,,,,침투율|캐파,캐파,%|GWH,,10,대기
inbox,유진투자증권_전자장비와기기_2H26 OUTLOOK 화려한 배터리 테마주 장세 시작_20260517.pdf,2026-05-17_유진투자증권_산업,46,101,Y,AUDIT,정량키워드+기존시장데이터,시장,EV,,,,중국,판매대수|YoY|sales,sales,%,,10,대기
inbox,유진투자증권_전자장비와기기_2H26 OUTLOOK 화려한 배터리 테마주 장세 시작_20260517.pdf,2026-05-17_유진투자증권_산업,47,101,Y,AUDIT,정량키워드+기존시장데이터,시장,EV,,,,유럽,판매대수|YoY|sales,sales,%,,10,대기
inbox,유진투자증권_전자장비와기기_2H26 OUTLOOK 화려한 배터리 테마주 장세 시작_20260517.pdf,2026-05-17_유진투자증권_산업,48,101,Y,AUDIT,정량키워드+기존시장데이터,시장,EV,,,,,판매대수|수요|YoY|sales,sales,%|대,,10,대기
inbox,유진투자증권_전자장비와기기_2H26 OUTLOOK 화려한 배터리 테마주 장세 시작_20260517.pdf,2026-05-17_유진투자증권_산업,49,101,Y,AUDIT,정량키워드+기존시장데이터,시장,EV,,,상업·산업용(C&I),,판매대수|YoY|sales,sales,%,,10,대기
inbox,하나증권_전자장비와기기_배터리 징비록_20250516.pdf,2025-05-16_하나증권_산업,14,57,Y,AUDIT,정량키워드+기존시장데이터,시장,EV,,,,유럽,판매량|판매대수|점유율|성장률|YoY,판매량,%,,10,대기
inbox,하나증권_전자장비와기기_배터리 징비록_20250516.pdf,2025-05-16_하나증권_산업,22,57,Y,AUDIT,정량키워드+기존시장데이터,시장,EV,,,,글로벌|유럽|중국|한국,점유율,,%|GWH,,10,대기
inbox,"SK증권_전자장비와기기_K-배터리, 네 가지 위기와 미래 승부수_20250610.pdf",2025-06-10_SK증권_산업,29,64,Y,AUDIT,정량키워드+기존시장데이터,시장,EV,,,,,판매량|출하량|성장률|YoY,판매량|출하량,%,,9,대기
inbox,대신증권_전자장비와기기_K배터리 목표시총 400조_20230706.pdf,2023-07-06_대신증권_산업,47,120,Y,AUDIT,정량키워드+기존시장데이터,시장,EV,,,,글로벌|미국|유럽|중국,침투율|YoY,,%,,9,대기
inbox,유진투자증권_전자장비와기기_2026 연간전망 2026년 희망의 K배터리 밸류체인_20251124.pdf,2025-11-24_유진투자증권_산업,25,73,Y,AUDIT,정량키워드+기존시장데이터,시장,EV,,,,,판매대수|YoY|sales,sales,%,,9,대기
inbox,유진투자증권_전자장비와기기_2H26 OUTLOOK 화려한 배터리 테마주 장세 시작_20260517.pdf,2026-05-17_유진투자증권_산업,45,101,Y,AUDIT,정량키워드+기존시장데이터,시장,EV,,,,,판매대수|YoY|sales,sales,%,,9,대기
inbox,IBK투자증권_전자장비와기기_역대급 북미 배터리 설계사_20240226.pdf,2024-02-26_IBK투자증권_산업,21,116,Y,AUDIT,기존시장데이터,기존시장,,,,,,,,,,0,대기
inbox,IBK투자증권_전자장비와기기_역대급 북미 배터리 설계사_20240226.pdf,2024-02-26_IBK투자증권_산업,28,116,Y,AUDIT,기존시장데이터,기존시장,,,,,,,,,,0,대기
inbox,IBK투자증권_전자장비와기기_역대급 북미 배터리 설계사_20240226.pdf,2024-02-26_IBK투자증권_산업,71,116,Y,AUDIT,기존시장데이터,기존시장,,,,,,,,,,0,대기
inbox,SK증권_전자장비와기기_배터리 패러다임의 변화 (feat. IT 탐방왕이 바라본 2차전지)_20230523.pdf,2023-05-23_SK증권_산업,29,142,Y,AUDIT,기존시장데이터,기존시장,,,,,,,,,,0,대기
inbox,SK증권_전자장비와기기_배터리 패러다임의 변화 (feat. IT 탐방왕이 바라본 2차전지)_20230523.pdf,2023-05-23_SK증권_산업,48,142,Y,AUDIT,기존시장데이터,기존시장,,,,,,,,,,0,대기
inbox,SK증권_전자장비와기기_배터리 패러다임의 변화 (feat. IT 탐방왕이 바라본 2차전지)_20230523.pdf,2023-05-23_SK증권_산업,55,142,Y,AUDIT,기존시장데이터,기존시장,,,,,,,,,,0,대기
inbox,SK증권_전자제품_[2026년 연간전망] ESS 배터리의 빛과 그림자_20251124.pdf,2025-11-24_SK증권_산업,3,25,Y,AUDIT,기존시장데이터,기존시장,,,,,,,,,,0,대기
inbox,상상인증권_자동차_2025년 연간 전망 완성차와 배터리에 기대할 수 있는 것_20241021.pdf,2024-10-21_상상인증권_산업,20,74,Y,AUDIT,기존시장데이터,기존시장,,,,,,,,,,0,대기
inbox,상상인증권_자동차_2025년 연간 전망 완성차와 배터리에 기대할 수 있는 것_20241021.pdf,2024-10-21_상상인증권_산업,61,74,Y,AUDIT,기존시장데이터,기존시장,,,,,,,,,,0,대기
inbox,상상인증권_자동차_2025년 연간 전망 완성차와 배터리에 기대할 수 있는 것_20241021.pdf,2024-10-21_상상인증권_산업,68,74,Y,AUDIT,기존시장데이터,기존시장,,,,,,,,,,0,대기
inbox,유진투자증권_전자장비와기기_2026 연간전망 2026년 희망의 K배터리 밸류체인_20251124.pdf,2025-11-24_유진투자증권_산업,43,73,Y,AUDIT,기존시장데이터,기존시장,,,,,,,,,,0,대기
inbox,유진투자증권_전자장비와기기_2H26 OUTLOOK 화려한 배터리 테마주 장세 시작_20260517.pdf,2026-05-17_유진투자증권_산업,60,101,Y,AUDIT,기존시장데이터,기존시장,,,,,,,,,,0,대기
inbox,하나증권_전자장비와기기_배터리 징비록_20250516.pdf,2025-05-16_하나증권_산업,13,57,Y,AUDIT,기존시장데이터,기존시장,,,,,,,,,,0,대기
inbox,하나증권_전자장비와기기_배터리 징비록_20250516.pdf,2025-05-16_하나증권_산업,23,57,Y,AUDIT,기존시장데이터,기존시장,,,,,,,,,,0,대기
inbox,하나증권_전자장비와기기_인터배터리가 투자자에게 주는 함의_20260316.pdf,2026-03-16_하나증권_산업,3,53,Y,AUDIT,기존시장데이터,기존시장,,,,,,,,,,0,대기
inbox,하나증권_전자장비와기기_인터배터리가 투자자에게 주는 함의_20260316.pdf,2026-03-16_하나증권_산업,10,53,Y,AUDIT,기존시장데이터,기존시장,,,,,,,,,,0,대기
